##############################################################################
#                                                                            #
# IAR ARM ANSI C/C++ Compiler V4.40A/W32 EVALUATION    20/Jul/2007  17:07:33 #
# Copyright 1999-2005 IAR Systems. All rights reserved.                      #
#                                                                            #
#    Cpu mode        =  interwork                                            #
#    Endian          =  little                                               #
#    Stack alignment =  4                                                    #
#    Source file     =  C:\E-pia\EpiaLoadMonit_v01\EpiaLoadMonit\src\EpiaLoa #
#                       dMonit_DS1307.c                                      #
#    Command line    =  C:\E-pia\EpiaLoadMonit_v01\EpiaLoadMonit\src\EpiaLoa #
#                       dMonit_DS1307.c -D NDEBUG -lC                        #
#                       C:\E-pia\EpiaLoadMonit_v01\EpiaLoadMonit\compil\Rele #
#                       ase\List\ -o C:\E-pia\EpiaLoadMonit_v01\EpiaLoadMoni #
#                       t\compil\Release\Obj\ -z9 --debug --cpu_mode thumb   #
#                       --endian little --cpu ARM7TDMI --stack_align 4       #
#                       --interwork -e --fpu None --dlib_config "C:\Program  #
#                       Files\IAR Systems\Embedded Workbench 4.0             #
#                       Evaluation\ARM\LIB\dl4tptinl8n.h" -I                 #
#                       C:\E-pia\EpiaLoadMonit_v01\EpiaLoadMonit\compil\srcI #
#                       AR\ -I C:\E-pia\EpiaLoadMonit_v01\EpiaLoadMonit\comp #
#                       il\..\src\ -I C:\E-pia\EpiaLoadMonit_v01\EpiaLoadMon #
#                       it\compil\..\..\ -I "C:\Program Files\IAR            #
#                       Systems\Embedded Workbench 4.0 Evaluation\ARM\INC\"  #
#    List file       =  C:\E-pia\EpiaLoadMonit_v01\EpiaLoadMonit\compil\Rele #
#                       ase\List\EpiaLoadMonit_DS1307.lst                    #
#    Object file     =  C:\E-pia\EpiaLoadMonit_v01\EpiaLoadMonit\compil\Rele #
#                       ase\Obj\EpiaLoadMonit_DS1307.r79                     #
#                                                                            #
#                                                                            #
##############################################################################

C:\E-pia\EpiaLoadMonit_v01\EpiaLoadMonit\src\EpiaLoadMonit_DS1307.c
      1          // ----------------------------------------------------------------------------
      2          //         Epiatech co,. LTD  -  Lee Y k  -
      3          // ----------------------------------------------------------------------------
      4          // File Name           : main.c
      5          // Object              : real Time Clock DS1307 Functions
      6          // Creation            : 2007-06-01
      7          // ----------------------------------------------------------------------------
      8          /********************************************************************/
      9          /* DEMO1307.c                                                       */
     10          /* program example for DS1307, DS1337/38/39/40                      */
     11          /********************************************************************/
     12          // Include Standard LIB  files
     13          #include "project.h"
     14          
     15          /***************************** Defines *****************************/
     16          #define	uchar	unsigned char
     17          #define	ACK	0
     18          #define	NACK	1
     19          #define	ADDRTC	0xd0	/* I2C slave address */
     20          #define	DS1307	/* compile directive, modify as required */
     21          
     22          #define I2C_DELAY		10
     23          #define I2C_FIRST_DELAY         400
     24          /************************* bit definitions *************************/
     25          
     26          /* General Notes: Define one device to compile options for that device. */
     27          /* Will not compile correctly if no device is defined.  Not all options */
     28          /* for each device are supported.  There is no error checking for data  */
     29          /* entry.  Defines may not remove all code that is not relevant to the  */
     30          /* device. This example was written for an 8051-type micro, the DS2250/ */
     31          /* DS5000.  The program must be modified to work properly on typical    */
     32          /* 8051 variants (i.e. assign I2C bus to unused port pins).  This       */
     33          /* program is for example only and is not supported by Dallas Maxim     */
     34          /* global variables */
     35          uchar	Year, Month, Date, Hour, Minute, Sec, Day;
     36          uchar	sda;
     37          
     38          #define DS1307_SEC		0
     39          #define DS1307_MIN		1
     40          #define DS1307_HOURS		2
     41          #define DS1307_DAY		3
     42          #define DS1307_DATE		4
     43          #define DS1307_MONTH		5
     44          #define DS1307_YEAR     	6
     45          #define DS1307_CONTROL  	7
     46          #define DS1307_RAM_START	8
     47          #define DS1307_RAM_SIZE		0x3F
     48          
     49          unsigned char DSregister[64];
     50          
     51          /****************************/
     52          /* Real Time Clock DS1307   */
     53          /*  Test Functions          */
     54          /****************************/
     55          // Execute step define
     56          #define	DS1307_RESET		100
     57          #define	DS1307_READ		200
     58          #define	DS1307_WRITE		300
     59          #define	DS1307_TIME_READ	400
     60          #define	DS1307_INIT		500
     61          #define	DS1307_TIME_SET		600
     62          
     63          char Hour0;
     64          short sRtcTime;
     65          #define	RTC_UPDATE	SEC_1 - 50

   \                                 In segment CODE, align 4, keep-with-next
     66          void date_time_update(void)
     67          {
   \                     date_time_update:
   \   00000000   10B5               PUSH     {R4,LR}
     68            if (ExecMode != TIME_SET)
   \   00000002   0E48               LDR      R0,??date_time_update_0  ;; ExecMode
   \   00000004   0078               LDRB     R0,[R0, #+0]
   \   00000006   0728               CMP      R0,#+7
   \   00000008   16D0               BEQ      ??date_time_update_1
     69            if (++sRtcTime >= RTC_UPDATE)
   \   0000000A   ....               LDR      R4,??DataTable0  ;; Year
   \   0000000C   0C20               MOVS     R0,#+12
   \   0000000E   205E               LDRSH    R0,[R4, R0]
   \   00000010   401C               ADDS     R0,R0,#+1
   \   00000012   A081               STRH     R0,[R4, #+12]
   \   00000014   E121               MOVS     R1,#+225
   \   00000016   4900               LSLS     R1,R1,#+1        ;; #+450
   \   00000018   0004               LSLS     R0,R0,#+16
   \   0000001A   0014               ASRS     R0,R0,#+16
   \   0000001C   8842               CMP      R0,R1
   \   0000001E   0BDB               BLT      ??date_time_update_1
     70            {
     71              sRtcTime = 0;
   \   00000020   0020               MOVS     R0,#+0
   \   00000022   A081               STRH     R0,[R4, #+12]
     72              rtc_clock_read();
   \   00000024   ........           BL       rtc_clock_read
     73              if (Hour != Hour0)
   \   00000028   E078               LDRB     R0,[R4, #+3]
   \   0000002A   E179               LDRB     R1,[R4, #+7]
   \   0000002C   8842               CMP      R0,R1
   \   0000002E   03D0               BEQ      ??date_time_update_1
     74              {
     75                rtc_date_read();
   \   00000030   ........           BL       rtc_date_read
     76                Hour0 = Hour;
   \   00000034   E078               LDRB     R0,[R4, #+3]
   \   00000036   E071               STRB     R0,[R4, #+7]
     77              }
     78            }
     79          }
   \                     ??date_time_update_1:
   \   00000038   ........           BL       ??Subroutine22_1
   \                     ??date_time_update_0:
   \   0000003C   ........           DC32     ExecMode

   \                                 In segment CODE, align 4, keep-with-next
   \                     ?Subroutine22:
   \   00000000   0020               MOVS     R0,#+0
   \   00000002   ........           BL       I2C_read
   \   00000006   A070               STRB     R0,[R4, #+2]
   \   00000008   0020               MOVS     R0,#+0
   \   0000000A   ........           BL       I2C_read
   \   0000000E   6070               STRB     R0,[R4, #+1]
   \   00000010   0120               MOVS     R0,#+1
   \   00000012   ........           BL       I2C_read
   \   00000016   2070               STRB     R0,[R4, #+0]
   \                     ??Subroutine22_0:
   \   00000018   ........           BL       I2C_stop
   \                     ??Subroutine22_1:
   \   0000001C   10BC               POP      {R4}
   \   0000001E   01BC               POP      {R0}
   \   00000020   0047               BX       R0               ;; return

   \                                 In segment DATA_Z, align 2, align-sorted
   \                     Year:
   \   00000000                      DS8 1
   \                     Month:
   \   00000001                      DS8 1
   \                     `Date`:
   \   00000002                      DS8 1
   \                     Hour:
   \   00000003                      DS8 1
   \                     Minute:
   \   00000004                      DS8 1
   \                     Sec:
   \   00000005                      DS8 1
   \                     Day:
   \   00000006                      DS8 1
   \                     Hour0:
   \   00000007                      DS8 1
     80              
     81          char DSerror;
   \                     DSerror:
   \   00000008                      DS8 1
     82          unsigned char DSadd, DSdata;
   \                     DSadd:
   \   00000009                      DS8 1
   \                     DSdata:
   \   0000000A                      DS8 1
   \   0000000B                      DS8 1
   \                     sRtcTime:
   \   0000000C                      DS8 2

   \                                 In segment DATA_Z, align 1, align-sorted
   \                     sda:
   \   00000000                      DS8 1

   \                                 In segment DATA_Z, align 4, align-sorted
   \                     DSregister:
   \   00000000                      DS8 64

   \                                 In segment CODE, align 4, keep-with-next
     83          void DS1307_test_function(void)
     84          {
   \                     DS1307_test_function:
   \   00000000   F7B5               PUSH     {R0-R2,R4-R7,LR}
     85           switch (sExecStep)
   \   00000002   BE4F               LDR      R7,??DS1307_test_function_0  ;; sCurPos
   \   00000004   6846               MOV      R0,SP
   \   00000006   0021               MOVS     R1,#+0
   \   00000008   795E               LDRSH    R1,[R7, R1]
   \   0000000A   891E               SUBS     R1,R1,#+2
   \   0000000C   0180               STRH     R1,[R0, #+0]
   \   0000000E   BC4C               LDR      R4,??DS1307_test_function_0+0x4  ;; Year
   \   00000010   BC4D               LDR      R5,??DS1307_test_function_0+0x8  ;; sExecStep
   \   00000012   2988               LDRH     R1,[R5, #+0]
   \   00000014   491C               ADDS     R1,R1,#+1
   \   00000016   4180               STRH     R1,[R0, #+2]
   \   00000018   BB4E               LDR      R6,??DS1307_test_function_0+0xC  ;; `?<Constant "\\n2:Date Time Read ">`
   \   0000001A   3000               MOVS     R0,R6
   \   0000001C   AC30               ADDS     R0,R0,#+172
   \   0000001E   0190               STR      R0,[SP, #+4]
   \   00000020   B020               MOVS     R0,#+176
   \   00000022   4000               LSLS     R0,R0,#+1        ;; #+352
   \   00000024   3018               ADDS     R0,R6,R0
   \   00000026   0290               STR      R0,[SP, #+8]
   \   00000028   B848               LDR      R0,??DS1307_test_function_0+0x10  ;; KeyValue
   \   0000002A   0168               LDR      R1,[R0, #+0]
   \   0000002C   B848               LDR      R0,??DS1307_test_function_0+0x14  ;; bPushKey
   \   0000002E   0078               LDRB     R0,[R0, #+0]
   \   00000030   2A88               LDRH     R2,[R5, #+0]
   \   00000032   002A               CMP      R2,#+0
   \   00000034   ....               BNE      .+5
   \   00000036   82E0               B        ??DS1307_test_function_1
   \   00000038   521E               SUBS     R2,R2,#+1
   \   0000003A   ....               BNE      .+5
   \   0000003C   88E0               B        ??DS1307_test_function_2
   \   0000003E   521E               SUBS     R2,R2,#+1
   \   00000040   ....               BNE      .+5
   \   00000042   A0E0               B        ??DS1307_test_function_3
   \   00000044   623A               SUBS     R2,R2,#+98
   \   00000046   ....               BNE      .+5
   \   00000048   B9E0               B        ??DS1307_test_function_4
   \   0000004A   643A               SUBS     R2,R2,#+100
   \   0000004C   ....               BNE      .+5
   \   0000004E   9EE1               B        ??DS1307_test_function_5
   \   00000050   521E               SUBS     R2,R2,#+1
   \   00000052   ....               BNE      .+5
   \   00000054   A4E1               B        ??DS1307_test_function_6
   \   00000056   521E               SUBS     R2,R2,#+1
   \   00000058   ....               BNE      .+5
   \   0000005A   B1E1               B        ??DS1307_test_function_7
   \   0000005C   521E               SUBS     R2,R2,#+1
   \   0000005E   ....               BNE      .+5
   \   00000060   C5E1               B        ??DS1307_test_function_8
   \   00000062   521E               SUBS     R2,R2,#+1
   \   00000064   ....               BNE      .+5
   \   00000066   D5E1               B        ??DS1307_test_function_9
   \   00000068   521E               SUBS     R2,R2,#+1
   \   0000006A   ....               BNE      .+5
   \   0000006C   E5E1               B        ??DS1307_test_function_10
   \   0000006E   521E               SUBS     R2,R2,#+1
   \   00000070   ....               BNE      .+5
   \   00000072   E5E1               B        ??DS1307_test_function_11
   \   00000074   5E3A               SUBS     R2,R2,#+94
   \   00000076   ....               BNE      .+5
   \   00000078   F2E1               B        ??DS1307_test_function_12
   \   0000007A   521E               SUBS     R2,R2,#+1
   \   0000007C   ....               BNE      .+5
   \   0000007E   F9E1               B        ??DS1307_test_function_13
   \   00000080   521E               SUBS     R2,R2,#+1
   \   00000082   ....               BNE      .+5
   \   00000084   07E2               B        ??DS1307_test_function_14
   \   00000086   521E               SUBS     R2,R2,#+1
   \   00000088   ....               BNE      .+5
   \   0000008A   18E2               B        ??DS1307_test_function_15
   \   0000008C   521E               SUBS     R2,R2,#+1
   \   0000008E   ....               BNE      .+5
   \   00000090   35E2               B        ??DS1307_test_function_16
   \   00000092   521E               SUBS     R2,R2,#+1
   \   00000094   ....               BNE      .+5
   \   00000096   45E2               B        ??DS1307_test_function_17
   \   00000098   521E               SUBS     R2,R2,#+1
   \   0000009A   ....               BNE      .+5
   \   0000009C   4AE2               B        ??DS1307_test_function_18
   \   0000009E   521E               SUBS     R2,R2,#+1
   \   000000A0   ....               BNE      .+5
   \   000000A2   69E2               B        ??DS1307_test_function_19
   \   000000A4   521E               SUBS     R2,R2,#+1
   \   000000A6   ....               BNE      .+5
   \   000000A8   69E2               B        ??DS1307_test_function_20
   \   000000AA   5C3A               SUBS     R2,R2,#+92
   \   000000AC   ....               BNE      .+5
   \   000000AE   75E2               B        ??DS1307_test_function_21
   \   000000B0   521E               SUBS     R2,R2,#+1
   \   000000B2   ....               BNE      .+5
   \   000000B4   7CE2               B        ??DS1307_test_function_22
   \   000000B6   521E               SUBS     R2,R2,#+1
   \   000000B8   ....               BNE      .+5
   \   000000BA   8EE2               B        ??DS1307_test_function_23
   \   000000BC   623A               SUBS     R2,R2,#+98
   \   000000BE   ....               BNE      .+5
   \   000000C0   9AE2               B        ??DS1307_test_function_24
   \   000000C2   521E               SUBS     R2,R2,#+1
   \   000000C4   ....               BNE      .+5
   \   000000C6   A3E2               B        ??DS1307_test_function_25
   \   000000C8   633A               SUBS     R2,R2,#+99
   \   000000CA   ....               BNE      .+5
   \   000000CC   7FE0               B        ??DS1307_test_function_26
   \   000000CE   521E               SUBS     R2,R2,#+1
   \   000000D0   1BD0               BEQ      ??DS1307_test_function_27
   \   000000D2   521E               SUBS     R2,R2,#+1
   \   000000D4   ....               BNE      .+5
   \   000000D6   96E0               B        ??DS1307_test_function_28
   \   000000D8   521E               SUBS     R2,R2,#+1
   \   000000DA   ....               BNE      .+5
   \   000000DC   A8E0               B        ??DS1307_test_function_29
   \   000000DE   521E               SUBS     R2,R2,#+1
   \   000000E0   ....               BNE      .+5
   \   000000E2   B7E0               B        ??DS1307_test_function_30
   \   000000E4   521E               SUBS     R2,R2,#+1
   \   000000E6   ....               BNE      .+5
   \   000000E8   B7E0               B        ??DS1307_test_function_31
   \   000000EA   521E               SUBS     R2,R2,#+1
   \   000000EC   ....               BNE      .+5
   \   000000EE   C6E0               B        ??DS1307_test_function_32
   \   000000F0   521E               SUBS     R2,R2,#+1
   \   000000F2   ....               BNE      .+5
   \   000000F4   C6E0               B        ??DS1307_test_function_33
   \   000000F6   521E               SUBS     R2,R2,#+1
   \   000000F8   ....               BNE      .+5
   \   000000FA   CEE0               B        ??DS1307_test_function_34
   \   000000FC   521E               SUBS     R2,R2,#+1
   \   000000FE   ....               BNE      .+5
   \   00000100   D2E0               B        ??DS1307_test_function_35
   \   00000102   521E               SUBS     R2,R2,#+1
   \   00000104   ....               BNE      .+5
   \   00000106   D2E0               B        ??DS1307_test_function_36
   \   00000108   521E               SUBS     R2,R2,#+1
   \                     ??DS1307_test_function_27:
   \   0000010A   72D0               BEQ      ??DS1307_test_function_37
   \   0000010C   521E               SUBS     R2,R2,#+1
   \   0000010E   ....               BNE      .+5
   \   00000110   D9E0               B        ??DS1307_test_function_38
   \   00000112   521E               SUBS     R2,R2,#+1
   \   00000114   ....               BNE      .+5
   \   00000116   DCE0               B        ??DS1307_test_function_39
   \   00000118   521E               SUBS     R2,R2,#+1
   \   0000011A   ....               BNE      .+5
   \   0000011C   EBE0               B        ??DS1307_test_function_40
   \   0000011E   521E               SUBS     R2,R2,#+1
   \   00000120   ....               BNE      .+5
   \   00000122   01E1               B        ??DS1307_test_function_41
   \   00000124   521E               SUBS     R2,R2,#+1
   \   00000126   ....               BNE      .+5
   \   00000128   14E1               B        ??DS1307_test_function_42
   \   0000012A   521E               SUBS     R2,R2,#+1
   \   0000012C   ....               BNE      .+5
   \   0000012E   14E1               B        ??DS1307_test_function_43
   \   00000130   521E               SUBS     R2,R2,#+1
   \   00000132   ....               BNE      .+5
   \   00000134   20E1               B        ??DS1307_test_function_44
   \   00000136   521E               SUBS     R2,R2,#+1
   \   00000138   ....               BNE      .+5
   \   0000013A   24E1               B        ??DS1307_test_function_45
   \   0000013C   70E2               B        ??DS1307_test_function_46
     86           {   
     87           case 0:
     88             display_mode(0);
   \                     ??DS1307_test_function_1:
   \   0000013E   0020               MOVS     R0,#+0
   \   00000140   ........           _BLF     display_mode,??display_mode??rT
     89             DelayStep = 0;
   \   00000144   7348               LDR      R0,??DS1307_test_function_0+0x18  ;; DelayStep
   \   00000146   0021               MOVS     R1,#+0
   \   00000148   0170               STRB     R1,[R0, #+0]
     90             sExecStep++;
   \   0000014A   2888               LDRH     R0,[R5, #+0]
   \   0000014C   401C               ADDS     R0,R0,#+1
   \   0000014E   66E2               B.N      ??DS1307_test_function_47
     91             return;
     92              
     93           case 1:
     94             screen_clear();
   \                     ??DS1307_test_function_2:
   \   00000150   ........           _BLF     screen_clear,??screen_clear??rT
     95             debug_monit(MONOUT);
   \   00000154   0120               MOVS     R0,#+1
   \   00000156   ........           _BLF     debug_monit,??debug_monit??rT
     96             printf("<< Date Time Set >>");
   \   0000015A   3000               MOVS     R0,R6
   \   0000015C   2C30               ADDS     R0,R0,#+44
   \   0000015E   ........           _BLF     printf,??printf??rT
     97             printf("\n1:Date Time Set  ");
   \   00000162   3000               MOVS     R0,R6
   \   00000164   4030               ADDS     R0,R0,#+64
   \   00000166   ........           _BLF     printf,??printf??rT
     98             printf("\n2:Date Time Read ");
   \   0000016A   3000               MOVS     R0,R6
   \   0000016C   ........           _BLF     printf,??printf??rT
     99             printf("\n3:RTC Wake UP    ");
   \   00000170   3000               MOVS     R0,R6
   \   00000172   5430               ADDS     R0,R0,#+84
   \   00000174   ........           _BLF     printf,??printf??rT
    100             //printf("\n4:Register READ");
    101             //printf("\n5:Register WRITE");
    102             printf("\n[MENU]:goto MAIN");
   \   00000178   6836               ADDS     R6,R6,#+104
   \   0000017A   3000               MOVS     R0,R6
   \   0000017C   ........           _BLF     printf,??printf??rT
    103             sExecStep++;
   \   00000180   2888               LDRH     R0,[R5, #+0]
   \   00000182   401C               ADDS     R0,R0,#+1
   \   00000184   4BE2               B.N      ??DS1307_test_function_47
    104             return;
    105            
    106           case 2:
    107             if (bPushKey == '1') sExecStep = DS1307_TIME_SET;
   \                     ??DS1307_test_function_3:
   \   00000186   3128               CMP      R0,#+49
   \   00000188   02D1               BNE      ??DS1307_test_function_48
   \   0000018A   9620               MOVS     R0,#+150
   \   0000018C   8000               LSLS     R0,R0,#+2        ;; #+600
   \   0000018E   46E2               B.N      ??DS1307_test_function_47
    108             else if (bPushKey == '2') sExecStep = DS1307_TIME_READ;
   \                     ??DS1307_test_function_48:
   \   00000190   3228               CMP      R0,#+50
   \   00000192   02D1               BNE      ??DS1307_test_function_49
   \                     ??DS1307_test_function_50:
   \   00000194   C820               MOVS     R0,#+200
   \   00000196   4000               LSLS     R0,R0,#+1        ;; #+400
   \   00000198   41E2               B.N      ??DS1307_test_function_47
    109             else if (bPushKey == '3') sExecStep = DS1307_INIT;
   \                     ??DS1307_test_function_49:
   \   0000019A   3328               CMP      R0,#+51
   \   0000019C   02D1               BNE      ??DS1307_test_function_51
   \   0000019E   FA20               MOVS     R0,#+250
   \   000001A0   4000               LSLS     R0,R0,#+1        ;; #+500
   \   000001A2   3CE2               B.N      ??DS1307_test_function_47
    110             //else if (bPushKey == '4') sExecStep = DS1307_READ;
    111             //else if (bPushKey == '5') sExecStep = DS1307_WRITE;
    112              else if (MENU_KEY) execmode_change(MAIN_MENU); 
   \                     ??DS1307_test_function_51:
   \   000001A4   6128               CMP      R0,#+97
   \   000001A6   03D1               BNE      ??DS1307_test_function_52
   \   000001A8   0020               MOVS     R0,#+0
   \                     ??DS1307_test_function_53:
   \   000001AA   ........           _BLF     execmode_change,??execmode_change??rT
   \                     ??DS1307_test_function_54:
   \   000001AE   37E2               B        ??DS1307_test_function_46
    113              else if (step_delay(SEC_1*5)) execmode_change(POWER_METER);
   \                     ??DS1307_test_function_52:
   \   000001B0   5948               LDR      R0,??DS1307_test_function_0+0x1C  ;; 0x9c4
   \   000001B2   ........           _BLF     step_delay,??step_delay??rT
   \   000001B6   0028               CMP      R0,#+0
   \   000001B8   F9D0               BEQ      ??DS1307_test_function_54
   \   000001BA   0120               MOVS     R0,#+1
   \   000001BC   F5E7               B.N      ??DS1307_test_function_53
    114          
    115             return;
    116              
    117           case DS1307_RESET:
    118             if (step_delay(SEC_1)) sExecStep = 1;
   \                     ??DS1307_test_function_4:
   \   000001BE   FA20               MOVS     R0,#+250
   \   000001C0   4000               LSLS     R0,R0,#+1        ;; #+500
   \   000001C2   ........           _BLF     step_delay,??step_delay??rT
   \   000001C6   0028               CMP      R0,#+0
   \   000001C8   F1D0               BEQ      ??DS1307_test_function_54
   \   000001CA   0120               MOVS     R0,#+1
   \   000001CC   27E2               B.N      ??DS1307_test_function_47
    119             return;
    120           
    121           /**********************/
    122           /*  RTC Time Set      */
    123           /**********************/
    124           case DS1307_TIME_SET:
    125             screen_clear();
   \                     ??DS1307_test_function_26:
   \   000001CE   ........           _BLF     screen_clear,??screen_clear??rT
    126             rtc_date_read();
   \   000001D2   ........           BL       rtc_date_read
    127             printf("<Date & Time Set>");
   \   000001D6   3000               MOVS     R0,R6
   \   000001D8   7C30               ADDS     R0,R0,#+124
   \   000001DA   ........           _BLF     printf,??printf??rT
    128             printf("\n>YY/MM/DD:%02X/%02X/%02X", Year, Month, Date);
   \   000001DE   A378               LDRB     R3,[R4, #+2]
   \   000001E0   6278               LDRB     R2,[R4, #+1]
   \   000001E2   2178               LDRB     R1,[R4, #+0]
   \   000001E4   9036               ADDS     R6,R6,#+144
   \   000001E6   3000               MOVS     R0,R6
   \   000001E8   ........           _BLF     printf,??printf??rT
    129             sExecStep++;
   \   000001EC   2888               LDRH     R0,[R5, #+0]
   \   000001EE   401C               ADDS     R0,R0,#+1
   \   000001F0   15E2               B.N      ??DS1307_test_function_47
    130             return;
    131          
    132           case DS1307_TIME_SET+1:
    133             keyin_start(2);
   \                     ??DS1307_test_function_37:
   \   000001F2   0220               MOVS     R0,#+2
   \   000001F4   ........           _BLF     keyin_start,??keyin_start??rT
    134             sCurPos -= 8;
   \   000001F8   0020               MOVS     R0,#+0
   \   000001FA   385E               LDRSH    R0,[R7, R0]
   \   000001FC   0838               SUBS     R0,R0,#+8
   \   000001FE   3880               STRH     R0,[R7, #+0]
    135             sExecStep++;
   \   00000200   2888               LDRH     R0,[R5, #+0]
   \   00000202   401C               ADDS     R0,R0,#+1
   \   00000204   0BE2               B.N      ??DS1307_test_function_47
    136             return;  
    137             
    138           case DS1307_TIME_SET+2:
    139             if (DEC_KEY)
   \                     ??DS1307_test_function_28:
   \   00000206   3028               CMP      R0,#+48
   \   00000208   0ED3               BCC      ??DS1307_test_function_55
   \                     ??DS1307_test_function_56:
   \   0000020A   3A28               CMP      R0,#+58
   \   0000020C   0BD2               BCS      ??DS1307_test_function_57
    140             {
    141               if(key_input_bcd() == 0) sExecStep++;
   \   0000020E   ........           _BLF     key_input_bcd,??key_input_bcd??rT
   \   00000212   0028               CMP      R0,#+0
   \   00000214   02D1               BNE      ??DS1307_test_function_58
   \   00000216   2888               LDRH     R0,[R5, #+0]
   \   00000218   401C               ADDS     R0,R0,#+1
   \   0000021A   2880               STRH     R0,[R5, #+0]
    142               printf("%1c", bPushKey);
   \                     ??DS1307_test_function_58:
   \   0000021C   3C48               LDR      R0,??DS1307_test_function_0+0x14  ;; bPushKey
   \   0000021E   0178               LDRB     R1,[R0, #+0]
   \   00000220   3EA0               ADR      R0,??DS1307_test_function_0+0x20  ;; "%1c"
   \   00000222   ........           _BLF     printf,??printf??rT
   \                     ??DS1307_test_function_57:
   \   00000226   FBE1               B        ??DS1307_test_function_46
    143             }
    144             else if (ENTER_KEY) sExecStep = DS1307_TIME_SET+10;
   \                     ??DS1307_test_function_55:
   \   00000228   0D28               CMP      R0,#+13
   \   0000022A   FCD1               BNE      ??DS1307_test_function_57
   \   0000022C   3C48               LDR      R0,??DS1307_test_function_0+0x24  ;; 0x262
   \   0000022E   F6E1               B.N      ??DS1307_test_function_47
    145             return;
    146             
    147           case DS1307_TIME_SET+3:
    148             Year = KeyValue;
   \                     ??DS1307_test_function_29:
   \   00000230   2170               STRB     R1,[R4, #+0]
    149             sCurPos -= 2; 
   \   00000232   6846               MOV      R0,SP
   \   00000234   0088               LDRH     R0,[R0, #+0]
   \   00000236   3880               STRH     R0,[R7, #+0]
    150             printf("%02X", Year);
   \   00000238   2178               LDRB     R1,[R4, #+0]
   \   0000023A   0198               LDR      R0,[SP, #+4]
   \   0000023C   ........           _BLF     printf,??printf??rT
    151             keyin_start(2);
   \   00000240   0220               MOVS     R0,#+2
   \   00000242   ........           _BLF     keyin_start,??keyin_start??rT
    152             sCurPos++;
   \   00000246   0020               MOVS     R0,#+0
   \   00000248   385E               LDRSH    R0,[R7, R0]
   \   0000024A   401C               ADDS     R0,R0,#+1
   \   0000024C   3880               STRH     R0,[R7, #+0]
    153             sExecStep++;
   \   0000024E   2888               LDRH     R0,[R5, #+0]
   \   00000250   401C               ADDS     R0,R0,#+1
   \   00000252   E4E1               B.N      ??DS1307_test_function_47
    154             return;  
    155             
    156           case DS1307_TIME_SET+4:
    157             if (DEC_KEY)
   \                     ??DS1307_test_function_30:
   \   00000254   3028               CMP      R0,#+48
   \   00000256   E6D3               BCC      ??DS1307_test_function_57
   \   00000258   D7E7               B.N      ??DS1307_test_function_56
    158             {
    159               if(key_input_bcd() == 0) sExecStep++;
    160               printf("%1c", bPushKey);
    161             }
    162             return;
    163          
    164           case DS1307_TIME_SET+5:
    165             Month = KeyValue;
   \                     ??DS1307_test_function_31:
   \   0000025A   6170               STRB     R1,[R4, #+1]
    166             sCurPos -= 2; 
   \   0000025C   6846               MOV      R0,SP
   \   0000025E   0088               LDRH     R0,[R0, #+0]
   \   00000260   3880               STRH     R0,[R7, #+0]
    167             printf("%02X", Month);
   \   00000262   6178               LDRB     R1,[R4, #+1]
   \   00000264   0198               LDR      R0,[SP, #+4]
   \   00000266   ........           _BLF     printf,??printf??rT
    168             keyin_start(2);
   \   0000026A   0220               MOVS     R0,#+2
   \   0000026C   ........           _BLF     keyin_start,??keyin_start??rT
    169             sCurPos++;
   \   00000270   0020               MOVS     R0,#+0
   \   00000272   385E               LDRSH    R0,[R7, R0]
   \   00000274   401C               ADDS     R0,R0,#+1
   \   00000276   3880               STRH     R0,[R7, #+0]
    170             sExecStep++;
   \   00000278   2888               LDRH     R0,[R5, #+0]
   \   0000027A   401C               ADDS     R0,R0,#+1
   \   0000027C   CFE1               B.N      ??DS1307_test_function_47
    171             return;  
    172             
    173           case DS1307_TIME_SET+6:
    174             if (DEC_KEY)
   \                     ??DS1307_test_function_32:
   \   0000027E   3028               CMP      R0,#+48
   \   00000280   D1D3               BCC      ??DS1307_test_function_57
   \   00000282   C2E7               B.N      ??DS1307_test_function_56
    175             {
    176               if(key_input_bcd() == 0) sExecStep++;
    177               printf("%1c", bPushKey);
    178             }
    179             return;
    180          
    181           case DS1307_TIME_SET+7:
    182             Date = KeyValue;
   \                     ??DS1307_test_function_33:
   \   00000284   A170               STRB     R1,[R4, #+2]
    183             sCurPos -= 2; 
   \   00000286   6846               MOV      R0,SP
   \   00000288   0088               LDRH     R0,[R0, #+0]
   \   0000028A   3880               STRH     R0,[R7, #+0]
    184             printf("%02X", Date);
   \   0000028C   A178               LDRB     R1,[R4, #+2]
   \   0000028E   0198               LDR      R0,[SP, #+4]
   \   00000290   ........           _BLF     printf,??printf??rT
    185             sExecStep++;
   \   00000294   2888               LDRH     R0,[R5, #+0]
   \   00000296   401C               ADDS     R0,R0,#+1
   \   00000298   C1E1               B.N      ??DS1307_test_function_47
    186             return;     
    187           
    188            case DS1307_TIME_SET+8:
    189              if (ENTER_KEY)
   \                     ??DS1307_test_function_34:
   \   0000029A   0D28               CMP      R0,#+13
   \   0000029C   C3D1               BNE      ??DS1307_test_function_57
    190              {
    191                rtc_date_set();
   \   0000029E   ........           BL       rtc_date_set
    192                sExecStep++;
   \   000002A2   2888               LDRH     R0,[R5, #+0]
   \   000002A4   401C               ADDS     R0,R0,#+1
   \   000002A6   BAE1               B.N      ??DS1307_test_function_47
    193              }
    194             return; 
    195          
    196           case DS1307_TIME_SET+9: sExecStep++; return;
   \                     ??DS1307_test_function_35:
   \   000002A8   6846               MOV      R0,SP
   \   000002AA   4088               LDRH     R0,[R0, #+2]
   \   000002AC   B7E1               B.N      ??DS1307_test_function_47
    197           
    198           case DS1307_TIME_SET+10:
    199             rtc_clock_read();
   \                     ??DS1307_test_function_36:
   \   000002AE   ........           BL       rtc_clock_read
    200             printf("\n>HH/MM/SS:%02X/%02X/%02X", Hour, Minute, Sec);
   \   000002B2   6379               LDRB     R3,[R4, #+5]
   \   000002B4   2279               LDRB     R2,[R4, #+4]
   \   000002B6   E178               LDRB     R1,[R4, #+3]
   \   000002B8   B436               ADDS     R6,R6,#+180
   \   000002BA   3000               MOVS     R0,R6
   \   000002BC   ........           _BLF     printf,??printf??rT
    201             sExecStep++;
   \   000002C0   2888               LDRH     R0,[R5, #+0]
   \   000002C2   401C               ADDS     R0,R0,#+1
   \   000002C4   ABE1               B.N      ??DS1307_test_function_47
    202             return;
    203          
    204           case DS1307_TIME_SET+11:
    205             keyin_start(2);
    206             sCurPos -= 8;
    207             sExecStep++;
    208             return;  
    209             
    210           case DS1307_TIME_SET+12:
    211             if (DEC_KEY)
   \                     ??DS1307_test_function_38:
   \   000002C6   3028               CMP      R0,#+48
   \   000002C8   9FD2               BCS      ??DS1307_test_function_56
    212             {
    213               if(key_input_bcd() == 0) sExecStep++;
    214               printf("%1c", bPushKey);
    215             }
    216             else if (ENTER_KEY) sExecStep = DS1307_TIME_SET+19;
   \   000002CA   0D28               CMP      R0,#+13
   \   000002CC   ABD1               BNE      ??DS1307_test_function_57
   \   000002CE   1548               LDR      R0,??DS1307_test_function_0+0x28  ;; 0x26b
   \   000002D0   A5E1               B.N      ??DS1307_test_function_47
    217             return;
    218             
    219           case DS1307_TIME_SET+13:
    220             Hour = KeyValue;
   \                     ??DS1307_test_function_39:
   \   000002D2   E170               STRB     R1,[R4, #+3]
    221             sCurPos -= 2; 
   \   000002D4   6846               MOV      R0,SP
   \   000002D6   0088               LDRH     R0,[R0, #+0]
   \   000002D8   3880               STRH     R0,[R7, #+0]
    222             printf("%02X", Hour);
   \   000002DA   E178               LDRB     R1,[R4, #+3]
   \   000002DC   0198               LDR      R0,[SP, #+4]
   \   000002DE   ........           _BLF     printf,??printf??rT
    223             keyin_start(2);
   \   000002E2   0220               MOVS     R0,#+2
   \   000002E4   ........           _BLF     keyin_start,??keyin_start??rT
    224             sCurPos++;
   \   000002E8   0020               MOVS     R0,#+0
   \   000002EA   385E               LDRSH    R0,[R7, R0]
   \   000002EC   401C               ADDS     R0,R0,#+1
   \   000002EE   3880               STRH     R0,[R7, #+0]
    225             sExecStep++;
   \   000002F0   2888               LDRH     R0,[R5, #+0]
   \   000002F2   401C               ADDS     R0,R0,#+1
   \   000002F4   93E1               B.N      ??DS1307_test_function_47
    226             return;  
    227             
    228           case DS1307_TIME_SET+14:
    229             if (DEC_KEY)
   \                     ??DS1307_test_function_40:
   \   000002F6   3028               CMP      R0,#+48
   \   000002F8   95D3               BCC      ??DS1307_test_function_57
   \   000002FA   86E7               B.N      ??DS1307_test_function_56
   \                     ??DS1307_test_function_0:
   \   000002FC   ........           DC32     sCurPos
   \   00000300   ........           DC32     Year
   \   00000304   ........           DC32     sExecStep
   \   00000308   ........           DC32     `?<Constant "\\n2:Date Time Read ">`
   \   0000030C   ........           DC32     KeyValue
   \   00000310   ........           DC32     bPushKey
   \   00000314   ........           DC32     DelayStep
   \   00000318   C4090000           DC32     0x9c4
   \   0000031C   25316300           DC8      "%1c"
   \   00000320   62020000           DC32     0x262
   \   00000324   6B020000           DC32     0x26b
    230             {
    231               if(key_input_bcd() == 0) sExecStep++;
    232               printf("%1c", bPushKey);
    233             }
    234             return;
    235          
    236           case DS1307_TIME_SET+15:
    237             Minute = KeyValue;
    238             if (Minute > 0x59) Minute = 0;
   \                     ??DS1307_test_function_41:
   \   00000328   0906               LSLS     R1,R1,#+24
   \   0000032A   090E               LSRS     R1,R1,#+24
   \   0000032C   5A29               CMP      R1,#+90
   \   0000032E   00D3               BCC      ??DS1307_test_function_59
   \   00000330   0021               MOVS     R1,#+0
   \                     ??DS1307_test_function_59:
   \   00000332   2171               STRB     R1,[R4, #+4]
    239             sCurPos -= 2; 
   \   00000334   6846               MOV      R0,SP
   \   00000336   0088               LDRH     R0,[R0, #+0]
   \   00000338   3880               STRH     R0,[R7, #+0]
    240             printf("%02X", Minute);
   \   0000033A   0198               LDR      R0,[SP, #+4]
   \   0000033C   ........           _BLF     printf,??printf??rT
    241             keyin_start(2);
   \   00000340   0220               MOVS     R0,#+2
   \   00000342   ........           _BLF     keyin_start,??keyin_start??rT
    242             sCurPos++;
   \   00000346   0020               MOVS     R0,#+0
   \   00000348   385E               LDRSH    R0,[R7, R0]
   \   0000034A   401C               ADDS     R0,R0,#+1
   \   0000034C   3880               STRH     R0,[R7, #+0]
    243             sExecStep++;
   \   0000034E   2888               LDRH     R0,[R5, #+0]
   \   00000350   401C               ADDS     R0,R0,#+1
   \   00000352   64E1               B.N      ??DS1307_test_function_47
    244             return;  
    245             
    246           case DS1307_TIME_SET+16:
    247             if (DEC_KEY)
   \                     ??DS1307_test_function_42:
   \   00000354   3028               CMP      R0,#+48
   \   00000356   49D3               BCC      ??DS1307_test_function_60
   \   00000358   57E7               B.N      ??DS1307_test_function_56
    248             {
    249               if(key_input_bcd() == 0) sExecStep++;
    250               printf("%1c", bPushKey);
    251             }
    252             return;
    253          
    254           case DS1307_TIME_SET+17:
    255             Sec = KeyValue;
    256             if (Sec > 0x59) Sec = 0;
   \                     ??DS1307_test_function_43:
   \   0000035A   0906               LSLS     R1,R1,#+24
   \   0000035C   090E               LSRS     R1,R1,#+24
   \   0000035E   5A29               CMP      R1,#+90
   \   00000360   00D3               BCC      ??DS1307_test_function_61
   \   00000362   0021               MOVS     R1,#+0
   \                     ??DS1307_test_function_61:
   \   00000364   6171               STRB     R1,[R4, #+5]
    257             sCurPos -= 2; 
   \   00000366   6846               MOV      R0,SP
   \   00000368   0088               LDRH     R0,[R0, #+0]
   \   0000036A   3880               STRH     R0,[R7, #+0]
    258             printf("%02X", Sec);
   \   0000036C   0198               LDR      R0,[SP, #+4]
   \   0000036E   ........           _BLF     printf,??printf??rT
    259             sExecStep++;
   \   00000372   2888               LDRH     R0,[R5, #+0]
   \   00000374   401C               ADDS     R0,R0,#+1
   \   00000376   52E1               B.N      ??DS1307_test_function_47
    260             return;     
    261           
    262            case DS1307_TIME_SET+18:
    263              if (ENTER_KEY)
   \                     ??DS1307_test_function_44:
   \   00000378   0D28               CMP      R0,#+13
   \   0000037A   37D1               BNE      ??DS1307_test_function_60
    264              {
    265                rtc_clock_set();
   \   0000037C   ........           BL       rtc_clock_set
    266                sExecStep++;
   \   00000380   2888               LDRH     R0,[R5, #+0]
   \   00000382   401C               ADDS     R0,R0,#+1
   \   00000384   4BE1               B.N      ??DS1307_test_function_47
    267              }
    268             return; 
    269              
    270            case DS1307_TIME_SET+19:
    271              // 데이터저장실행을 초기화
    272              sStoreStep = 1;
   \                     ??DS1307_test_function_45:
   \   00000386   A748               LDR      R0,??DS1307_test_function_62  ;; sStoreStep
   \   00000388   0121               MOVS     R1,#+1
   \   0000038A   0180               STRH     R1,[R0, #+0]
   \   0000038C   02E7               B        ??DS1307_test_function_50
    273              sExecStep = DS1307_TIME_READ;
    274              return;   
    275             
    276           
    277           /**************************/
    278           /*  DS1307 register read  */
    279           /**************************/ 
    280           case DS1307_READ:   
    281             screen_clear();
   \                     ??DS1307_test_function_5:
   \   0000038E   ........           _BLF     screen_clear,??screen_clear??rT
    282             printf(">DS1307 Reg. READ");
   \   00000392   D036               ADDS     R6,R6,#+208
   \   00000394   3000               MOVS     R0,R6
   \   00000396   ........           _BLF     printf,??printf??rT
    283             sExecStep++;
   \   0000039A   2888               LDRH     R0,[R5, #+0]
   \   0000039C   401C               ADDS     R0,R0,#+1
   \   0000039E   3EE1               B.N      ??DS1307_test_function_47
    284             return;
    285          
    286           case DS1307_READ+1:
    287             keyin_start(2);
   \                     ??DS1307_test_function_6:
   \   000003A0   0220               MOVS     R0,#+2
   \   000003A2   ........           _BLF     keyin_start,??keyin_start??rT
    288             printf("\nDSaddress:%02X", KeyValue);
   \   000003A6   A048               LDR      R0,??DS1307_test_function_62+0x4  ;; KeyValue
   \   000003A8   0168               LDR      R1,[R0, #+0]
   \   000003AA   E436               ADDS     R6,R6,#+228
   \   000003AC   3000               MOVS     R0,R6
   \   000003AE   ........           _BLF     printf,??printf??rT
    289             sCurPos--;
   \   000003B2   0020               MOVS     R0,#+0
   \   000003B4   385E               LDRSH    R0,[R7, R0]
   \   000003B6   401E               SUBS     R0,R0,#+1
   \   000003B8   3880               STRH     R0,[R7, #+0]
    290             sExecStep++;
   \   000003BA   2888               LDRH     R0,[R5, #+0]
   \   000003BC   401C               ADDS     R0,R0,#+1
   \   000003BE   2EE1               B.N      ??DS1307_test_function_47
    291             return;
    292           
    293           case DS1307_READ+2:  
    294             if (bPushKey)
   \                     ??DS1307_test_function_7:
   \   000003C0   0028               CMP      R0,#+0
   \   000003C2   13D0               BEQ      ??DS1307_test_function_60
    295             {
    296               if(key_input_hex() == 0) 
   \   000003C4   ........           _BLF     key_input_hex,??key_input_hex??rT
   \   000003C8   0028               CMP      R0,#+0
   \   000003CA   05D1               BNE      ??DS1307_test_function_63
    297               {
    298                 DSadd = KeyValue;
   \   000003CC   9648               LDR      R0,??DS1307_test_function_62+0x4  ;; KeyValue
   \   000003CE   0068               LDR      R0,[R0, #+0]
   \   000003D0   6072               STRB     R0,[R4, #+9]
    299                 sExecStep++;
   \   000003D2   2888               LDRH     R0,[R5, #+0]
   \   000003D4   401C               ADDS     R0,R0,#+1
   \   000003D6   2880               STRH     R0,[R5, #+0]
    300               }
    301               printf("\rDSaddress:%02X", KeyValue);
   \                     ??DS1307_test_function_63:
   \   000003D8   9348               LDR      R0,??DS1307_test_function_62+0x4  ;; KeyValue
   \   000003DA   0168               LDR      R1,[R0, #+0]
   \   000003DC   F436               ADDS     R6,R6,#+244
   \   000003DE   3000               MOVS     R0,R6
   \   000003E0   ........           _BLF     printf,??printf??rT
    302               sCurPos--;
   \   000003E4   0020               MOVS     R0,#+0
   \   000003E6   385E               LDRSH    R0,[R7, R0]
   \   000003E8   401E               SUBS     R0,R0,#+1
   \                     ??DS1307_test_function_64:
   \   000003EA   3880               STRH     R0,[R7, #+0]
   \                     ??DS1307_test_function_60:
   \   000003EC   18E1               B        ??DS1307_test_function_46
    303             }
    304             return;
    305           
    306           case DS1307_READ+3:
    307             if (KeyValue > 0xFE)
   \                     ??DS1307_test_function_8:
   \   000003EE   FF29               CMP      R1,#+255
   \   000003F0   06D3               BCC      ??DS1307_test_function_65
    308             {
    309               printf("\nRange Over");
   \                     ??DS1307_test_function_66:
   \   000003F2   8220               MOVS     R0,#+130
   \   000003F4   4000               LSLS     R0,R0,#+1        ;; #+260
   \   000003F6   3018               ADDS     R0,R6,R0
   \   000003F8   ........           _BLF     printf,??printf??rT
    310               sExecStep = 1;     
   \   000003FC   0120               MOVS     R0,#+1
   \   000003FE   0EE1               B.N      ??DS1307_test_function_47
    311              }
    312             else
    313             {
    314               DSadd = KeyValue;
   \                     ??DS1307_test_function_65:
   \   00000400   6172               STRB     R1,[R4, #+9]
    315               DSregister[DSadd] = DS1307_readbyte(DSadd);
   \   00000402   607A               LDRB     R0,[R4, #+9]
   \   00000404   ........           BL       DS1307_readbyte
   \   00000408   617A               LDRB     R1,[R4, #+9]
   \   0000040A   884A               LDR      R2,??DS1307_test_function_62+0x8  ;; DSregister
   \   0000040C   5054               STRB     R0,[R2, R1]
    316               sExecStep++;
   \   0000040E   2888               LDRH     R0,[R5, #+0]
   \   00000410   401C               ADDS     R0,R0,#+1
   \   00000412   04E1               B.N      ??DS1307_test_function_47
    317             }
    318             return;
    319            
    320           case DS1307_READ+4:
    321             printf("\rDS1307[%02X]:%02X", DSadd, DSregister[DSadd]);
   \                     ??DS1307_test_function_9:
   \   00000414   617A               LDRB     R1,[R4, #+9]
   \   00000416   8548               LDR      R0,??DS1307_test_function_62+0x8  ;; DSregister
   \   00000418   425C               LDRB     R2,[R0, R1]
   \   0000041A   8820               MOVS     R0,#+136
   \   0000041C   4000               LSLS     R0,R0,#+1        ;; #+272
   \   0000041E   3018               ADDS     R0,R6,R0
   \   00000420   ........           _BLF     printf,??printf??rT
    322             if (DSerror) printf (" E:%1d", DSerror);
   \   00000424   217A               LDRB     R1,[R4, #+8]
   \   00000426   0029               CMP      R1,#+0
   \   00000428   04D0               BEQ      ??DS1307_test_function_67
   \   0000042A   9220               MOVS     R0,#+146
   \   0000042C   4000               LSLS     R0,R0,#+1        ;; #+292
   \   0000042E   3018               ADDS     R0,R6,R0
   \   00000430   ........           _BLF     printf,??printf??rT
    323             sExecStep++;
   \                     ??DS1307_test_function_67:
   \   00000434   2888               LDRH     R0,[R5, #+0]
   \   00000436   401C               ADDS     R0,R0,#+1
   \   00000438   F1E0               B.N      ??DS1307_test_function_47
    324             return;
    325            
    326           case DS1307_READ+5: sExecStep++; return;
   \                     ??DS1307_test_function_10:
   \   0000043A   6846               MOV      R0,SP
   \   0000043C   4088               LDRH     R0,[R0, #+2]
   \   0000043E   EEE0               B.N      ??DS1307_test_function_47
    327              
    328           case DS1307_READ+6:
    329             if (bPushKey == 'a') sExecStep = 1;
   \                     ??DS1307_test_function_11:
   \   00000440   6128               CMP      R0,#+97
   \   00000442   01D1               BNE      ??DS1307_test_function_68
   \   00000444   0120               MOVS     R0,#+1
   \   00000446   EAE0               B.N      ??DS1307_test_function_47
    330               else if (bPushKey != 0) sExecStep = DS1307_READ+1;
   \                     ??DS1307_test_function_68:
   \   00000448   C924               MOVS     R4,#+201
   \   0000044A   0028               CMP      R0,#+0
   \   0000044C   01D0               BEQ      ??DS1307_test_function_69
   \                     ??DS1307_test_function_70:
   \   0000044E   2C80               STRH     R4,[R5, #+0]
   \                     ??DS1307_test_function_71:
   \   00000450   E6E0               B        ??DS1307_test_function_46
    331               else if (step_delay(SEC_1)) sExecStep = DS1307_READ+1; 
   \                     ??DS1307_test_function_69:
   \   00000452   FA20               MOVS     R0,#+250
   \   00000454   4000               LSLS     R0,R0,#+1        ;; #+500
   \   00000456   ........           _BLF     step_delay,??step_delay??rT
   \   0000045A   0028               CMP      R0,#+0
   \   0000045C   F8D0               BEQ      ??DS1307_test_function_71
   \   0000045E   F6E7               B.N      ??DS1307_test_function_70
    332             return;
    333          
    334          
    335           /*********************************/
    336           /*  DS1307 regiter monit & write */
    337           /*********************************/ 
    338           case DS1307_WRITE:
    339             screen_clear();
   \                     ??DS1307_test_function_12:
   \   00000460   ........           _BLF     screen_clear,??screen_clear??rT
    340             printf(">DS1307 Reg. Write");
   \   00000464   9620               MOVS     R0,#+150
   \   00000466   4000               LSLS     R0,R0,#+1        ;; #+300
   \   00000468   3018               ADDS     R0,R6,R0
   \   0000046A   ........           _BLF     printf,??printf??rT
    341             sExecStep++;
   \   0000046E   2888               LDRH     R0,[R5, #+0]
   \   00000470   401C               ADDS     R0,R0,#+1
   \   00000472   D4E0               B.N      ??DS1307_test_function_47
    342             return;
    343             
    344           case DS1307_WRITE+1:
    345             keyin_start(2);
   \                     ??DS1307_test_function_13:
   \   00000474   0220               MOVS     R0,#+2
   \   00000476   ........           _BLF     keyin_start,??keyin_start??rT
    346             printf("\nDS1307[%02X]", KeyValue);
   \   0000047A   6B48               LDR      R0,??DS1307_test_function_62+0x4  ;; KeyValue
   \   0000047C   0168               LDR      R1,[R0, #+0]
   \   0000047E   A020               MOVS     R0,#+160
   \   00000480   4000               LSLS     R0,R0,#+1        ;; #+320
   \   00000482   3018               ADDS     R0,R6,R0
   \   00000484   ........           _BLF     printf,??printf??rT
    347             sCurPos -= 2;
   \   00000488   0020               MOVS     R0,#+0
   \   0000048A   385E               LDRSH    R0,[R7, R0]
   \   0000048C   801E               SUBS     R0,R0,#+2
   \   0000048E   3880               STRH     R0,[R7, #+0]
    348             sExecStep++;
   \   00000490   2888               LDRH     R0,[R5, #+0]
   \   00000492   401C               ADDS     R0,R0,#+1
   \   00000494   C3E0               B.N      ??DS1307_test_function_47
    349             return;
    350           
    351           case DS1307_WRITE+2:  
    352             if (bPushKey)
   \                     ??DS1307_test_function_14:
   \   00000496   0028               CMP      R0,#+0
   \   00000498   DAD0               BEQ      ??DS1307_test_function_71
    353             {
    354               if(key_input_hex() == 0) sExecStep++;
   \   0000049A   ........           _BLF     key_input_hex,??key_input_hex??rT
   \   0000049E   0028               CMP      R0,#+0
   \   000004A0   02D1               BNE      ??DS1307_test_function_72
   \   000004A2   2888               LDRH     R0,[R5, #+0]
   \   000004A4   401C               ADDS     R0,R0,#+1
   \   000004A6   2880               STRH     R0,[R5, #+0]
    355               printf("\rDS1307[%02X]", KeyValue);
   \                     ??DS1307_test_function_72:
   \   000004A8   5F48               LDR      R0,??DS1307_test_function_62+0x4  ;; KeyValue
   \   000004AA   0168               LDR      R1,[R0, #+0]
   \   000004AC   A820               MOVS     R0,#+168
   \   000004AE   4000               LSLS     R0,R0,#+1        ;; #+336
   \   000004B0   3018               ADDS     R0,R6,R0
   \   000004B2   ........           _BLF     printf,??printf??rT
    356               sCurPos -= 2;
   \   000004B6   0020               MOVS     R0,#+0
   \   000004B8   385E               LDRSH    R0,[R7, R0]
   \   000004BA   801E               SUBS     R0,R0,#+2
   \   000004BC   95E7               B.N      ??DS1307_test_function_64
    357             }
    358             return;
    359          
    360           case DS1307_WRITE+3:
    361             if (KeyValue > 0x3F) 
   \                     ??DS1307_test_function_15:
   \   000004BE   4029               CMP      R1,#+64
   \   000004C0   97D2               BCS      ??DS1307_test_function_66
    362             {
    363               printf("\nRange Over");
    364               sExecStep = 1;   
    365             }
    366             else
    367             {
    368               DSadd = KeyValue;
   \   000004C2   6172               STRB     R1,[R4, #+9]
    369               DSregister[DSadd] = DS1307_readbyte(DSadd);
   \   000004C4   607A               LDRB     R0,[R4, #+9]
   \   000004C6   ........           BL       DS1307_readbyte
   \   000004CA   617A               LDRB     R1,[R4, #+9]
   \   000004CC   574A               LDR      R2,??DS1307_test_function_62+0x8  ;; DSregister
   \   000004CE   5218               ADDS     R2,R2,R1
   \   000004D0   1070               STRB     R0,[R2, #+0]
    370               printf("\rDS1307[%02X]%02X", DSadd, DSregister[DSadd]);
   \   000004D2   0200               MOVS     R2,R0
   \   000004D4   0298               LDR      R0,[SP, #+8]
   \   000004D6   ........           _BLF     printf,??printf??rT
    371               keyin_start(2);
   \   000004DA   0220               MOVS     R0,#+2
   \   000004DC   ........           _BLF     keyin_start,??keyin_start??rT
    372               printf("\nDS1307[%02X]%02X", DSadd, KeyValue);
   \   000004E0   5148               LDR      R0,??DS1307_test_function_62+0x4  ;; KeyValue
   \   000004E2   0268               LDR      R2,[R0, #+0]
   \   000004E4   617A               LDRB     R1,[R4, #+9]
   \   000004E6   BA20               MOVS     R0,#+186
   \   000004E8   4000               LSLS     R0,R0,#+1        ;; #+372
   \   000004EA   3018               ADDS     R0,R6,R0
   \   000004EC   ........           _BLF     printf,??printf??rT
    373               sCurPos--;
   \   000004F0   0020               MOVS     R0,#+0
   \   000004F2   385E               LDRSH    R0,[R7, R0]
   \   000004F4   401E               SUBS     R0,R0,#+1
   \   000004F6   3880               STRH     R0,[R7, #+0]
    374               sExecStep++;
   \   000004F8   2888               LDRH     R0,[R5, #+0]
   \   000004FA   401C               ADDS     R0,R0,#+1
   \   000004FC   8FE0               B.N      ??DS1307_test_function_47
    375             }
    376             return;
    377             
    378           case DS1307_WRITE+4:  
    379             if (bPushKey)
   \                     ??DS1307_test_function_16:
   \   000004FE   0028               CMP      R0,#+0
   \   00000500   4AD0               BEQ      ??DS1307_test_function_73
    380             {
    381               if(key_input_hex() == 0) sExecStep++;
   \   00000502   ........           _BLF     key_input_hex,??key_input_hex??rT
   \   00000506   0028               CMP      R0,#+0
   \   00000508   02D1               BNE      ??DS1307_test_function_74
   \   0000050A   2888               LDRH     R0,[R5, #+0]
   \   0000050C   401C               ADDS     R0,R0,#+1
   \   0000050E   2880               STRH     R0,[R5, #+0]
    382               printf("\rDS1307[%02X]%02X", DSadd, KeyValue);
   \                     ??DS1307_test_function_74:
   \   00000510   4548               LDR      R0,??DS1307_test_function_62+0x4  ;; KeyValue
   \   00000512   0268               LDR      R2,[R0, #+0]
   \   00000514   617A               LDRB     R1,[R4, #+9]
   \   00000516   0298               LDR      R0,[SP, #+8]
   \   00000518   ........           _BLF     printf,??printf??rT
    383               sCurPos--;
   \   0000051C   0020               MOVS     R0,#+0
   \   0000051E   385E               LDRSH    R0,[R7, R0]
   \   00000520   401E               SUBS     R0,R0,#+1
   \   00000522   62E7               B.N      ??DS1307_test_function_64
    384             }
    385             return;
    386              
    387           case DS1307_WRITE+5:
    388             DSdata = KeyValue;
   \                     ??DS1307_test_function_17:
   \   00000524   A172               STRB     R1,[R4, #+10]
    389             DS1307_writebyte(DSadd, DSdata);
   \   00000526   A17A               LDRB     R1,[R4, #+10]
   \   00000528   607A               LDRB     R0,[R4, #+9]
   \   0000052A   ........           BL       DS1307_writebyte
    390             sExecStep++;
   \   0000052E   2888               LDRH     R0,[R5, #+0]
   \   00000530   401C               ADDS     R0,R0,#+1
   \   00000532   74E0               B.N      ??DS1307_test_function_47
    391             return;
    392             
    393           case DS1307_WRITE+6:  
    394             DSregister[DSadd] = DS1307_readbyte(DSadd);
   \                     ??DS1307_test_function_18:
   \   00000534   607A               LDRB     R0,[R4, #+9]
   \   00000536   ........           BL       DS1307_readbyte
   \   0000053A   617A               LDRB     R1,[R4, #+9]
   \   0000053C   3B4A               LDR      R2,??DS1307_test_function_62+0x8  ;; DSregister
   \   0000053E   5218               ADDS     R2,R2,R1
   \   00000540   1070               STRB     R0,[R2, #+0]
    395             if (DSerror) printf("\n>Write Error..");
   \   00000542   207A               LDRB     R0,[R4, #+8]
   \   00000544   0028               CMP      R0,#+0
   \   00000546   05D0               BEQ      ??DS1307_test_function_75
   \   00000548   C420               MOVS     R0,#+196
   \   0000054A   4000               LSLS     R0,R0,#+1        ;; #+392
   \   0000054C   3018               ADDS     R0,R6,R0
   \   0000054E   ........           _BLF     printf,??printf??rT
   \   00000552   0EE0               B        ??DS1307_test_function_76
    396              else if (DSregister[DSadd] != DSdata) 
   \                     ??DS1307_test_function_75:
   \   00000554   1078               LDRB     R0,[R2, #+0]
   \   00000556   0200               MOVS     R2,R0
   \   00000558   A37A               LDRB     R3,[R4, #+10]
   \   0000055A   9842               CMP      R0,R3
   \   0000055C   05D0               BEQ      ??DS1307_test_function_77
    397                printf("\rDS1307[%02X]%02X-%02X", DSadd, DSregister[DSadd], DSdata);
   \   0000055E   CC20               MOVS     R0,#+204
   \   00000560   4000               LSLS     R0,R0,#+1        ;; #+408
   \   00000562   3018               ADDS     R0,R6,R0
   \   00000564   ........           _BLF     printf,??printf??rT
   \   00000568   03E0               B        ??DS1307_test_function_76
    398              else printf("\rDS1307[%02X]%02X-OK", DSadd, DSregister[DSadd]);
   \                     ??DS1307_test_function_77:
   \   0000056A   1436               ADDS     R6,R6,#+20
   \   0000056C   3000               MOVS     R0,R6
   \   0000056E   ........           _BLF     printf,??printf??rT
    399             sExecStep++;
   \                     ??DS1307_test_function_76:
   \   00000572   2888               LDRH     R0,[R5, #+0]
   \   00000574   401C               ADDS     R0,R0,#+1
   \   00000576   52E0               B.N      ??DS1307_test_function_47
    400              return;
    401          
    402           case DS1307_WRITE+7: sExecStep++; return;  
   \                     ??DS1307_test_function_19:
   \   00000578   6846               MOV      R0,SP
   \   0000057A   4088               LDRH     R0,[R0, #+2]
   \   0000057C   4FE0               B.N      ??DS1307_test_function_47
    403           
    404           case DS1307_WRITE+8:  
    405             if (bPushKey == 'a') sExecStep = 1;
   \                     ??DS1307_test_function_20:
   \   0000057E   6128               CMP      R0,#+97
   \   00000580   01D1               BNE      ??DS1307_test_function_78
   \   00000582   0120               MOVS     R0,#+1
   \   00000584   4BE0               B.N      ??DS1307_test_function_47
    406              else if (bPushKey != 0) sExecStep = DS1307_WRITE+1; 
   \                     ??DS1307_test_function_78:
   \   00000586   FF24               MOVS     R4,#+255
   \   00000588   2E34               ADDS     R4,R4,#+46       ;; #+301
   \   0000058A   0028               CMP      R0,#+0
   \   0000058C   05D1               BNE      ??DS1307_test_function_79
    407              else  if (step_delay(SEC_1)) sExecStep = DS1307_WRITE+1; 
   \   0000058E   FA20               MOVS     R0,#+250
   \   00000590   4000               LSLS     R0,R0,#+1        ;; #+500
   \   00000592   ........           _BLF     step_delay,??step_delay??rT
   \   00000596   0028               CMP      R0,#+0
   \                     ??DS1307_test_function_73:
   \   00000598   42D0               BEQ      ??DS1307_test_function_46
   \                     ??DS1307_test_function_79:
   \   0000059A   58E7               B.N      ??DS1307_test_function_70
    408             return;
    409           
    410           /**************************/
    411           /*  RTC date & time read  */
    412           /**************************/  
    413           case DS1307_TIME_READ:
    414             screen_clear();
   \                     ??DS1307_test_function_21:
   \   0000059C   ........           _BLF     screen_clear,??screen_clear??rT
    415             printf(">RTC time read\n");
   \   000005A0   D820               MOVS     R0,#+216
   \   000005A2   4000               LSLS     R0,R0,#+1        ;; #+432
   \   000005A4   3018               ADDS     R0,R6,R0
   \   000005A6   ........           _BLF     printf,??printf??rT
    416             sExecStep++;
   \   000005AA   2888               LDRH     R0,[R5, #+0]
   \   000005AC   401C               ADDS     R0,R0,#+1
   \   000005AE   36E0               B.N      ??DS1307_test_function_47
    417             return;
    418           
    419           case DS1307_TIME_READ+1:
    420             rtc_time_read();
   \                     ??DS1307_test_function_22:
   \   000005B0   ........           BL       rtc_time_read
    421             printf("\r%02X/%02X/%02X  ", Year, Month, Date);
   \   000005B4   A378               LDRB     R3,[R4, #+2]
   \   000005B6   6278               LDRB     R2,[R4, #+1]
   \   000005B8   2178               LDRB     R1,[R4, #+0]
   \   000005BA   E020               MOVS     R0,#+224
   \   000005BC   4000               LSLS     R0,R0,#+1        ;; #+448
   \   000005BE   3018               ADDS     R0,R6,R0
   \   000005C0   ........           _BLF     printf,??printf??rT
    422             printf("%02X:%02X:%02X", Hour, Minute, Sec);
   \   000005C4   6379               LDRB     R3,[R4, #+5]
   \   000005C6   2279               LDRB     R2,[R4, #+4]
   \   000005C8   E178               LDRB     R1,[R4, #+3]
   \   000005CA   EA20               MOVS     R0,#+234
   \   000005CC   4000               LSLS     R0,R0,#+1        ;; #+468
   \   000005CE   3018               ADDS     R0,R6,R0
   \   000005D0   ........           _BLF     printf,??printf??rT
    423             sExecStep++;
   \   000005D4   2888               LDRH     R0,[R5, #+0]
   \   000005D6   401C               ADDS     R0,R0,#+1
   \   000005D8   21E0               B.N      ??DS1307_test_function_47
    424             return;
    425             
    426           case DS1307_TIME_READ+2:    
    427             if (bPushKey == 'a') sExecStep = 1;
   \                     ??DS1307_test_function_23:
   \   000005DA   6128               CMP      R0,#+97
   \   000005DC   01D1               BNE      ??DS1307_test_function_80
   \   000005DE   0120               MOVS     R0,#+1
   \   000005E0   1DE0               B.N      ??DS1307_test_function_47
    428              else if (bPushKey != 0) sExecStep = DS1307_TIME_READ+1; 
   \                     ??DS1307_test_function_80:
   \   000005E2   FF24               MOVS     R4,#+255
   \   000005E4   9234               ADDS     R4,R4,#+146      ;; #+401
   \   000005E6   0028               CMP      R0,#+0
   \   000005E8   05D1               BNE      ??DS1307_test_function_81
    429              else  if (step_delay(SEC_1)) sExecStep = DS1307_TIME_READ+1;
   \   000005EA   FA20               MOVS     R0,#+250
   \   000005EC   4000               LSLS     R0,R0,#+1        ;; #+500
   \   000005EE   ........           _BLF     step_delay,??step_delay??rT
   \   000005F2   0028               CMP      R0,#+0
   \   000005F4   14D0               BEQ      ??DS1307_test_function_46
   \                     ??DS1307_test_function_81:
   \   000005F6   2AE7               B.N      ??DS1307_test_function_70
    430              return;
    431           
    432           /******************************/
    433           /*  DS1307 initialize & start */
    434           /******************************/    
    435           case DS1307_INIT:
    436             screen_clear();
   \                     ??DS1307_test_function_24:
   \   000005F8   ........           _BLF     screen_clear,??screen_clear??rT
    437             ds1307_initialize();
   \   000005FC   ........           BL       ds1307_initialize
    438             printf(">DS1307 Wake UP..");
   \   00000600   F220               MOVS     R0,#+242
   \   00000602   4000               LSLS     R0,R0,#+1        ;; #+484
   \   00000604   3018               ADDS     R0,R6,R0
   \   00000606   ........           _BLF     printf,??printf??rT
    439             sExecStep++;
   \   0000060A   2888               LDRH     R0,[R5, #+0]
   \   0000060C   401C               ADDS     R0,R0,#+1
   \   0000060E   06E0               B.N      ??DS1307_test_function_47
    440             return;
    441             
    442           case DS1307_INIT+1:
    443             if (step_delay(SEC_1)) sExecStep = 1;
   \                     ??DS1307_test_function_25:
   \   00000610   FA20               MOVS     R0,#+250
   \   00000612   4000               LSLS     R0,R0,#+1        ;; #+500
   \   00000614   ........           _BLF     step_delay,??step_delay??rT
   \   00000618   0028               CMP      R0,#+0
   \   0000061A   01D0               BEQ      ??DS1307_test_function_46
   \   0000061C   0120               MOVS     R0,#+1
   \                     ??DS1307_test_function_47:
   \   0000061E   2880               STRH     R0,[R5, #+0]
   \                     ??DS1307_test_function_46:
   \   00000620   ....               B.N      ?Subroutine23
   \   00000622   C046               Nop      
   \                     ??DS1307_test_function_62:
   \   00000624   ........           DC32     sStoreStep
   \   00000628   ........           DC32     KeyValue
   \   0000062C   ........           DC32     DSregister
    444             return;    
    445           };
    446          }

   \                                 In segment CODE, align 4, keep-with-next
   \                     ?Subroutine23:
   \   00000000   FEBC               POP      {R1-R7}
   \   00000002   01BC               POP      {R0}
   \   00000004   0047               BX       R0               ;; return
   \   00000006   C046               Nop      
   \                     ??Subroutine23_0:
   \   00000008   ........           DC32     `?<Constant "\\n1-Alarm each second">`
    447          

   \                                 In segment CODE, align 4, keep-with-next
    448          void I2C_start()	/* ----------------------------------------------- */
    449          {
   \                     I2C_start:
   \   00000000   10B5               PUSH     {R4,LR}
    450          	pio_is_out(PIOA, I2C_DT);
   \   00000002   8024               MOVS     R4,#+128
   \   00000004   E400               LSLS     R4,R4,#+3        ;; #+1024
   \   00000006   ....               LDR      R0,??DataTable24  ;; 0xfffff400
   \   00000008   0460               STR      R4,[R0, #+0]
   \   0000000A   ....               LDR      R0,??DataTable25  ;; 0xfffff410
   \   0000000C   0460               STR      R4,[R0, #+0]
    451          	pio_set(PIOA, I2C_DT|I2C_CK);/* Initiate start condition */
   \   0000000E   ....               LDR      R0,??DataTable19  ;; 0xfffff430
   \   00000010   C021               MOVS     R1,#+192
   \   00000012   0901               LSLS     R1,R1,#+4        ;; #+3072
   \   00000014   0160               STR      R1,[R0, #+0]
    452          	delay_us(I2C_DELAY);
   \   00000016   0A20               MOVS     R0,#+10
   \   00000018   ........           _BLF     delay_us,??delay_us??rT
    453          	pio_clear(PIOA, I2C_DT);
   \   0000001C   ....               LDR      R0,??DataTable20  ;; 0xfffff434
   \   0000001E   0460               STR      R4,[R0, #+0]
    454          	delay_us(I2C_DELAY);
   \   00000020   0A20               MOVS     R0,#+10
   \   00000022   ........           _BLF     delay_us,??delay_us??rT
    455          }
   \   00000026   ....               B.N      ??Subroutine22_1

   \                                 In segment CODE, align 4, keep-with-next
    456          void I2C_stop()		/* ----------------------------------------------- */
    457          {
   \                     I2C_stop:
   \   00000000   30B5               PUSH     {R4,R5,LR}
    458          	pio_is_out(PIOA, I2C_DT);
   \   00000002   8024               MOVS     R4,#+128
   \   00000004   E400               LSLS     R4,R4,#+3        ;; #+1024
   \   00000006   ....               LDR      R0,??DataTable24  ;; 0xfffff400
   \   00000008   0460               STR      R4,[R0, #+0]
   \   0000000A   ....               LDR      R0,??DataTable25  ;; 0xfffff410
   \   0000000C   0460               STR      R4,[R0, #+0]
    459          	pio_clear(PIOA, I2C_DT);	/* Initiate stop condition */
   \   0000000E   ....               LDR      R0,??DataTable20  ;; 0xfffff434
   \   00000010   0460               STR      R4,[R0, #+0]
    460          	delay_us(I2C_DELAY);
   \   00000012   0A20               MOVS     R0,#+10
   \   00000014   ........           _BLF     delay_us,??delay_us??rT
    461          	pio_set(PIOA, I2C_CK); 
   \   00000018   ....               LDR      R5,??DataTable19  ;; 0xfffff430
   \   0000001A   6000               LSLS     R0,R4,#+1
   \   0000001C   2860               STR      R0,[R5, #+0]
    462          	delay_us(I2C_DELAY);
   \   0000001E   0A20               MOVS     R0,#+10
   \   00000020   ........           _BLF     delay_us,??delay_us??rT
    463          	pio_set(PIOA, I2C_DT);
   \   00000024   2C60               STR      R4,[R5, #+0]
    464          	delay_us(I2C_DELAY);
   \   00000026   0A20               MOVS     R0,#+10
   \   00000028   ........           _BLF     delay_us,??delay_us??rT
    465          }
   \   0000002C   ....               B.N      ??Subroutine24_0

   \                                 In segment CODE, align 4, keep-with-next
   \                     ?Subroutine24:
   \   00000000   ........           BL       I2C_stop
   \                     ??Subroutine24_0:
   \   00000004   30BC               POP      {R4,R5}
   \   00000006   01BC               POP      {R0}
   \   00000008   0047               BX       R0               ;; return
    466          
    467          /* ----------------------------- */

   \                                 In segment DATA_Z, align 1, align-sorted
    468          char RTCerror;
   \                     RTCerror:
   \   00000000                      DS8 1

   \                                 In segment CODE, align 4, keep-with-next
    469          void I2C_write(uchar d)		
    470          {
   \                     I2C_write:
   \   00000000   F0B5               PUSH     {R4-R7,LR}
   \   00000002   0600               MOVS     R6,R0
   \   00000004   8024               MOVS     R4,#+128
   \   00000006   E400               LSLS     R4,R4,#+3        ;; #+1024
   \   00000008   ....               LDR      R0,??DataTable24  ;; 0xfffff400
   \   0000000A   0460               STR      R4,[R0, #+0]
    471          uchar i;
    472          
    473          	pio_is_out(PIOA, I2C_DT);
   \   0000000C   ....               LDR      R0,??DataTable25  ;; 0xfffff410
   \   0000000E   0460               STR      R4,[R0, #+0]
    474          	pio_clear(PIOA, I2C_CK);
   \   00000010   ....               LDR      R5,??DataTable20  ;; 0xfffff434
   \   00000012   6000               LSLS     R0,R4,#+1
   \   00000014   2860               STR      R0,[R5, #+0]
    475          	delay_us(I2C_DELAY);
   \   00000016   0A20               MOVS     R0,#+10
   \   00000018   ........           _BLF     delay_us,??delay_us??rT
    476          	for (i = 1; i <= 8; i++)
   \   0000001C   0827               MOVS     R7,#+8
    477          	{
    478          		//sda = (d >> 7);
    479          		if (!( d >> 7)) pio_clear(PIOA, I2C_DT);  else pio_set(PIOA, I2C_DT);  
   \                     ??I2C_write_0:
   \   0000001E   3006               LSLS     R0,R6,#+24
   \   00000020   01D4               BMI      ??I2C_write_1
   \   00000022   2C60               STR      R4,[R5, #+0]
   \   00000024   01E0               B        ??I2C_write_2
   \                     ??I2C_write_1:
   \   00000026   ....               LDR      R0,??DataTable19  ;; 0xfffff430
   \   00000028   0460               STR      R4,[R0, #+0]
    480          		pio_set(PIOA, I2C_CK);
   \                     ??I2C_write_2:
   \   0000002A   ....               LDR      R0,??DataTable19  ;; 0xfffff430
   \   0000002C   6100               LSLS     R1,R4,#+1
   \   0000002E   0160               STR      R1,[R0, #+0]
    481          		delay_us(I2C_DELAY);
   \   00000030   0A20               MOVS     R0,#+10
   \   00000032   ........           _BLF     delay_us,??delay_us??rT
    482          		d = d << 1;	/* increase scl high time */
   \   00000036   7600               LSLS     R6,R6,#+1
    483          		pio_clear(PIOA, I2C_CK);
   \   00000038   6000               LSLS     R0,R4,#+1
   \   0000003A   2860               STR      R0,[R5, #+0]
    484          		delay_us(I2C_DELAY);
   \   0000003C   0A20               MOVS     R0,#+10
   \   0000003E   ........           _BLF     delay_us,??delay_us??rT
    485          	}
   \   00000042   7F1E               SUBS     R7,R7,#+1
   \   00000044   EBD1               BNE      ??I2C_write_0
    486          	pio_set(PIOA, I2C_DT);	/* Release the sda line */
   \   00000046   ....               LDR      R0,??DataTable19  ;; 0xfffff430
   \   00000048   0460               STR      R4,[R0, #+0]
    487          	pio_clear(PIOA, I2C_CK);
   \   0000004A   6000               LSLS     R0,R4,#+1
   \   0000004C   2860               STR      R0,[R5, #+0]
    488          	delay_us(I2C_DELAY);
   \   0000004E   0A20               MOVS     R0,#+10
   \   00000050   ........           _BLF     delay_us,??delay_us??rT
    489          	pio_set(PIOA, I2C_CK);
   \   00000054   ....               LDR      R0,??DataTable19  ;; 0xfffff430
   \   00000056   6100               LSLS     R1,R4,#+1
   \   00000058   0160               STR      R1,[R0, #+0]
    490          	pio_is_in(PIOA, I2C_DT);
   \   0000005A   ....               LDR      R0,??DataTable21  ;; 0xfffff414
   \   0000005C   0460               STR      R4,[R0, #+0]
   \   0000005E   ....               LDR      R0,??DataTable24  ;; 0xfffff400
   \   00000060   0460               STR      R4,[R0, #+0]
    491          	delay_us(I2C_DELAY);
   \   00000062   0A20               MOVS     R0,#+10
   \   00000064   ........           _BLF     delay_us,??delay_us??rT
    492          	if ((pio_read(PIOA) & I2C_DT) != 0) RTCerror = 1;
   \   00000068   ....               LDR      R0,??DataTable23  ;; 0xfffff43c
   \   0000006A   0068               LDR      R0,[R0, #+0]
   \   0000006C   2042               TST      R0,R4
   \   0000006E   02D0               BEQ      ??I2C_write_3
   \   00000070   0448               LDR      R0,??I2C_write_4  ;; RTCerror
   \   00000072   0121               MOVS     R1,#+1
   \   00000074   0170               STRB     R1,[R0, #+0]
    493          	//printf("Ack bit missing  %02X", d);
    494          	pio_clear(PIOA, I2C_CK);
   \                     ??I2C_write_3:
   \   00000076   6000               LSLS     R0,R4,#+1
   \   00000078   2860               STR      R0,[R5, #+0]
    495          	delay_us(I2C_DELAY);
   \   0000007A   0A20               MOVS     R0,#+10
   \   0000007C   ........           _BLF     delay_us,??delay_us??rT
    496          }
   \   00000080   ....               B.N      ?Subroutine25
   \   00000082   C046               Nop      
   \                     ??I2C_write_4:
   \   00000084   ........           DC32     RTCerror

   \                                 In segment CODE, align 4, keep-with-next
   \                     ?Subroutine25:
   \   00000000   F0BC               POP      {R4-R7}
   \   00000002   01BC               POP      {R0}
   \   00000004   0047               BX       R0               ;; return
   \   00000006   C046               Nop      
   \                     ??Subroutine25_0:
   \   00000008   ........           DC32     `?<Constant "\\nYr Mn Dt Dy Hr:Mn:Sc">`
   \   0000000C   ........           DC32     `?<Constant "\\nYr Mn Dt Dy Hr:Mn:Sc">` + 60
   \   00000010   ........           DC32     `?<Constant "\\nYr Mn Dt Dy Hr:Mn:Sc">` + 84
   \   00000014   ........           DC32     RI
   \   00000018   ........           DC32     `?<Constant "\\nYr Mn Dt Dy Hr:Mn:Sc">` + 24
   \   0000001C   ........           DC32     `?<Constant "\\nYr Mn Dt Dy Hr:Mn:Sc">` + 44
   \   00000020   ........           DC32     RI
    497          
    498          /* ----------------------------------- */

   \                                 In segment CODE, align 4, keep-with-next
    499          uchar I2C_read(uchar b)	
    500          {
   \                     I2C_read:
   \   00000000   F1B5               PUSH     {R0,R4-R7,LR}
    501          uchar d, i;
    502          
    503          	pio_set(PIOA, I2C_DT);             /* Let go of sda line */
   \   00000002   ....               LDR      R5,??DataTable19  ;; 0xfffff430
   \   00000004   8020               MOVS     R0,#+128
   \   00000006   C000               LSLS     R0,R0,#+3        ;; #+1024
   \   00000008   2860               STR      R0,[R5, #+0]
    504          	pio_clear(PIOA, I2C_CK);
   \   0000000A   ....               LDR      R6,??DataTable20  ;; 0xfffff434
   \   0000000C   4000               LSLS     R0,R0,#+1
   \   0000000E   3060               STR      R0,[R6, #+0]
    505          	delay_us(I2C_DELAY);
   \   00000010   0A20               MOVS     R0,#+10
   \   00000012   ........           _BLF     delay_us,??delay_us??rT
    506          	pio_is_in(PIOA, I2C_DT);
   \   00000016   ....               LDR      R0,??DataTable21  ;; 0xfffff414
   \   00000018   8021               MOVS     R1,#+128
   \   0000001A   C900               LSLS     R1,R1,#+3        ;; #+1024
   \   0000001C   0160               STR      R1,[R0, #+0]
   \   0000001E   ....               LDR      R0,??DataTable24  ;; 0xfffff400
   \   00000020   0160               STR      R1,[R0, #+0]
    507          	delay_us(I2C_DELAY);
   \   00000022   0A20               MOVS     R0,#+10
   \   00000024   ........           _BLF     delay_us,??delay_us??rT
    508          	
    509          	for (i = 1; i <= 8; i++)	/* read the msb first */
   \   00000028   0827               MOVS     R7,#+8
    510          	{
    511          		pio_set(PIOA, I2C_CK);
   \                     ??I2C_read_0:
   \   0000002A   8020               MOVS     R0,#+128
   \   0000002C   0001               LSLS     R0,R0,#+4        ;; #+2048
   \   0000002E   2860               STR      R0,[R5, #+0]
    512          		delay_us(I2C_DELAY);
   \   00000030   0A20               MOVS     R0,#+10
   \   00000032   ........           _BLF     delay_us,??delay_us??rT
    513          		d = d << 1;
    514          		if ((pio_read(PIOA) & I2C_DT) != 0) sda = 1; else sda = 0;
   \   00000036   ....               LDR      R0,??DataTable23  ;; 0xfffff43c
   \   00000038   0068               LDR      R0,[R0, #+0]
   \   0000003A   4005               LSLS     R0,R0,#+21
   \   0000003C   01D5               BPL      ??I2C_read_1
   \   0000003E   0120               MOVS     R0,#+1
   \   00000040   00E0               B        ??I2C_read_2
   \                     ??I2C_read_1:
   \   00000042   0020               MOVS     R0,#+0
   \                     ??I2C_read_2:
   \   00000044   2049               LDR      R1,??I2C_read_3  ;; sda
   \   00000046   0870               STRB     R0,[R1, #+0]
    515          		d = d | (unsigned char)sda;
   \   00000048   6000               LSLS     R0,R4,#+1
   \   0000004A   0C78               LDRB     R4,[R1, #+0]
   \   0000004C   0443               ORRS     R4,R4,R0
   \   0000004E   2406               LSLS     R4,R4,#+24
   \   00000050   240E               LSRS     R4,R4,#+24
    516          		pio_clear(PIOA, I2C_CK);
   \   00000052   8020               MOVS     R0,#+128
   \   00000054   0001               LSLS     R0,R0,#+4        ;; #+2048
   \   00000056   3060               STR      R0,[R6, #+0]
    517          		delay_us(I2C_DELAY);
   \   00000058   0A20               MOVS     R0,#+10
   \   0000005A   ........           _BLF     delay_us,??delay_us??rT
    518          	}
   \   0000005E   7F1E               SUBS     R7,R7,#+1
   \   00000060   E3D1               BNE      ??I2C_read_0
    519          	pio_is_out(PIOA, I2C_DT);
   \   00000062   ....               LDR      R0,??DataTable24  ;; 0xfffff400
   \   00000064   8021               MOVS     R1,#+128
   \   00000066   C900               LSLS     R1,R1,#+3        ;; #+1024
   \   00000068   0160               STR      R1,[R0, #+0]
   \   0000006A   ....               LDR      R0,??DataTable25  ;; 0xfffff410
   \   0000006C   0160               STR      R1,[R0, #+0]
    520          	delay_us(I2C_DELAY);
   \   0000006E   0A20               MOVS     R0,#+10
   \   00000070   ........           _BLF     delay_us,??delay_us??rT
    521          	if (b) pio_set(PIOA, I2C_DT); else  pio_clear(PIOA, I2C_DT);
   \   00000074   6846               MOV      R0,SP
   \   00000076   0078               LDRB     R0,[R0, #+0]
   \   00000078   0028               CMP      R0,#+0
   \   0000007A   03D0               BEQ      ??I2C_read_4
   \   0000007C   8020               MOVS     R0,#+128
   \   0000007E   C000               LSLS     R0,R0,#+3        ;; #+1024
   \   00000080   2860               STR      R0,[R5, #+0]
   \   00000082   02E0               B        ??I2C_read_5
   \                     ??I2C_read_4:
   \   00000084   8020               MOVS     R0,#+128
   \   00000086   C000               LSLS     R0,R0,#+3        ;; #+1024
   \   00000088   3060               STR      R0,[R6, #+0]
    522          
    523          	pio_clear(PIOA, I2C_CK);
   \                     ??I2C_read_5:
   \   0000008A   4000               LSLS     R0,R0,#+1
   \   0000008C   3060               STR      R0,[R6, #+0]
    524          	delay_us(I2C_DELAY);
   \   0000008E   0A20               MOVS     R0,#+10
   \   00000090   ........           _BLF     delay_us,??delay_us??rT
    525          	pio_set(PIOA, I2C_CK);
   \   00000094   8020               MOVS     R0,#+128
   \   00000096   0001               LSLS     R0,R0,#+4        ;; #+2048
   \   00000098   2860               STR      R0,[R5, #+0]
    526          	delay_us(I2C_DELAY);
   \   0000009A   0A20               MOVS     R0,#+10
   \   0000009C   ........           _BLF     delay_us,??delay_us??rT
    527          	if (b == NACK) pio_set(PIOA, I2C_DT);
   \   000000A0   6846               MOV      R0,SP
   \   000000A2   0078               LDRB     R0,[R0, #+0]
   \   000000A4   0128               CMP      R0,#+1
   \   000000A6   02D1               BNE      ??I2C_read_6
   \   000000A8   8020               MOVS     R0,#+128
   \   000000AA   C000               LSLS     R0,R0,#+3        ;; #+1024
   \   000000AC   2860               STR      R0,[R5, #+0]
    528          	pio_clear(PIOA, I2C_CK);
   \                     ??I2C_read_6:
   \   000000AE   8020               MOVS     R0,#+128
   \   000000B0   0001               LSLS     R0,R0,#+4        ;; #+2048
   \   000000B2   3060               STR      R0,[R6, #+0]
    529          	pio_set(PIOA, I2C_DT);          /* Release the sda line */
   \   000000B4   4008               LSRS     R0,R0,#+1
   \   000000B6   2860               STR      R0,[R5, #+0]
    530          	delay_us(I2C_DELAY);
   \   000000B8   0A20               MOVS     R0,#+10
   \   000000BA   ........           _BLF     delay_us,??delay_us??rT
    531          	return d;
   \   000000BE   2000               MOVS     R0,R4
   \   000000C0   F8BC               POP      {R3-R7}
   \   000000C2   02BC               POP      {R1}
   \   000000C4   0847               BX       R1               ;; return
   \   000000C6   C046               Nop      
   \                     ??I2C_read_3:
   \   000000C8   ........           DC32     sda
    532          }
    533          

   \                                 In segment DATA_Z, align 1, align-sorted
    534          uchar Add;
   \                     `Add`:
   \   00000000                      DS8 1

   \                                 In segment DATA_Z, align 1, align-sorted
    535          uchar Data;
   \                     `Data`:
   \   00000000                      DS8 1
    536          /* -- read one byte of data from the specified address -- */

   \                                 In segment CODE, align 4, keep-with-next
    537          uchar DS1307_readbyte(uchar Add)	
    538          {
   \                     DS1307_readbyte:
   \   00000000   10B5               PUSH     {R4,LR}
   \   00000002   0400               MOVS     R4,R0
    539            	uchar data;
    540          	I2C_start();
   \   00000004   ........           BL       I2C_start
    541          	I2C_write(ADDRTC);
   \   00000008   D020               MOVS     R0,#+208
   \   0000000A   ........           BL       I2C_write
    542          	I2C_write(Add);
   \   0000000E   2000               MOVS     R0,R4
   \   00000010   ........           BL       I2C_write
    543          	I2C_start();
   \   00000014   ........           BL       I2C_start
    544          	I2C_write(ADDRTC | 1);
   \   00000018   D120               MOVS     R0,#+209
   \   0000001A   ........           BL       I2C_write
    545          	data = I2C_read(NACK);
   \   0000001E   0120               MOVS     R0,#+1
   \   00000020   ........           BL       I2C_read
   \   00000024   0400               MOVS     R4,R0
    546          	I2C_stop();
   \   00000026   ........           BL       I2C_stop
    547          	return data;
   \   0000002A   2000               MOVS     R0,R4
   \   0000002C   10BC               POP      {R4}
   \   0000002E   02BC               POP      {R1}
   \   00000030   0847               BX       R1               ;; return
    548          }
    549          
    550          /* -- write one byte of data to the specified address -- */

   \                                 In segment CODE, align 4, keep-with-next
    551          void DS1307_writebyte(uchar Add, uchar Data)	
    552          {
   \                     DS1307_writebyte:
   \   00000000   30B5               PUSH     {R4,R5,LR}
   \   00000002   0400               MOVS     R4,R0
   \   00000004   0D00               MOVS     R5,R1
    553          	I2C_start();
   \   00000006   ........           BL       I2C_start
    554          	I2C_write(ADDRTC);
   \   0000000A   D020               MOVS     R0,#+208
   \   0000000C   ........           BL       I2C_write
    555          	I2C_write(Add);
   \   00000010   2000               MOVS     R0,R4
   \   00000012   ........           BL       I2C_write
    556          	I2C_write(Data);
   \   00000016   2800               MOVS     R0,R5
   \   00000018   ........           BL       I2C_write
    557          	I2C_stop();
   \   0000001C   ....               B.N      ?Subroutine24
    558          }
    559          

   \                                 In segment CODE, align 4, keep-with-next
    560          void ds1307_initialize()	/* -- initialize the time and date using entries from stdin -- */
    561          /* Note: NO error checking is done on the user entries! */
    562          {
   \                     ds1307_initialize:
   \   00000000   00B5               PUSH     {LR}
    563          	I2C_start();		/* The following Enables the Oscillator */
   \   00000002   ........           BL       I2C_start
    564          	I2C_write(ADDRTC);	/* address the part to write */
   \   00000006   D020               MOVS     R0,#+208
   \   00000008   ........           BL       I2C_write
    565          	I2C_write(0x00);	/* position the address pointer to 0 */
   \   0000000C   0020               MOVS     R0,#+0
   \   0000000E   ........           BL       I2C_write
    566          	I2C_write(0x00);	/* write 0 to the seconds register, clear the CH bit */
   \   00000012   0020               MOVS     R0,#+0
   \   00000014   ........           BL       I2C_write
    567          	I2C_stop();
   \   00000018   ........           BL       I2C_stop
    568          }
   \   0000001C   01BC               POP      {R0}
   \   0000001E   0047               BX       R0               ;; return
    569          

   \                                 In segment CODE, align 4, keep-with-next
    570          void ds1307_init_set()	/* -- initialize the time and date using entries from stdin -- */
    571          /* Note: NO error checking is done on the user entries! */
    572          {
   \                     ds1307_init_set:
   \   00000000   10B5               PUSH     {R4,LR}
    573          	I2C_start();		/* The following Enables the Oscillator */
   \   00000002   ........           BL       I2C_start
    574          	I2C_write(ADDRTC);	/* address the part to write */
   \   00000006   D020               MOVS     R0,#+208
   \   00000008   ........           BL       I2C_write
    575          	I2C_write(0x00);	/* position the address pointer to 0 */
   \   0000000C   0020               MOVS     R0,#+0
   \   0000000E   ........           BL       I2C_write
    576          	I2C_write(0x00);	/* write 0 to the seconds register, clear the CH bit */
   \   00000012   0020               MOVS     R0,#+0
   \   00000014   ........           BL       I2C_write
    577          	I2C_stop();
   \   00000018   ........           BL       I2C_stop
    578          	Hour = Hour & 0x3f;	/* force clock to 24 hour mode */
   \   0000001C   ....               LDR      R4,??DataTable30  ;; Year
   \   0000001E   E078               LDRB     R0,[R4, #+3]
   \   00000020   8006               LSLS     R0,R0,#+26
   \   00000022   800E               LSRS     R0,R0,#+26
   \   00000024   E070               STRB     R0,[R4, #+3]
    579          	I2C_start();
   \   00000026   ........           BL       I2C_start
    580          	I2C_write(ADDRTC);	/* write slave address + write */
   \   0000002A   D020               MOVS     R0,#+208
   \   0000002C   ........           BL       I2C_write
    581          	I2C_write(0x00);	/* write register address, 1st clock register */
   \   00000030   0020               MOVS     R0,#+0
   \   00000032   ........           BL       I2C_write
    582          	I2C_write(Sec);
   \   00000036   6079               LDRB     R0,[R4, #+5]
   \   00000038   ........           BL       I2C_write
    583          	I2C_write(Minute);
   \   0000003C   2079               LDRB     R0,[R4, #+4]
   \   0000003E   ........           BL       I2C_write
    584          	I2C_write(Hour);
   \   00000042   E078               LDRB     R0,[R4, #+3]
   \   00000044   ........           BL       I2C_write
    585          	I2C_write(Day);
   \   00000048   A079               LDRB     R0,[R4, #+6]
   \   0000004A   ........           BL       I2C_write
    586          	I2C_write(Date);
   \   0000004E   A078               LDRB     R0,[R4, #+2]
   \   00000050   ........           BL       I2C_write
    587          	I2C_write(Month);
   \   00000054   6078               LDRB     R0,[R4, #+1]
   \   00000056   ........           BL       I2C_write
    588          	I2C_write(Year);
   \   0000005A   2078               LDRB     R0,[R4, #+0]
   \   0000005C   ........           BL       I2C_write
    589          
    590          #if defined DS1307 || defined DS1338
    591          {
    592          	I2C_write(0x10);	/* enable sqwe, 1Hz output */
   \   00000060   1020               MOVS     R0,#+16
   \   00000062   ........           BL       I2C_write
    593          }
    594          #elif defined DS1337 || defined DS1339
    595          {
    596          	I2C_start();
    597          	I2C_write(ADDRTC);	/* write slave address + write */
    598          	I2C_write(0x0e);	/* write register address, control register */
    599          	I2C_write(0x20);	/* enable osc, bbsqi */
    600          	I2C_write(0);		/* clear OSF, alarm flags */
    601          				/* could enable trickle charger here */
    602          }
    603          #elif defined DS1340
    604          {
    605          	I2C_write(0x10);	/* enable sqwe, 1Hz output */
    606          	I2C_start();		/* address pointer wraps at 7, so point to flag register */
    607          	I2C_write(ADDRTC);	/* write slave address + write */
    608          	I2C_write(0x09);	/* write register address, control register */
    609          	I2C_write(0);		/* clear OSF */
    610          }
    611          #endif
    612          
    613          	I2C_stop();
   \   00000066   ....               B.N      ??Subroutine22_0
    614          }
    615          

   \                                 In segment CODE, align 4, keep-with-next
    616          void rtc_date_set(void)	/* -- initialize the time and date using entries from stdin -- */
    617          /* Note: NO error checking is done on the user entries! */
    618          {
   \                     rtc_date_set:
   \   00000000   10B5               PUSH     {R4,LR}
    619          	I2C_start();
   \   00000002   ........           BL       I2C_start
    620          	I2C_write(ADDRTC);	/* write slave address + write */
   \   00000006   D020               MOVS     R0,#+208
   \   00000008   ........           BL       I2C_write
    621          	I2C_write(0x04);	/* write register address, 1st clock register */
   \   0000000C   0420               MOVS     R0,#+4
   \   0000000E   ........           BL       I2C_write
    622          	I2C_write(Date);
   \   00000012   ....               LDR      R4,??DataTable30  ;; Year
   \   00000014   A078               LDRB     R0,[R4, #+2]
   \   00000016   ........           BL       I2C_write
    623          	I2C_write(Month);
   \   0000001A   6078               LDRB     R0,[R4, #+1]
   \   0000001C   ........           BL       I2C_write
    624          	I2C_write(Year);
   \   00000020   2078               LDRB     R0,[R4, #+0]
   \   00000022   ........           BL       I2C_write
    625          	I2C_write(0x10);	/* enable sqwe, 1Hz output */
   \   00000026   1020               MOVS     R0,#+16
   \   00000028   ........           BL       I2C_write
    626          	I2C_stop();
   \   0000002C   ....               B.N      ??Subroutine22_0
    627          }
    628          
    629          

   \                                 In segment CODE, align 4, keep-with-next
    630          void rtc_clock_set(void)	/* -- initialize the time and date using entries from stdin -- */
    631          /* Note: NO error checking is done on the user entries! */
    632          {
   \                     rtc_clock_set:
   \   00000000   10B5               PUSH     {R4,LR}
    633          	Hour = Hour & 0x3f;	/* force clock to 24 hour mode */
   \   00000002   ....               LDR      R4,??DataTable31  ;; Year
   \   00000004   E078               LDRB     R0,[R4, #+3]
   \   00000006   8006               LSLS     R0,R0,#+26
   \   00000008   800E               LSRS     R0,R0,#+26
   \   0000000A   E070               STRB     R0,[R4, #+3]
    634          	I2C_start();
   \   0000000C   ........           BL       I2C_start
    635          	I2C_write(ADDRTC);	/* write slave address + write */
   \   00000010   D020               MOVS     R0,#+208
   \   00000012   ........           BL       I2C_write
    636          	I2C_write(0x00);	/* write register address, 1st clock register */
   \   00000016   0020               MOVS     R0,#+0
   \   00000018   ........           BL       I2C_write
    637          	I2C_write(Sec);
   \   0000001C   6079               LDRB     R0,[R4, #+5]
   \   0000001E   ........           BL       I2C_write
    638          	I2C_write(Minute);
   \   00000022   2079               LDRB     R0,[R4, #+4]
   \   00000024   ........           BL       I2C_write
    639          	I2C_write(Hour);
   \   00000028   E078               LDRB     R0,[R4, #+3]
   \   0000002A   ........           BL       I2C_write
    640           	I2C_stop();
   \   0000002E   ....               B.N      ??Subroutine22_0
    641          }
    642          
    643          // add code by Lee Y k

   \                                 In segment CODE, align 4, keep-with-next
    644          void rtc_time_read(void)
    645          {
   \                     rtc_time_read:
   \   00000000   10B5               PUSH     {R4,LR}
    646            	I2C_start();
   \   00000002   ........           BL       I2C_start
    647          	I2C_write(ADDRTC);	/* write slave address + write */
   \   00000006   D020               MOVS     R0,#+208
   \   00000008   ........           BL       I2C_write
    648          	I2C_write(0x00);	/* write register address, 1st clock register */
   \   0000000C   0020               MOVS     R0,#+0
   \   0000000E   ........           BL       I2C_write
    649          	I2C_start();
   \   00000012   ........           BL       I2C_start
    650          	I2C_write(ADDRTC | 1);	/* write slave address + read */
   \   00000016   D120               MOVS     R0,#+209
   \   00000018   ........           BL       I2C_write
    651          	Sec    = I2C_read(ACK);	/* starts w/last address stored in register pointer */
   \   0000001C   ....               LDR      R4,??DataTable30  ;; Year
   \   0000001E   0020               MOVS     R0,#+0
   \   00000020   ........           BL       I2C_read
   \   00000024   6071               STRB     R0,[R4, #+5]
    652          	Minute = I2C_read(ACK);
   \   00000026   0020               MOVS     R0,#+0
   \   00000028   ........           BL       I2C_read
   \   0000002C   2071               STRB     R0,[R4, #+4]
    653          	Hour   = I2C_read(ACK);
   \   0000002E   0020               MOVS     R0,#+0
   \   00000030   ........           BL       I2C_read
   \   00000034   E070               STRB     R0,[R4, #+3]
    654          	Day    = I2C_read(ACK);
   \   00000036   0020               MOVS     R0,#+0
   \   00000038   ........           BL       I2C_read
   \   0000003C   A071               STRB     R0,[R4, #+6]
    655          	Date   = I2C_read(ACK);
   \   0000003E   ....               B.N      ?Subroutine22
    656          	Month  = I2C_read(ACK);
    657          	Year   = I2C_read(NACK);
    658          	I2C_stop();
    659          }
    660          
    661          // add code by Lee Y k

   \                                 In segment CODE, align 4, keep-with-next
    662          void rtc_date_read(void)
    663          {
   \                     rtc_date_read:
   \   00000000   10B5               PUSH     {R4,LR}
    664            	I2C_start();
   \   00000002   ........           BL       I2C_start
    665          	I2C_write(ADDRTC);	/* write slave address + write */
   \   00000006   D020               MOVS     R0,#+208
   \   00000008   ........           BL       I2C_write
    666          	I2C_write(0x04);	/* write register address, 1st clock register */
   \   0000000C   0420               MOVS     R0,#+4
   \   0000000E   ........           BL       I2C_write
    667          	I2C_start();
   \   00000012   ........           BL       I2C_start
    668          	I2C_write(ADDRTC | 1);	/* write slave address + read */
   \   00000016   D120               MOVS     R0,#+209
   \   00000018   ........           BL       I2C_write
    669          	Date   = I2C_read(ACK);
   \   0000001C   ....               LDR      R4,??DataTable30  ;; Year
   \   0000001E   C046               Nop      
   \   00000020                      REQUIRE ?Subroutine22
   \   00000020                      ;; // Fall through to label ?Subroutine22
    670          	Month  = I2C_read(ACK);
    671          	Year   = I2C_read(NACK);
    672          	I2C_stop();
    673          }
    674          
    675          // add code by Lee Y k

   \                                 In segment CODE, align 4, keep-with-next
    676          void rtc_clock_read(void)
    677          {
   \                     rtc_clock_read:
   \   00000000   10B5               PUSH     {R4,LR}
    678            	I2C_start();
   \   00000002   ........           BL       I2C_start
    679          	I2C_write(ADDRTC);	/* write slave address + write */
   \   00000006   D020               MOVS     R0,#+208
   \   00000008   ........           BL       I2C_write
    680          	I2C_write(0x00);	/* write register address, 1st clock register */
   \   0000000C   0020               MOVS     R0,#+0
   \   0000000E   ........           BL       I2C_write
    681          	I2C_start();
   \   00000012   ........           BL       I2C_start
    682          	I2C_write(ADDRTC | 1);	/* write slave address + read */
   \   00000016   D120               MOVS     R0,#+209
   \   00000018   ........           BL       I2C_write
    683          	Sec    = I2C_read(ACK);	/* starts w/last address stored in register pointer */
   \   0000001C   ....               LDR      R4,??DataTable31  ;; Year
   \   0000001E   0020               MOVS     R0,#+0
   \   00000020   ........           BL       I2C_read
   \   00000024   6071               STRB     R0,[R4, #+5]
    684          	Minute = I2C_read(ACK);
   \   00000026   0020               MOVS     R0,#+0
   \   00000028   ........           BL       I2C_read
   \   0000002C   2071               STRB     R0,[R4, #+4]
    685          	Hour   = I2C_read(NACK);
   \   0000002E   0120               MOVS     R0,#+1
   \   00000030   ........           BL       I2C_read
   \   00000034   E070               STRB     R0,[R4, #+3]
    686          	I2C_stop();
   \   00000036   ....               B.N      ??Subroutine22_0
    687          }
    688          

   \                                 In segment DATA_Z, align 1, align-sorted
    689          uchar RI;
   \                     RI:
   \   00000000                      DS8 1

   \                                 In segment CODE, align 4, keep-with-next
    690          void	disp_clk_regs(uchar prv_sec)	
    691          {
   \                     disp_clk_regs:
   \   00000000   F0B5               PUSH     {R4-R7,LR}
   \   00000002   87B0               SUB      SP,SP,#+28
   \   00000004   0400               MOVS     R4,R0
   \   00000006   ....               LDR      R0,??Subroutine25_0  ;; `?<Constant "\\nYr Mn Dt Dy Hr:Mn:Sc">`
    692          uchar Sec, Min, Hrs, Dte, Mon, Day, Yr, mil, pm;
    693          
    694          	printf("\nYr Mn Dt Dy Hr:Mn:Sc");
   \   00000008   ........           _BLF     printf,??printf??rT
   \   0000000C   16E0               B        ??disp_clk_regs_0
    695          
    696          	while(!RI)	/* Read & Display Clock Registers */
    697          	{
    698          		I2C_start();
    699          		I2C_write(ADDRTC);	/* write slave address + write */
    700          		I2C_write(0x00);	/* write register address, 1st clock register */
    701          		I2C_start();
    702          		I2C_write(ADDRTC | 1);	/* write slave address + read */
    703          		Sec = I2C_read(ACK);	/* starts w/last address stored in register pointer */
    704          		Min = I2C_read(ACK);
    705          		Hrs = I2C_read(ACK);
    706          		Day = I2C_read(ACK);
    707          		Dte = I2C_read(ACK);
    708          		Mon = I2C_read(ACK);
    709          		Yr  = I2C_read(NACK);
    710          		I2C_stop();
    711          		if(Hrs & 0x40)
    712          			mil = 0;
    713          		else
    714          			mil = 1;
    715          
    716          		if(Sec != prv_sec)	/* display every time seconds change */
    717          		{
    718          			if(mil)
    719          			{
    720          				printf("\n%02X/%02X/%02X %2X", Yr, Mon, Dte, Day);
    721          				printf(" %02X:%02X:%02X", Hrs, Min, Sec);
    722          			}
    723          			else
    724          			{
    725          				if(Hrs & 0x20)
    726          					pm = 'A';
    727          				else
    728          					pm = 'P';
   \                     ??disp_clk_regs_1:
   \   0000000E   5022               MOVS     R2,#+80
   \                     ??disp_clk_regs_2:
   \   00000010   0A70               STRB     R2,[R1, #+0]
   \   00000012   01B4               PUSH     {R0}
   \   00000014   EA06               LSLS     R2,R5,#+27
   \   00000016   D20E               LSRS     R2,R2,#+27
   \   00000018   0299               LDR      R1,[SP, #+8]
   \   0000001A   ....               LDR      R0,??Subroutine25_0+0x4  ;; `?<Constant "\\nYr Mn Dt Dy Hr:Mn:Sc">` + 60
    729          				Hrs &= 0x1f;	/* strip mode and am/pm bits */
    730          				printf("\n%02x/%02x/%02x %02x", Yr, (Mon & 0x1f), Dte, Day);
   \   0000001C   ........           _BLF     printf,??printf??rT
    731          				printf(" %02x:%02x:%02x %cM", Hrs, Min, Sec, pm);
   \   00000020   01A8               ADD      R0,SP,#+4
   \   00000022   0078               LDRB     R0,[R0, #+0]
   \   00000024   01B4               PUSH     {R0}
   \   00000026   3300               MOVS     R3,R6
   \   00000028   049A               LDR      R2,[SP, #+16]
   \   0000002A   1F21               MOVS     R1,#+31
   \   0000002C   3940               ANDS     R1,R1,R7
   \   0000002E   ....               LDR      R0,??Subroutine25_0+0x8  ;; `?<Constant "\\nYr Mn Dt Dy Hr:Mn:Sc">` + 84
   \   00000030   ........           _BLF     printf,??printf??rT
   \   00000034   02B0               ADD      SP,SP,#+8
    732          			}
    733          		}
    734          		if(prv_sec == 0xfe)	return;
   \                     ??disp_clk_regs_3:
   \   00000036   FE2C               CMP      R4,#+254
   \   00000038   57D0               BEQ      ??disp_clk_regs_4
    735          		prv_sec = Sec;
   \   0000003A   3400               MOVS     R4,R6
   \                     ??disp_clk_regs_0:
   \   0000003C   ....               LDR      R0,??Subroutine25_0+0xC  ;; RI
   \   0000003E   0078               LDRB     R0,[R0, #+0]
   \   00000040   0028               CMP      R0,#+0
   \   00000042   4FD1               BNE      ??disp_clk_regs_5
   \   00000044   ........           BL       I2C_start
   \   00000048   D020               MOVS     R0,#+208
   \   0000004A   ........           BL       I2C_write
   \   0000004E   0020               MOVS     R0,#+0
   \   00000050   ........           BL       I2C_write
   \   00000054   ........           BL       I2C_start
   \   00000058   D120               MOVS     R0,#+209
   \   0000005A   ........           BL       I2C_write
   \   0000005E   0020               MOVS     R0,#+0
   \   00000060   ........           BL       I2C_read
   \   00000064   0600               MOVS     R6,R0
   \   00000066   0020               MOVS     R0,#+0
   \   00000068   ........           BL       I2C_read
   \   0000006C   0390               STR      R0,[SP, #+12]
   \   0000006E   0020               MOVS     R0,#+0
   \   00000070   ........           BL       I2C_read
   \   00000074   0700               MOVS     R7,R0
   \   00000076   0020               MOVS     R0,#+0
   \   00000078   ........           BL       I2C_read
   \   0000007C   0690               STR      R0,[SP, #+24]
   \   0000007E   0020               MOVS     R0,#+0
   \   00000080   ........           BL       I2C_read
   \   00000084   0590               STR      R0,[SP, #+20]
   \   00000086   0020               MOVS     R0,#+0
   \   00000088   ........           BL       I2C_read
   \   0000008C   0500               MOVS     R5,R0
   \   0000008E   0120               MOVS     R0,#+1
   \   00000090   ........           BL       I2C_read
   \   00000094   0490               STR      R0,[SP, #+16]
   \   00000096   ........           BL       I2C_stop
   \   0000009A   A642               CMP      R6,R4
   \   0000009C   CBD0               BEQ      ??disp_clk_regs_3
   \   0000009E   0398               LDR      R0,[SP, #+12]
   \   000000A0   0006               LSLS     R0,R0,#+24
   \   000000A2   000E               LSRS     R0,R0,#+24
   \   000000A4   0290               STR      R0,[SP, #+8]
   \   000000A6   0498               LDR      R0,[SP, #+16]
   \   000000A8   0006               LSLS     R0,R0,#+24
   \   000000AA   000E               LSRS     R0,R0,#+24
   \   000000AC   0190               STR      R0,[SP, #+4]
   \   000000AE   059B               LDR      R3,[SP, #+20]
   \   000000B0   1B06               LSLS     R3,R3,#+24
   \   000000B2   1B0E               LSRS     R3,R3,#+24
   \   000000B4   0698               LDR      R0,[SP, #+24]
   \   000000B6   0006               LSLS     R0,R0,#+24
   \   000000B8   000E               LSRS     R0,R0,#+24
   \   000000BA   7906               LSLS     R1,R7,#+25
   \   000000BC   0DD4               BMI      ??disp_clk_regs_6
   \   000000BE   01B4               PUSH     {R0}
   \   000000C0   2A00               MOVS     R2,R5
   \   000000C2   0299               LDR      R1,[SP, #+8]
   \   000000C4   ....               LDR      R0,??Subroutine25_0+0x10  ;; `?<Constant "\\nYr Mn Dt Dy Hr:Mn:Sc">` + 24
   \   000000C6   ........           _BLF     printf,??printf??rT
   \   000000CA   3300               MOVS     R3,R6
   \   000000CC   039A               LDR      R2,[SP, #+12]
   \   000000CE   3900               MOVS     R1,R7
   \   000000D0   ....               LDR      R0,??Subroutine25_0+0x14  ;; `?<Constant "\\nYr Mn Dt Dy Hr:Mn:Sc">` + 44
   \   000000D2   ........           _BLF     printf,??printf??rT
   \   000000D6   01B0               ADD      SP,SP,#+4
   \   000000D8   ADE7               B        ??disp_clk_regs_3
   \                     ??disp_clk_regs_6:
   \   000000DA   B906               LSLS     R1,R7,#+26
   \   000000DC   6946               MOV      R1,SP
   \   000000DE   96D5               BPL      ??disp_clk_regs_1
   \   000000E0   4122               MOVS     R2,#+65
   \   000000E2   95E7               B.N      ??disp_clk_regs_2
    736          	}
    737          	RI = 0;  /* Swallow keypress before exiting */
   \                     ??disp_clk_regs_5:
   \   000000E4   ....               LDR      R0,??Subroutine25_0+0x18  ;; RI
   \   000000E6   0021               MOVS     R1,#+0
   \   000000E8   0170               STRB     R1,[R0, #+0]
    738          }
   \                     ??disp_clk_regs_4:
   \   000000EA   07B0               ADD      SP,SP,#+28
   \   000000EC                      REQUIRE ?Subroutine25
   \   000000EC                      ;; // Fall through to label ?Subroutine25

   \                                 In segment CODE, align 4, keep-with-next
    739          void burstramwrite(uchar Data)	/* -------- fill RAM with data -------- */
    740          {
   \                     burstramwrite:
   \   00000000   30B5               PUSH     {R4,R5,LR}
   \   00000002   0400               MOVS     R4,R0
    741          uchar j;
    742          
    743             I2C_start();
   \   00000004   ........           BL       I2C_start
    744          	I2C_write(ADDRTC);	/* write slave address + write */
   \   00000008   D020               MOVS     R0,#+208
   \   0000000A   ........           BL       I2C_write
    745          	I2C_write(0x08);	/* write register address, 1st RAM location */
   \   0000000E   0820               MOVS     R0,#+8
   \   00000010   ........           BL       I2C_write
    746          	for (j = 0; j < 56; j++)	/* write until the pointer wraps around */
   \   00000014   3825               MOVS     R5,#+56
    747          	{
    748          		I2C_write(Data);
   \                     ??burstramwrite_0:
   \   00000016   2000               MOVS     R0,R4
   \   00000018   ........           BL       I2C_write
    749          	}
   \   0000001C   6D1E               SUBS     R5,R5,#+1
   \   0000001E   FAD1               BNE      ??burstramwrite_0
    750          	I2C_stop();
   \   00000020                      REQUIRE ?Subroutine24
   \   00000020                      ;; // Fall through to label ?Subroutine24
    751          }

   \                                 In segment CODE, align 4, keep-with-next
    752          void burstramread()		/* ----------------------------------------- */
    753          {
   \                     burstramread:
   \   00000000   30B5               PUSH     {R4,R5,LR}
    754          uchar j;
    755          
    756          	I2C_start();
   \   00000002   ........           BL       I2C_start
    757          	I2C_write(ADDRTC);	/* write slave address + write */
   \   00000006   D020               MOVS     R0,#+208
   \   00000008   ........           BL       I2C_write
    758          	I2C_write(8);	/* write register address, 1st RAM location -1*/
   \   0000000C   0820               MOVS     R0,#+8
   \   0000000E   ........           BL       I2C_write
    759          	I2C_start();
   \   00000012   ........           BL       I2C_start
    760          	I2C_write(ADDRTC | 1);	/* write slave address + read */
   \   00000016   D120               MOVS     R0,#+209
   \   00000018   ........           BL       I2C_write
    761          
    762          	for (j = 0; j < 56; j++)
   \   0000001C   0024               MOVS     R4,#+0
    763          	{
    764          		if(!(j % 16)) printf("\n%02X ", j);
   \                     ??burstramread_0:
   \   0000001E   2100               MOVS     R1,R4
   \   00000020   0C4D               LDR      R5,??burstramread_1  ;; `?<Constant "\\n%02X ">`
   \   00000022   2009               LSRS     R0,R4,#+4
   \   00000024   0006               LSLS     R0,R0,#+24
   \   00000026   000D               LSRS     R0,R0,#+20
   \   00000028   081A               SUBS     R0,R1,R0
   \   0000002A   02D1               BNE      ??burstramread_2
   \   0000002C   2800               MOVS     R0,R5
   \   0000002E   ........           _BLF     printf,??printf??rT
    765          		printf("%02X ", I2C_read(ACK) );
   \                     ??burstramread_2:
   \   00000032   0020               MOVS     R0,#+0
   \   00000034   ........           BL       I2C_read
   \   00000038   0100               MOVS     R1,R0
   \   0000003A   0835               ADDS     R5,R5,#+8
   \   0000003C   2800               MOVS     R0,R5
   \   0000003E   ........           _BLF     printf,??printf??rT
    766          	}
   \   00000042   641C               ADDS     R4,R4,#+1
   \   00000044   2406               LSLS     R4,R4,#+24
   \   00000046   240E               LSRS     R4,R4,#+24
   \   00000048   382C               CMP      R4,#+56
   \   0000004A   E8D3               BCC      ??burstramread_0
    767          	I2C_read(NACK);
   \   0000004C   0120               MOVS     R0,#+1
   \   0000004E   ........           BL       I2C_read
    768          	I2C_stop();
   \   00000052   ....               B.N      ?Subroutine24
   \                     ??burstramread_1:
   \   00000054   ........           DC32     `?<Constant "\\n%02X ">`
    769          }

   \                                 In segment CODE, align 4, keep-with-next
    770          void	alrm_int()	/* ----- initialize alarm registers ------ */
    771          {
   \                     alrm_int:
   \   00000000   F7B5               PUSH     {R0-R2,R4-R7,LR}
    772          uchar	M, Sec, Min, Hr, DyDt;
    773          	Sec = 0; Min = 0; Hr = 0; DyDt = 0;
   \   00000002   0027               MOVS     R7,#+0
   \   00000004   0097               STR      R7,[SP, #+0]
   \   00000006   0197               STR      R7,[SP, #+4]
   \   00000008   0297               STR      R7,[SP, #+8]
   \   0000000A   0026               MOVS     R6,#+0
    774          	printf("\n1-Alarm each second");
   \   0000000C   ....               LDR      R5,??Subroutine23_0  ;; `?<Constant "\\n1-Alarm each second">`
   \   0000000E   2800               MOVS     R0,R5
   \   00000010   ........           _BLF     printf,??printf??rT
    775          	printf("\n2-Alarm match=sec 3-Alarm match=sec+min");
   \   00000014   2800               MOVS     R0,R5
   \   00000016   1830               ADDS     R0,R0,#+24
   \   00000018   ........           _BLF     printf,??printf??rT
    776          	printf("\n4-Alarm match=sec+min+hr");
   \   0000001C   2800               MOVS     R0,R5
   \   0000001E   4430               ADDS     R0,R0,#+68
   \   00000020   ........           _BLF     printf,??printf??rT
    777          	printf("\n5-Alarm match=sec+min+hr+date");
   \   00000024   2800               MOVS     R0,R5
   \   00000026   6030               ADDS     R0,R0,#+96
   \   00000028   ........           _BLF     printf,??printf??rT
    778          	printf("\n6-Alarm match=sec+min+hr+day");
   \   0000002C   2800               MOVS     R0,R5
   \   0000002E   8030               ADDS     R0,R0,#+128
   \   00000030   ........           _BLF     printf,??printf??rT
    779          	printf("\nEnter selection: ");
   \   00000034   2800               MOVS     R0,R5
   \   00000036   A030               ADDS     R0,R0,#+160
   \   00000038   ........           _BLF     printf,??printf??rT
    780          
    781          	if (bPushKey) M = bPushKey;	/* Note-No error checking is done on entries! */
   \   0000003C   ....               LDR      R0,??DataTable33  ;; bPushKey
   \   0000003E   0078               LDRB     R0,[R0, #+0]
   \   00000040   0028               CMP      R0,#+0
   \   00000042   00D0               BEQ      ??alrm_int_1
   \   00000044   0400               MOVS     R4,R0
   \                     ??alrm_int_1:
   \   00000046   2006               LSLS     R0,R4,#+24
   \   00000048   000E               LSRS     R0,R0,#+24
   \   0000004A   3138               SUBS     R0,R0,#+49
   \   0000004C   0528               CMP      R0,#+5
   \   0000004E   11D8               BHI      ??alrm_int_2
   \   00000050   01A1               ADR      R1,??alrm_int_0
   \   00000052   095C               LDRB     R1,[R1, R0]
   \   00000054   8F44               ADD      PC,PC,R1
   \   00000056   C046               Nop      
   \                     ??alrm_int_0:
   \   00000058   060A0E12           DC8      +6,+10,+14,+18
   \   0000005C   161A               DC8      +22,+26
    782          
    783          	switch(M)
    784          	{
    785          		case '1':	M = 0xf;	break;
   \                     ??alrm_int_3:
   \   0000005E   0F24               MOVS     R4,#+15
   \   00000060   08E0               B        ??alrm_int_2
    786          		case '2':	M = 0xe;	break;
   \                     ??alrm_int_4:
   \   00000062   0E24               MOVS     R4,#+14
   \   00000064   06E0               B        ??alrm_int_2
    787          		case '3':	M = 0xc;	break;
   \                     ??alrm_int_5:
   \   00000066   0C24               MOVS     R4,#+12
   \   00000068   04E0               B        ??alrm_int_2
    788          		case '4':	M = 8;		break;
   \                     ??alrm_int_6:
   \   0000006A   0824               MOVS     R4,#+8
   \   0000006C   02E0               B        ??alrm_int_2
    789          		case '5':	M = 0;		break;
   \                     ??alrm_int_7:
   \   0000006E   0024               MOVS     R4,#+0
   \   00000070   00E0               B        ??alrm_int_2
    790          		case '6':	M = 0x40;	break;
   \                     ??alrm_int_8:
   \   00000072   4024               MOVS     R4,#+64
    791          	}
    792          	if(M & 0x40)
   \                     ??alrm_int_2:
   \   00000074   4027               MOVS     R7,#+64
   \   00000076   2740               ANDS     R7,R7,R4
   \   00000078   02D0               BEQ      ??alrm_int_9
    793          	{
    794          		printf("\nEnter the day (1-7): ");
   \   0000007A   2800               MOVS     R0,R5
   \   0000007C   B430               ADDS     R0,R0,#+180
   \   0000007E   01E0               B.N      ??alrm_int_10
    795          		//scanf("%bx", &DyDt);
    796          	}
    797          	else
    798          	{
    799          		printf("\nEnter the date (1-31): ");
   \                     ??alrm_int_9:
   \   00000080   2800               MOVS     R0,R5
   \   00000082   CC30               ADDS     R0,R0,#+204
   \                     ??alrm_int_10:
   \   00000084   ........           _BLF     printf,??printf??rT
    800          		//scanf("%1x", &DyDt);
    801          	}
    802          	printf("\nEnter the hour (1-23): ");
   \   00000088   2800               MOVS     R0,R5
   \   0000008A   E830               ADDS     R0,R0,#+232
   \   0000008C   ........           _BLF     printf,??printf??rT
    803          	//scanf("%bx", &Hr);
    804          	printf("\nEnter the minute (0-59): ");
   \   00000090   8220               MOVS     R0,#+130
   \   00000092   4000               LSLS     R0,R0,#+1        ;; #+260
   \   00000094   2818               ADDS     R0,R5,R0
   \   00000096   ........           _BLF     printf,??printf??rT
    805          	//scanf("%bx", &Min);
    806          	printf("\nEnter the second (0-59): ");
   \   0000009A   9020               MOVS     R0,#+144
   \   0000009C   4000               LSLS     R0,R0,#+1        ;; #+288
   \   0000009E   2818               ADDS     R0,R5,R0
   \   000000A0   ........           _BLF     printf,??printf??rT
    807          	//scanf("%bx", &Sec);
    808          
    809          	if( (M & 1) )	Sec |= 0x80;
   \   000000A4   8020               MOVS     R0,#+128
   \   000000A6   E107               LSLS     R1,R4,#+31
   \   000000A8   00D5               BPL      ??alrm_int_11
   \   000000AA   0090               STR      R0,[SP, #+0]
    810          	if( ((M >> 1) & 1) )	Min |= 0x80;
   \                     ??alrm_int_11:
   \   000000AC   A107               LSLS     R1,R4,#+30
   \   000000AE   00D5               BPL      ??alrm_int_12
   \   000000B0   0190               STR      R0,[SP, #+4]
    811          	if( ((M >> 2) & 1) )	Hr |= 0x80;
   \                     ??alrm_int_12:
   \   000000B2   6107               LSLS     R1,R4,#+29
   \   000000B4   00D5               BPL      ??alrm_int_13
   \   000000B6   0290               STR      R0,[SP, #+8]
    812          	if( ((M >> 3) & 1) )	DyDt |= 0x80;
   \                     ??alrm_int_13:
   \   000000B8   2107               LSLS     R1,R4,#+28
   \   000000BA   00D5               BPL      ??alrm_int_14
   \   000000BC   8026               MOVS     R6,#+128
    813          	if(M & 0x40)	DyDt |= 0x40;
   \                     ??alrm_int_14:
   \   000000BE   002F               CMP      R7,#+0
   \   000000C0   04D0               BEQ      ??alrm_int_15
   \   000000C2   3000               MOVS     R0,R6
   \   000000C4   4026               MOVS     R6,#+64
   \   000000C6   0643               ORRS     R6,R6,R0
   \   000000C8   3606               LSLS     R6,R6,#+24
   \   000000CA   360E               LSRS     R6,R6,#+24
    814          
    815          	I2C_start();
   \                     ??alrm_int_15:
   \   000000CC   ........           BL       I2C_start
    816          	I2C_write(ADDRTC);	/* write slave address + write */
   \   000000D0   D020               MOVS     R0,#+208
   \   000000D2   ........           BL       I2C_write
    817          	I2C_write(7);		/* write register address */
   \   000000D6   0720               MOVS     R0,#+7
   \   000000D8   ........           BL       I2C_write
    818          	I2C_write(Sec);
   \   000000DC   0098               LDR      R0,[SP, #+0]
   \   000000DE   0006               LSLS     R0,R0,#+24
   \   000000E0   000E               LSRS     R0,R0,#+24
   \   000000E2   ........           BL       I2C_write
    819          	I2C_write(Min);
   \   000000E6   0198               LDR      R0,[SP, #+4]
   \   000000E8   0006               LSLS     R0,R0,#+24
   \   000000EA   000E               LSRS     R0,R0,#+24
   \   000000EC   ........           BL       I2C_write
    820          	I2C_write(Hr);
   \   000000F0   0298               LDR      R0,[SP, #+8]
   \   000000F2   0006               LSLS     R0,R0,#+24
   \   000000F4   000E               LSRS     R0,R0,#+24
   \   000000F6   ........           BL       I2C_write
    821          	I2C_write(DyDt);
   \   000000FA   3000               MOVS     R0,R6
   \   000000FC   ........           BL       I2C_write
    822          	I2C_start();
   \   00000100   ........           BL       I2C_start
    823          	I2C_write(ADDRTC);	/* write slave address + write */
   \   00000104   D020               MOVS     R0,#+208
   \   00000106   ........           BL       I2C_write
    824          	I2C_write(0x0e);	/* write register address */
   \   0000010A   0E20               MOVS     R0,#+14
   \   0000010C   ........           BL       I2C_write
    825          	I2C_write(5);		/* enable interrupts, alarm 1 */
   \   00000110   0520               MOVS     R0,#+5
   \   00000112   ........           BL       I2C_write
    826          	I2C_stop();
   \   00000116   ........           BL       I2C_stop
   \   0000011A   C046               Nop      
    827          }
   \   0000011C                      REQUIRE ?Subroutine23
   \   0000011C                      ;; // Fall through to label ?Subroutine23

   \                                 In segment CODE, align 4, keep-with-next
    828          void	alrm_read()	/* ----- read alarm registers ------ */
    829          {
   \                     alrm_read:
   \   00000000   70B5               PUSH     {R4-R6,LR}
    830          uchar	Sec, Min, Hr, DyDt;
    831          
    832          	I2C_start();
   \   00000002   ........           BL       I2C_start
    833          	I2C_write(ADDRTC);	/* write slave address + write */
   \   00000006   D020               MOVS     R0,#+208
   \   00000008   ........           BL       I2C_write
    834          	I2C_write(7);		/* write register address */
   \   0000000C   0720               MOVS     R0,#+7
   \   0000000E   ........           BL       I2C_write
    835          	I2C_start();
   \   00000012   ........           BL       I2C_start
    836          	I2C_write(ADDRTC | 1);	/* write slave address + read */
   \   00000016   D120               MOVS     R0,#+209
   \   00000018   ........           BL       I2C_write
    837          	Sec = I2C_read(ACK);
   \   0000001C   0020               MOVS     R0,#+0
   \   0000001E   ........           BL       I2C_read
   \   00000022   0400               MOVS     R4,R0
    838          	Min = I2C_read(ACK);
   \   00000024   0020               MOVS     R0,#+0
   \   00000026   ........           BL       I2C_read
   \   0000002A   0500               MOVS     R5,R0
    839          	Hr = I2C_read(ACK);
   \   0000002C   0020               MOVS     R0,#+0
   \   0000002E   ........           BL       I2C_read
   \   00000032   0600               MOVS     R6,R0
    840          	DyDt = I2C_read(NACK);
   \   00000034   0120               MOVS     R0,#+1
   \   00000036   ........           BL       I2C_read
    841          
    842          	printf("\nAlarm 1: %02x %02x %02x %02x", Sec, Min, Hr, DyDt);
   \   0000003A   01B4               PUSH     {R0}
   \   0000003C   3300               MOVS     R3,R6
   \   0000003E   2A00               MOVS     R2,R5
   \   00000040   2100               MOVS     R1,R4
   \   00000042   0348               LDR      R0,??alrm_read_0  ;; `?<Constant "\\nAlarm 1: %02x %02x %...">`
   \   00000044   ........           _BLF     printf,??printf??rT
    843          }
   \   00000048   78BC               POP      {R3-R6}
   \   0000004A   01BC               POP      {R0}
   \   0000004C   0047               BX       R0               ;; return
   \   0000004E   C046               Nop      
   \                     ??alrm_read_0:
   \   00000050   ........           DC32     `?<Constant "\\nAlarm 1: %02x %02x %...">`

   \                                 In segment CODE, align 4, keep-with-next
    844          void	tc_setup()	/* ---- trickle charger set up routine ---- */
    845          {
   \                     tc_setup:
   \   00000000   F0B5               PUSH     {R4-R7,LR}
    846          uchar	M, val;
    847          
    848          #if defined DS1339
    849          	#define	TC 0x10	/* address for DS1339 trickle charge register */
    850          #else
    851          	#define	TC 0x08	/* address for DS1340 trickle charge register */
    852          #endif
    853          
    854          	printf("\nEnable Trickle Charger (Y/N)? ");
   \   00000002   394E               LDR      R6,??tc_setup_0  ;; `?<Constant "\\nEnable Trickle Charg...">`
   \   00000004   3000               MOVS     R0,R6
   \   00000006   ........           _BLF     printf,??printf??rT
    855          	if (bPushKey) M = bPushKey;
   \   0000000A   ....               LDR      R7,??DataTable33  ;; bPushKey
   \   0000000C   3878               LDRB     R0,[R7, #+0]
   \   0000000E   0028               CMP      R0,#+0
   \   00000010   00D0               BEQ      ??tc_setup_1
   \   00000012   0400               MOVS     R4,R0
    856          
    857          	if(M == 'Y' || M == 'y')
   \                     ??tc_setup_1:
   \   00000014   2006               LSLS     R0,R4,#+24
   \   00000016   000E               LSRS     R0,R0,#+24
   \   00000018   5928               CMP      R0,#+89
   \   0000001A   01D0               BEQ      ??tc_setup_2
   \   0000001C   7928               CMP      R0,#+121
   \   0000001E   40D1               BNE      ??tc_setup_3
    858          	{
    859          		printf("\n1-250 ohm res");
   \                     ??tc_setup_2:
   \   00000020   3000               MOVS     R0,R6
   \   00000022   2030               ADDS     R0,R0,#+32
   \   00000024   ........           _BLF     printf,??printf??rT
    860          		printf("\n2-2K res=sec"); 
   \   00000028   3000               MOVS     R0,R6
   \   0000002A   3030               ADDS     R0,R0,#+48
   \   0000002C   ........           _BLF     printf,??printf??rT
    861          		printf("\n3-4K res");
   \   00000030   3000               MOVS     R0,R6
   \   00000032   4030               ADDS     R0,R0,#+64
   \   00000034   ........           _BLF     printf,??printf??rT
    862          
    863          		if (bPushKey) M = bPushKey;	/* Note-No error checking is done on entries! */
   \   00000038   3878               LDRB     R0,[R7, #+0]
   \   0000003A   0028               CMP      R0,#+0
   \   0000003C   00D0               BEQ      ??tc_setup_4
   \   0000003E   0400               MOVS     R4,R0
    864          
    865          		switch(M)
   \                     ??tc_setup_4:
   \   00000040   2006               LSLS     R0,R4,#+24
   \   00000042   000E               LSRS     R0,R0,#+24
   \   00000044   3128               CMP      R0,#+49
   \   00000046   04D0               BEQ      ??tc_setup_5
   \   00000048   3228               CMP      R0,#+50
   \   0000004A   04D0               BEQ      ??tc_setup_6
   \   0000004C   3328               CMP      R0,#+51
   \   0000004E   04D0               BEQ      ??tc_setup_7
   \   00000050   04E0               B        ??tc_setup_8
    866          		{
    867          			case '1':	val = 1;	break;
   \                     ??tc_setup_5:
   \   00000052   0125               MOVS     R5,#+1
   \   00000054   02E0               B        ??tc_setup_8
    868          			case '2':	val = 2;	break;
   \                     ??tc_setup_6:
   \   00000056   0225               MOVS     R5,#+2
   \   00000058   00E0               B        ??tc_setup_8
    869          			case '3':	val = 3;	break;
   \                     ??tc_setup_7:
   \   0000005A   0325               MOVS     R5,#+3
    870          		}
    871          		printf("\n1-no diode");
   \                     ??tc_setup_8:
   \   0000005C   3000               MOVS     R0,R6
   \   0000005E   4C30               ADDS     R0,R0,#+76
   \   00000060   ........           _BLF     printf,??printf??rT
    872          		printf("\n2-1 diode");
   \   00000064   3000               MOVS     R0,R6
   \   00000066   5830               ADDS     R0,R0,#+88
   \   00000068   ........           _BLF     printf,??printf??rT
    873          
    874          		if (bPushKey) M = bPushKey; /* Note-No error checking is done on entries! */
   \   0000006C   3878               LDRB     R0,[R7, #+0]
   \   0000006E   0028               CMP      R0,#+0
   \   00000070   00D0               BEQ      ??tc_setup_9
   \   00000072   0400               MOVS     R4,R0
    875          
    876          		switch(M)
   \                     ??tc_setup_9:
   \   00000074   2406               LSLS     R4,R4,#+24
   \   00000076   240E               LSRS     R4,R4,#+24
   \   00000078   312C               CMP      R4,#+49
   \   0000007A   02D0               BEQ      ??tc_setup_10
   \   0000007C   322C               CMP      R4,#+50
   \   0000007E   02D0               BEQ      ??tc_setup_11
   \   00000080   02E0               B        ??tc_setup_12
    877          		{
    878          			case '1':	val += 4;	break;
   \                     ??tc_setup_10:
   \   00000082   2D1D               ADDS     R5,R5,#+4
   \   00000084   00E0               B        ??tc_setup_12
    879          			case '2':	val += 8;	break;
   \                     ??tc_setup_11:
   \   00000086   0835               ADDS     R5,R5,#+8
    880          		}
    881          		I2C_start();
   \                     ??tc_setup_12:
   \   00000088   ........           BL       I2C_start
    882          		I2C_write(ADDRTC);		/* write slave address + write */
   \   0000008C   D020               MOVS     R0,#+208
   \   0000008E   ........           BL       I2C_write
    883          		I2C_write(TC);		/* write register address */
   \   00000092   0820               MOVS     R0,#+8
   \   00000094   ........           BL       I2C_write
    884          		I2C_write(val | 0xa0);	/* enable trickle charger per user input */
   \   00000098   A020               MOVS     R0,#+160
   \   0000009A   2843               ORRS     R0,R0,R5
   \   0000009C   0006               LSLS     R0,R0,#+24
   \   0000009E   000E               LSRS     R0,R0,#+24
   \   000000A0   08E0               B.N      ??tc_setup_13
    885          		I2C_stop();
    886          	}
    887          	else
    888          	{
    889          		I2C_start();
   \                     ??tc_setup_3:
   \   000000A2   ........           BL       I2C_start
    890          		I2C_write(ADDRTC);		/* write slave address + write */
   \   000000A6   D020               MOVS     R0,#+208
   \   000000A8   ........           BL       I2C_write
    891          		I2C_write(TC);		/* write register address */
   \   000000AC   0820               MOVS     R0,#+8
   \   000000AE   ........           BL       I2C_write
    892          		I2C_write(0);			/* disable trickle charger */
   \   000000B2   0020               MOVS     R0,#+0
   \                     ??tc_setup_13:
   \   000000B4   ........           BL       I2C_write
    893          		I2C_stop();
   \   000000B8   ........           BL       I2C_stop
    894          	}
    895          	I2C_start();
   \   000000BC   ........           BL       I2C_start
    896          	I2C_write(ADDRTC);		/* write slave address + write */
   \   000000C0   D020               MOVS     R0,#+208
   \   000000C2   ........           BL       I2C_write
    897          	I2C_write(TC);		/* write register address */
   \   000000C6   0820               MOVS     R0,#+8
   \   000000C8   ........           BL       I2C_write
    898          	I2C_start();
   \   000000CC   ........           BL       I2C_start
    899          	I2C_write(ADDRTC | 1);	/* write slave address + read */
   \   000000D0   D120               MOVS     R0,#+209
   \   000000D2   ........           BL       I2C_write
    900          	printf("\nTrickle Charger: %02x", I2C_read(NACK) );
   \   000000D6   0120               MOVS     R0,#+1
   \   000000D8   ........           BL       I2C_read
   \   000000DC   0100               MOVS     R1,R0
   \   000000DE   6436               ADDS     R6,R6,#+100
   \   000000E0   3000               MOVS     R0,R6
   \   000000E2   ........           _BLF     printf,??printf??rT
    901          }
   \   000000E6   ....               B.N      ?Subroutine25
   \                     ??tc_setup_0:
   \   000000E8   ........           DC32     `?<Constant "\\nEnable Trickle Charg...">`
    902          
    903          /* ----------------------------------------------------- */

   \                                 In segment CODE, align 4, keep-with-next
    904          void DS1307_main(void)
    905          {
   \                     DS1307_main:
   \   00000000   F1B5               PUSH     {R0,R4-R7,LR}
   \   00000002   ....               LDR      R5,??DataTable34  ;; bPushKey
   \   00000004   4E4E               LDR      R6,??DS1307_main_0  ;; `?<Constant "Jul 20 2007">`
   \   00000006   01E0               B        ??DS1307_main_1
    906          uchar	M, M1;
    907          
    908          //	sqw = 1;	/* set up for read, weak pull-up */
    909          
    910          	while (1)
    911          	{
    912          
    913          		printf("\nDEMO1307 build %s", __DATE__);
    914          
    915          
    916          		printf("\nCI Init RTC    CR Read Clock");
    917          		printf("\nBR Byte Read   BW Write Byte");
    918          		printf("\nRR RAM Read    RW RAM Write");
    919          
    920          
    921          		printf("\nEnter Menu Selection:");
    922          
    923          		if (bPushKey) M = bPushKey; 
    924          
    925          		switch(M)
    926          		{
    927          			case 'A':
    928          			case 'a':
    929          			printf("\nInit or Read: ");
    930          			if (bPushKey) M = bPushKey;
    931          
    932          			switch(M1)
    933          			{
    934          				case 'I':
    935          				case 'i':	alrm_int(); 	break;
    936          
    937          				case 'R':
    938          				case 'r':	alrm_read(); 	break;
    939          			}
    940          			break;
    941          
    942          			case 'B':
    943          			case 'b':
    944          			printf("Read or Write: ");
    945          			if (bPushKey) M = bPushKey; 
    946          
    947          			switch(M1)
    948          			{
    949          				case 'R':
    950          				case 'r':	DS1307_readbyte(0); 	break;
    951          
    952          				case 'W':
    953          				case 'w':	DS1307_writebyte(0,0);	break;
    954          			}
    955          			break;
    956          
    957          			case 'C':
    958          			case 'c':
    959          			printf("\rEnter Clock Routine to run:C");
    960          			if (bPushKey) M = bPushKey; 
    961          
    962          			switch(M1)
    963          			{
    964          				case 'I':
    965          				case 'i':	initialize();	break;
    966          
    967          				case 'R':
    968          				case 'r':	disp_clk_regs(0x99);	break;
    969          			}
    970          			break;
    971          
    972          			case 'R':
    973          			case 'r':
    974          			printf("\rEnter Ram Routine to run:R");
    975          			if (bPushKey) M = bPushKey; 
    976          
    977          			switch(M1)
    978          			{
    979          				case 'R':
    980          				case 'r':	burstramread();	break;
    981          
    982          				case 'W':
    983          				case 'w':	printf("Enter the data to write: ");
    984          						//scanf("%bx", &M1);
    985          						burstramwrite(M1);	break;
    986          			}
    987          			break;
    988          
    989          			case 'T':
    990          			case 't':	tc_setup();	break;
   \                     ??DS1307_main_2:
   \   00000008   ........           BL       tc_setup
   \                     ??DS1307_main_1:
   \   0000000C   3100               MOVS     R1,R6
   \   0000000E   3000               MOVS     R0,R6
   \   00000010   FC30               ADDS     R0,R0,#+252
   \   00000012   ........           _BLF     printf,??printf??rT
   \   00000016   3000               MOVS     R0,R6
   \   00000018   0C30               ADDS     R0,R0,#+12
   \   0000001A   ........           _BLF     printf,??printf??rT
   \   0000001E   3000               MOVS     R0,R6
   \   00000020   2C30               ADDS     R0,R0,#+44
   \   00000022   ........           _BLF     printf,??printf??rT
   \   00000026   3000               MOVS     R0,R6
   \   00000028   4C30               ADDS     R0,R0,#+76
   \   0000002A   ........           _BLF     printf,??printf??rT
   \   0000002E   3000               MOVS     R0,R6
   \   00000030   6C30               ADDS     R0,R0,#+108
   \   00000032   ........           _BLF     printf,??printf??rT
   \   00000036   2878               LDRB     R0,[R5, #+0]
   \   00000038   0028               CMP      R0,#+0
   \   0000003A   00D0               BEQ      ??DS1307_main_3
   \   0000003C   0400               MOVS     R4,R0
   \                     ??DS1307_main_3:
   \   0000003E   009F               LDR      R7,[SP, #+0]
   \   00000040   3F06               LSLS     R7,R7,#+24
   \   00000042   3F0E               LSRS     R7,R7,#+24
   \   00000044   2406               LSLS     R4,R4,#+24
   \   00000046   240E               LSRS     R4,R4,#+24
   \   00000048   412C               CMP      R4,#+65
   \   0000004A   12D0               BEQ      ??DS1307_main_4
   \   0000004C   422C               CMP      R4,#+66
   \   0000004E   27D0               BEQ      ??DS1307_main_5
   \   00000050   432C               CMP      R4,#+67
   \   00000052   3FD0               BEQ      ??DS1307_main_6
   \   00000054   522C               CMP      R4,#+82
   \   00000056   55D0               BEQ      ??DS1307_main_7
   \   00000058   542C               CMP      R4,#+84
   \   0000005A   D5D0               BEQ      ??DS1307_main_2
   \   0000005C   612C               CMP      R4,#+97
   \   0000005E   08D0               BEQ      ??DS1307_main_4
   \   00000060   622C               CMP      R4,#+98
   \   00000062   1DD0               BEQ      ??DS1307_main_5
   \   00000064   632C               CMP      R4,#+99
   \   00000066   35D0               BEQ      ??DS1307_main_6
   \   00000068   722C               CMP      R4,#+114
   \   0000006A   4BD0               BEQ      ??DS1307_main_7
   \   0000006C   742C               CMP      R4,#+116
   \   0000006E   CBD0               BEQ      ??DS1307_main_2
   \   00000070   CCE7               B        ??DS1307_main_1
   \                     ??DS1307_main_4:
   \   00000072   3000               MOVS     R0,R6
   \   00000074   8430               ADDS     R0,R0,#+132
   \   00000076   ........           _BLF     printf,??printf??rT
   \   0000007A   2878               LDRB     R0,[R5, #+0]
   \   0000007C   0028               CMP      R0,#+0
   \   0000007E   00D0               BEQ      ??DS1307_main_8
   \   00000080   0400               MOVS     R4,R0
   \                     ??DS1307_main_8:
   \   00000082   492F               CMP      R7,#+73
   \   00000084   06D0               BEQ      ??DS1307_main_9
   \   00000086   522F               CMP      R7,#+82
   \   00000088   07D0               BEQ      ??DS1307_main_10
   \   0000008A   692F               CMP      R7,#+105
   \   0000008C   02D0               BEQ      ??DS1307_main_9
   \   0000008E   722F               CMP      R7,#+114
   \   00000090   03D0               BEQ      ??DS1307_main_10
   \   00000092   BBE7               B        ??DS1307_main_1
   \                     ??DS1307_main_9:
   \   00000094   ........           BL       alrm_int
   \   00000098   B8E7               B        ??DS1307_main_1
   \                     ??DS1307_main_10:
   \   0000009A   ........           BL       alrm_read
   \   0000009E   B5E7               B        ??DS1307_main_1
   \                     ??DS1307_main_5:
   \   000000A0   3000               MOVS     R0,R6
   \   000000A2   9430               ADDS     R0,R0,#+148
   \   000000A4   ........           _BLF     printf,??printf??rT
   \   000000A8   2878               LDRB     R0,[R5, #+0]
   \   000000AA   0028               CMP      R0,#+0
   \   000000AC   00D0               BEQ      ??DS1307_main_11
   \   000000AE   0400               MOVS     R4,R0
   \                     ??DS1307_main_11:
   \   000000B0   522F               CMP      R7,#+82
   \   000000B2   06D0               BEQ      ??DS1307_main_12
   \   000000B4   572F               CMP      R7,#+87
   \   000000B6   08D0               BEQ      ??DS1307_main_13
   \   000000B8   722F               CMP      R7,#+114
   \   000000BA   02D0               BEQ      ??DS1307_main_12
   \   000000BC   772F               CMP      R7,#+119
   \   000000BE   04D0               BEQ      ??DS1307_main_13
   \   000000C0   A4E7               B        ??DS1307_main_1
   \                     ??DS1307_main_12:
   \   000000C2   0020               MOVS     R0,#+0
   \   000000C4   ........           BL       DS1307_readbyte
   \   000000C8   A0E7               B        ??DS1307_main_1
   \                     ??DS1307_main_13:
   \   000000CA   0021               MOVS     R1,#+0
   \   000000CC   0020               MOVS     R0,#+0
   \   000000CE   ........           BL       DS1307_writebyte
   \   000000D2   9BE7               B        ??DS1307_main_1
   \                     ??DS1307_main_6:
   \   000000D4   3000               MOVS     R0,R6
   \   000000D6   A430               ADDS     R0,R0,#+164
   \   000000D8   ........           _BLF     printf,??printf??rT
   \   000000DC   2878               LDRB     R0,[R5, #+0]
   \   000000DE   0028               CMP      R0,#+0
   \   000000E0   00D0               BEQ      ??DS1307_main_14
   \   000000E2   0400               MOVS     R4,R0
   \                     ??DS1307_main_14:
   \   000000E4   492F               CMP      R7,#+73
   \   000000E6   06D0               BEQ      ??DS1307_main_15
   \   000000E8   522F               CMP      R7,#+82
   \   000000EA   07D0               BEQ      ??DS1307_main_16
   \   000000EC   692F               CMP      R7,#+105
   \   000000EE   02D0               BEQ      ??DS1307_main_15
   \   000000F0   722F               CMP      R7,#+114
   \   000000F2   03D0               BEQ      ??DS1307_main_16
   \   000000F4   8AE7               B        ??DS1307_main_1
   \                     ??DS1307_main_15:
   \   000000F6   ........           _BLF     initialize,??initialize??rT
   \   000000FA   87E7               B        ??DS1307_main_1
   \                     ??DS1307_main_16:
   \   000000FC   9920               MOVS     R0,#+153
   \   000000FE   ........           BL       disp_clk_regs
   \   00000102   83E7               B        ??DS1307_main_1
   \                     ??DS1307_main_7:
   \   00000104   3000               MOVS     R0,R6
   \   00000106   C430               ADDS     R0,R0,#+196
   \   00000108   ........           _BLF     printf,??printf??rT
   \   0000010C   2878               LDRB     R0,[R5, #+0]
   \   0000010E   0028               CMP      R0,#+0
   \   00000110   00D0               BEQ      ??DS1307_main_17
   \   00000112   0400               MOVS     R4,R0
   \                     ??DS1307_main_17:
   \   00000114   522F               CMP      R7,#+82
   \   00000116   06D0               BEQ      ??DS1307_main_18
   \   00000118   572F               CMP      R7,#+87
   \   0000011A   07D0               BEQ      ??DS1307_main_19
   \   0000011C   722F               CMP      R7,#+114
   \   0000011E   02D0               BEQ      ??DS1307_main_18
   \   00000120   772F               CMP      R7,#+119
   \   00000122   03D0               BEQ      ??DS1307_main_19
   \   00000124   72E7               B        ??DS1307_main_1
   \                     ??DS1307_main_18:
   \   00000126   ........           BL       burstramread
   \   0000012A   6FE7               B        ??DS1307_main_1
   \                     ??DS1307_main_19:
   \   0000012C   3000               MOVS     R0,R6
   \   0000012E   E030               ADDS     R0,R0,#+224
   \   00000130   ........           _BLF     printf,??printf??rT
   \   00000134   0098               LDR      R0,[SP, #+0]
   \   00000136   0006               LSLS     R0,R0,#+24
   \   00000138   000E               LSRS     R0,R0,#+24
   \   0000013A   ........           BL       burstramwrite
   \   0000013E   65E7               B        ??DS1307_main_1
   \                     ??DS1307_main_0:
   \   00000140   ........           DC32     `?<Constant "Jul 20 2007">`
    991          		}
    992          	}
    993          }

   \                                 In segment CODE, align 4, keep-with-next
   \                     ??DataTable0:
   \   00000000   ........           DC32     Year

   \                                 In segment CODE, align 4, keep-with-next
   \                     ??DataTable19:
   \   00000000   30F4FFFF           DC32     0xfffff430

   \                                 In segment CODE, align 4, keep-with-next
   \                     ??DataTable20:
   \   00000000   34F4FFFF           DC32     0xfffff434

   \                                 In segment CODE, align 4, keep-with-next
   \                     ??DataTable21:
   \   00000000   14F4FFFF           DC32     0xfffff414

   \                                 In segment CODE, align 4, keep-with-next
   \                     ??DataTable23:
   \   00000000   3CF4FFFF           DC32     0xfffff43c

   \                                 In segment CODE, align 4, keep-with-next
   \                     ??DataTable24:
   \   00000000   00F4FFFF           DC32     0xfffff400

   \                                 In segment CODE, align 4, keep-with-next
   \                     ??DataTable25:
   \   00000000   10F4FFFF           DC32     0xfffff410

   \                                 In segment CODE, align 4, keep-with-next
   \                     ??DataTable30:
   \   00000000   ........           DC32     Year

   \                                 In segment CODE, align 4, keep-with-next
   \                     ??DataTable31:
   \   00000000   ........           DC32     Year

   \                                 In segment CODE, align 4, keep-with-next
   \                     ??DataTable33:
   \   00000000   ........           DC32     bPushKey

   \                                 In segment CODE, align 4, keep-with-next
   \                     ??DataTable34:
   \   00000000   ........           DC32     bPushKey

   \                                 In segment DATA_C, align 4, align-sorted
   \                     `?<Constant "\\n2:Date Time Read ">`:
   \   00000000   0A323A446174       DC8 "\0122:Date Time Read "
   \              652054696D65
   \              205265616420
   \              00          
   \   00000013   00                 DC8 0
   \   00000014   0D4453313330       DC8 "\015DS1307[%02X]%02X-OK"
   \              375B25303258
   \              5D253032582D
   \              4F4B00      
   \   00000029   000000             DC8 0, 0, 0
   \   0000002C   3C3C20446174       DC8 "<< Date Time Set >>"
   \              652054696D65
   \              20536574203E
   \              3E00        
   \   00000040   0A313A446174       DC8 "\0121:Date Time Set  "
   \              652054696D65
   \              205365742020
   \              00          
   \   00000053   00                 DC8 0
   \   00000054   0A333A525443       DC8 "\0123:RTC Wake UP    "
   \              2057616B6520
   \              555020202020
   \              00          
   \   00000067   00                 DC8 0
   \   00000068   0A5B4D454E55       DC8 "\012[MENU]:goto MAIN"
   \              5D3A676F746F
   \              204D41494E00
   \   0000007A   0000               DC8 0, 0
   \   0000007C   3C4461746520       DC8 "<Date & Time Set>"
   \              262054696D65
   \              205365743E00
   \   0000008E   0000               DC8 0, 0
   \   00000090   0A3E59592F4D       DC8 "\012>YY/MM/DD:%02X/%02X/%02X"
   \              4D2F44443A25
   \              3032582F2530
   \              32582F253032
   \              5800        
   \   000000AA   0000               DC8 0, 0
   \   000000AC   2530325800         DC8 "%02X"
   \   000000B1   000000             DC8 0, 0, 0
   \   000000B4   0A3E48482F4D       DC8 "\012>HH/MM/SS:%02X/%02X/%02X"
   \              4D2F53533A25
   \              3032582F2530
   \              32582F253032
   \              5800        
   \   000000CE   0000               DC8 0, 0
   \   000000D0   3E4453313330       DC8 ">DS1307 Reg. READ"
   \              37205265672E
   \              205245414400
   \   000000E2   0000               DC8 0, 0
   \   000000E4   0A4453616464       DC8 "\012DSaddress:%02X"
   \              726573733A25
   \              30325800    
   \   000000F4   0D4453616464       DC8 "\015DSaddress:%02X"
   \              726573733A25
   \              30325800    
   \   00000104   0A52616E6765       DC8 "\012Range Over"
   \              204F76657200
   \   00000110   0D4453313330       DC8 "\015DS1307[%02X]:%02X"
   \              375B25303258
   \              5D3A25303258
   \              00          
   \   00000123   00                 DC8 0
   \   00000124   20453A253164       DC8 " E:%1d"
   \              00          
   \   0000012B   00                 DC8 0
   \   0000012C   3E4453313330       DC8 ">DS1307 Reg. Write"
   \              37205265672E
   \              205772697465
   \              00          
   \   0000013F   00                 DC8 0
   \   00000140   0A4453313330       DC8 "\012DS1307[%02X]"
   \              375B25303258
   \              5D00        
   \   0000014E   0000               DC8 0, 0
   \   00000150   0D4453313330       DC8 "\015DS1307[%02X]"
   \              375B25303258
   \              5D00        
   \   0000015E   0000               DC8 0, 0
   \   00000160   0D4453313330       DC8 "\015DS1307[%02X]%02X"
   \              375B25303258
   \              5D2530325800
   \   00000172   0000               DC8 0, 0
   \   00000174   0A4453313330       DC8 "\012DS1307[%02X]%02X"
   \              375B25303258
   \              5D2530325800
   \   00000186   0000               DC8 0, 0
   \   00000188   0A3E57726974       DC8 "\012>Write Error.."
   \              65204572726F
   \              722E2E00    
   \   00000198   0D4453313330       DC8 "\015DS1307[%02X]%02X-%02X"
   \              375B25303258
   \              5D253032582D
   \              2530325800  
   \   000001AF   00                 DC8 0
   \   000001B0   3E5254432074       DC8 ">RTC time read\012"
   \              696D65207265
   \              61640A00    
   \   000001C0   0D253032582F       DC8 "\015%02X/%02X/%02X  "
   \              253032582F25
   \              303258202000
   \   000001D2   0000               DC8 0, 0
   \   000001D4   253032583A25       DC8 "%02X:%02X:%02X"
   \              3032583A2530
   \              325800      
   \   000001E3   00                 DC8 0
   \   000001E4   3E4453313330       DC8 ">DS1307 Wake UP.."
   \              372057616B65
   \              2055502E2E00
   \   000001F6   0000               DC8 0, 0

   \                                 In segment DATA_C, align 4, align-sorted
   \                     `?<Constant "\\nEnable Trickle Charg...">`:
   \   00000000   0A456E61626C       DC8 "\012Enable Trickle Charger (Y/N)? "
   \              652054726963
   \              6B6C65204368
   \              617267657220
   \              28592F4E293F
   \              2000        
   \   00000020   0A312D323530       DC8 "\0121-250 ohm res"
   \              206F686D2072
   \              657300      
   \   0000002F   00                 DC8 0
   \   00000030   0A322D324B20       DC8 "\0122-2K res=sec"
   \              7265733D7365
   \              6300        
   \   0000003E   0000               DC8 0, 0
   \   00000040   0A332D344B20       DC8 "\0123-4K res"
   \              72657300    
   \   0000004A   0000               DC8 0, 0
   \   0000004C   0A312D6E6F20       DC8 "\0121-no diode"
   \              64696F646500
   \   00000058   0A322D312064       DC8 "\0122-1 diode"
   \              696F646500  
   \   00000063   00                 DC8 0
   \   00000064   0A547269636B       DC8 "\012Trickle Charger: %02x"
   \              6C6520436861
   \              726765723A20
   \              2530327800  
   \   0000007B   00                 DC8 0

   \                                 In segment DATA_C, align 4, align-sorted
   \                     `?<Constant "Jul 20 2007">`:
   \   00000000   4A756C203230       DC8 "Jul 20 2007"
   \              203230303700
   \   0000000C   0A434920496E       DC8 "\012CI Init RTC    CR Read Clock"
   \              697420525443
   \              202020204352
   \              205265616420
   \              436C6F636B00
   \   0000002A   0000               DC8 0, 0
   \   0000002C   0A4252204279       DC8 "\012BR Byte Read   BW Write Byte"
   \              746520526561
   \              642020204257
   \              205772697465
   \              204279746500
   \   0000004A   0000               DC8 0, 0
   \   0000004C   0A5252205241       DC8 "\012RR RAM Read    RW RAM Write"
   \              4D2052656164
   \              202020205257
   \              2052414D2057
   \              7269746500  
   \   00000069   000000             DC8 0, 0, 0
   \   0000006C   0A456E746572       DC8 "\012Enter Menu Selection:"
   \              204D656E7520
   \              53656C656374
   \              696F6E3A00  
   \   00000083   00                 DC8 0
   \   00000084   0A496E697420       DC8 "\012Init or Read: "
   \              6F7220526561
   \              643A2000    
   \   00000094   52656164206F       DC8 "Read or Write: "
   \              722057726974
   \              653A2000    
   \   000000A4   0D456E746572       DC8 "\015Enter Clock Routine to run:C"
   \              20436C6F636B
   \              20526F757469
   \              6E6520746F20
   \              72756E3A4300
   \   000000C2   0000               DC8 0, 0
   \   000000C4   0D456E746572       DC8 "\015Enter Ram Routine to run:R"
   \              2052616D2052
   \              6F7574696E65
   \              20746F207275
   \              6E3A5200    
   \   000000E0   456E74657220       DC8 "Enter the data to write: "
   \              746865206461
   \              746120746F20
   \              77726974653A
   \              2000        
   \   000000FA   0000               DC8 0, 0
   \   000000FC   0A44454D4F31       DC8 "\012DEMO1307 build %s"
   \              333037206275
   \              696C64202573
   \              00          
   \   0000010F   00                 DC8 0

   \                                 In segment DATA_C, align 4, align-sorted
   \   00000000   25316300           DC8 "%1c"

   \                                 In segment DATA_C, align 4, align-sorted
   \                     `?<Constant "\\nYr Mn Dt Dy Hr:Mn:Sc">`:
   \   00000000   0A5972204D6E       DC8 "\012Yr Mn Dt Dy Hr:Mn:Sc"
   \              204474204479
   \              2048723A4D6E
   \              3A536300    
   \   00000016   0000               DC8 0, 0
   \   00000018   0A253032582F       DC8 "\012%02X/%02X/%02X %2X"
   \              253032582F25
   \              303258202532
   \              5800        
   \   0000002C   20253032583A       DC8 " %02X:%02X:%02X"
   \              253032583A25
   \              30325800    
   \   0000003C   0A253032782F       DC8 "\012%02x/%02x/%02x %02x"
   \              253032782F25
   \              303278202530
   \              327800      
   \   00000051   000000             DC8 0, 0, 0
   \   00000054   20253032783A       DC8 " %02x:%02x:%02x %cM"
   \              253032783A25
   \              303278202563
   \              4D00        

   \                                 In segment DATA_C, align 4, align-sorted
   \                     `?<Constant "\\n%02X ">`:
   \   00000000   0A2530325820       DC8 "\012%02X "
   \              00          
   \   00000007   00                 DC8 0
   \   00000008   253032582000       DC8 "%02X "
   \   0000000E   0000               DC8 0, 0

   \                                 In segment DATA_C, align 4, align-sorted
   \                     `?<Constant "\\n1-Alarm each second">`:
   \   00000000   0A312D416C61       DC8 "\0121-Alarm each second"
   \              726D20656163
   \              68207365636F
   \              6E6400      
   \   00000015   000000             DC8 0, 0, 0
   \   00000018   0A322D416C61       DC8 "\0122-Alarm match=sec 3-Alarm match=sec+min"
   \              726D206D6174
   \              63683D736563
   \              20332D416C61
   \              726D206D6174
   \              63683D736563
   \              2B6D696E00  
   \   00000041   000000             DC8 0, 0, 0
   \   00000044   0A342D416C61       DC8 "\0124-Alarm match=sec+min+hr"
   \              726D206D6174
   \              63683D736563
   \              2B6D696E2B68
   \              7200        
   \   0000005E   0000               DC8 0, 0
   \   00000060   0A352D416C61       DC8 "\0125-Alarm match=sec+min+hr+date"
   \              726D206D6174
   \              63683D736563
   \              2B6D696E2B68
   \              722B64617465
   \              00          
   \   0000007F   00                 DC8 0
   \   00000080   0A362D416C61       DC8 "\0126-Alarm match=sec+min+hr+day"
   \              726D206D6174
   \              63683D736563
   \              2B6D696E2B68
   \              722B64617900
   \   0000009E   0000               DC8 0, 0
   \   000000A0   0A456E746572       DC8 "\012Enter selection: "
   \              2073656C6563
   \              74696F6E3A20
   \              00          
   \   000000B3   00                 DC8 0
   \   000000B4   0A456E746572       DC8 "\012Enter the day (1-7): "
   \              207468652064
   \              61792028312D
   \              37293A2000  
   \   000000CB   00                 DC8 0
   \   000000CC   0A456E746572       DC8 "\012Enter the date (1-31): "
   \              207468652064
   \              617465202831
   \              2D3331293A20
   \              00          
   \   000000E5   000000             DC8 0, 0, 0
   \   000000E8   0A456E746572       DC8 "\012Enter the hour (1-23): "
   \              207468652068
   \              6F7572202831
   \              2D3233293A20
   \              00          
   \   00000101   000000             DC8 0, 0, 0
   \   00000104   0A456E746572       DC8 "\012Enter the minute (0-59): "
   \              20746865206D
   \              696E75746520
   \              28302D353929
   \              3A2000      
   \   0000011F   00                 DC8 0
   \   00000120   0A456E746572       DC8 "\012Enter the second (0-59): "
   \              207468652073
   \              65636F6E6420
   \              28302D353929
   \              3A2000      
   \   0000013B   00                 DC8 0

   \                                 In segment DATA_C, align 4, align-sorted
   \                     `?<Constant "\\nAlarm 1: %02x %02x %...">`:
   \   00000000   0A416C61726D       DC8 "\012Alarm 1: %02x %02x %02x %02x"
   \              20313A202530
   \              327820253032
   \              782025303278
   \              202530327800
   \   0000001E   0000               DC8 0, 0

   Maximum stack usage in bytes:

     Function             CSTACK
     --------             ------
     DS1307_main             24
     DS1307_readbyte          8
     DS1307_test_function    32
     DS1307_writebyte        12
     I2C_read                24
     I2C_start                8
     I2C_stop                12
     I2C_write               20
     alrm_int                32
     alrm_read               20
     burstramread            12
     burstramwrite           12
     date_time_update         8
     disp_clk_regs           56
     ds1307_init_set          8
     ds1307_initialize        4
     rtc_clock_read           8
     rtc_clock_set            8
     rtc_date_read            8
     rtc_date_set             8
     rtc_time_read            8
     tc_setup                20


   Segment part sizes:

     Function/Label                 Bytes
     --------------                 -----
     date_time_update                 64
     ?Subroutine22                    34
     Year                             14
     sda                               1
     DSregister                       64
     DS1307_test_function           1584
     ?Subroutine23                    12
     I2C_start                        40
     I2C_stop                         46
     ?Subroutine24                    10
     RTCerror                          1
     I2C_write                       136
     ?Subroutine25                    36
     I2C_read                        204
     Add                               1
     Data                              1
     DS1307_readbyte                  50
     DS1307_writebyte                 30
     ds1307_initialize                32
     ds1307_init_set                 104
     rtc_date_set                     46
     rtc_clock_set                    48
     rtc_time_read                    64
     rtc_date_read                    32
     rtc_clock_read                   56
     RI                                1
     disp_clk_regs                   236
     burstramwrite                    32
     burstramread                     88
     alrm_int                        284
     alrm_read                        84
     tc_setup                        236
     DS1307_main                     324
     ??DataTable0                      4
     ??DataTable19                     4
     ??DataTable20                     4
     ??DataTable21                     4
     ??DataTable23                     4
     ??DataTable24                     4
     ??DataTable25                     4
     ??DataTable30                     4
     ??DataTable31                     4
     ??DataTable33                     4
     ??DataTable34                     4
     ?<Constant "\n2:Date Time Read ">
                                     504
     ?<Constant "\nEnable Trickle Charg...">
                                     124
     ?<Constant "Jul 20 2007">       272
     ?<Constant "%1c">                 4
     ?<Constant "\nYr Mn Dt Dy Hr:Mn:Sc">
                                     104
     ?<Constant "\n%02X ">            16
     ?<Constant "\n1-Alarm each second">
                                     316
     ?<Constant "\nAlarm 1: %02x %02x %...">
                                      32
      Others                         292

 
 4 236 bytes in segment CODE
 1 372 bytes in segment DATA_C
    83 bytes in segment DATA_Z
    12 bytes in segment INITTAB
 
 3 956 bytes of CODE  memory (+ 292 bytes shared)
 1 372 bytes of CONST memory
    83 bytes of DATA  memory

Errors: none
Warnings: none
