##############################################################################
#                                                                            #
# IAR ARM ANSI C/C++ Compiler V4.40A/W32 EVALUATION    20/Jul/2007  17:07:32 #
# Copyright 1999-2005 IAR Systems. All rights reserved.                      #
#                                                                            #
#    Cpu mode        =  interwork                                            #
#    Endian          =  little                                               #
#    Stack alignment =  4                                                    #
#    Source file     =  C:\E-pia\EpiaLoadMonit_v01\EpiaLoadMonit\src\EpiaLoa #
#                       dMonit_FLASH.c                                       #
#    Command line    =  C:\E-pia\EpiaLoadMonit_v01\EpiaLoadMonit\src\EpiaLoa #
#                       dMonit_FLASH.c -D NDEBUG -lC                         #
#                       C:\E-pia\EpiaLoadMonit_v01\EpiaLoadMonit\compil\Rele #
#                       ase\List\ -o C:\E-pia\EpiaLoadMonit_v01\EpiaLoadMoni #
#                       t\compil\Release\Obj\ -z9 --debug --cpu_mode thumb   #
#                       --endian little --cpu ARM7TDMI --stack_align 4       #
#                       --interwork -e --fpu None --dlib_config "C:\Program  #
#                       Files\IAR Systems\Embedded Workbench 4.0             #
#                       Evaluation\ARM\LIB\dl4tptinl8n.h" -I                 #
#                       C:\E-pia\EpiaLoadMonit_v01\EpiaLoadMonit\compil\srcI #
#                       AR\ -I C:\E-pia\EpiaLoadMonit_v01\EpiaLoadMonit\comp #
#                       il\..\src\ -I C:\E-pia\EpiaLoadMonit_v01\EpiaLoadMon #
#                       it\compil\..\..\ -I "C:\Program Files\IAR            #
#                       Systems\Embedded Workbench 4.0 Evaluation\ARM\INC\"  #
#    List file       =  C:\E-pia\EpiaLoadMonit_v01\EpiaLoadMonit\compil\Rele #
#                       ase\List\EpiaLoadMonit_FLASH.lst                     #
#    Object file     =  C:\E-pia\EpiaLoadMonit_v01\EpiaLoadMonit\compil\Rele #
#                       ase\Obj\EpiaLoadMonit_FLASH.r79                      #
#                                                                            #
#                                                                            #
##############################################################################

C:\E-pia\EpiaLoadMonit_v01\EpiaLoadMonit\src\EpiaLoadMonit_FLASH.c
      1          // ----------------------------------------------------------------------------
      2          //         Epiatech co,. LTD  -  Lee Y k  -
      3          // ----------------------------------------------------------------------------
      4          // File Name           : EpiaLiadMonit_FLASH.c
      5          // Object              : AT91SAM7X256 Embeded Flash Memory Management
      6          // Creation            : 2007-07-06
      7          // ----------------------------------------------------------------------------
      8          // Include Standard LIB  files
      9          #include "project.h"

   \                                 In segment CODE, align 4, keep-with-next
   \   __??Code16?? __code __interwork __atpcs void AT91F_AIC_DisableIt(AT91PS_AIC, unsigned int)
   \                     AT91F_AIC_DisableIt:
   \   00000000   0122               MOVS     R2,#+1
   \   00000002   8A40               LSLS     R2,R2,R1
   \   00000004   9221               MOVS     R1,#+146
   \   00000006   4900               LSLS     R1,R1,#+1        ;; #+292
   \   00000008   4018               ADDS     R0,R0,R1
   \   0000000A   0260               STR      R2,[R0, #+0]
   \   0000000C   4260               STR      R2,[R0, #+4]
   \   0000000E   7047               BX       LR               ;; return
     10          
     11          /*****************************************************************************/
     12          /*          FLASH MEMORY MAPPING DEFINITIONS FOR AT91SAM7X256                */
     13          /*****************************************************************************/
     14          /*
     15          AT91C_IFLASH              	EQU (0x00100000) ;- Internal FLASH base address
     16          AT91C_IFLASH_SIZE         	EQU (0x00040000) ;- Internal FLASH size in byte (256 Kbytes)
     17          AT91C_IFLASH_PAGE_SIZE    	EQU (256) 	;- Internal FLASH Page Size: 256 bytes
     18          AT91C_IFLASH_LOCK_REGION_SIZE	EQU (16384) 	;- Internal FLASH Lock Region Size: 16 Kbytes
     19          AT91C_IFLASH_NB_OF_PAGES  	EQU (1024) 	;- Internal FLASH Number of Pages: 1024 bytes
     20          AT91C_IFLASH_NB_OF_LOCK_BITS 	EQU (16) 	;- Internal FLASH Number of Lock Bits: 16 bytes
     21          
     22          typedef struct _AT91S_MC {
     23          	AT91_REG	 MC_RCR; 	// MC Remap Control Register
     24          	AT91_REG	 MC_ASR; 	// MC Abort Status Register
     25          	AT91_REG	 MC_AASR; 	// MC Abort Address Status Register
     26          	AT91_REG	 Reserved0[21]; 	// 
     27          	AT91_REG	 MC_FMR; 	// MC Flash Mode Register
     28          	AT91_REG	 MC_FCR; 	// MC Flash Command Register
     29          	AT91_REG	 MC_FSR; 	// MC Flash Status Register
     30          } AT91S_MC, *AT91PS_MC;
     31          */
     32          
     33          #define	SAMPLE_ID	0xAA55
     34          #define	SAMPLE_PER_RECORD	40
     35          
     36          #define	FLASH_START_ADD		0x00100000
     37          #define	FDATA_START_ADD		0x00120000
     38          #define	FLASH_PARAMETER_ADD	0x0011FF00
     39          
     40          #define	FDATA_START_PAGE	0x0200
     41          #define	FDATA_SIZE		0x00020000
     42          #define	EFC_KEY			0x5A << 24
     43          #define	EFC_WAIT		4 << 8
     44          
     45          // Flash Mode
     46          #define	EFC_FRDY	1		// Flash ready int enable
     47          #define	EFC_LOCKE_IE	4		// Flash lock error int enable
     48          #define	EFC_PROGE_IE	8		// Programming error int enable
     49          #define	EFC_NO_ERASE	0x80		// No erase before programming
     50          #define	EFC_FLASH_WATE	0x03 << 8       // Flash wait state(0-3)
     51          #define	EFC_CYCLE_NO	72 << 16	// Flash uSec cycle no
     52          #define	EFC_MODE_DEFAULT	EFC_CYCLE_NO|EFC_FLASH_WATE	
     53          
     54          // Flash Command
     55          #define	EFC_WRITE_PAGE	1		// Write Page
     56          #define	EFC_SET_LOCK    2               // Set lock bit
     57          #define	EFC_WRITE_LOCK  3               // Write page & lock 
     58          #define	EFC_CLEAR_LOCK  4               // Clear lock bit
     59          #define	EFC_ERASE_ALL   8               // Erase all
     60          #define	EFC_SET_NVM     0x0B            // Set GP NVM bit
     61          #define	EFC_CLEAR_NVM	0x0D		// Clear GP NVM bit
     62          #define	EFC_SECURITY    0x0F            // Set Security bit
     63          
     64          //Flash Status
     65          #define	EFC_READY	0x00000001	// Flash ready
     66          #define	EFC_LOCK_ERR	0x00000002      // Lock error
     67          #define	EFC_PROG_ERR    0x00000004      // Programming error
     68          #define	EFC_SECU_STS	0x00000008      // Security bit status
     69          #define	EFC_GPNVM0	0x00000100      // GP NVM bit 0
     70          #define	EFC_GPNVM1	0x00000200      // GP NVM bit 1
     71          #define	EFC_GPNVM2	0x00000400      // GP NVM bit 2
     72          #define	EFC_LOCK	0x00010000      // Lock region(x) lock status
     73          
     74          #define	FLASH_MAIN	10
     75          #define	FLASH_ERASE	100
     76          #define	FLASH_READ   	200
     77          #define	FLASH_WRITE	300
     78          #define	FLASH_LOCK      400
     79          #define	FLASH_UNLOCK    500
     80          #define	EFC_REG_EDIT	600
     81          
     82          AT91PS_MC FLASH_pt = AT91C_BASE_MC;
     83          #define	EFC_CMD		FLASH_pt->MC_FCR
     84          #define	EFC_MODE	FLASH_pt->MC_FMR 
     85          #define	EFC_STATUS	FLASH_pt->MC_FSR 
     86          

   \                                 In segment DATA_Z, align 4, align-sorted
     87          unsigned int uiFlashMode, uiFlashCmd, uiFlashSts, uiFlashSts0;
   \                     uiFlashMode:
   \   00000000                      DS8 4

   \                                 In segment DATA_Z, align 4, align-sorted
   \                     uiFlashCmd:
   \   00000000                      DS8 4

   \                                 In segment DATA_Z, align 4, align-sorted
     88          unsigned int uiFlashAdd, uiFlashData;
   \                     uiFlashData:
   \   00000000                      DS8 4
     89          unsigned int iCurTime, iOldTime;
     90          unsigned int uiRegisterAdd;
     91          unsigned int uiRegisterData;
     92          unsigned int * uiRegisterPtr;
     93          

   \                                 In segment DATA_Z, align 4, align-sorted
     94          unsigned int uiFlashBuffer[64];
   \                     uiFlashBuffer:
   \   00000000                      DS8 256

   \                                 In segment DATA_Z, align 4, align-sorted
     95          unsigned int uiBackupData[64];
   \                     uiBackupData:
   \   00000000                      DS8 256
     96          unsigned int *pFlashPtr;

   \                                 In segment DATA_Z, align 4, align-sorted
     97          unsigned int *pFptr;
   \                     pFptr:
   \   00000000                      DS8 4
     98          
     99          unsigned int  iVoltSum, iAmpSum, iActivSum;
    100          short sVACount, sActiveCount; 
    101          short sStoreTime, iInterVal;
    102          short sStoreStep, sStoreDelay;
    103          short sFlashPage, sEraseQty;
    104          short sStorePage;
    105          short sViewPage;
    106          unsigned short usStoreNo;
    107          
    108          unsigned short sSampleNo;

   \                                 In segment DATA_Z, align 4, align-sorted
    109          unsigned short usMeasureBuf[128];
   \                     usMeasureBuf:
   \   00000000                      DS8 256
    110          char Result;

   \                                 In segment DATA_Z, align 1, align-sorted
    111          char FlashCmd;
   \                     FlashCmd:
   \   00000000                      DS8 1
    112          char DataMonit;
    113          char FlashMask;
    114          unsigned char MeasureNo;
    115          
    116          /*-------------------------------*/
    117          /* Flash Status Field Definition */
    118          /*-------------------------------*/
    119          
    120          #define AT91C_MC_FSR_MVM	((unsigned int) 0xFF << 8)		// (MC) Status Register GPNVMx: General-purpose NVM Bit Status
    121          #define AT91C_MC_FSR_LOCK	((unsigned int) 0xFFFF << 16)	// (MC) Status Register LOCKSx: Lock Region x Lock Status
    122          #define	ERASE_VALUE 		0xFFFFFFFF
    123          #define FLASH_PAGE_SIZE_BYTE	256
    124          #define TRUE  (1==1)
    125          #define FALSE (0==1)
    126          #define true  (1==1)
    127          #define false (0==1)
    128          
    129          //extern void po_unlock(void);
    130          //extern void po_lock(void);
    131          
    132          //*----------------------------------------------------------------------------
    133          //* \fn    AT91F_Flash_Ready
    134          //* \brief Wait the flash ready
    135          //*----------------------------------------------------------------------------

   \                                 In segment CODE_I, align 4, keep-with-next
    136          __ramfunc int AT91F_Flash_Ready (void)
    137          {
   \                     AT91F_Flash_Ready:
   \   00000000   00B5               PUSH     {LR}
    138            unsigned int status;
    139            char time;
    140            
    141            status = 0;
    142            time = 255;
   \   00000002   FF21               MOVS     R1,#+255
    143            
    144            //* Wait the end of command
    145            while (((status & AT91C_MC_FRDY) != AT91C_MC_FRDY )&(time != 0))
    146            {
    147              status = AT91F_MC_EFC_GetStatus( AT91C_BASE_MC );
   \                     ??AT91F_Flash_Ready_0:
   \   00000004   9720               MOVS     R0,#+151
   \   00000006   C043               MVNS     R0,R0            ;; #-152
   \   00000008   0068               LDR      R0,[R0, #+0]
    148              time--;
   \   0000000A   491E               SUBS     R1,R1,#+1
   \   0000000C   0906               LSLS     R1,R1,#+24
   \   0000000E   090E               LSRS     R1,R1,#+24
    149            }
   \   00000010   C207               LSLS     R2,R0,#+31
   \   00000012   01D4               BMI      ??AT91F_Flash_Ready_1
   \   00000014   0A00               MOVS     R2,R1
   \   00000016   F5D1               BNE      ??AT91F_Flash_Ready_0
    150            return status;
   \                     ??AT91F_Flash_Ready_1:
   \   00000018   02BC               POP      {R1}
   \   0000001A   0847               BX       R1               ;; return
    151          }
    152          
    153          //*----------------------------------------------------------------------------
    154          //* \fn    AT91F_Flash_Init
    155          //* \brief Flash init
    156          //*----------------------------------------------------------------------------

   \                                 In segment CODE, align 4, keep-with-next
    157          void AT91F_Flash_Init (void)
    158          {
    159            //* Set Flash Waite sate
    160            //  Single Cycle Access at Up to 30 MHz, or 40
    161            //  if AT91C_MASTER_CLOCK = 47923200 I have 48 Cycle for 1 usecond ( flied MC_FMR->FMCN )
    162            //  48 x 1,5 = 72
    163            AT91F_MC_EFC_CfgModeReg( AT91C_BASE_MC, ((AT91C_MC_FMCN)&(72 <<16)) | AT91C_MC_FWS_3FWS );
   \                     AT91F_Flash_Init:
   \   00000000   9F20               MOVS     R0,#+159
   \   00000002   C043               MVNS     R0,R0            ;; #-160
   \   00000004   0149               LDR      R1,??AT91F_Flash_Init_0  ;; 0x480300
   \   00000006   0160               STR      R1,[R0, #+0]
    164          }
   \   00000008   7047               BX       LR               ;; return
   \   0000000A   C046               Nop      
   \                     ??AT91F_Flash_Init_0:
   \   0000000C   00034800           DC32     0x480300
    165          
    166          //*----------------------------------------------------------------------------
    167          //* \fn    AT91F_Flash_Lock_Status
    168          //* \brief Get the Lock bits field status
    169          //*----------------------------------------------------------------------------

   \                                 In segment CODE_I, align 4, keep-with-next
    170          __ramfunc int AT91F_Flash_Lock_Status(void)
    171          {
    172            return( AT91F_MC_EFC_GetStatus( AT91C_BASE_MC ) & AT91C_MC_FSR_LOCK );
   \                     AT91F_Flash_Lock_Status:
   \   00000000   9720               MOVS     R0,#+151
   \   00000002   C043               MVNS     R0,R0            ;; #-152
   \   00000004   0068               LDR      R0,[R0, #+0]
   \   00000006   000C               LSRS     R0,R0,#+16
   \   00000008   0004               LSLS     R0,R0,#+16
   \   0000000A   7047               BX       LR               ;; return
    173          }
    174          
    175          //*----------------------------------------------------------------------------
    176          //* \fn    AT91F_Flash_Lock
    177          //* \brief Write the lock bit and set at 0 FSR Bit = 1
    178          //* \input page number (0-1023)
    179          //* \output Region
    180          //*----------------------------------------------------------------------------

   \                                 In segment CODE_I, align 4, keep-with-next
    181          __ramfunc int AT91F_Flash_Lock (unsigned int Flash_Lock_Page)
    182          {
   \                     AT91F_Flash_Lock:
   \   00000000   00B5               PUSH     {LR}
    183            //* write the flash
    184            //* Write the Set Lock Bit command
    185            AT91F_MC_EFC_PerformCmd( AT91C_BASE_MC, AT91C_MC_CORRECT_KEY | AT91C_MC_FCMD_LOCK | (AT91C_MC_PAGEN & (Flash_Lock_Page << 8) ) );
   \   00000002   9B21               MOVS     R1,#+155
   \   00000004   C943               MVNS     R1,R1            ;; #-156
   \   00000006   0002               LSLS     R0,R0,#+8
   \   00000008   ....               LDR      R2,??DataTable6  ;; 0x3ff00
   \   0000000A   0240               ANDS     R2,R2,R0
   \   0000000C   0048               LDR      R0,??AT91F_Flash_Lock_0  ;; 0x5a000002
   \   0000000E   ....               B.N      ?Subroutine27
   \                     ??AT91F_Flash_Lock_0:
   \   00000010   0200005A           DC32     0x5a000002
    186          
    187            //* Wait the end of command
    188            AT91F_Flash_Ready();
    189            return (AT91F_Flash_Lock_Status());
    190          }

   \                                 In segment CODE_I, align 4, keep-with-next
   \                     ?Subroutine27:
   \   00000000   1043               ORRS     R0,R0,R2
   \   00000002   0860               STR      R0,[R1, #+0]
   \   00000004   ........           BL       AT91F_Flash_Ready
   \   00000008   9720               MOVS     R0,#+151
   \   0000000A   C043               MVNS     R0,R0            ;; #-152
   \   0000000C   0068               LDR      R0,[R0, #+0]
   \   0000000E   000C               LSRS     R0,R0,#+16
   \   00000010   0004               LSLS     R0,R0,#+16
   \   00000012   02BC               POP      {R1}
   \   00000014   0847               BX       R1               ;; return
   \   00000016   C046               Nop      
   \                     ??Subroutine27_0:
   \   00000018   0400005A           DC32     0x5a000004
    191          
    192          //*----------------------------------------------------------------------------
    193          //* \fn    AT91F_Flash_Check_Erase
    194          //* \brief Check the memory at 0xFF in 32 bits access
    195          //*----------------------------------------------------------------------------

   \                                 In segment CODE_I, align 4, keep-with-next
    196          __ramfunc int AT91F_Flash_Check_Erase (unsigned int * start, unsigned int size)
    197          {
   \                     AT91F_Flash_Check_Erase:
   \   00000000   10B5               PUSH     {R4,LR}
    198            unsigned int i;
    199          
    200            //* Check if flash is erased
    201            for (i=0; i < (size/4) ; i++ )
   \   00000002   0022               MOVS     R2,#+0
   \   00000004   0024               MOVS     R4,#+0
   \   00000006   E443               MVNS     R4,R4            ;; #-1
   \   00000008   00E0               B        ??AT91F_Flash_Check_Erase_0
   \                     ??AT91F_Flash_Check_Erase_1:
   \   0000000A   521C               ADDS     R2,R2,#+1
   \                     ??AT91F_Flash_Check_Erase_0:
   \   0000000C   8B08               LSRS     R3,R1,#+2
   \   0000000E   9A42               CMP      R2,R3
   \   00000010   05D2               BCS      ??AT91F_Flash_Check_Erase_2
    202            {
    203              if ( start[i] != ERASE_VALUE )
   \   00000012   9300               LSLS     R3,R2,#+2
   \   00000014   C358               LDR      R3,[R0, R3]
   \   00000016   A342               CMP      R3,R4
   \   00000018   F7D0               BEQ      ??AT91F_Flash_Check_Erase_1
    204              {
    205                return  false;
   \   0000001A   0020               MOVS     R0,#+0
   \   0000001C   00E0               B        ??AT91F_Flash_Check_Erase_3
    206              }
    207            }
    208            return true ;
   \                     ??AT91F_Flash_Check_Erase_2:
   \   0000001E   0120               MOVS     R0,#+1
   \                     ??AT91F_Flash_Check_Erase_3:
   \   00000020   10BC               POP      {R4}
   \   00000022   02BC               POP      {R1}
   \   00000024   0847               BX       R1               ;; return
    209          }
    210          
    211          //*----------------------------------------------------------------------------
    212          //* \fn    AT91F_Flash_Erase_All
    213          //* \brief Send command erase all flash
    214          //*----------------------------------------------------------------------------

   \                                 In segment CODE_I, align 4, keep-with-next
    215          __ramfunc int AT91F_Flash_Erase_All(void)
    216          {
   \                     AT91F_Flash_Erase_All:
   \   00000000   00B5               PUSH     {LR}
    217            //* Write the Erase All command
    218            AT91F_MC_EFC_PerformCmd( AT91C_BASE_MC, AT91C_MC_CORRECT_KEY | AT91C_MC_FCMD_ERASE_ALL );
   \   00000002   9B20               MOVS     R0,#+155
   \   00000004   C043               MVNS     R0,R0            ;; #-156
   \   00000006   0749               LDR      R1,??AT91F_Flash_Erase_All_0  ;; 0x5a000008
   \   00000008   0160               STR      R1,[R0, #+0]
    219            //* Wait the end of command
    220            AT91F_Flash_Ready();
   \   0000000A   ........           BL       AT91F_Flash_Ready
    221            //* Check the result
    222            return( ( AT91F_MC_EFC_GetStatus( AT91C_BASE_MC ) & ( AT91C_MC_PROGE | AT91C_MC_LOCKE ))==0) ;
   \   0000000E   9720               MOVS     R0,#+151
   \   00000010   C043               MVNS     R0,R0            ;; #-152
   \   00000012   0068               LDR      R0,[R0, #+0]
   \   00000014   0C21               MOVS     R1,#+12
   \   00000016   0842               TST      R0,R1
   \   00000018   01D1               BNE      ??AT91F_Flash_Erase_All_1
   \   0000001A   0120               MOVS     R0,#+1
   \   0000001C   00E0               B        ??AT91F_Flash_Erase_All_2
   \                     ??AT91F_Flash_Erase_All_1:
   \   0000001E   0020               MOVS     R0,#+0
   \                     ??AT91F_Flash_Erase_All_2:
   \   00000020   02BC               POP      {R1}
   \   00000022   0847               BX       R1               ;; return
   \                     ??AT91F_Flash_Erase_All_0:
   \   00000024   0800005A           DC32     0x5a000008
    223          }
    224          
    225          //*----------------------------------------------------------------------------
    226          //* \fn    AT91F_Flash_Unlock
    227          //* \brief Clear the lock bit and set at 1 FSR bit=0
    228          //* \input page number (0-1023)
    229          //* \output Region
    230          //*----------------------------------------------------------------------------

   \                                 In segment CODE_I, align 4, keep-with-next
    231          __ramfunc int AT91F_Flash_Unlock(unsigned int Flash_Lock_Page)
    232          {
   \                     AT91F_Flash_Unlock:
   \   00000000   00B5               PUSH     {LR}
    233            //* Write the Clear Lock Bit command
    234            AT91F_MC_EFC_PerformCmd( AT91C_BASE_MC, AT91C_MC_CORRECT_KEY | AT91C_MC_FCMD_UNLOCK | (AT91C_MC_PAGEN & (Flash_Lock_Page << 8) ) );
   \   00000002   9B21               MOVS     R1,#+155
   \   00000004   C943               MVNS     R1,R1            ;; #-156
   \   00000006   0002               LSLS     R0,R0,#+8
   \   00000008   ....               LDR      R2,??DataTable6  ;; 0x3ff00
   \   0000000A   0240               ANDS     R2,R2,R0
   \   0000000C   ....               LDR      R0,??Subroutine27_0  ;; 0x5a000004
   \   0000000E   C046               Nop      
   \   00000010                      REQUIRE ?Subroutine27
   \   00000010                      ;; // Fall through to label ?Subroutine27
    235          
    236            //* Wait the end of command
    237            AT91F_Flash_Ready();
    238            return( AT91F_Flash_Lock_Status() );
    239          }
    240          
    241          unsigned long CPT_LOCK = 0;
    242          /******************************************************************
    243          *
    244          * SUB-ROUTINE  po_unlock
    245          *
    246          *------------------------------------------------------------------
    247          *
    248          * purpose : releases a spin lock and restores the original IRQL at
    249          *      which the caller was running.
    250          *
    251          ******************************************************************/

   \                                 In segment CODE_I, align 4, keep-with-next
    252          __ramfunc void po_unlock()
    253          {
   \                     po_unlock:
   \   00000000   00B5               PUSH     {LR}
    254            CPT_LOCK--;
   \   00000002   ....               LDR      R0,??DataTable4  ;; Result
   \   00000004   416D               LDR      R1,[R0, #+84]
   \   00000006   491E               SUBS     R1,R1,#+1
   \   00000008   4165               STR      R1,[R0, #+84]
    255            if( 0 == CPT_LOCK )
   \   0000000A   0FD1               BNE      ??po_unlock_0
    256            {
    257              AT91F_AIC_EnableIt (AT91C_BASE_AIC, AT91C_ID_TC0);
   \   0000000C   0849               LDR      R1,??po_unlock_1  ;; 0xfffff120
   \   0000000E   8022               MOVS     R2,#+128
   \   00000010   5201               LSLS     R2,R2,#+5        ;; #+4096
   \   00000012   0A60               STR      R2,[R1, #+0]
    258              AT91F_AIC_EnableIt (AT91C_BASE_AIC, AT91C_ID_TC1);
   \   00000014   5200               LSLS     R2,R2,#+1
   \   00000016   0A60               STR      R2,[R1, #+0]
    259              AT91F_AIC_EnableIt (AT91C_BASE_AIC, AT91C_ID_US0);
   \   00000018   4022               MOVS     R2,#+64
   \   0000001A   0A60               STR      R2,[R1, #+0]
    260              AT91F_AIC_EnableIt (AT91C_BASE_AIC, AT91C_ID_US1);
   \   0000001C   8022               MOVS     R2,#+128
   \   0000001E   0A60               STR      R2,[R1, #+0]
    261              AT91F_AIC_EnableIt (AT91C_BASE_AIC, AT91C_ID_SYS);
   \   00000020   0222               MOVS     R2,#+2
   \   00000022   0A60               STR      R2,[R1, #+0]
    262              
    263              // FIQ & IRQ mask,  필요한 코드인지 확실치 않음
    264              uiRegisterPtr = (unsigned int *)0xFFFFF138;
   \   00000024   ....               LDR      R1,??DataTable5  ;; 0xfffff138
   \   00000026   0164               STR      R1,[R0, #+64]
    265              *uiRegisterPtr = 0;
   \   00000028   0020               MOVS     R0,#+0
   \   0000002A   0860               STR      R0,[R1, #+0]
    266              
    267              //AT91F_enable_interrupt();
    268            }
    269          }
   \                     ??po_unlock_0:
   \   0000002C   01BC               POP      {R0}
   \   0000002E   0047               BX       R0               ;; return
   \                     ??po_unlock_1:
   \   00000030   20F1FFFF           DC32     0xfffff120
    270          
    271          /******************************************************************
    272          *
    273          * SUB-ROUTINE  po_lock
    274          *
    275          *------------------------------------------------------------------
    276          *
    277          * purpose : acquires a spin lock so the caller can synchronize access
    278          *      to shared data in a multiprocessor-safe way by raising IRQL.
    279          *
    280          ******************************************************************/

   \                                 In segment CODE_I, align 4, keep-with-next
    281          __ramfunc void po_lock()
    282          {
   \                     po_lock:
   \   00000000   30B5               PUSH     {R4,R5,LR}
    283            if( 0 == CPT_LOCK )
   \   00000002   ....               LDR      R4,??DataTable4  ;; Result
   \   00000004   606D               LDR      R0,[R4, #+84]
   \   00000006   0028               CMP      R0,#+0
   \   00000008   18D1               BNE      ??po_lock_0
    284            {
    285              //  // FIQ, IRQ mask 복구, 필요한 코드인지 확실치 않음
    286              uiRegisterPtr = (unsigned int *)0xFFFFF138;
   \   0000000A   ....               LDR      R0,??DataTable5  ;; 0xfffff138
   \   0000000C   2064               STR      R0,[R4, #+64]
    287              *uiRegisterPtr = 2;
   \   0000000E   0221               MOVS     R1,#+2
   \   00000010   0160               STR      R1,[R0, #+0]
    288              //Warning이 발생하는 이유가 불명 
    289              AT91F_AIC_DisableIt (AT91C_BASE_AIC, AT91C_ID_TC0);
                                                                       ^
Warning[Ta023]: Call to a non __ramfunc function (AT91F_AIC_DisableIt) from
          within a __ramfunc function
   \   00000012   0D4D               LDR      R5,??po_lock_1   ;; 0xfffff000
   \   00000014   0C21               MOVS     R1,#+12
   \   00000016   2800               MOVS     R0,R5
   \   00000018   ........           _BLF     AT91F_AIC_DisableIt,??AT91F_AIC_DisableIt??rT?CODE_I
    290              AT91F_AIC_DisableIt (AT91C_BASE_AIC, AT91C_ID_TC1);
                                                                       ^
Warning[Ta023]: Call to a non __ramfunc function (AT91F_AIC_DisableIt) from
          within a __ramfunc function
   \   0000001C   0D21               MOVS     R1,#+13
   \   0000001E   2800               MOVS     R0,R5
   \   00000020   ........           _BLF     AT91F_AIC_DisableIt,??AT91F_AIC_DisableIt??rT?CODE_I
    291              AT91F_AIC_DisableIt (AT91C_BASE_AIC, AT91C_ID_US0);
                                                                       ^
Warning[Ta023]: Call to a non __ramfunc function (AT91F_AIC_DisableIt) from
          within a __ramfunc function
   \   00000024   0621               MOVS     R1,#+6
   \   00000026   2800               MOVS     R0,R5
   \   00000028   ........           _BLF     AT91F_AIC_DisableIt,??AT91F_AIC_DisableIt??rT?CODE_I
    292              AT91F_AIC_DisableIt (AT91C_BASE_AIC, AT91C_ID_US1);
                                                                       ^
Warning[Ta023]: Call to a non __ramfunc function (AT91F_AIC_DisableIt) from
          within a __ramfunc function
   \   0000002C   0721               MOVS     R1,#+7
   \   0000002E   2800               MOVS     R0,R5
   \   00000030   ........           _BLF     AT91F_AIC_DisableIt,??AT91F_AIC_DisableIt??rT?CODE_I
    293              AT91F_AIC_DisableIt (AT91C_BASE_AIC, AT91C_ID_SYS);
                                                                       ^
Warning[Ta023]: Call to a non __ramfunc function (AT91F_AIC_DisableIt) from
          within a __ramfunc function
   \   00000034   0121               MOVS     R1,#+1
   \   00000036   2800               MOVS     R0,R5
   \   00000038   ........           _BLF     AT91F_AIC_DisableIt,??AT91F_AIC_DisableIt??rT?CODE_I
    294              //AT91F_disable_interrupt();
    295            }
    296            CPT_LOCK++;
   \                     ??po_lock_0:
   \   0000003C   606D               LDR      R0,[R4, #+84]
   \   0000003E   401C               ADDS     R0,R0,#+1
   \   00000040   6065               STR      R0,[R4, #+84]
    297          }
   \   00000042   30BC               POP      {R4,R5}
   \   00000044   01BC               POP      {R0}
   \   00000046   0047               BX       R0               ;; return
   \                     ??po_lock_1:
   \   00000048   00F0FFFF           DC32     0xfffff000
    298          
    299          //*----------------------------------------------------------------------------
    300          //* \fn    AT91F_Flash_Write
    301          //* \brief Write in one Flash page located in AT91C_IFLASH,  size in 32 bits
    302          //* \input Flash_Address: start at 0x0010 0000 size: in byte
    303          //*----------------------------------------------------------------------------

   \                                 In segment CODE_I, align 4, keep-with-next
    304          __ramfunc int AT91F_Flash_Write( unsigned int Flash_Address ,int size ,unsigned int * buff, unsigned char Memset)
    305          {
   \                     AT91F_Flash_Write:
   \   00000000   F8B5               PUSH     {R3-R7,LR}
   \   00000002   0D00               MOVS     R5,R1
   \   00000004   1600               MOVS     R6,R2
    306            unsigned int i, page, status;
    307            unsigned int * Flash;
    308          //  char mode;
    309            
    310            //* init flash pointer
    311            Flash = (unsigned int *) Flash_Address;
   \   00000006   0400               MOVS     R4,R0
    312            //* Get the Flash page number
    313            page = ((Flash_Address - (unsigned int)AT91C_IFLASH ) /FLASH_PAGE_SIZE_BYTE);
   \   00000008   1349               LDR      R1,??AT91F_Flash_Write_0  ;; 0xfff00000
   \   0000000A   4018               ADDS     R0,R0,R1
   \   0000000C   070A               LSRS     R7,R0,#+8
    314          
    315            //printf( "\nFL Ad(0x%X)    ", *Flash);
    316            //printf( "\nFL Ad(0x%X)    ", Flash_Address);
    317            //printf( "\nLg(%d)\n\r", size);
    318          
    319            po_lock();
   \   0000000E   ........           BL       po_lock
    320          
    321            //AT91F_Flash_Unlock(0x200);
    322            //AT91F_MC_EFC_PerformCmd( AT91C_BASE_MC, AT91C_MC_CORRECT_KEY | AT91C_MC_FCMD_UNLOCK | (AT91C_MC_PAGEN & (0x1 << 8) ) );
    323            
    324            //* copy the new value
    325            for (i=0; (i < FLASH_PAGE_SIZE_BYTE) & (size > 0); i++,Flash++,buff++,size-=4 )
   \   00000012   0020               MOVS     R0,#+0
   \                     ??AT91F_Flash_Write_1:
   \   00000014   012D               CMP      R5,#+1
   \   00000016   0CDB               BLT      ??AT91F_Flash_Write_2
    326            {
    327              //* copy the flash to the write buffer ensuring code generation
    328              if( FALSE == Memset )
   \   00000018   3168               LDR      R1,[R6, #+0]
   \   0000001A   6A46               MOV      R2,SP
   \   0000001C   1278               LDRB     R2,[R2, #+0]
   \   0000001E   002A               CMP      R2,#+0
   \   00000020   00D0               BEQ      ??AT91F_Flash_Write_3
    329              {
    330                *Flash=*buff;
    331                //printf("\n%8X:%08X", Flash, *Flash);
    332              }
    333              else
    334              {
    335                *Flash=buff[0];
    336                buff--;
   \   00000022   361F               SUBS     R6,R6,#+4
   \                     ??AT91F_Flash_Write_3:
   \   00000024   2160               STR      R1,[R4, #+0]
    337              }
    338            }
   \   00000026   401C               ADDS     R0,R0,#+1
   \   00000028   241D               ADDS     R4,R4,#+4
   \   0000002A   361D               ADDS     R6,R6,#+4
   \   0000002C   2D1F               SUBS     R5,R5,#+4
   \   0000002E   FF28               CMP      R0,#+255
   \   00000030   F0D9               BLS      ??AT91F_Flash_Write_1
    339          
    340            //* Write the write page command
    341            //cmd = AT91C_MC_CORRECT_KEY | AT91C_MC_FCMD_START_PROG | (AT91C_MC_PAGEN & (page <<8));
    342            //status = AT91F_MC_EFC_GetStatus( AT91C_BASE_MC );
    343           
    344            //EFC_CMD = AT91C_MC_CORRECT_KEY | AT91C_MC_FCMD_START_PROG | (AT91C_MC_PAGEN & (page <<8));
    345            AT91F_MC_EFC_PerformCmd( AT91C_BASE_MC, AT91C_MC_CORRECT_KEY | AT91C_MC_FCMD_START_PROG | (AT91C_MC_PAGEN & (page <<8)) );
   \                     ??AT91F_Flash_Write_2:
   \   00000032   9B20               MOVS     R0,#+155
   \   00000034   C043               MVNS     R0,R0            ;; #-156
   \   00000036   3902               LSLS     R1,R7,#+8
   \   00000038   ....               LDR      R2,??DataTable6  ;; 0x3ff00
   \   0000003A   0A40               ANDS     R2,R2,R1
   \   0000003C   0749               LDR      R1,??AT91F_Flash_Write_0+0x4  ;; 0x5a000001
   \   0000003E   1143               ORRS     R1,R1,R2
   \   00000040   0160               STR      R1,[R0, #+0]
    346            delay_us(10000);
   \   00000042   0748               LDR      R0,??AT91F_Flash_Write_0+0x8  ;; 0x2710
   \   00000044   ........           _BLF     delay_us,??delay_us??rT?CODE_I
    347            
    348            //* Wait the end of command
    349            status = AT91F_Flash_Ready();
   \   00000048   ........           BL       AT91F_Flash_Ready
    350          
    351            po_unlock();
   \   0000004C   ........           BL       po_unlock
    352          
    353            //* Check the result
    354            status = 0;
    355            if ( (status & ( AT91C_MC_PROGE | AT91C_MC_LOCKE )) != 0)
    356            {
    357              return false;
    358            }
    359            return true;
   \   00000050   0120               MOVS     R0,#+1
   \   00000052   F8BC               POP      {R3-R7}
   \   00000054   02BC               POP      {R1}
   \   00000056   0847               BX       R1               ;; return
   \                     ??AT91F_Flash_Write_0:
   \   00000058   0000F0FF           DC32     0xfff00000
   \   0000005C   0100005A           DC32     0x5a000001
   \   00000060   10270000           DC32     0x2710
    360          }
    361          
    362          //*----------------------------------------------------------------------------
    363          //* \fn    AT91F_Flash_Write_all
    364          //* \brief Write in one Flash page located in AT91C_IFLASH,  size in byte
    365          //* \input Start address (base=AT91C_IFLASH) size (in byte ) and buff address
    366          //*----------------------------------------------------------------------------

   \                                 In segment CODE, align 4, keep-with-next
    367          int AT91F_Flash_Write_all( unsigned int Flash_Address ,int size ,unsigned int * buff)
    368          {
   \                     AT91F_Flash_Write_all:
   \   00000000   F0B5               PUSH     {R4-R7,LR}
   \   00000002   0700               MOVS     R7,R0
   \   00000004   0D00               MOVS     R5,R1
    369            int   next, status;
    370            unsigned int  dest;
    371            unsigned int * src;
    372          
    373            dest = Flash_Address;
    374            src = buff;
   \   00000006   1400               MOVS     R4,R2
    375            status = true;
   \   00000008   0120               MOVS     R0,#+1
   \                     ??AT91F_Flash_Write_all_0:
   \   0000000A   012D               CMP      R5,#+1
   \   0000000C   13DB               BLT      ??AT91F_Flash_Write_all_1
   \   0000000E   FF20               MOVS     R0,#+255
   \   00000010   801C               ADDS     R0,R0,#+2        ;; #+257
   \   00000012   8542               CMP      R5,R0
   \   00000014   01DA               BGE      ??AT91F_Flash_Write_all_2
    376          
    377            while( (status == true) & (size > 0) )
    378            {
    379              //* Check the size
    380              if (size <= FLASH_PAGE_SIZE_BYTE)
    381                next = size;
   \   00000016   2E00               MOVS     R6,R5
   \   00000018   00E0               B        ??AT91F_Flash_Write_all_3
    382              else
    383                next = FLASH_PAGE_SIZE_BYTE;
   \                     ??AT91F_Flash_Write_all_2:
   \   0000001A   461E               SUBS     R6,R0,#+1
    384          
    385              //* Write page and get status
    386              status = AT91F_Flash_Write( dest ,next ,src, FALSE);
   \                     ??AT91F_Flash_Write_all_3:
   \   0000001C   0023               MOVS     R3,#+0
   \   0000001E   2200               MOVS     R2,R4
   \   00000020   3100               MOVS     R1,R6
   \   00000022   3800               MOVS     R0,R7
   \   00000024   ........           _BLF     AT91F_Flash_Write,??AT91F_Flash_Write??rT
    387          
    388              // * get next page param
    389              size -= next;
   \   00000028   AD1B               SUBS     R5,R5,R6
    390              src += FLASH_PAGE_SIZE_BYTE/4;
   \   0000002A   8021               MOVS     R1,#+128
   \   0000002C   4900               LSLS     R1,R1,#+1        ;; #+256
   \   0000002E   6418               ADDS     R4,R4,R1
    391              dest +=  FLASH_PAGE_SIZE_BYTE;
   \   00000030   7F18               ADDS     R7,R7,R1
    392            }
   \   00000032   0128               CMP      R0,#+1
   \   00000034   E9D0               BEQ      ??AT91F_Flash_Write_all_0
    393            return status;
   \                     ??AT91F_Flash_Write_all_1:
   \   00000036   F0BC               POP      {R4-R7}
   \   00000038   02BC               POP      {R1}
   \   0000003A   0847               BX       R1               ;; return
    394          }
    395          
    396          /********************************************/
    397          /* Flash 메모리에 저장된 시스템 변수를 Load */
    398          /* 시스템 변수를  Flash 메모리에 Save       */
    399          /********************************************/
    400          #define SAVE_MASK	0xFFFFFFFF

   \                                 In segment CODE, align 4, keep-with-next
    401          void backup_data_read(void)
    402          {
   \                     backup_data_read:
   \   00000000   70B5               PUSH     {R4-R6,LR}
    403            char lp;
    404            uiFlashAdd = FLASH_PARAMETER_ADD;
   \   00000002   ....               LDR      R1,??DataTable7  ;; Result
   \   00000004   ....               LDR      R0,??DataTable27  ;; 0x11ff00
   \   00000006   C862               STR      R0,[R1, #+44]
    405            pFlashPtr = (unsigned int*) uiFlashAdd;
   \   00000008   4864               STR      R0,[R1, #+68]
    406            for (lp = 0; lp < 64; lp++)
   \   0000000A   0022               MOVS     R2,#+0
   \   0000000C   0023               MOVS     R3,#+0
   \   0000000E   ....               LDR      R0,??DataTable28  ;; uiBackupData
    407            {
    408              uiBackupData[lp] = *pFlashPtr;
   \                     ??backup_data_read_0:
   \   00000010   4C6C               LDR      R4,[R1, #+68]
   \   00000012   9D00               LSLS     R5,R3,#+2
   \   00000014   2668               LDR      R6,[R4, #+0]
   \   00000016   4651               STR      R6,[R0, R5]
    409              pFlashPtr++;
   \   00000018   241D               ADDS     R4,R4,#+4
   \   0000001A   4C64               STR      R4,[R1, #+68]
    410            }
   \   0000001C   5B1C               ADDS     R3,R3,#+1
   \   0000001E   1B06               LSLS     R3,R3,#+24
   \   00000020   1B0E               LSRS     R3,R3,#+24
   \   00000022   402B               CMP      R3,#+64
   \   00000024   F4D3               BCC      ??backup_data_read_0
    411            
    412            if (uiBackupData[10] == (uiBackupData[30] ^ SAVE_MASK))
   \   00000026   2830               ADDS     R0,R0,#+40
   \   00000028   0468               LDR      R4,[R0, #+0]
   \   0000002A   0023               MOVS     R3,#+0
   \   0000002C   DB43               MVNS     R3,R3            ;; #-1
   \   0000002E   056D               LDR      R5,[R0, #+80]
   \   00000030   5D40               EORS     R5,R5,R3
   \   00000032   AC42               CMP      R4,R5
   \   00000034   00D0               BEQ      ??backup_data_read_1
    413              iSecretCode = uiBackupData[10]; else iSecretCode = SECRET_CODE;
   \   00000036   204C               LDR      R4,??backup_data_read_2  ;; 0x258036
   \                     ??backup_data_read_1:
   \   00000038   ....               LDR      R5,??DataTable19  ;; iSecretCode
   \   0000003A   2C60               STR      R4,[R5, #+0]
    414            if (uiBackupData[11] == (uiBackupData[31] ^ SAVE_MASK))
   \   0000003C   4568               LDR      R5,[R0, #+4]
   \   0000003E   1F4C               LDR      R4,??backup_data_read_2+0x4  ;; 0x41d0
   \   00000040   466D               LDR      R6,[R0, #+84]
   \   00000042   5E40               EORS     R6,R6,R3
   \   00000044   B542               CMP      R5,R6
   \   00000046   00D0               BEQ      ??backup_data_read_3
    415              iIrmsDivider = uiBackupData[11]; else iIrmsDivider = IRMS_DIVIDER;
   \   00000048   2500               MOVS     R5,R4
   \                     ??backup_data_read_3:
   \   0000004A   ....               LDR      R6,??DataTable20  ;; iIrmsDivider
   \   0000004C   3560               STR      R5,[R6, #+0]
    416            if (uiBackupData[12] == (uiBackupData[32] ^ SAVE_MASK))
   \   0000004E   8568               LDR      R5,[R0, #+8]
   \   00000050   866D               LDR      R6,[R0, #+88]
   \   00000052   5E40               EORS     R6,R6,R3
   \   00000054   B542               CMP      R5,R6
   \   00000056   00D1               BNE      ??backup_data_read_4
    417              iIrmsOffset = uiBackupData[12]; else iIrmsOffset = IRMS_OFFSET;
   \   00000058   2C00               MOVS     R4,R5
   \                     ??backup_data_read_4:
   \   0000005A   ....               LDR      R5,??DataTable21  ;; iIrmsOffset
   \   0000005C   2C60               STR      R4,[R5, #+0]
    418            if (uiBackupData[13] == (uiBackupData[33] ^ SAVE_MASK))
   \   0000005E   C468               LDR      R4,[R0, #+12]
   \   00000060   C56D               LDR      R5,[R0, #+92]
   \   00000062   5D40               EORS     R5,R5,R3
   \   00000064   AC42               CMP      R4,R5
   \   00000066   00D0               BEQ      ??backup_data_read_5
    419              iVrmsDivider = uiBackupData[13]; else iVrmsDivider = VRMS_DIVIDER;
   \   00000068   154C               LDR      R4,??backup_data_read_2+0x8  ;; 0x2260
   \                     ??backup_data_read_5:
   \   0000006A   ....               LDR      R5,??DataTable22  ;; iVrmsDivider
   \   0000006C   2C60               STR      R4,[R5, #+0]
    420            if (uiBackupData[14] == (uiBackupData[34] ^ SAVE_MASK))
   \   0000006E   0469               LDR      R4,[R0, #+16]
   \   00000070   056E               LDR      R5,[R0, #+96]
   \   00000072   5D40               EORS     R5,R5,R3
   \   00000074   AC42               CMP      R4,R5
   \   00000076   00D0               BEQ      ??backup_data_read_6
    421              iVrmsOffset = uiBackupData[14]; else iVrmsOffset = VRMS_OFFSET;
   \   00000078   0024               MOVS     R4,#+0
   \                     ??backup_data_read_6:
   \   0000007A   ....               LDR      R5,??DataTable23  ;; iVrmsOffset
   \   0000007C   2C60               STR      R4,[R5, #+0]
    422            if (uiBackupData[15] == (uiBackupData[35] ^ SAVE_MASK))
   \   0000007E   4469               LDR      R4,[R0, #+20]
   \   00000080   456E               LDR      R5,[R0, #+100]
   \   00000082   5D40               EORS     R5,R5,R3
   \   00000084   AC42               CMP      R4,R5
   \   00000086   01D0               BEQ      ??backup_data_read_7
    423              iActiveDivider = uiBackupData[15]; else iActiveDivider = ACTIVE_DIVIDER;
   \   00000088   FA24               MOVS     R4,#+250
   \   0000008A   A400               LSLS     R4,R4,#+2        ;; #+1000
   \                     ??backup_data_read_7:
   \   0000008C   ....               LDR      R5,??DataTable24  ;; iActiveDivider
   \   0000008E   2C60               STR      R4,[R5, #+0]
    424            if (uiBackupData[16] == (uiBackupData[36] ^ SAVE_MASK))
   \   00000090   8469               LDR      R4,[R0, #+24]
   \   00000092   856E               LDR      R5,[R0, #+104]
   \   00000094   5D40               EORS     R5,R5,R3
   \   00000096   AC42               CMP      R4,R5
   \   00000098   00D0               BEQ      ??backup_data_read_8
    425              iActiveOffset = uiBackupData[16]; else iActiveOffset = ACTIVE_OFFSET;
   \   0000009A   0024               MOVS     R4,#+0
   \                     ??backup_data_read_8:
   \   0000009C   ....               LDR      R5,??DataTable25  ;; iActiveOffset
   \   0000009E   2C60               STR      R4,[R5, #+0]
    426            if (uiBackupData[17] == (uiBackupData[37] ^ SAVE_MASK))
   \   000000A0   C469               LDR      R4,[R0, #+28]
   \   000000A2   C06E               LDR      R0,[R0, #+108]
   \   000000A4   4340               EORS     R3,R3,R0
   \   000000A6   9C42               CMP      R4,R3
   \   000000A8   00D0               BEQ      ??backup_data_read_9
    427              sStoreTime = uiBackupData[17]; else sStoreTime = SAMPLE_DURATION;
   \   000000AA   3C24               MOVS     R4,#+60
   \                     ??backup_data_read_9:
   \   000000AC   4C81               STRH     R4,[R1, #+10]
    428            //if (uiBackupData[18] == (uiBackupData[38] ^ SAVE_MASK))
    429            //  Com2Mode = uiBackupData[17]; else 
    430            Com2Mode = DEFAULT_CONNECT;
   \   000000AE   ....               LDR      R0,??DataTable17  ;; Com2Mode
   \   000000B0   0270               STRB     R2,[R0, #+0]
    431          } 
   \   000000B2   ........           BL       ?Subroutine28
   \   000000B6   C046               Nop      
   \                     ??backup_data_read_2:
   \   000000B8   36802500           DC32     0x258036
   \   000000BC   D0410000           DC32     0x41d0
   \   000000C0   60220000           DC32     0x2260

   \                                 In segment CODE, align 4, keep-with-next
   \                     ?Subroutine28:
   \   00000000   70BC               POP      {R4-R6}
   \   00000002   01BC               POP      {R0}
   \   00000004   0047               BX       R0               ;; return
    432          

   \                                 In segment CODE, align 4, keep-with-next
    433          void backup_data_save(void)
    434          {
   \                     backup_data_save:
   \   00000000   F7B5               PUSH     {R0-R2,R4-R7,LR}
    435            char lp;
    436            unsigned int ui1;
    437            // buffer clear to SAVE_MASK(0xFFFFFFFF)
    438            for (lp = 0; lp < 64; lp++) uiBackupData[lp] = SAVE_MASK;
   \   00000002   0021               MOVS     R1,#+0
   \   00000004   0020               MOVS     R0,#+0
   \   00000006   C043               MVNS     R0,R0            ;; #-1
   \   00000008   ....               LDR      R3,??DataTable28  ;; uiBackupData
   \                     ??backup_data_save_0:
   \   0000000A   8A00               LSLS     R2,R1,#+2
   \   0000000C   9850               STR      R0,[R3, R2]
   \   0000000E   491C               ADDS     R1,R1,#+1
   \   00000010   0906               LSLS     R1,R1,#+24
   \   00000012   090E               LSRS     R1,R1,#+24
   \   00000014   4029               CMP      R1,#+64
   \   00000016   F8D3               BCC      ??backup_data_save_0
    439           
    440            uiBackupData[10] = iSecretCode;
   \   00000018   1E49               LDR      R1,??backup_data_save_1  ;; uiBackupData + 40
   \   0000001A   ....               LDR      R2,??DataTable19  ;; iSecretCode
   \   0000001C   1268               LDR      R2,[R2, #+0]
   \   0000001E   0092               STR      R2,[SP, #+0]
   \   00000020   0A60               STR      R2,[R1, #+0]
    441            uiBackupData[11] = iIrmsDivider;
   \   00000022   ....               LDR      R2,??DataTable20  ;; iIrmsDivider
   \   00000024   1268               LDR      R2,[R2, #+0]
   \   00000026   0192               STR      R2,[SP, #+4]
   \   00000028   4A60               STR      R2,[R1, #+4]
    442            uiBackupData[12] = iIrmsOffset;
   \   0000002A   ....               LDR      R2,??DataTable21  ;; iIrmsOffset
   \   0000002C   1268               LDR      R2,[R2, #+0]
   \   0000002E   0292               STR      R2,[SP, #+8]
   \   00000030   8A60               STR      R2,[R1, #+8]
    443            uiBackupData[13] = iVrmsDivider;
   \   00000032   ....               LDR      R2,??DataTable22  ;; iVrmsDivider
   \   00000034   1268               LDR      R2,[R2, #+0]
   \   00000036   CA60               STR      R2,[R1, #+12]
    444            uiBackupData[14] = iVrmsOffset;
   \   00000038   ....               LDR      R3,??DataTable23  ;; iVrmsOffset
   \   0000003A   1B68               LDR      R3,[R3, #+0]
   \   0000003C   0B61               STR      R3,[R1, #+16]
    445            uiBackupData[15] = iActiveDivider;
   \   0000003E   ....               LDR      R4,??DataTable24  ;; iActiveDivider
   \   00000040   2468               LDR      R4,[R4, #+0]
   \   00000042   4C61               STR      R4,[R1, #+20]
    446            uiBackupData[16] = iActiveOffset;
   \   00000044   ....               LDR      R5,??DataTable25  ;; iActiveOffset
   \   00000046   2D68               LDR      R5,[R5, #+0]
   \   00000048   8D61               STR      R5,[R1, #+24]
   \   0000004A   0A26               MOVS     R6,#+10
   \   0000004C   ....               LDR      R7,??DataTable29  ;; Result
   \   0000004E   BE5F               LDRSH    R6,[R7, R6]
    447            ui1 = sStoreTime;
    448            uiBackupData[17] = ui1;
   \   00000050   CE61               STR      R6,[R1, #+28]
    449            //ui = Com2Mode;
    450            //uiBackupData[18] = ui;
    451            uiBackupData[30] = iSecretCode ^ SAVE_MASK;
   \   00000052   009F               LDR      R7,[SP, #+0]
   \   00000054   4740               EORS     R7,R7,R0
   \   00000056   0F65               STR      R7,[R1, #+80]
    452            uiBackupData[31] = iIrmsDivider ^ SAVE_MASK;
   \   00000058   019F               LDR      R7,[SP, #+4]
   \   0000005A   4740               EORS     R7,R7,R0
   \   0000005C   4F65               STR      R7,[R1, #+84]
    453            uiBackupData[32] = iIrmsOffset ^ SAVE_MASK;
   \   0000005E   029F               LDR      R7,[SP, #+8]
   \   00000060   4740               EORS     R7,R7,R0
   \   00000062   8F65               STR      R7,[R1, #+88]
    454            uiBackupData[33] = iVrmsDivider ^ SAVE_MASK;
   \   00000064   4240               EORS     R2,R2,R0
   \   00000066   CA65               STR      R2,[R1, #+92]
    455            uiBackupData[34] = iVrmsOffset ^ SAVE_MASK;
   \   00000068   4340               EORS     R3,R3,R0
   \   0000006A   0B66               STR      R3,[R1, #+96]
    456            uiBackupData[35] = iActiveDivider ^ SAVE_MASK;
   \   0000006C   4440               EORS     R4,R4,R0
   \   0000006E   4C66               STR      R4,[R1, #+100]
    457            uiBackupData[36] = iActiveOffset ^ SAVE_MASK;
   \   00000070   4540               EORS     R5,R5,R0
   \   00000072   8D66               STR      R5,[R1, #+104]
    458            uiBackupData[37] = ui1 ^ SAVE_MASK;
   \   00000074   7040               EORS     R0,R0,R6
   \   00000076   C866               STR      R0,[R1, #+108]
    459            //uiBackupData[38] = ui ^ SAVE_MASK;
    460            
    461            // Flash data write
    462            uiFlashAdd = FLASH_PARAMETER_ADD;
   \   00000078   ....               LDR      R0,??DataTable27  ;; 0x11ff00
   \   0000007A   0749               LDR      R1,??backup_data_save_1+0x4  ;; Result + 44
   \   0000007C   0860               STR      R0,[R1, #+0]
    463            Result = AT91F_Flash_Write( uiFlashAdd , FLASH_PAGE_SIZE_BYTE, &uiBackupData[0], 0);
   \   0000007E   0023               MOVS     R3,#+0
   \   00000080   ....               LDR      R2,??DataTable28  ;; uiBackupData
   \   00000082   8021               MOVS     R1,#+128
   \   00000084   4900               LSLS     R1,R1,#+1        ;; #+256
   \   00000086   ........           _BLF     AT91F_Flash_Write,??AT91F_Flash_Write??rT
   \   0000008A   ....               LDR      R1,??DataTable29  ;; Result
   \   0000008C   0870               STRB     R0,[R1, #+0]
    464          } 
   \   0000008E   ........           BL       ?Subroutine29
   \   00000092   C046               Nop      
   \                     ??backup_data_save_1:
   \   00000094   ........           DC32     uiBackupData + 40
   \   00000098   ........           DC32     Result + 44

   \                                 In segment CODE, align 4, keep-with-next
   \                     ?Subroutine29:
   \   00000000   FEBC               POP      {R1-R7}
   \   00000002   01BC               POP      {R0}
   \   00000004   0047               BX       R0               ;; return
   \   00000006   C046               Nop      
   \                     ??Subroutine29_0:
   \   00000008   ........           DC32     `?<Constant "\\n%02d:%04dV %04dA %04dW">`
    465          

   \                                 In segment CODE, align 4, keep-with-next
    466          void print_flash_cmd(void)
    467          {
   \                     print_flash_cmd:
   \   00000000   10B5               PUSH     {R4,LR}
    468            printf("\n1:Write Page");
   \   00000002   0B4C               LDR      R4,??print_flash_cmd_0  ;; `?<Constant "\\n1:Write Page">`
   \   00000004   2000               MOVS     R0,R4
   \   00000006   ........           _BLF     printf,??printf??rT
    469            printf("\n2:Set Lock Bit");
   \   0000000A   2000               MOVS     R0,R4
   \   0000000C   1030               ADDS     R0,R0,#+16
   \   0000000E   ........           _BLF     printf,??printf??rT
    470            printf("\n3:Write Page & Lock");
   \   00000012   2000               MOVS     R0,R4
   \   00000014   2030               ADDS     R0,R0,#+32
   \   00000016   ........           _BLF     printf,??printf??rT
    471            printf("\n4:Clear Lock Bit");
   \   0000001A   2000               MOVS     R0,R4
   \   0000001C   3830               ADDS     R0,R0,#+56
   \   0000001E   ........           _BLF     printf,??printf??rT
    472            printf("\n8:All Flash Erase");
   \   00000022   4C34               ADDS     R4,R4,#+76
   \   00000024   2000               MOVS     R0,R4
   \   00000026   ........           _BLF     printf,??printf??rT
    473          }
   \   0000002A   ........           BL       ?Subroutine30
   \   0000002E   C046               Nop      
   \                     ??print_flash_cmd_0:
   \   00000030   ........           DC32     `?<Constant "\\n1:Write Page">`

   \                                 In segment CODE, align 4, keep-with-next
   \                     ?Subroutine30:
   \   00000000   10BC               POP      {R4}
   \   00000002   01BC               POP      {R0}
   \   00000004   0047               BX       R0               ;; return
    474          

   \                                 In segment CODE, align 4, keep-with-next
    475          void memory_view_word8(unsigned int * uiPtr)
    476          {
   \                     memory_view_word8:
   \   00000000   30B5               PUSH     {R4,R5,LR}
   \   00000002   0400               MOVS     R4,R0
    477             printf("\n>%08X:%08X", uiPtr, *uiPtr); uiPtr++;
   \   00000004   184D               LDR      R5,??memory_view_word8_0  ;; `?<Constant "\\n>Input Secret Code">` + 552
   \   00000006   2268               LDR      R2,[R4, #+0]
   \   00000008   2100               MOVS     R1,R4
   \   0000000A   2800               MOVS     R0,R5
   \   0000000C   ........           _BLF     printf,??printf??rT
   \   00000010   241D               ADDS     R4,R4,#+4
    478             printf("\n>%08X:%08X", uiPtr, *uiPtr); uiPtr++;
   \   00000012   2268               LDR      R2,[R4, #+0]
   \   00000014   2100               MOVS     R1,R4
   \   00000016   2800               MOVS     R0,R5
   \   00000018   ........           _BLF     printf,??printf??rT
   \   0000001C   241D               ADDS     R4,R4,#+4
    479             printf("\n>%08X:%08X", uiPtr, *uiPtr); uiPtr++;
   \   0000001E   2268               LDR      R2,[R4, #+0]
   \   00000020   2100               MOVS     R1,R4
   \   00000022   2800               MOVS     R0,R5
   \   00000024   ........           _BLF     printf,??printf??rT
   \   00000028   241D               ADDS     R4,R4,#+4
    480             printf("\n>%08X:%08X", uiPtr, *uiPtr); uiPtr++;
   \   0000002A   2268               LDR      R2,[R4, #+0]
   \   0000002C   2100               MOVS     R1,R4
   \   0000002E   2800               MOVS     R0,R5
   \   00000030   ........           _BLF     printf,??printf??rT
   \   00000034   241D               ADDS     R4,R4,#+4
    481             printf("\n>%08X:%08X", uiPtr, *uiPtr); uiPtr++;
   \   00000036   2268               LDR      R2,[R4, #+0]
   \   00000038   2100               MOVS     R1,R4
   \   0000003A   2800               MOVS     R0,R5
   \   0000003C   ........           _BLF     printf,??printf??rT
   \   00000040   241D               ADDS     R4,R4,#+4
    482             printf("\n>%08X:%08X", uiPtr, *uiPtr); uiPtr++;
   \   00000042   2268               LDR      R2,[R4, #+0]
   \   00000044   2100               MOVS     R1,R4
   \   00000046   2800               MOVS     R0,R5
   \   00000048   ........           _BLF     printf,??printf??rT
   \   0000004C   241D               ADDS     R4,R4,#+4
    483             printf("\n>%08X:%08X", uiPtr, *uiPtr); uiPtr++;
   \   0000004E   2268               LDR      R2,[R4, #+0]
   \   00000050   2100               MOVS     R1,R4
   \   00000052   2800               MOVS     R0,R5
   \   00000054   ........           _BLF     printf,??printf??rT
   \   00000058   241D               ADDS     R4,R4,#+4
    484             printf("\n>%08X:%08X", uiPtr, *uiPtr); uiPtr++;
   \   0000005A   2268               LDR      R2,[R4, #+0]
   \   0000005C   2100               MOVS     R1,R4
   \   0000005E   2800               MOVS     R0,R5
   \   00000060   ........           _BLF     printf,??printf??rT
    485          }
   \   00000064   ........           BL       ?Subroutine31
   \                     ??memory_view_word8_0:
   \   00000068   ........           DC32     `?<Constant "\\n>Input Secret Code">` + 552

   \                                 In segment CODE, align 4, keep-with-next
   \                     ?Subroutine31:
   \   00000000   30BC               POP      {R4,R5}
   \   00000002   01BC               POP      {R0}
   \   00000004   0047               BX       R0               ;; return
   \   00000006   C046               Nop      
   \                     ??Subroutine31_0:
   \   00000008   ........           DC32     `?<Constant "\\n>StartPage:%3d,%3d">`
    486          
    487          #define	FLASH_ERASE	100
    488          #define	FLASH_READ   	200
    489          #define	FLASH_WRITE	300
    490          #define	FLASH_LOCK      400
    491          #define	FLASH_UNLOCK    500
    492          #define	EFC_REG_EDIT	600
    493          
    494          #define	SET_SAMPLE_TIME	800
    495          #define	VIWE_RECORD	900
    496          #define	UPLOAD_INIT     1000
    497          #define RECORD_ERASE    1100
    498          

   \                                 In segment CODE, align 4, keep-with-next
    499          void flash_test_function(void)
    500          {
   \                     flash_test_function:
   \   00000000   FFB5               PUSH     {R0-R7,LR}
    501           int lp;
    502           switch (sExecStep)
   \   00000002   C04C               LDR      R4,??flash_test_function_0  ;; Result
   \   00000004   1220               MOVS     R0,#+18
   \   00000006   205E               LDRSH    R0,[R4, R0]
   \   00000008   0002               LSLS     R0,R0,#+8
   \   0000000A   8021               MOVS     R1,#+128
   \   0000000C   4903               LSLS     R1,R1,#+13       ;; #+1048576
   \   0000000E   4018               ADDS     R0,R0,R1
   \   00000010   0090               STR      R0,[SP, #+0]
   \   00000012   BD48               LDR      R0,??flash_test_function_0+0x4  ;; KeyValue
   \   00000014   0168               LDR      R1,[R0, #+0]
   \   00000016   BD4D               LDR      R5,??flash_test_function_0+0x8  ;; sExecStep
   \   00000018   2888               LDRH     R0,[R5, #+0]
   \   0000001A   401C               ADDS     R0,R0,#+1
   \   0000001C   BC4E               LDR      R6,??flash_test_function_0+0xC  ;; `?<Constant "\\n>Input Secret Code">`
   \   0000001E   BD4A               LDR      R2,??flash_test_function_0+0x10  ;; 0x444
   \   00000020   B218               ADDS     R2,R6,R2
   \   00000022   0192               STR      R2,[SP, #+4]
   \   00000024   8A22               MOVS     R2,#+138
   \   00000026   D200               LSLS     R2,R2,#+3        ;; #+1104
   \   00000028   B218               ADDS     R2,R6,R2
   \   0000002A   0292               STR      R2,[SP, #+8]
   \   0000002C   BA4A               LDR      R2,??flash_test_function_0+0x14  ;; bPushKey
   \   0000002E   1278               LDRB     R2,[R2, #+0]
   \   00000030   2B88               LDRH     R3,[R5, #+0]
   \   00000032   002B               CMP      R3,#+0
   \   00000034   ....               BNE      .+5
   \   00000036   8BE0               B        ??flash_test_function_1
   \   00000038   093B               SUBS     R3,R3,#+9
   \   0000003A   ....               BNE      .+5
   \   0000003C   8DE0               B        ??flash_test_function_2
   \   0000003E   5B1E               SUBS     R3,R3,#+1
   \   00000040   ....               BNE      .+5
   \   00000042   B0E0               B        ??flash_test_function_3
   \   00000044   5A3B               SUBS     R3,R3,#+90
   \   00000046   30D0               BEQ      ??flash_test_function_4
   \   00000048   5B1E               SUBS     R3,R3,#+1
   \   0000004A   ....               BNE      .+5
   \   0000004C   F9E1               B        ??flash_test_function_5
   \   0000004E   5B1E               SUBS     R3,R3,#+1
   \   00000050   ....               BNE      .+5
   \   00000052   12E2               B        ??flash_test_function_6
   \   00000054   5B1E               SUBS     R3,R3,#+1
   \   00000056   36D0               BEQ      ??flash_test_function_7
   \   00000058   5B1E               SUBS     R3,R3,#+1
   \   0000005A   56D0               BEQ      ??flash_test_function_8
   \   0000005C   5B1E               SUBS     R3,R3,#+1
   \   0000005E   ....               BNE      .+5
   \   00000060   1FE2               B        ??flash_test_function_9
   \   00000062   5B1E               SUBS     R3,R3,#+1
   \   00000064   ....               BNE      .+5
   \   00000066   37E2               B        ??flash_test_function_10
   \   00000068   5B1E               SUBS     R3,R3,#+1
   \   0000006A   ....               BNE      .+5
   \   0000006C   48E2               B        ??flash_test_function_11
   \   0000006E   5B1E               SUBS     R3,R3,#+1
   \   00000070   ....               BNE      .+5
   \   00000072   59E2               B        ??flash_test_function_12
   \   00000074   5B1E               SUBS     R3,R3,#+1
   \   00000076   ....               BNE      .+5
   \   00000078   74E2               B        ??flash_test_function_13
   \   0000007A   5B1E               SUBS     R3,R3,#+1
   \   0000007C   ....               BNE      .+5
   \   0000007E   7EE2               B        ??flash_test_function_14
   \   00000080   5A3B               SUBS     R3,R3,#+90
   \   00000082   ....               BNE      .+5
   \   00000084   A7E0               B        ??flash_test_function_15
   \   00000086   5B1E               SUBS     R3,R3,#+1
   \   00000088   ....               BNE      .+5
   \   0000008A   7EE1               B        ??flash_test_function_16
   \   0000008C   5B1E               SUBS     R3,R3,#+1
   \   0000008E   3CD0               BEQ      ??flash_test_function_8
   \   00000090   5B1E               SUBS     R3,R3,#+1
   \   00000092   ....               BNE      .+5
   \   00000094   B8E0               B        ??flash_test_function_17
   \   00000096   5B1E               SUBS     R3,R3,#+1
   \   00000098   ....               BNE      .+5
   \   0000009A   B7E0               B        ??flash_test_function_18
   \   0000009C   5B1E               SUBS     R3,R3,#+1
   \   0000009E   ....               BNE      .+5
   \   000000A0   B8E0               B        ??flash_test_function_19
   \   000000A2   5B1E               SUBS     R3,R3,#+1
   \   000000A4   ....               BNE      .+5
   \   000000A6   FFE0               B        ??flash_test_function_20
   \   000000A8   5E3B               SUBS     R3,R3,#+94
   \                     ??flash_test_function_4:
   \   000000AA   ....               BNE      .+5
   \   000000AC   43E1               B        ??flash_test_function_21
   \   000000AE   5B1E               SUBS     R3,R3,#+1
   \   000000B0   ....               BNE      .+5
   \   000000B2   48E1               B        ??flash_test_function_22
   \   000000B4   5B1E               SUBS     R3,R3,#+1
   \   000000B6   ....               BNE      .+5
   \   000000B8   4DE1               B        ??flash_test_function_23
   \   000000BA   5B1E               SUBS     R3,R3,#+1
   \   000000BC   25D0               BEQ      ??flash_test_function_8
   \   000000BE   5B1E               SUBS     R3,R3,#+1
   \   000000C0   ....               BNE      .+5
   \   000000C2   59E1               B        ??flash_test_function_24
   \   000000C4   5B1E               SUBS     R3,R3,#+1
   \                     ??flash_test_function_7:
   \   000000C6   ....               BNE      .+5
   \   000000C8   58E1               B        ??flash_test_function_25
   \   000000CA   5B1E               SUBS     R3,R3,#+1
   \   000000CC   1DD0               BEQ      ??flash_test_function_8
   \   000000CE   5B1E               SUBS     R3,R3,#+1
   \   000000D0   ....               BNE      .+5
   \   000000D2   63E1               B        ??flash_test_function_26
   \   000000D4   5B1E               SUBS     R3,R3,#+1
   \   000000D6   ....               BNE      .+5
   \   000000D8   80E1               B        ??flash_test_function_27
   \   000000DA   5B1E               SUBS     R3,R3,#+1
   \   000000DC   ....               BNE      .+5
   \   000000DE   8FE1               B        ??flash_test_function_28
   \   000000E0   5B1E               SUBS     R3,R3,#+1
   \   000000E2   ....               BNE      .+5
   \   000000E4   9DE1               B        ??flash_test_function_29
   \   000000E6   5A3B               SUBS     R3,R3,#+90
   \   000000E8   03D0               BEQ      ??flash_test_function_30
   \   000000EA   5B1E               SUBS     R3,R3,#+1
   \   000000EC   ....               BNE      .+5
   \   000000EE   60E2               B        ??flash_test_function_31
   \   000000F0   633B               SUBS     R3,R3,#+99
   \                     ??flash_test_function_30:
   \   000000F2   ....               BNE      .+5
   \   000000F4   52E2               B        ??flash_test_function_32
   \   000000F6   5B1E               SUBS     R3,R3,#+1
   \   000000F8   ....               BNE      .+5
   \   000000FA   65E2               B        ??flash_test_function_33
   \   000000FC   633B               SUBS     R3,R3,#+99
   \   000000FE   ....               BNE      .+5
   \   00000100   69E2               B        ??flash_test_function_34
   \   00000102   5B1E               SUBS     R3,R3,#+1
   \   00000104   ....               BNE      .+5
   \   00000106   70E2               B        ??flash_test_function_35
   \   00000108   5B1E               SUBS     R3,R3,#+1
   \                     ??flash_test_function_8:
   \   0000010A   7AD0               BEQ      ??flash_test_function_36
   \   0000010C   5B1E               SUBS     R3,R3,#+1
   \   0000010E   ....               BNE      .+5
   \   00000110   7AE2               B        ??flash_test_function_37
   \   00000112   5B1E               SUBS     R3,R3,#+1
   \   00000114   ....               BNE      .+5
   \   00000116   80E2               B        ??flash_test_function_38
   \   00000118   5B1E               SUBS     R3,R3,#+1
   \   0000011A   ....               BNE      .+5
   \   0000011C   83E2               B        ??flash_test_function_39
   \   0000011E   5B1E               SUBS     R3,R3,#+1
   \   00000120   ....               BNE      .+5
   \   00000122   98E2               B        ??flash_test_function_40
   \   00000124   5B1E               SUBS     R3,R3,#+1
   \   00000126   ....               BNE      .+5
   \   00000128   9CE2               B        ??flash_test_function_41
   \   0000012A   5B1E               SUBS     R3,R3,#+1
   \   0000012C   69D0               BEQ      ??flash_test_function_36
   \   0000012E   5B1E               SUBS     R3,R3,#+1
   \   00000130   ....               BNE      .+5
   \   00000132   A4E2               B        ??flash_test_function_42
   \   00000134   5B1E               SUBS     R3,R3,#+1
   \   00000136   ....               BNE      .+5
   \   00000138   A9E2               B        ??flash_test_function_43
   \   0000013A   5B1E               SUBS     R3,R3,#+1
   \   0000013C   61D0               BEQ      ??flash_test_function_36
   \   0000013E   5B1E               SUBS     R3,R3,#+1
   \   00000140   ....               BNE      .+5
   \   00000142   B5E2               B        ??flash_test_function_44
   \   00000144   5B1E               SUBS     R3,R3,#+1
   \   00000146   07D0               BEQ      ??flash_test_function_45
   \   00000148   5B1E               SUBS     R3,R3,#+1
   \   0000014A   ....               BNE      .+5
   \   0000014C   BDE2               B        ??flash_test_function_46
   \   0000014E   CBE2               B        ??flash_test_function_47
    503           {   
    504           case 0:
    505              display_mode(0);
   \                     ??flash_test_function_1:
   \   00000150   0020               MOVS     R0,#+0
   \   00000152   ........           _BLF     display_mode,??display_mode??rT
    506              sExecStep = FLASH_TEST;
   \   00000156   0920               MOVS     R0,#+9
   \                     ??flash_test_function_45:
   \   00000158   C7E2               B.N      ??flash_test_function_48
    507              return;
    508             
    509           case FLASH_TEST:
    510             DelayStep = 0;
   \                     ??flash_test_function_2:
   \   0000015A   7048               LDR      R0,??flash_test_function_0+0x18  ;; DelayStep
   \   0000015C   0021               MOVS     R1,#+0
   \   0000015E   0170               STRB     R1,[R0, #+0]
    511             screen_clear();
   \   00000160   ........           _BLF     screen_clear,??screen_clear??rT
    512             printf("<Stored Data View>");
   \   00000164   8D20               MOVS     R0,#+141
   \   00000166   8000               LSLS     R0,R0,#+2        ;; #+564
   \   00000168   3018               ADDS     R0,R6,R0
   \   0000016A   ........           _BLF     printf,??printf??rT
    513             printf("\n1:Flash Read");
   \   0000016E   9220               MOVS     R0,#+146
   \   00000170   8000               LSLS     R0,R0,#+2        ;; #+584
   \   00000172   3018               ADDS     R0,R6,R0
   \   00000174   ........           _BLF     printf,??printf??rT
    514             printf("\n2:Flash Write Test");
   \   00000178   9620               MOVS     R0,#+150
   \   0000017A   8000               LSLS     R0,R0,#+2        ;; #+600
   \   0000017C   3018               ADDS     R0,R6,R0
   \   0000017E   ........           _BLF     printf,??printf??rT
    515             printf("\n3:Flash Erase");
   \   00000182   9B20               MOVS     R0,#+155
   \   00000184   8000               LSLS     R0,R0,#+2        ;; #+620
   \   00000186   3018               ADDS     R0,R6,R0
   \   00000188   ........           _BLF     printf,??printf??rT
    516             printf("\n4:Register Edit");
   \   0000018C   9F20               MOVS     R0,#+159
   \   0000018E   8000               LSLS     R0,R0,#+2        ;; #+636
   \   00000190   3018               ADDS     R0,R6,R0
   \   00000192   ........           _BLF     printf,??printf??rT
    517             //else if (bPushKey == '5') sExecStep = FLASH_LOCK;
    518             //else if (bPushKey == '6') sExecStep = FLASH_UNLOCK;
    519             printf("\n[MENU]:goto MAIN");
   \   00000196   A420               MOVS     R0,#+164
   \   00000198   8000               LSLS     R0,R0,#+2        ;; #+656
   \   0000019A   3018               ADDS     R0,R6,R0
   \   0000019C   ........           _BLF     printf,??printf??rT
    520             sExecStep++;
   \   000001A0   2888               LDRH     R0,[R5, #+0]
   \   000001A2   401C               ADDS     R0,R0,#+1
   \   000001A4   A1E2               B.N      ??flash_test_function_48
    521             return;
    522             
    523           case FLASH_TEST+1:
    524            if (bPushKey == '1') sExecStep = FLASH_READ;
   \                     ??flash_test_function_3:
   \   000001A6   312A               CMP      R2,#+49
   \   000001A8   01D1               BNE      ??flash_test_function_49
   \                     ??flash_test_function_50:
   \   000001AA   C820               MOVS     R0,#+200
   \   000001AC   9DE2               B.N      ??flash_test_function_48
    525              else if (bPushKey == '2') sExecStep = FLASH_WRITE;
   \                     ??flash_test_function_49:
   \   000001AE   322A               CMP      R2,#+50
   \   000001B0   02D1               BNE      ??flash_test_function_51
   \                     ??flash_test_function_52:
   \   000001B2   9620               MOVS     R0,#+150
   \   000001B4   4000               LSLS     R0,R0,#+1        ;; #+300
   \   000001B6   98E2               B.N      ??flash_test_function_48
    526              else if (bPushKey == '3') sExecStep = FLASH_ERASE;
   \                     ??flash_test_function_51:
   \   000001B8   332A               CMP      R2,#+51
   \   000001BA   01D1               BNE      ??flash_test_function_53
   \                     ??flash_test_function_54:
   \   000001BC   6420               MOVS     R0,#+100
   \   000001BE   94E2               B.N      ??flash_test_function_48
    527              else if (bPushKey == '4') sExecStep = EFC_REG_EDIT;
   \                     ??flash_test_function_53:
   \   000001C0   342A               CMP      R2,#+52
   \   000001C2   02D1               BNE      ??flash_test_function_55
   \                     ??flash_test_function_56:
   \   000001C4   9620               MOVS     R0,#+150
   \   000001C6   8000               LSLS     R0,R0,#+2        ;; #+600
   \   000001C8   8FE2               B.N      ??flash_test_function_48
    528              //else if (bPushKey == '5') sExecStep = FLASH_LOCK;
    529              //else if (bPushKey == '6') sExecStep = FLASH_UNLOCK;
    530              else if (MENU_KEY) execmode_change(MAIN_MENU); 
   \                     ??flash_test_function_55:
   \   000001CA   612A               CMP      R2,#+97
   \   000001CC   02D1               BNE      ??flash_test_function_57
   \   000001CE   0020               MOVS     R0,#+0
   \   000001D0   ........           _BLF     execmode_change,??execmode_change??rT
   \                     ??flash_test_function_57:
   \   000001D4   8AE2               B        ??flash_test_function_58
    531              return;
    532              
    533          /*************************/
    534          /* Flash Memory Read    */
    535          /*************************/
    536           case FLASH_READ:
    537             DelayStep = 0;
   \                     ??flash_test_function_15:
   \   000001D6   5148               LDR      R0,??flash_test_function_0+0x18  ;; DelayStep
   \   000001D8   0021               MOVS     R1,#+0
   \   000001DA   0170               STRB     R1,[R0, #+0]
    538             screen_clear();
   \   000001DC   ........           _BLF     screen_clear,??screen_clear??rT
    539             sFlashPage = 0x000;
   \   000001E0   0020               MOVS     R0,#+0
   \   000001E2   6082               STRH     R0,[R4, #+18]
    540             printf("<Flash Memory Read>");
   \   000001E4   A920               MOVS     R0,#+169
   \   000001E6   8000               LSLS     R0,R0,#+2        ;; #+676
   \   000001E8   3018               ADDS     R0,R6,R0
   \   000001EA   ........           _BLF     printf,??printf??rT
    541             printf("\n>Flash Page:%03X", sFlashPage);
   \   000001EE   1220               MOVS     R0,#+18
   \   000001F0   215E               LDRSH    R1,[R4, R0]
   \   000001F2   AE20               MOVS     R0,#+174
   \   000001F4   8000               LSLS     R0,R0,#+2        ;; #+696
   \   000001F6   3018               ADDS     R0,R6,R0
   \   000001F8   ........           _BLF     printf,??printf??rT
    542             sExecStep++;
   \   000001FC   2888               LDRH     R0,[R5, #+0]
   \   000001FE   401C               ADDS     R0,R0,#+1
   \   00000200   73E2               B.N      ??flash_test_function_48
    543             return;
    544             
    545           case FLASH_READ+1:
    546             keyin_start(3);
    547             set_cursor_h(12);
    548             sExecStep++;
    549             return;
    550             
    551           case FLASH_READ+2: keyin_dp_hex();	 return;
   \                     ??flash_test_function_36:
   \   00000202   ........           _BLF     keyin_dp_hex,??keyin_dp_hex??rT
   \   00000206   71E2               B        ??flash_test_function_58
    552             
    553           case FLASH_READ+3:
    554             sFlashPage = KeyValue;
   \                     ??flash_test_function_17:
   \   00000208   6182               STRH     R1,[R4, #+18]
    555             sExecStep++;
   \   0000020A   6EE2               B.N      ??flash_test_function_48
    556             return;
    557          
    558           case FLASH_READ+4:
    559             uiFlashAdd = FLASH_START_ADD + (sFlashPage << 8);
   \                     ??flash_test_function_18:
   \   0000020C   0099               LDR      R1,[SP, #+0]
   \   0000020E   E162               STR      R1,[R4, #+44]
    560             pFlashPtr = (unsigned int*) uiFlashAdd;
   \   00000210   6164               STR      R1,[R4, #+68]
    561             sExecStep++;
   \   00000212   6AE2               B.N      ??flash_test_function_48
    562             return;
    563             
    564           case FLASH_READ+5:   
    565             printf("\n[%08X]:%08X", pFlashPtr, *pFlashPtr);   pFlashPtr++;
   \                     ??flash_test_function_19:
   \   00000214   B320               MOVS     R0,#+179
   \   00000216   8000               LSLS     R0,R0,#+2        ;; #+716
   \   00000218   3618               ADDS     R6,R6,R0
   \   0000021A   606C               LDR      R0,[R4, #+68]
   \   0000021C   0268               LDR      R2,[R0, #+0]
   \   0000021E   0100               MOVS     R1,R0
   \   00000220   3000               MOVS     R0,R6
   \   00000222   ........           _BLF     printf,??printf??rT
   \   00000226   606C               LDR      R0,[R4, #+68]
   \   00000228   001D               ADDS     R0,R0,#+4
   \   0000022A   6064               STR      R0,[R4, #+68]
    566             printf("\n[%08X]:%08X", pFlashPtr, *pFlashPtr);   pFlashPtr++;
   \   0000022C   0100               MOVS     R1,R0
   \   0000022E   0A68               LDR      R2,[R1, #+0]
   \   00000230   3000               MOVS     R0,R6
   \   00000232   ........           _BLF     printf,??printf??rT
   \   00000236   606C               LDR      R0,[R4, #+68]
   \   00000238   001D               ADDS     R0,R0,#+4
   \   0000023A   6064               STR      R0,[R4, #+68]
    567             printf("\n[%08X]:%08X", pFlashPtr, *pFlashPtr);   pFlashPtr++;
   \   0000023C   0100               MOVS     R1,R0
   \   0000023E   0A68               LDR      R2,[R1, #+0]
   \   00000240   3000               MOVS     R0,R6
   \   00000242   ........           _BLF     printf,??printf??rT
   \   00000246   606C               LDR      R0,[R4, #+68]
   \   00000248   001D               ADDS     R0,R0,#+4
   \   0000024A   6064               STR      R0,[R4, #+68]
    568             printf("\n[%08X]:%08X", pFlashPtr, *pFlashPtr);   pFlashPtr++;
   \   0000024C   0100               MOVS     R1,R0
   \   0000024E   0A68               LDR      R2,[R1, #+0]
   \   00000250   3000               MOVS     R0,R6
   \   00000252   ........           _BLF     printf,??printf??rT
   \   00000256   606C               LDR      R0,[R4, #+68]
   \   00000258   001D               ADDS     R0,R0,#+4
   \   0000025A   6064               STR      R0,[R4, #+68]
    569             printf("\n[%08X]:%08X", pFlashPtr, *pFlashPtr);   pFlashPtr++;
   \   0000025C   0100               MOVS     R1,R0
   \   0000025E   0A68               LDR      R2,[R1, #+0]
   \   00000260   3000               MOVS     R0,R6
   \   00000262   ........           _BLF     printf,??printf??rT
   \   00000266   606C               LDR      R0,[R4, #+68]
   \   00000268   001D               ADDS     R0,R0,#+4
   \   0000026A   6064               STR      R0,[R4, #+68]
    570             printf("\n[%08X]:%08X", pFlashPtr, *pFlashPtr);   pFlashPtr++;
   \   0000026C   0100               MOVS     R1,R0
   \   0000026E   0A68               LDR      R2,[R1, #+0]
   \   00000270   3000               MOVS     R0,R6
   \   00000272   ........           _BLF     printf,??printf??rT
   \   00000276   606C               LDR      R0,[R4, #+68]
   \   00000278   001D               ADDS     R0,R0,#+4
   \   0000027A   6064               STR      R0,[R4, #+68]
    571             printf("\n[%08X]:%08X", pFlashPtr, *pFlashPtr);   pFlashPtr++;
   \   0000027C   0100               MOVS     R1,R0
   \   0000027E   0A68               LDR      R2,[R1, #+0]
   \   00000280   3000               MOVS     R0,R6
   \   00000282   ........           _BLF     printf,??printf??rT
   \   00000286   606C               LDR      R0,[R4, #+68]
   \   00000288   001D               ADDS     R0,R0,#+4
   \   0000028A   6064               STR      R0,[R4, #+68]
    572             printf("\n[%08X]:%08X", pFlashPtr, *pFlashPtr);   pFlashPtr++;
   \   0000028C   0100               MOVS     R1,R0
   \   0000028E   0A68               LDR      R2,[R1, #+0]
   \   00000290   3000               MOVS     R0,R6
   \   00000292   ........           _BLF     printf,??printf??rT
   \   00000296   606C               LDR      R0,[R4, #+68]
   \   00000298   001D               ADDS     R0,R0,#+4
   \   0000029A   6064               STR      R0,[R4, #+68]
    573             DelayStep = 0;
   \   0000029C   1F48               LDR      R0,??flash_test_function_0+0x18  ;; DelayStep
   \   0000029E   0021               MOVS     R1,#+0
   \   000002A0   0170               STRB     R1,[R0, #+0]
    574             sExecStep++;
   \   000002A2   2888               LDRH     R0,[R5, #+0]
   \   000002A4   401C               ADDS     R0,R0,#+1
   \   000002A6   20E2               B.N      ??flash_test_function_48
    575             return;
    576             
    577           case FLASH_READ+6:
    578             if (MENU_KEY) sExecStep = FLASH_TEST;
   \                     ??flash_test_function_20:
   \   000002A8   612A               CMP      R2,#+97
   \   000002AA   01D1               BNE      ??flash_test_function_59
   \   000002AC   0920               MOVS     R0,#+9
   \   000002AE   1CE2               B.N      ??flash_test_function_48
    579             else if (ENTER_KEY) sExecStep = FLASH_READ;
   \                     ??flash_test_function_59:
   \   000002B0   0D2A               CMP      R2,#+13
   \   000002B2   ....               BNE      .+5
   \   000002B4   79E7               B        ??flash_test_function_50
    580             else if (DN_KEY) sExecStep = FLASH_READ+5;
   \   000002B6   632A               CMP      R2,#+99
   \   000002B8   01D1               BNE      ??flash_test_function_60
   \                     ??flash_test_function_61:
   \   000002BA   CD20               MOVS     R0,#+205
   \   000002BC   15E2               B.N      ??flash_test_function_48
    581             else if (UP_KEY) 
   \                     ??flash_test_function_60:
   \   000002BE   622A               CMP      R2,#+98
   \   000002C0   03D1               BNE      ??flash_test_function_62
    582             {
    583               pFlashPtr -= 16;
   \   000002C2   606C               LDR      R0,[R4, #+68]
   \   000002C4   4038               SUBS     R0,R0,#+64
   \   000002C6   6064               STR      R0,[R4, #+68]
   \   000002C8   F7E7               B        ??flash_test_function_61
    584               sExecStep = FLASH_READ+5;
    585             }
    586             else if (SP_KEY)
   \                     ??flash_test_function_62:
   \   000002CA   232A               CMP      R2,#+35
   \   000002CC   0DD1               BNE      ??flash_test_function_63
    587             {
    588               if(++sFlashPage >= 0x400) sFlashPage = 0;
   \   000002CE   1220               MOVS     R0,#+18
   \   000002D0   205E               LDRSH    R0,[R4, R0]
   \   000002D2   401C               ADDS     R0,R0,#+1
   \   000002D4   6082               STRH     R0,[R4, #+18]
   \   000002D6   8021               MOVS     R1,#+128
   \   000002D8   C900               LSLS     R1,R1,#+3        ;; #+1024
   \   000002DA   0004               LSLS     R0,R0,#+16
   \   000002DC   0014               ASRS     R0,R0,#+16
   \   000002DE   8842               CMP      R0,R1
   \   000002E0   01DB               BLT      ??flash_test_function_64
   \   000002E2   0020               MOVS     R0,#+0
   \                     ??flash_test_function_65:
   \   000002E4   6082               STRH     R0,[R4, #+18]
    589               sExecStep = FLASH_READ+4;
   \                     ??flash_test_function_64:
   \   000002E6   CC20               MOVS     R0,#+204
   \   000002E8   FFE1               B.N      ??flash_test_function_48
    590             }
    591             else if (PP_KEY)
   \                     ??flash_test_function_63:
   \   000002EA   2A2A               CMP      R2,#+42
   \   000002EC   1AD1               BNE      ??flash_test_function_66
    592             {
    593               if (sFlashPage == 0) sFlashPage = 0x3FF; else sFlashPage--;
   \   000002EE   1220               MOVS     R0,#+18
   \   000002F0   205E               LDRSH    R0,[R4, R0]
   \   000002F2   0028               CMP      R0,#+0
   \   000002F4   01D1               BNE      ??flash_test_function_67
   \   000002F6   0A48               LDR      R0,??flash_test_function_0+0x1C  ;; 0x3ff
   \   000002F8   F4E7               B.N      ??flash_test_function_65
   \                     ??flash_test_function_67:
   \   000002FA   1220               MOVS     R0,#+18
   \   000002FC   205E               LDRSH    R0,[R4, R0]
   \   000002FE   401E               SUBS     R0,R0,#+1
   \   00000300   F0E7               B.N      ??flash_test_function_65
   \   00000302   C046               Nop      
   \                     ??flash_test_function_0:
   \   00000304   ........           DC32     Result
   \   00000308   ........           DC32     KeyValue
   \   0000030C   ........           DC32     sExecStep
   \   00000310   ........           DC32     `?<Constant "\\n>Input Secret Code">`
   \   00000314   44040000           DC32     0x444
   \   00000318   ........           DC32     bPushKey
   \   0000031C   ........           DC32     DelayStep
   \   00000320   FF030000           DC32     0x3ff
    594               sExecStep = FLASH_READ+4;
    595             }    
    596             else if (step_delay(SEC_1<<4)) sExecStep = FLASH_TEST;
   \                     ??flash_test_function_66:
   \   00000324   FA20               MOVS     R0,#+250
   \   00000326   4001               LSLS     R0,R0,#+5        ;; #+8000
   \   00000328   ........           _BLF     step_delay,??step_delay??rT
   \   0000032C   0028               CMP      R0,#+0
   \   0000032E   ....               BNE      .+5
   \   00000330   DCE1               B        ??flash_test_function_58
   \   00000332   0920               MOVS     R0,#+9
   \   00000334   D9E1               B.N      ??flash_test_function_48
    597             return;
    598          
    599          /*****************************/
    600          /* Flash Memory Write Test   */
    601          /*****************************/
    602           case FLASH_WRITE:
    603             screen_clear();
   \                     ??flash_test_function_21:
   \   00000336   ........           _BLF     screen_clear,??screen_clear??rT
    604             //AT91F_Flash_Init();
    605             sFlashPage = FDATA_START_PAGE;
   \   0000033A   8020               MOVS     R0,#+128
   \   0000033C   8000               LSLS     R0,R0,#+2        ;; #+512
   \   0000033E   6082               STRH     R0,[R4, #+18]
    606             sExecStep++; 
   \   00000340   2888               LDRH     R0,[R5, #+0]
   \   00000342   401C               ADDS     R0,R0,#+1
   \   00000344   D1E1               B.N      ??flash_test_function_48
    607             return;
    608             
    609           case FLASH_WRITE+1:
    610             printf("<Flash Write Test>");
   \                     ??flash_test_function_22:
   \   00000346   B720               MOVS     R0,#+183
   \   00000348   8000               LSLS     R0,R0,#+2        ;; #+732
   \   0000034A   3018               ADDS     R0,R6,R0
   \   0000034C   ........           _BLF     printf,??printf??rT
    611             sExecStep++; 
   \   00000350   2888               LDRH     R0,[R5, #+0]
   \   00000352   401C               ADDS     R0,R0,#+1
   \   00000354   C9E1               B.N      ??flash_test_function_48
    612             return;
    613             
    614           // Write code key input
    615           case FLASH_WRITE+2:
    616             FlashMask = 0xAA;
   \                     ??flash_test_function_23:
   \   00000356   AA20               MOVS     R0,#+170
   \   00000358   A070               STRB     R0,[R4, #+2]
    617             printf("\n>Mask Data:%02Xh", FlashMask);
   \   0000035A   AA21               MOVS     R1,#+170
   \   0000035C   BC20               MOVS     R0,#+188
   \   0000035E   8000               LSLS     R0,R0,#+2        ;; #+752
   \   00000360   3018               ADDS     R0,R6,R0
   \   00000362   ........           _BLF     printf,??printf??rT
    618             keyin_start(2); 
   \   00000366   0220               MOVS     R0,#+2
   \   00000368   ........           _BLF     keyin_start,??keyin_start??rT
    619             set_cursor_h(11);
   \   0000036C   0B20               MOVS     R0,#+11
   \   0000036E   ........           _BLF     set_cursor_h,??set_cursor_h??rT
    620             sExecStep++; 
   \   00000372   2888               LDRH     R0,[R5, #+0]
   \   00000374   401C               ADDS     R0,R0,#+1
   \   00000376   B8E1               B.N      ??flash_test_function_48
    621             return;
    622             
    623           case FLASH_WRITE+3: keyin_dp_hex();	 return;
    624           case FLASH_WRITE+4: 
    625             FlashMask = KeyValue;
   \                     ??flash_test_function_24:
   \   00000378   A170               STRB     R1,[R4, #+2]
    626             sExecStep++;
   \   0000037A   B6E1               B.N      ??flash_test_function_48
    627             return;
    628             
    629           // Flash plash input
    630           case FLASH_WRITE+5:   
    631             printf("\n>Flash Page:%03Xh", sFlashPage);
   \                     ??flash_test_function_25:
   \   0000037C   1220               MOVS     R0,#+18
   \   0000037E   215E               LDRSH    R1,[R4, R0]
   \   00000380   C120               MOVS     R0,#+193
   \   00000382   8000               LSLS     R0,R0,#+2        ;; #+772
   \   00000384   3018               ADDS     R0,R6,R0
   \   00000386   ........           _BLF     printf,??printf??rT
   \                     ??flash_test_function_16:
   \   0000038A   0320               MOVS     R0,#+3
   \   0000038C   ........           _BLF     keyin_start,??keyin_start??rT
   \   00000390   0C20               MOVS     R0,#+12
   \   00000392   ........           _BLF     set_cursor_h,??set_cursor_h??rT
   \   00000396   2888               LDRH     R0,[R5, #+0]
   \   00000398   401C               ADDS     R0,R0,#+1
   \   0000039A   A6E1               B.N      ??flash_test_function_48
    632             keyin_start(3); 
    633             set_cursor_h(12);
    634             sExecStep++; 
    635             return;
    636             
    637           case FLASH_WRITE+6: keyin_dp_hex();	 return;
    638           
    639           // Write data pattern generate
    640           case FLASH_WRITE+7: 
    641             sFlashPage = KeyValue;
   \                     ??flash_test_function_26:
   \   0000039C   6182               STRH     R1,[R4, #+18]
    642             if ((sFlashPage < 0x0200)|(sFlashPage > 0x03FF))
   \   0000039E   1221               MOVS     R1,#+18
   \   000003A0   615E               LDRSH    R1,[R4, R1]
   \   000003A2   8022               MOVS     R2,#+128
   \   000003A4   9200               LSLS     R2,R2,#+2        ;; #+512
   \   000003A6   9142               CMP      R1,R2
   \   000003A8   11DB               BLT      ??flash_test_function_68
   \   000003AA   5200               LSLS     R2,R2,#+1
   \   000003AC   9142               CMP      R1,R2
   \   000003AE   0EDA               BGE      ??flash_test_function_68
    643             {
    644               printf("\n>Error: Range over");
    645               sExecStep = FLASH_WRITE+10;
    646             }
    647             else 
    648             {
    649               for (lp = 0; lp < 64; lp++) uiFlashBuffer[lp] = (FlashMask << 24)|(sFlashPage << 8)|lp;
   \   000003B0   0022               MOVS     R2,#+0
   \                     ??flash_test_function_69:
   \   000003B2   9700               LSLS     R7,R2,#+2
   \   000003B4   C74E               LDR      R6,??flash_test_function_70  ;; uiFlashBuffer
   \   000003B6   B446               MOV      R12,R6
   \   000003B8   A378               LDRB     R3,[R4, #+2]
   \   000003BA   1E06               LSLS     R6,R3,#+24
   \   000003BC   0B02               LSLS     R3,R1,#+8
   \   000003BE   3343               ORRS     R3,R3,R6
   \   000003C0   1343               ORRS     R3,R3,R2
   \   000003C2   6646               MOV      R6,R12
   \   000003C4   F351               STR      R3,[R6, R7]
   \   000003C6   521C               ADDS     R2,R2,#+1
   \   000003C8   402A               CMP      R2,#+64
   \   000003CA   F2DB               BLT      ??flash_test_function_69
    650               sExecStep++;
   \   000003CC   8DE1               B.N      ??flash_test_function_48
    651             }
   \                     ??flash_test_function_68:
   \   000003CE   9436               ADDS     R6,R6,#+148
   \   000003D0   3000               MOVS     R0,R6
   \   000003D2   ........           _BLF     printf,??printf??rT
   \   000003D6   9B20               MOVS     R0,#+155
   \   000003D8   4000               LSLS     R0,R0,#+1        ;; #+310
   \   000003DA   86E1               B.N      ??flash_test_function_48
    652             return;
    653           
    654           // 1 Page Write Execute
    655           case FLASH_WRITE+8:
    656             uiFlashAdd = FLASH_START_ADD + (sFlashPage << 8);
   \                     ??flash_test_function_27:
   \   000003DC   0098               LDR      R0,[SP, #+0]
   \   000003DE   E062               STR      R0,[R4, #+44]
    657             Result = AT91F_Flash_Write( uiFlashAdd , FLASH_PAGE_SIZE_BYTE, &uiFlashBuffer[0], 0);
   \   000003E0   0023               MOVS     R3,#+0
   \   000003E2   BC4A               LDR      R2,??flash_test_function_70  ;; uiFlashBuffer
   \   000003E4   8021               MOVS     R1,#+128
   \   000003E6   4900               LSLS     R1,R1,#+1        ;; #+256
   \   000003E8   ........           _BLF     AT91F_Flash_Write,??AT91F_Flash_Write??rT
   \   000003EC   2070               STRB     R0,[R4, #+0]
    658             printf("\nFlash Add:%08X", uiFlashAdd);
   \   000003EE   E16A               LDR      R1,[R4, #+44]
   \   000003F0   CC20               MOVS     R0,#+204
   \   000003F2   8000               LSLS     R0,R0,#+2        ;; #+816
   \   000003F4   3018               ADDS     R0,R6,R0
   \   000003F6   ........           _BLF     printf,??printf??rT
    659             sExecStep++; 
   \   000003FA   2888               LDRH     R0,[R5, #+0]
   \   000003FC   401C               ADDS     R0,R0,#+1
   \   000003FE   74E1               B.N      ??flash_test_function_48
    660             return;
    661          
    662           case FLASH_WRITE+9:
    663             if (Result) printf("\nFlash[%03X] Write OK", sFlashPage);
   \                     ??flash_test_function_28:
   \   00000400   2078               LDRB     R0,[R4, #+0]
   \   00000402   0028               CMP      R0,#+0
   \   00000404   03D0               BEQ      ??flash_test_function_71
   \   00000406   1220               MOVS     R0,#+18
   \   00000408   215E               LDRSH    R1,[R4, R0]
   \   0000040A   D020               MOVS     R0,#+208
   \   0000040C   02E0               B.N      ??flash_test_function_72
    664             else printf("\nFlash[%03X] ERROR", sFlashPage);
   \                     ??flash_test_function_71:
   \   0000040E   1220               MOVS     R0,#+18
   \   00000410   215E               LDRSH    R1,[R4, R0]
   \   00000412   D620               MOVS     R0,#+214
   \                     ??flash_test_function_72:
   \   00000414   8000               LSLS     R0,R0,#+2        ;; #+856
   \   00000416   3018               ADDS     R0,R6,R0
   \   00000418   ........           _BLF     printf,??printf??rT
    665             sExecStep++;
   \   0000041C   2888               LDRH     R0,[R5, #+0]
   \   0000041E   401C               ADDS     R0,R0,#+1
   \   00000420   63E1               B.N      ??flash_test_function_48
    666             return;
    667           
    668           //repeat or goto main
    669           case FLASH_WRITE+10:
    670             if (ENTER_KEY) sExecStep = FLASH_WRITE;
   \                     ??flash_test_function_29:
   \   00000422   0D2A               CMP      R2,#+13
   \   00000424   ....               BNE      .+5
   \   00000426   C4E6               B        ??flash_test_function_52
    671             else if (ANY_KEY) sExecStep = FLASH_MAIN;
   \   00000428   002A               CMP      R2,#+0
   \   0000042A   01D0               BEQ      ??flash_test_function_73
   \   0000042C   0A20               MOVS     R0,#+10
   \   0000042E   5CE1               B.N      ??flash_test_function_48
    672             else if (step_delay(SEC_1<<4)) sExecStep = FLASH_MAIN; 
   \                     ??flash_test_function_73:
   \   00000430   FA20               MOVS     R0,#+250
   \   00000432   4001               LSLS     R0,R0,#+5        ;; #+8000
   \   00000434   ........           _BLF     step_delay,??step_delay??rT
   \   00000438   0028               CMP      R0,#+0
   \   0000043A   ....               BNE      .+5
   \   0000043C   56E1               B        ??flash_test_function_58
   \   0000043E   0A20               MOVS     R0,#+10
   \   00000440   53E1               B.N      ??flash_test_function_48
    673             return;
    674          
    675          /*************************/
    676          /* Flash Memory Erase    */
    677          /*************************/
    678           case FLASH_ERASE:
    679             screen_clear();
    680             //AT91F_Flash_Init();
    681             //EFC_MODE = EFC_MODE_DEFAULT;
    682             sFlashPage = FDATA_START_PAGE;
    683             sExecStep++; 
    684             return;
    685             
    686           case FLASH_ERASE+1:
    687             printf("\n>CAUTION!!");
   \                     ??flash_test_function_5:
   \   00000442   DB20               MOVS     R0,#+219
   \   00000444   8000               LSLS     R0,R0,#+2        ;; #+876
   \   00000446   3018               ADDS     R0,R6,R0
   \   00000448   ........           _BLF     printf,??printf??rT
    688             printf("\n>You will Loss Data");
   \   0000044C   DE20               MOVS     R0,#+222
   \   0000044E   8000               LSLS     R0,R0,#+2        ;; #+888
   \   00000450   3018               ADDS     R0,R6,R0
   \   00000452   ........           _BLF     printf,??printf??rT
    689             printf("\n>[0]:After All Erase");
   \   00000456   E420               MOVS     R0,#+228
   \   00000458   8000               LSLS     R0,R0,#+2        ;; #+912
   \   0000045A   3018               ADDS     R0,R6,R0
   \   0000045C   ........           _BLF     printf,??printf??rT
    690             printf("\n>[1-9]: 1-9 Erase");
   \   00000460   EA20               MOVS     R0,#+234
   \   00000462   8000               LSLS     R0,R0,#+2        ;; #+936
   \   00000464   3018               ADDS     R0,R6,R0
   \   00000466   ........           _BLF     printf,??printf??rT
    691             printf("\n>Other Key: Cancel");
   \   0000046A   EF20               MOVS     R0,#+239
   \   0000046C   8000               LSLS     R0,R0,#+2        ;; #+956
   \   0000046E   3018               ADDS     R0,R6,R0
   \   00000470   ........           _BLF     printf,??printf??rT
    692             sExecStep++; 
   \   00000474   2888               LDRH     R0,[R5, #+0]
   \   00000476   401C               ADDS     R0,R0,#+1
   \   00000478   37E1               B.N      ??flash_test_function_48
    693             return;
    694          
    695           case FLASH_ERASE+2:
    696             if (bPushKey == '0') { sEraseQty = 512; sExecStep++; }
   \                     ??flash_test_function_6:
   \   0000047A   302A               CMP      R2,#+48
   \   0000047C   03D1               BNE      ??flash_test_function_74
   \   0000047E   8021               MOVS     R1,#+128
   \   00000480   8900               LSLS     R1,R1,#+2        ;; #+512
   \   00000482   A182               STRH     R1,[R4, #+20]
   \   00000484   31E1               B.N      ??flash_test_function_48
    697              else if (DEC_KEY) { sEraseQty = ascii2hex(bPushKey); sExecStep++; }
   \                     ??flash_test_function_74:
   \   00000486   08D3               BCC      ??flash_test_function_75
   \   00000488   3A2A               CMP      R2,#+58
   \   0000048A   08D2               BCS      ??flash_test_function_76
   \   0000048C   1000               MOVS     R0,R2
   \   0000048E   ........           _BLF     ascii2hex,??ascii2hex??rT
   \   00000492   A082               STRH     R0,[R4, #+20]
   \   00000494   2888               LDRH     R0,[R5, #+0]
   \   00000496   401C               ADDS     R0,R0,#+1
   \   00000498   27E1               B.N      ??flash_test_function_48
    698              else if (ANY_KEY) sExecStep = FLASH_MAIN;
   \                     ??flash_test_function_75:
   \   0000049A   002A               CMP      R2,#+0
   \   0000049C   68D0               BEQ      ??flash_test_function_77
   \                     ??flash_test_function_76:
   \   0000049E   0A20               MOVS     R0,#+10
   \   000004A0   23E1               B.N      ??flash_test_function_48
    699             return;
    700             
    701           case FLASH_ERASE+3:
    702             printf("\n>Flash Page:%03Xh", sFlashPage);
    703             keyin_start(3); 
    704             set_cursor_h(12);
    705             sExecStep++; 
    706             return;
    707             
    708           case FLASH_ERASE+4: keyin_dp_hex();	 return;
    709          
    710           case FLASH_ERASE+5: 
    711             sFlashPage = KeyValue; 
   \                     ??flash_test_function_9:
   \   000004A2   6182               STRH     R1,[R4, #+18]
    712             if ((sFlashPage < 0x0200)|(sFlashPage > 0x03FF))
   \   000004A4   1221               MOVS     R1,#+18
   \   000004A6   615E               LDRSH    R1,[R4, R1]
   \   000004A8   8022               MOVS     R2,#+128
   \   000004AA   9200               LSLS     R2,R2,#+2        ;; #+512
   \   000004AC   9142               CMP      R1,R2
   \   000004AE   0CDB               BLT      ??flash_test_function_78
   \   000004B0   5200               LSLS     R2,R2,#+1
   \   000004B2   9142               CMP      R1,R2
   \   000004B4   09DA               BGE      ??flash_test_function_78
    713             {
    714               printf("\n>Error: Code Area");
    715               sExecStep = FLASH_ERASE+10;
    716             }
    717                else 
    718             {
    719               for (lp = 0; lp < 64; lp++) uiFlashBuffer[lp] = 0xFFFFFFFF;
   \   000004B6   0022               MOVS     R2,#+0
   \   000004B8   864B               LDR      R3,??flash_test_function_70  ;; uiFlashBuffer
   \   000004BA   0024               MOVS     R4,#+0
   \   000004BC   E443               MVNS     R4,R4            ;; #-1
   \                     ??flash_test_function_79:
   \   000004BE   9100               LSLS     R1,R2,#+2
   \   000004C0   5C50               STR      R4,[R3, R1]
   \   000004C2   521C               ADDS     R2,R2,#+1
   \   000004C4   402A               CMP      R2,#+64
   \   000004C6   FADB               BLT      ??flash_test_function_79
    720               sExecStep++;
   \   000004C8   0FE1               B.N      ??flash_test_function_48
    721             }
   \                     ??flash_test_function_78:
   \   000004CA   F420               MOVS     R0,#+244
   \   000004CC   8000               LSLS     R0,R0,#+2        ;; #+976
   \   000004CE   3018               ADDS     R0,R6,R0
   \   000004D0   ........           _BLF     printf,??printf??rT
   \   000004D4   6E20               MOVS     R0,#+110
   \   000004D6   08E1               B.N      ??flash_test_function_48
    722             return;
    723             
    724           case FLASH_ERASE+6:
    725             uiFlashAdd = FLASH_START_ADD + (sFlashPage << 8);
   \                     ??flash_test_function_10:
   \   000004D8   0098               LDR      R0,[SP, #+0]
   \   000004DA   E062               STR      R0,[R4, #+44]
    726             Result = AT91F_Flash_Write( uiFlashAdd , FLASH_PAGE_SIZE_BYTE, &uiFlashBuffer[0], 0);
   \   000004DC   0023               MOVS     R3,#+0
   \   000004DE   7D4A               LDR      R2,??flash_test_function_70  ;; uiFlashBuffer
   \   000004E0   8021               MOVS     R1,#+128
   \   000004E2   4900               LSLS     R1,R1,#+1        ;; #+256
   \   000004E4   ........           _BLF     AT91F_Flash_Write,??AT91F_Flash_Write??rT
   \   000004E8   2070               STRB     R0,[R4, #+0]
    727             //uiFlashCmd = EFC_KEY|sFlashPage<<8|EFC_WRITE_PAGE;
    728             //printf("\nEFC MODE  :%08X", EFC_MODE);
    729             uiFlashSts = EFC_STATUS;
   \   000004EA   206A               LDR      R0,[R4, #+32]
   \   000004EC   806E               LDR      R0,[R0, #+104]
   \   000004EE   6062               STR      R0,[R4, #+36]
    730             uiFlashSts0 = uiFlashSts;
   \   000004F0   A062               STR      R0,[R4, #+40]
    731             //printf("\nEFC_STATUS:%08X", uiFlashSts);
    732             //printf("\nEFC CMD   :%08X", uiFlashCmd); 
    733             SeverTxPage = find_transmit_start_page();
   \   000004F2   ........           _BLF     find_transmit_start_page,??find_transmit_start_page??rT
   \   000004F6   ....               LDR      R1,??DataTable30  ;; SeverTxPage
   \   000004F8   0880               STRH     R0,[R1, #+0]
    734             //EFC_CMD = uiFlashCmd;
    735             sExecStep++; 
   \   000004FA   2888               LDRH     R0,[R5, #+0]
   \   000004FC   401C               ADDS     R0,R0,#+1
   \   000004FE   F4E0               B.N      ??flash_test_function_48
    736             return;
    737          
    738           case FLASH_ERASE+7:
    739             uiFlashSts = EFC_STATUS;
   \                     ??flash_test_function_11:
   \   00000500   216A               LDR      R1,[R4, #+32]
   \   00000502   896E               LDR      R1,[R1, #+104]
   \   00000504   6162               STR      R1,[R4, #+36]
    740             if (uiFlashSts != uiFlashSts0)
   \   00000506   A26A               LDR      R2,[R4, #+40]
   \   00000508   9142               CMP      R1,R2
   \   0000050A   04D0               BEQ      ??flash_test_function_80
    741             {
    742               uiFlashSts0 = uiFlashSts;
   \   0000050C   A162               STR      R1,[R4, #+40]
    743               //printf("\nEFC_STATUS:%08X", uiFlashSts);
    744               DelayStep = 0;
   \   0000050E   ....               LDR      R1,??DataTable31  ;; DelayStep
   \   00000510   0022               MOVS     R2,#+0
   \   00000512   0A70               STRB     R2,[R1, #+0]
    745               sExecStep++;
   \   00000514   E9E0               B.N      ??flash_test_function_48
    746             }
    747             else 
    748             {
    749               printf("\n>Erase ERROR:%03Xh", sFlashPage);
   \                     ??flash_test_function_80:
   \   00000516   1220               MOVS     R0,#+18
   \   00000518   215E               LDRSH    R1,[R4, R0]
   \   0000051A   F920               MOVS     R0,#+249
   \   0000051C   8000               LSLS     R0,R0,#+2        ;; #+996
   \   0000051E   3018               ADDS     R0,R6,R0
   \   00000520   ........           _BLF     printf,??printf??rT
    750               sExecStep = FLASH_ERASE+9;
   \   00000524   6D20               MOVS     R0,#+109
   \   00000526   E0E0               B.N      ??flash_test_function_48
    751             }
    752             return;
    753             
    754           case FLASH_ERASE+8:
    755             printf("\n>Page[%03Xh] ERASE..", sFlashPage);
   \                     ??flash_test_function_12:
   \   00000528   1220               MOVS     R0,#+18
   \   0000052A   215E               LDRSH    R1,[R4, R0]
   \   0000052C   FE20               MOVS     R0,#+254
   \   0000052E   8000               LSLS     R0,R0,#+2        ;; #+1016
   \   00000530   3018               ADDS     R0,R6,R0
   \   00000532   ........           _BLF     printf,??printf??rT
    756             if ((--sEraseQty != 0)&(sFlashPage < 0x3FF)) 
   \   00000536   1420               MOVS     R0,#+20
   \   00000538   205E               LDRSH    R0,[R4, R0]
   \   0000053A   401E               SUBS     R0,R0,#+1
   \   0000053C   A082               STRH     R0,[R4, #+20]
   \   0000053E   0004               LSLS     R0,R0,#+16
   \   00000540   09D0               BEQ      ??flash_test_function_81
   \   00000542   1220               MOVS     R0,#+18
   \   00000544   205E               LDRSH    R0,[R4, R0]
   \   00000546   ....               LDR      R1,??DataTable32  ;; 0x3ff
   \   00000548   8842               CMP      R0,R1
   \   0000054A   04DA               BGE      ??flash_test_function_81
    757             {
    758                sFlashPage++;
   \   0000054C   401C               ADDS     R0,R0,#+1
   \   0000054E   6082               STRH     R0,[R4, #+18]
    759                sExecStep++;
   \   00000550   2888               LDRH     R0,[R5, #+0]
   \   00000552   401C               ADDS     R0,R0,#+1
   \   00000554   C9E0               B.N      ??flash_test_function_48
    760             }
    761             else 
    762             {
    763               printf("\n>Erase END..");
   \                     ??flash_test_function_81:
   \   00000556   8220               MOVS     R0,#+130
   \   00000558   C000               LSLS     R0,R0,#+3        ;; #+1040
   \   0000055A   3018               ADDS     R0,R6,R0
   \   0000055C   ........           _BLF     printf,??printf??rT
    764               sExecStep= FLASH_ERASE+10;
   \   00000560   6E20               MOVS     R0,#+110
   \   00000562   C2E0               B.N      ??flash_test_function_48
    765             }
    766             return;
    767             
    768           case FLASH_ERASE+9:
    769             if (sEraseQty > 20) sExecStep = FLASH_ERASE+6;
   \                     ??flash_test_function_13:
   \   00000564   6A26               MOVS     R6,#+106
   \   00000566   1420               MOVS     R0,#+20
   \   00000568   205E               LDRSH    R0,[R4, R0]
   \   0000056A   1528               CMP      R0,#+21
   \   0000056C   01DB               BLT      ??flash_test_function_82
   \                     ??flash_test_function_83:
   \   0000056E   2E80               STRH     R6,[R5, #+0]
   \                     ??flash_test_function_77:
   \   00000570   BCE0               B        ??flash_test_function_58
    770             else if (step_delay(SEC_1/4)) sExecStep = FLASH_ERASE+6;
   \                     ??flash_test_function_82:
   \   00000572   7D20               MOVS     R0,#+125
   \   00000574   ........           _BLF     step_delay,??step_delay??rT
   \   00000578   0028               CMP      R0,#+0
   \   0000057A   F9D0               BEQ      ??flash_test_function_77
   \   0000057C   F7E7               B.N      ??flash_test_function_83
    771             return;
    772             
    773           case FLASH_ERASE+10:
    774             if (ENTER_KEY) sExecStep = FLASH_ERASE;
   \                     ??flash_test_function_14:
   \   0000057E   0D2A               CMP      R2,#+13
   \   00000580   ....               BNE      .+5
   \   00000582   1BE6               B        ??flash_test_function_54
    775             else if (ANY_KEY) sExecStep = FLASH_MAIN;
   \   00000584   002A               CMP      R2,#+0
   \   00000586   01D0               BEQ      ??flash_test_function_84
   \   00000588   0A20               MOVS     R0,#+10
   \   0000058A   AEE0               B.N      ??flash_test_function_48
    776             else if (step_delay(SEC_1<<2)) sExecStep = FLASH_MAIN; 
   \                     ??flash_test_function_84:
   \   0000058C   FA20               MOVS     R0,#+250
   \   0000058E   C000               LSLS     R0,R0,#+3        ;; #+2000
   \   00000590   ........           _BLF     step_delay,??step_delay??rT
   \   00000594   0028               CMP      R0,#+0
   \   00000596   EBD0               BEQ      ??flash_test_function_77
   \   00000598   0A20               MOVS     R0,#+10
   \   0000059A   A6E0               B.N      ??flash_test_function_48
    777             return;
    778          
    779          /*************************/
    780          /* Flash Memory Lock    */
    781          /*************************/
    782           case FLASH_LOCK:
    783             display_mode(2);
   \                     ??flash_test_function_32:
   \   0000059C   0220               MOVS     R0,#+2
   \   0000059E   ........           _BLF     display_mode,??display_mode??rT
    784             printf("준비중입니다.");
   \   000005A2   8420               MOVS     R0,#+132
   \   000005A4   C000               LSLS     R0,R0,#+3        ;; #+1056
   \   000005A6   3018               ADDS     R0,R6,R0
   \   000005A8   ........           _BLF     printf,??printf??rT
    785             sExecStep++;
   \   000005AC   2888               LDRH     R0,[R5, #+0]
   \   000005AE   401C               ADDS     R0,R0,#+1
   \   000005B0   9BE0               B.N      ??flash_test_function_48
    786             return;
    787          
    788           case FLASH_LOCK+1:   
    789             if (step_delay(SEC_1<<1)) 
   \                     ??flash_test_function_31:
   \   000005B2   FA20               MOVS     R0,#+250
   \   000005B4   8000               LSLS     R0,R0,#+2        ;; #+1000
   \   000005B6   ........           _BLF     step_delay,??step_delay??rT
   \   000005BA   0028               CMP      R0,#+0
   \   000005BC   0AD0               BEQ      ??flash_test_function_85
    790             {
    791               display_mode(0);
   \                     ??flash_test_function_86:
   \   000005BE   0020               MOVS     R0,#+0
   \   000005C0   ........           _BLF     display_mode,??display_mode??rT
    792               sExecStep = FLASH_MAIN; 
   \   000005C4   0A20               MOVS     R0,#+10
   \   000005C6   90E0               B.N      ??flash_test_function_48
    793             }
    794             return;
    795             
    796          /*************************/
    797          /* Flash Memory Unlock   */
    798          /*************************/
    799           case FLASH_UNLOCK:
    800             display_mode(2);
    801             printf("준비중입니다.");
    802             sExecStep++;
    803             return;
    804          
    805           case FLASH_UNLOCK+1:   
    806             if (step_delay(SEC_1<<1)) 
   \                     ??flash_test_function_33:
   \   000005C8   FA20               MOVS     R0,#+250
   \   000005CA   8000               LSLS     R0,R0,#+2        ;; #+1000
   \   000005CC   ........           _BLF     step_delay,??step_delay??rT
   \   000005D0   0028               CMP      R0,#+0
   \   000005D2   F4D1               BNE      ??flash_test_function_86
   \                     ??flash_test_function_85:
   \   000005D4   8AE0               B        ??flash_test_function_58
    807             {
    808               display_mode(0);
    809               sExecStep = FLASH_MAIN;            
    810             }
    811             return;
    812             
    813          /*************************/
    814          /* Flash Register Edit   */
    815          /*************************/
    816           case EFC_REG_EDIT:
    817             screen_clear();
   \                     ??flash_test_function_34:
   \   000005D6   ........           _BLF     screen_clear,??screen_clear??rT
    818             printf("\n<Register Edit>");
   \   000005DA   8620               MOVS     R0,#+134
   \   000005DC   C000               LSLS     R0,R0,#+3        ;; #+1072
   \   000005DE   3018               ADDS     R0,R6,R0
   \   000005E0   ........           _BLF     printf,??printf??rT
    819             sExecStep++;
   \   000005E4   2888               LDRH     R0,[R5, #+0]
   \   000005E6   401C               ADDS     R0,R0,#+1
   \   000005E8   7FE0               B.N      ??flash_test_function_48
    820             return;
    821          
    822           case EFC_REG_EDIT+1:
    823             uiRegisterAdd = 0xFFFFFF00;
   \                     ??flash_test_function_35:
   \   000005EA   FF21               MOVS     R1,#+255
   \   000005EC   C943               MVNS     R1,R1            ;; #-256
   \   000005EE   A163               STR      R1,[R4, #+56]
    824             printf("\n>Add:%08Xh", uiRegisterAdd);
   \   000005F0   0198               LDR      R0,[SP, #+4]
   \   000005F2   ........           _BLF     printf,??printf??rT
    825             keyin_start(8);
   \   000005F6   0820               MOVS     R0,#+8
   \   000005F8   ........           _BLF     keyin_start,??keyin_start??rT
    826             set_cursor_h(5);
   \   000005FC   0520               MOVS     R0,#+5
   \   000005FE   ........           _BLF     set_cursor_h,??set_cursor_h??rT
    827             sExecStep++;
   \   00000602   2888               LDRH     R0,[R5, #+0]
   \   00000604   401C               ADDS     R0,R0,#+1
   \   00000606   70E0               B.N      ??flash_test_function_48
    828             return;
    829           
    830           case EFC_REG_EDIT+2: keyin_dp_hex();	 return;
    831          
    832           case EFC_REG_EDIT+3:
    833             uiRegisterAdd = KeyValue;
   \                     ??flash_test_function_37:
   \   00000608   A163               STR      R1,[R4, #+56]
    834             printf("\r>Add:%08Xh", uiRegisterAdd);
   \   0000060A   0298               LDR      R0,[SP, #+8]
   \   0000060C   ........           _BLF     printf,??printf??rT
    835             uiRegisterPtr = (unsigned int *) uiRegisterAdd;
   \   00000610   A06B               LDR      R0,[R4, #+56]
   \   00000612   2064               STR      R0,[R4, #+64]
    836             //printf("\n>%08X:%08X", uiRegisterPtr, *uiRegisterPtr);
    837             sExecStep++; 
   \   00000614   2888               LDRH     R0,[R5, #+0]
   \   00000616   401C               ADDS     R0,R0,#+1
   \   00000618   67E0               B.N      ??flash_test_function_48
    838             return;
    839             
    840           case EFC_REG_EDIT+4:
    841             memory_view_word8(uiRegisterPtr);
   \                     ??flash_test_function_38:
   \   0000061A   206C               LDR      R0,[R4, #+64]
   \   0000061C   ........           BL       memory_view_word8
    842             sExecStep++;
   \   00000620   2888               LDRH     R0,[R5, #+0]
   \   00000622   401C               ADDS     R0,R0,#+1
   \   00000624   61E0               B.N      ??flash_test_function_48
    843             return; 
    844          
    845           case EFC_REG_EDIT+5:
    846             if (ENTER_KEY) sExecStep = EFC_REG_EDIT;
   \                     ??flash_test_function_39:
   \   00000626   0D2A               CMP      R2,#+13
   \   00000628   ....               BNE      .+5
   \   0000062A   CBE5               B        ??flash_test_function_56
    847             else if (DN_KEY) 
   \   0000062C   9721               MOVS     R1,#+151
   \   0000062E   8900               LSLS     R1,R1,#+2        ;; #+604
   \   00000630   632A               CMP      R2,#+99
   \   00000632   04D1               BNE      ??flash_test_function_87
    848             {
    849               uiRegisterPtr += 8;
   \   00000634   206C               LDR      R0,[R4, #+64]
   \   00000636   2030               ADDS     R0,R0,#+32
   \                     ??flash_test_function_88:
   \   00000638   2064               STR      R0,[R4, #+64]
    850               sExecStep = EFC_REG_EDIT+4;
   \   0000063A   2980               STRH     R1,[R5, #+0]
   \   0000063C   56E0               B        ??flash_test_function_58
    851             }
    852             else if (UP_KEY)
   \                     ??flash_test_function_87:
   \   0000063E   622A               CMP      R2,#+98
   \   00000640   02D1               BNE      ??flash_test_function_89
    853             {
    854               uiRegisterPtr -= 8;
   \   00000642   206C               LDR      R0,[R4, #+64]
   \   00000644   2038               SUBS     R0,R0,#+32
   \   00000646   F7E7               B.N      ??flash_test_function_88
    855               sExecStep = EFC_REG_EDIT+4;
    856             }
    857             else if (MENU_KEY) sExecStep = FLASH_MAIN;
   \                     ??flash_test_function_89:
   \   00000648   612A               CMP      R2,#+97
   \   0000064A   01D1               BNE      ??flash_test_function_90
   \   0000064C   0A20               MOVS     R0,#+10
   \   0000064E   4CE0               B.N      ??flash_test_function_48
    858             else if (ANY_KEY) sExecStep++;
   \                     ??flash_test_function_90:
   \   00000650   002A               CMP      R2,#+0
   \   00000652   4BD0               BEQ      ??flash_test_function_58
   \   00000654   49E0               B.N      ??flash_test_function_48
    859             return; 
    860          
    861           case EFC_REG_EDIT+6:
    862             printf("\n<Register Write>");
   \                     ??flash_test_function_40:
   \   00000656   2648               LDR      R0,??flash_test_function_91  ;; 0x45c
   \   00000658   3018               ADDS     R0,R6,R0
   \   0000065A   ........           _BLF     printf,??printf??rT
    863             sExecStep++;
   \   0000065E   2888               LDRH     R0,[R5, #+0]
   \   00000660   401C               ADDS     R0,R0,#+1
   \   00000662   42E0               B.N      ??flash_test_function_48
    864             return;
    865          
    866           case EFC_REG_EDIT+7:
    867             //uiRegisterAdd = uiRegisterPtr;
    868             printf("\n>Add:%08Xh", uiRegisterPtr);
   \                     ??flash_test_function_41:
   \   00000664   216C               LDR      R1,[R4, #+64]
   \   00000666   0198               LDR      R0,[SP, #+4]
   \   00000668   ........           _BLF     printf,??printf??rT
    869             keyin_start(8);
   \   0000066C   0820               MOVS     R0,#+8
   \   0000066E   ........           _BLF     keyin_start,??keyin_start??rT
    870             set_cursor_h(5);
   \   00000672   0520               MOVS     R0,#+5
   \   00000674   ........           _BLF     set_cursor_h,??set_cursor_h??rT
    871             sExecStep++;
   \   00000678   2888               LDRH     R0,[R5, #+0]
   \   0000067A   401C               ADDS     R0,R0,#+1
   \   0000067C   35E0               B.N      ??flash_test_function_48
    872             return;
    873           
    874           case EFC_REG_EDIT+8: keyin_dp_hex();	 return;
    875          
    876           case EFC_REG_EDIT+9:
    877             uiRegisterAdd = KeyValue;
   \                     ??flash_test_function_42:
   \   0000067E   A163               STR      R1,[R4, #+56]
   \   00000680   2164               STR      R1,[R4, #+64]
    878             uiRegisterPtr = (unsigned int *) uiRegisterAdd;
    879             printf("\r>Add:%08Xh", uiRegisterPtr);
   \   00000682   0298               LDR      R0,[SP, #+8]
   \   00000684   ........           _BLF     printf,??printf??rT
    880             sExecStep++; 
   \   00000688   2888               LDRH     R0,[R5, #+0]
   \   0000068A   401C               ADDS     R0,R0,#+1
   \   0000068C   2DE0               B.N      ??flash_test_function_48
    881             return;
    882          
    883           case EFC_REG_EDIT+10:
    884             uiRegisterData = *uiRegisterPtr;
   \                     ??flash_test_function_43:
   \   0000068E   206C               LDR      R0,[R4, #+64]
   \   00000690   0168               LDR      R1,[R0, #+0]
   \   00000692   E163               STR      R1,[R4, #+60]
    885             printf("\n>Data:%08Xh", uiRegisterData);
   \   00000694   8E20               MOVS     R0,#+142
   \   00000696   C000               LSLS     R0,R0,#+3        ;; #+1136
   \   00000698   3018               ADDS     R0,R6,R0
   \   0000069A   ........           _BLF     printf,??printf??rT
    886             keyin_start(8);
   \   0000069E   0820               MOVS     R0,#+8
   \   000006A0   ........           _BLF     keyin_start,??keyin_start??rT
    887             set_cursor_h(6);
   \   000006A4   0620               MOVS     R0,#+6
   \   000006A6   ........           _BLF     set_cursor_h,??set_cursor_h??rT
    888             sExecStep++;
   \   000006AA   2888               LDRH     R0,[R5, #+0]
   \   000006AC   401C               ADDS     R0,R0,#+1
   \   000006AE   1CE0               B.N      ??flash_test_function_48
    889             return;
    890           
    891           case EFC_REG_EDIT+11: keyin_dp_hex();	 return;
    892          
    893           case EFC_REG_EDIT+12:
    894             uiRegisterData = KeyValue;
   \                     ??flash_test_function_44:
   \   000006B0   E163               STR      R1,[R4, #+60]
    895             *uiRegisterPtr = uiRegisterData;
   \   000006B2   206C               LDR      R0,[R4, #+64]
   \   000006B4   0160               STR      R1,[R0, #+0]
    896             printf("\n>%08X:%08X", uiRegisterPtr, *uiRegisterPtr);
   \   000006B6   0A00               MOVS     R2,R1
   \   000006B8   216C               LDR      R1,[R4, #+64]
   \   000006BA   8A20               MOVS     R0,#+138
   \   000006BC   8000               LSLS     R0,R0,#+2        ;; #+552
   \   000006BE   3018               ADDS     R0,R6,R0
   \   000006C0   ........           _BLF     printf,??printf??rT
    897             sExecStep++; 
   \   000006C4   2888               LDRH     R0,[R5, #+0]
   \   000006C6   401C               ADDS     R0,R0,#+1
   \   000006C8   0FE0               B.N      ??flash_test_function_48
    898             return;
    899          
    900           case EFC_REG_EDIT+13:
    901             sExecStep++;
    902             return;
    903             
    904           case EFC_REG_EDIT+14:
    905             if (ENTER_KEY) sExecStep = EFC_REG_EDIT+6;
   \                     ??flash_test_function_46:
   \   000006CA   0D2A               CMP      R2,#+13
   \   000006CC   04D1               BNE      ??flash_test_function_92
   \   000006CE   0948               LDR      R0,??flash_test_function_91+0x4  ;; 0x25e
   \   000006D0   0BE0               B.N      ??flash_test_function_48
   \   000006D2   C046               Nop      
   \                     ??flash_test_function_70:
   \   000006D4   ........           DC32     uiFlashBuffer
    906             else if (MENU_KEY) sExecStep = FLASH_MAIN;
   \                     ??flash_test_function_92:
   \   000006D8   612A               CMP      R2,#+97
   \   000006DA   01D1               BNE      ??flash_test_function_93
   \   000006DC   0A20               MOVS     R0,#+10
   \   000006DE   04E0               B.N      ??flash_test_function_48
    907             else if (ANY_KEY) sExecStep = FLASH_MAIN;
   \                     ??flash_test_function_93:
   \   000006E0   002A               CMP      R2,#+0
   \   000006E2   03D0               BEQ      ??flash_test_function_58
   \   000006E4   0A20               MOVS     R0,#+10
   \   000006E6   00E0               B.N      ??flash_test_function_48
    908             return; 
    909          /*
    910           case EFC_REG_EDIT+6:
    911             sExecStep++;
    912             return;  
    913           case EFC_REG_EDIT+7:
    914             sExecStep++;
    915             return;  
    916           case EFC_REG_EDIT+8:
    917             sExecStep++;
    918             return;  
    919           case EFC_REG_EDIT+9:
    920             sExecStep++;
    921             return;  
    922           case EFC_REG_EDIT+10:
    923             sExecStep++;
    924             return;  
    925           case EFC_REG_EDIT+11:
    926             sExecStep++;
    927             return;  
    928           case EFC_REG_EDIT+12:
    929             sExecStep++;
    930             return;     
    931             
    932             
    933           case EFC_REG_EDIT+1: 
    934             // read EFC register
    935             //EFC_MODE = EFC_MODE_DEFAULT;
    936             uiFlashMode = EFC_MODE;
    937             uiFlashSts = EFC_STATUS;
    938             //printf("\nWDT_MODE  :%08X", AT91C_WDTC_WDMR);
    939             //printf("\nWDT_STATUS:%08X", AT91C_WDTC_WDSR);
    940             printf("\nEFC_MODE  :%08X", uiFlashMode);
    941             printf("\nEFC_STATUS:%08X", uiFlashSts);
    942             sExecStep++;  
    943             return;
    944           
    945           case EFC_REG_EDIT+2: 
    946             printf("\nEFC Page:%03Xh", sFlashPage);
    947             keyin_start(3); 
    948             set_cursor_h(9);
    949             sExecStep++; 
    950             return;
    951             
    952           case EFC_REG_EDIT+3: keyin_dp_hex();	 return;
    953           
    954           case EFC_REG_EDIT+4:
    955             sFlashPage = KeyValue & 0x3FF;
    956             printf("\rEFC Page:%03Xh", sFlashPage);
    957             print_flash_cmd();
    958             FlashCmd = 0;
    959             printf("\nEFC CMD :%01Xh", FlashCmd);
    960             keyin_start(1);
    961             set_cursor_h(9);
    962             sExecStep++; 
    963             return;
    964          
    965           case EFC_REG_EDIT+5: keyin_dp_hex();	 return;
    966           
    967           case EFC_REG_EDIT+6:
    968             FlashCmd = KeyValue & 0x0F;
    969             uiFlashCmd = EFC_KEY|sFlashPage<<8|FlashCmd;
    970             printf("\nEFC MODE  :%08X", EFC_MODE);
    971             uiFlashSts = EFC_STATUS;
    972             uiFlashSts0 = uiFlashSts;
    973             printf("\nEFC_STATUS:%08X", uiFlashSts);
    974             printf("\nEFC CMD   :%08X", uiFlashCmd); 
    975             EFC_CMD = uiFlashCmd;
    976             sExecStep++; 
    977             return;
    978          
    979           case EFC_REG_EDIT+7:
    980             uiFlashSts = EFC_STATUS;
    981             if (uiFlashSts != uiFlashSts0)
    982             {
    983               uiFlashSts0 = uiFlashSts;
    984               printf("\nEFC_STATUS:%08X", uiFlashSts);
    985             }
    986             if (ENTER_KEY) sExecStep = EFC_REG_EDIT;
    987             else if (MENU_KEY) sExecStep = FLASH_MAIN; 
    988             return;
    989          */
    990           default:
    991             sExecStep = FLASH_MAIN; 
   \                     ??flash_test_function_47:
   \   000006E8   0A20               MOVS     R0,#+10
   \                     ??flash_test_function_48:
   \   000006EA   2880               STRH     R0,[R5, #+0]
    992             return;
   \                     ??flash_test_function_58:
   \   000006EC   ........           BL       ?Subroutine32
   \                     ??flash_test_function_91:
   \   000006F0   5C040000           DC32     0x45c
   \   000006F4   5E020000           DC32     0x25e
    993           }
    994          }

   \                                 In segment CODE, align 4, keep-with-next
   \                     ?Subroutine32:
   \   00000000   FFBC               POP      {R0-R7}
   \   00000002   01BC               POP      {R0}
   \   00000004   0047               BX       R0               ;; return
   \   00000006   C046               Nop      
   \                     ??Subroutine32_0:
   \   00000008   FF030000           DC32     0x3ff
   \   0000000C   56040000           DC32     0x456
   \   00000010   ........           DC32     SeverTxPage
   \   00000014   8E030000           DC32     0x38e
   \   00000018   FF010000           DC32     0x1ff
   \   0000001C   8A030000           DC32     0x38a
   \   00000020   89030000           DC32     0x389
   \   00000024   983A0000           DC32     0x3a98
    995          
    996          
    997          char ViewSampleNo;

   \                                 In segment DATA_Z, align 4, align-sorted
    998          unsigned short usViewBuf[128];
   \                     usViewBuf:
   \   00000000                      DS8 256

   \                                 In segment CODE, align 4, keep-with-next
    999          void sample_data_view(void)
   1000          {
   \                     sample_data_view:
   \   00000000   F1B5               PUSH     {R0,R4-R7,LR}
   1001            short add;
   1002            short volt1, volt2, amp1, amp2, pw1, pw2;
   1003            
   1004            add = (ViewSampleNo - 1) * 3 + 8;
   \   00000002   ....               LDR      R4,??DataTable35  ;; Result
   \   00000004   2179               LDRB     R1,[R4, #+4]
   \   00000006   0325               MOVS     R5,#+3
   \   00000008   4D43               MULS     R5,R1,R5
   \   0000000A   6D1D               ADDS     R5,R5,#+5
   1005            volt1 = usViewBuf[add++];
   \   0000000C   ....               LDR      R6,??DataTable38  ;; usViewBuf
   \   0000000E   6800               LSLS     R0,R5,#+1
   \   00000010   325A               LDRH     R2,[R6, R0]
   \   00000012   1204               LSLS     R2,R2,#+16
   \   00000014   1214               ASRS     R2,R2,#+16
   \   00000016   6D1C               ADDS     R5,R5,#+1
   1006            amp1 = usViewBuf[add++];
   \   00000018   6800               LSLS     R0,R5,#+1
   \   0000001A   335A               LDRH     R3,[R6, R0]
   \   0000001C   1B04               LSLS     R3,R3,#+16
   \   0000001E   1B14               ASRS     R3,R3,#+16
   \   00000020   6D1C               ADDS     R5,R5,#+1
   1007            pw1 = usViewBuf[add++];
   \   00000022   6800               LSLS     R0,R5,#+1
   \   00000024   305A               LDRH     R0,[R6, R0]
   \   00000026   0004               LSLS     R0,R0,#+16
   \   00000028   0014               ASRS     R0,R0,#+16
   \   0000002A   6D1C               ADDS     R5,R5,#+1
   1008            volt2 = usViewBuf[add++];
   \   0000002C   6F00               LSLS     R7,R5,#+1
   \   0000002E   F75B               LDRH     R7,[R6, R7]
   \   00000030   3F04               LSLS     R7,R7,#+16
   \   00000032   3F14               ASRS     R7,R7,#+16
   \   00000034   0097               STR      R7,[SP, #+0]
   \   00000036   6F1C               ADDS     R7,R5,#+1
   1009            amp2 = usViewBuf[add++];
   \   00000038   7D00               LSLS     R5,R7,#+1
   \   0000003A   755B               LDRH     R5,[R6, R5]
   \   0000003C   2D04               LSLS     R5,R5,#+16
   \   0000003E   2D14               ASRS     R5,R5,#+16
   1010            pw2 = usViewBuf[add++];
   \   00000040   7F1C               ADDS     R7,R7,#+1
   \   00000042   7F00               LSLS     R7,R7,#+1
   \   00000044   F65B               LDRH     R6,[R6, R7]
   \   00000046   3604               LSLS     R6,R6,#+16
   \   00000048   3614               ASRS     R6,R6,#+16
   1011            printf("\n%02d:%04dV %04dA %04dW", ViewSampleNo, volt1, amp1, pw1);
   \   0000004A   ....               LDR      R7,??Subroutine29_0  ;; `?<Constant "\\n%02d:%04dV %04dA %04dW">`
   \   0000004C   01B4               PUSH     {R0}
   \   0000004E   3800               MOVS     R0,R7
   \   00000050   ........           _BLF     printf,??printf??rT
   1012            ViewSampleNo++;
   \   00000054   2179               LDRB     R1,[R4, #+4]
   \   00000056   491C               ADDS     R1,R1,#+1
   \   00000058   2171               STRB     R1,[R4, #+4]
   1013            printf("\n%02d:%04dV %04dA %04dW", ViewSampleNo, volt2, amp2, pw2);
   \   0000005A   40B4               PUSH     {R6}
   \   0000005C   2B00               MOVS     R3,R5
   \   0000005E   029A               LDR      R2,[SP, #+8]
   \   00000060   0906               LSLS     R1,R1,#+24
   \   00000062   090E               LSRS     R1,R1,#+24
   \   00000064   3800               MOVS     R0,R7
   \   00000066   ........           _BLF     printf,??printf??rT
   1014            ViewSampleNo++;
   \   0000006A   2079               LDRB     R0,[R4, #+4]
   \   0000006C   401C               ADDS     R0,R0,#+1
   \   0000006E   2071               STRB     R0,[R4, #+4]
   1015          }
   \   00000070                      REQUIRE ?Subroutine29
   \   00000070                      ;; // Fall through to label ?Subroutine29
   1016          

   \                                 In segment CODE, align 4, keep-with-next
   1017          void recore_data_view(void)
   1018          {
   \                     recore_data_view:
   \   00000000   F3B5               PUSH     {R0,R1,R4-R7,LR}
   1019            unsigned short id, time;
   1020            unsigned char year, mon, date, hour, min, sec;
   1021           
   1022            if (ViewSampleNo == 0) 
   \   00000002   ....               LDR      R4,??DataTable35  ;; Result
   \   00000004   2079               LDRB     R0,[R4, #+4]
   \   00000006   0028               CMP      R0,#+0
   \   00000008   36D1               BNE      ??recore_data_view_0
   \   0000000A   1820               MOVS     R0,#+24
   \   0000000C   215E               LDRSH    R1,[R4, R0]
   \   0000000E   254D               LDR      R5,??recore_data_view_1  ;; `?<Constant "\\nPage:%03d [BLANK]">`
   \   00000010   ....               LDR      R6,??DataTable38  ;; usViewBuf
   \   00000012   3088               LDRH     R0,[R6, #+0]
   \   00000014   ....               LDR      R2,??DataTable37  ;; 0xaa55
   \   00000016   9042               CMP      R0,R2
   \   00000018   03D0               BEQ      ??recore_data_view_2
   1023            {
   1024              id = usViewBuf[0];
   1025              if (id != SAMPLE_ID) printf("\nPage:%03d [BLANK]", sViewPage);
   \   0000001A   2800               MOVS     R0,R5
   \   0000001C   ........           _BLF     printf,??printf??rT
   \   00000020   3DE0               B        ??recore_data_view_3
   1026              else 
   1027              {
   1028                printf("\nPage:%03d [STORE]", sViewPage);  
   \                     ??recore_data_view_2:
   \   00000022   2800               MOVS     R0,R5
   \   00000024   1430               ADDS     R0,R0,#+20
   \   00000026   ........           _BLF     printf,??printf??rT
   1029                year = usViewBuf[1]  >> 8;
   1030                mon =  usViewBuf[1] & 0xFF;
   1031                date = usViewBuf[2]  >> 8;
   1032                hour = usViewBuf[2] & 0xFF;
   \   0000002A   B088               LDRH     R0,[R6, #+4]
   \   0000002C   0106               LSLS     R1,R0,#+24
   \   0000002E   090E               LSRS     R1,R1,#+24
   \   00000030   0091               STR      R1,[SP, #+0]
   1033                min = usViewBuf[3]  >> 8;
   \   00000032   F188               LDRH     R1,[R6, #+6]
   \   00000034   0F0A               LSRS     R7,R1,#+8
   1034                sec = usViewBuf[3] & 0xFF;
   \   00000036   0906               LSLS     R1,R1,#+24
   \   00000038   090E               LSRS     R1,R1,#+24
   \   0000003A   0191               STR      R1,[SP, #+4]
   1035                printf("\nDate:%02X/%02X/%02X", year, mon, date);
   \   0000003C   7188               LDRH     R1,[R6, #+2]
   \   0000003E   030A               LSRS     R3,R0,#+8
   \   00000040   0A06               LSLS     R2,R1,#+24
   \   00000042   120E               LSRS     R2,R2,#+24
   \   00000044   090A               LSRS     R1,R1,#+8
   \   00000046   2800               MOVS     R0,R5
   \   00000048   2830               ADDS     R0,R0,#+40
   \   0000004A   ........           _BLF     printf,??printf??rT
   1036                printf("\nTime:%02X:%02X:%02X",  hour, min, sec);
   \   0000004E   019B               LDR      R3,[SP, #+4]
   \   00000050   1B06               LSLS     R3,R3,#+24
   \   00000052   1B0E               LSRS     R3,R3,#+24
   \   00000054   3A00               MOVS     R2,R7
   \   00000056   0099               LDR      R1,[SP, #+0]
   \   00000058   0906               LSLS     R1,R1,#+24
   \   0000005A   090E               LSRS     R1,R1,#+24
   \   0000005C   2800               MOVS     R0,R5
   \   0000005E   4030               ADDS     R0,R0,#+64
   \   00000060   ........           _BLF     printf,??printf??rT
   1037                time = usViewBuf[5]; 
   1038                printf("\nSample Time:%3d sec", time);
   \   00000064   7189               LDRH     R1,[R6, #+10]
   \   00000066   5835               ADDS     R5,R5,#+88
   \   00000068   2800               MOVS     R0,R5
   \   0000006A   ........           _BLF     printf,??printf??rT
   1039                ViewSampleNo = 1;
   \   0000006E   0120               MOVS     R0,#+1
   \   00000070   2071               STRB     R0,[R4, #+4]
   1040                sample_data_view();
   \   00000072   ........           BL       sample_data_view
   1041                sample_data_view();
   \   00000076   10E0               B.N      ??recore_data_view_4
   1042              }
   1043            }
   1044            else 
   1045            {
   1046              if (ViewSampleNo < 40) sample_data_view();
   \                     ??recore_data_view_0:
   \   00000078   2828               CMP      R0,#+40
   \   0000007A   01D2               BCS      ??recore_data_view_5
   \   0000007C   ........           BL       sample_data_view
   1047              if (ViewSampleNo < 40) sample_data_view();
   \                     ??recore_data_view_5:
   \   00000080   2079               LDRB     R0,[R4, #+4]
   \   00000082   2828               CMP      R0,#+40
   \   00000084   01D2               BCS      ??recore_data_view_6
   \   00000086   ........           BL       sample_data_view
   1048              if (ViewSampleNo < 40) sample_data_view();
   \                     ??recore_data_view_6:
   \   0000008A   2079               LDRB     R0,[R4, #+4]
   \   0000008C   2828               CMP      R0,#+40
   \   0000008E   01D2               BCS      ??recore_data_view_7
   \   00000090   ........           BL       sample_data_view
   1049              if (ViewSampleNo < 40) sample_data_view();
   \                     ??recore_data_view_7:
   \   00000094   2079               LDRB     R0,[R4, #+4]
   \   00000096   2828               CMP      R0,#+40
   \   00000098   01D2               BCS      ??recore_data_view_3
   \                     ??recore_data_view_4:
   \   0000009A   ........           BL       sample_data_view
   1050            }
   1051          }
   \                     ??recore_data_view_3:
   \   0000009E   FCBC               POP      {R2-R7}
   \   000000A0   01BC               POP      {R0}
   \   000000A2   0047               BX       R0               ;; return
   \                     ??recore_data_view_1:
   \   000000A4   ........           DC32     `?<Constant "\\nPage:%03d [BLANK]">`
   1052          
   1053          /*******************************************************/
   1054          /* Flash Memory 한페이지 분량의 측정데이터를 Load하여  */
   1055          /* 서버에 전송할 패킷으로 포장                         */
   1056          /*******************************************************/

   \                                 In segment CODE, align 4, keep-with-next
   1057          void flash_move_to_view(short page)
   1058          {
   \                     flash_move_to_view:
   \   00000000   70B5               PUSH     {R4-R6,LR}
   1059            char lp, add;
   1060            unsigned int ia;
   1061            unsigned int fadd;
   1062            unsigned int * Flash;
   1063            fadd = FDATA_START_ADD + (page << 8);
   1064            Flash = (unsigned int *) fadd;
   \   00000002   0002               LSLS     R0,R0,#+8
   \   00000004   9021               MOVS     R1,#+144
   \   00000006   4903               LSLS     R1,R1,#+13       ;; #+1179648
   \   00000008   4018               ADDS     R0,R0,R1
   1065           
   1066            add = 0; 
   \   0000000A   0024               MOVS     R4,#+0
   1067            for (lp = 0; lp < 64; lp++)
   \   0000000C   4021               MOVS     R1,#+64
   \   0000000E   ....               LDR      R2,??DataTable38  ;; usViewBuf
   1068            {
   1069              ia = *Flash;
   \                     ??flash_move_to_view_0:
   \   00000010   0368               LDR      R3,[R0, #+0]
   1070              usViewBuf[add++] = ia >> 16;
   \   00000012   6500               LSLS     R5,R4,#+1
   \   00000014   1E0C               LSRS     R6,R3,#+16
   \   00000016   5653               STRH     R6,[R2, R5]
   \   00000018   641C               ADDS     R4,R4,#+1
   \   0000001A   2406               LSLS     R4,R4,#+24
   \   0000001C   240E               LSRS     R4,R4,#+24
   1071              usViewBuf[add++] = ia;
   \   0000001E   6500               LSLS     R5,R4,#+1
   \   00000020   5353               STRH     R3,[R2, R5]
   \   00000022   641C               ADDS     R4,R4,#+1
   \   00000024   2406               LSLS     R4,R4,#+24
   \   00000026   240E               LSRS     R4,R4,#+24
   1072              Flash++;
   \   00000028   001D               ADDS     R0,R0,#+4
   1073            }
   \   0000002A   491E               SUBS     R1,R1,#+1
   \   0000002C   F0D1               BNE      ??flash_move_to_view_0
   \   0000002E   C046               Nop      
   1074          } 
   \   00000030                      REQUIRE ?Subroutine28
   \   00000030                      ;; // Fall through to label ?Subroutine28
   1075          
   1076          /******************************************/
   1077          /* Flash 메모리의 저장기록을 조회, 삭제   */
   1078          /******************************************/

   \                                 In segment DATA_Z, align 2, align-sorted
   1079          short RecordAdd;
   \                     RecordAdd:
   \   00000000                      DS8 2

   \                                 In segment DATA_I, align 4, align-sorted
   \                     Result:
   \   00000000                      DS8 1
   \   00000001                      REQUIRE `?<Initializer for Result>`
   \                     DataMonit:
   \   00000001                      DS8 1
   \   00000002                      REQUIRE `?<Initializer for DataMonit>`
   \                     FlashMask:
   \   00000002                      DS8 1
   \   00000003                      REQUIRE `?<Initializer for FlashMask>`
   \                     MeasureNo:
   \   00000003                      DS8 1
   \   00000004                      REQUIRE `?<Initializer for MeasureNo>`
   \                     ViewSampleNo:
   \   00000004                      DS8 1
   \   00000005                      REQUIRE `?<Initializer for ViewSampleNo>`
   \   00000005                      DS8 1
   \                     sVACount:
   \   00000006                      DS8 2
   \   00000008                      REQUIRE `?<Initializer for sVACount>`
   \                     sActiveCount:
   \   00000008                      DS8 2
   \   0000000A                      REQUIRE `?<Initializer for sActiveCount>`
   \                     sStoreTime:
   \   0000000A                      DS8 2
   \   0000000C                      REQUIRE `?<Initializer for sStoreTime>`
   \                     iInterVal:
   \   0000000C                      DS8 2
   \   0000000E                      REQUIRE `?<Initializer for iInterVal>`
   \                     sStoreStep:
   \   0000000E                      DS8 2
   \   00000010                      REQUIRE `?<Initializer for sStoreStep>`
   \                     sStoreDelay:
   \   00000010                      DS8 2
   \   00000012                      REQUIRE `?<Initializer for sStoreDelay>`
   \                     sFlashPage:
   \   00000012                      DS8 2
   \   00000014                      REQUIRE `?<Initializer for sFlashPage>`
   \                     sEraseQty:
   \   00000014                      DS8 2
   \   00000016                      REQUIRE `?<Initializer for sEraseQty>`
   \                     sStorePage:
   \   00000016                      DS8 2
   \   00000018                      REQUIRE `?<Initializer for sStorePage>`
   \                     sViewPage:
   \   00000018                      DS8 2
   \   0000001A                      REQUIRE `?<Initializer for sViewPage>`
   \                     usStoreNo:
   \   0000001A                      DS8 2
   \   0000001C                      REQUIRE `?<Initializer for usStoreNo>`
   \                     sSampleNo:
   \   0000001C                      DS8 2
   \   0000001E                      REQUIRE `?<Initializer for sSampleNo>`
   1080          short sErasePage;
   \                     sErasePage:
   \   0000001E                      DS8 2
   \   00000020                      REQUIRE `?<Initializer for sErasePage>`
   \                     FLASH_pt:
   \   00000020                      DS8 4
   \   00000024                      REQUIRE `?<Initializer for FLASH_pt>`
   \                     uiFlashSts:
   \   00000024                      DS8 4
   \   00000028                      REQUIRE `?<Initializer for uiFlashSts>`
   \                     uiFlashSts0:
   \   00000028                      DS8 4
   \   0000002C                      REQUIRE `?<Initializer for uiFlashSts0>`
   \                     uiFlashAdd:
   \   0000002C                      DS8 4
   \   00000030                      REQUIRE `?<Initializer for uiFlashAdd>`
   \                     iCurTime:
   \   00000030                      DS8 4
   \   00000034                      REQUIRE `?<Initializer for iCurTime>`
   \                     iOldTime:
   \   00000034                      DS8 4
   \   00000038                      REQUIRE `?<Initializer for iOldTime>`
   \                     uiRegisterAdd:
   \   00000038                      DS8 4
   \   0000003C                      REQUIRE `?<Initializer for uiRegisterAdd>`
   \                     uiRegisterData:
   \   0000003C                      DS8 4
   \   00000040                      REQUIRE `?<Initializer for uiRegisterData>`
   \                     uiRegisterPtr:
   \   00000040                      DS8 4
   \   00000044                      REQUIRE `?<Initializer for uiRegisterPtr>`
   \                     pFlashPtr:
   \   00000044                      DS8 4
   \   00000048                      REQUIRE `?<Initializer for pFlashPtr>`
   \                     iVoltSum:
   \   00000048                      DS8 4
   \   0000004C                      REQUIRE `?<Initializer for iVoltSum>`
   \                     iAmpSum:
   \   0000004C                      DS8 4
   \   00000050                      REQUIRE `?<Initializer for iAmpSum>`
   \                     iActivSum:
   \   00000050                      DS8 4
   \   00000054                      REQUIRE `?<Initializer for iActivSum>`
   \                     CPT_LOCK:
   \   00000054                      DS8 4
   \   00000058                      REQUIRE `?<Initializer for CPT_LOCK>`

   \                                 In segment CODE, align 4, keep-with-next
   1081          void flash_edit_function(void)
   1082          {
   \                     flash_edit_function:
   \   00000000   FFB5               PUSH     {R0-R7,LR}
   1083           int lp;
   1084           switch (sExecStep)
   \   00000002   B34C               LDR      R4,??flash_edit_function_0  ;; Result
   \   00000004   B34D               LDR      R5,??flash_edit_function_0+0x4  ;; sExecStep
   \   00000006   6846               MOV      R0,SP
   \   00000008   2988               LDRH     R1,[R5, #+0]
   \   0000000A   491C               ADDS     R1,R1,#+1
   \   0000000C   0180               STRH     R1,[R0, #+0]
   \   0000000E   1820               MOVS     R0,#+24
   \   00000010   205E               LDRSH    R0,[R4, R0]
   \   00000012   B14E               LDR      R6,??flash_edit_function_0+0x8  ;; `?<Constant "\\n>Input Secret Code">`
   \   00000014   8D21               MOVS     R1,#+141
   \   00000016   8900               LSLS     R1,R1,#+2        ;; #+564
   \   00000018   7118               ADDS     R1,R6,R1
   \   0000001A   0291               STR      R1,[SP, #+8]
   \   0000001C   BA21               MOVS     R1,#+186
   \   0000001E   4900               LSLS     R1,R1,#+1        ;; #+372
   \   00000020   7118               ADDS     R1,R6,R1
   \   00000022   0391               STR      R1,[SP, #+12]
   \   00000024   AD49               LDR      R1,??flash_edit_function_0+0xC  ;; KeyValue
   \   00000026   0968               LDR      R1,[R1, #+0]
   \   00000028   0191               STR      R1,[SP, #+4]
   \   0000002A   AD49               LDR      R1,??flash_edit_function_0+0x10  ;; bPushKey
   \   0000002C   0978               LDRB     R1,[R1, #+0]
   \   0000002E   AD4F               LDR      R7,??flash_edit_function_0+0x14  ;; DelayStep
   \   00000030   2A88               LDRH     R2,[R5, #+0]
   \   00000032   002A               CMP      R2,#+0
   \   00000034   78D0               BEQ      ??flash_edit_function_1
   \   00000036   521E               SUBS     R2,R2,#+1
   \   00000038   7CD0               BEQ      ??flash_edit_function_2
   \   0000003A   521E               SUBS     R2,R2,#+1
   \   0000003C   ....               BNE      .+5
   \   0000003E   8AE0               B        ??flash_edit_function_3
   \   00000040   521E               SUBS     R2,R2,#+1
   \   00000042   ....               BNE      .+5
   \   00000044   92E0               B        ??flash_edit_function_4
   \   00000046   521E               SUBS     R2,R2,#+1
   \   00000048   ....               BNE      .+5
   \   0000004A   ADE0               B        ??flash_edit_function_5
   \   0000004C   521E               SUBS     R2,R2,#+1
   \   0000004E   ....               BNE      .+5
   \   00000050   B7E0               B        ??flash_edit_function_6
   \   00000052   521E               SUBS     R2,R2,#+1
   \   00000054   ....               BNE      .+5
   \   00000056   BFE0               B        ??flash_edit_function_7
   \   00000058   121F               SUBS     R2,R2,#+4
   \   0000005A   ....               BNE      .+5
   \   0000005C   C4E0               B        ??flash_edit_function_8
   \   0000005E   521E               SUBS     R2,R2,#+1
   \   00000060   ....               BNE      .+5
   \   00000062   E4E0               B        ??flash_edit_function_9
   \   00000064   A04B               LDR      R3,??flash_edit_function_0+0x18  ;; 0x315
   \   00000066   D21A               SUBS     R2,R2,R3
   \   00000068   ....               BNE      .+5
   \   0000006A   F7E1               B        ??flash_edit_function_10
   \   0000006C   521E               SUBS     R2,R2,#+1
   \   0000006E   ....               BNE      .+5
   \   00000070   08E2               B        ??flash_edit_function_11
   \   00000072   521E               SUBS     R2,R2,#+1
   \   00000074   ....               BNE      .+5
   \   00000076   13E2               B        ??flash_edit_function_12
   \   00000078   521E               SUBS     R2,R2,#+1
   \   0000007A   ....               BNE      .+5
   \   0000007C   1BE2               B        ??flash_edit_function_13
   \   0000007E   521E               SUBS     R2,R2,#+1
   \   00000080   ....               BNE      .+5
   \   00000082   29E2               B        ??flash_edit_function_14
   \   00000084   603A               SUBS     R2,R2,#+96
   \   00000086   ....               BNE      .+5
   \   00000088   2EE2               B        ??flash_edit_function_15
   \   0000008A   521E               SUBS     R2,R2,#+1
   \   0000008C   ....               BNE      .+5
   \   0000008E   45E2               B        ??flash_edit_function_16
   \   00000090   521E               SUBS     R2,R2,#+1
   \   00000092   ....               BNE      .+5
   \   00000094   08E2               B        ??flash_edit_function_17
   \   00000096   521E               SUBS     R2,R2,#+1
   \   00000098   ....               BNE      .+5
   \   0000009A   48E2               B        ??flash_edit_function_18
   \   0000009C   521E               SUBS     R2,R2,#+1
   \   0000009E   ....               BNE      .+5
   \   000000A0   5FE2               B        ??flash_edit_function_19
   \   000000A2   521E               SUBS     R2,R2,#+1
   \   000000A4   ....               BNE      .+5
   \   000000A6   61E2               B        ??flash_edit_function_20
   \   000000A8   521E               SUBS     R2,R2,#+1
   \   000000AA   ....               BNE      .+5
   \   000000AC   63E2               B        ??flash_edit_function_21
   \   000000AE   521E               SUBS     R2,R2,#+1
   \   000000B0   ....               BNE      .+5
   \   000000B2   67E2               B        ??flash_edit_function_22
   \   000000B4   D21E               SUBS     R2,R2,#+3
   \   000000B6   ....               BNE      .+5
   \   000000B8   B6E2               B        ??flash_edit_function_23
   \   000000BA   0A3A               SUBS     R2,R2,#+10
   \   000000BC   ....               BNE      .+5
   \   000000BE   C2E2               B        ??flash_edit_function_24
   \   000000C0   521E               SUBS     R2,R2,#+1
   \   000000C2   ....               BNE      .+5
   \   000000C4   CAE2               B        ??flash_edit_function_25
   \   000000C6   4F3A               SUBS     R2,R2,#+79
   \   000000C8   ....               BNE      .+5
   \   000000CA   D2E2               B        ??flash_edit_function_26
   \   000000CC   521E               SUBS     R2,R2,#+1
   \   000000CE   ....               BNE      .+5
   \   000000D0   DEE2               B        ??flash_edit_function_27
   \   000000D2   633A               SUBS     R2,R2,#+99
   \   000000D4   ....               BNE      .+5
   \   000000D6   CEE0               B        ??flash_edit_function_28
   \   000000D8   521E               SUBS     R2,R2,#+1
   \   000000DA   ....               BNE      .+5
   \   000000DC   D1E0               B        ??flash_edit_function_29
   \   000000DE   521E               SUBS     R2,R2,#+1
   \   000000E0   ....               BNE      .+5
   \   000000E2   E1E0               B        ??flash_edit_function_30
   \   000000E4   521E               SUBS     R2,R2,#+1
   \   000000E6   ....               BNE      .+5
   \   000000E8   0EE1               B        ??flash_edit_function_31
   \   000000EA   521E               SUBS     R2,R2,#+1
   \   000000EC   ....               BNE      .+5
   \   000000EE   28E1               B        ??flash_edit_function_32
   \   000000F0   521E               SUBS     R2,R2,#+1
   \   000000F2   ....               BNE      .+5
   \   000000F4   35E1               B        ??flash_edit_function_33
   \   000000F6   521E               SUBS     R2,R2,#+1
   \   000000F8   ....               BNE      .+5
   \   000000FA   47E1               B        ??flash_edit_function_34
   \   000000FC   521E               SUBS     R2,R2,#+1
   \   000000FE   ....               BNE      .+5
   \   00000100   67E1               B        ??flash_edit_function_35
   \   00000102   D21E               SUBS     R2,R2,#+3
   \   00000104   ....               BNE      .+5
   \   00000106   67E1               B        ??flash_edit_function_36
   \   00000108   521E               SUBS     R2,R2,#+1
   \   0000010A   ....               BNE      .+5
   \   0000010C   72E1               B        ??flash_edit_function_37
   \   0000010E   093A               SUBS     R2,R2,#+9
   \   00000110   ....               BNE      .+5
   \   00000112   7BE1               B        ??flash_edit_function_38
   \   00000114   521E               SUBS     R2,R2,#+1
   \   00000116   ....               BNE      .+5
   \   00000118   84E1               B        ??flash_edit_function_39
   \   0000011A   093A               SUBS     R2,R2,#+9
   \   0000011C   ....               BNE      .+5
   \   0000011E   89E1               B        ??flash_edit_function_40
   \   00000120   521E               SUBS     R2,R2,#+1
   \   00000122   ....               BNE      .+5
   \   00000124   92E1               B        ??flash_edit_function_41
   \   00000126   BEE2               B        ??flash_edit_function_42
   1085           {   
   1086           case 0:
   1087              display_mode(0);
   \                     ??flash_edit_function_1:
   \   00000128   0020               MOVS     R0,#+0
   \   0000012A   ........           _BLF     display_mode,??display_mode??rT
   1088              sExecStep++;
   \   0000012E   2888               LDRH     R0,[R5, #+0]
   \   00000130   401C               ADDS     R0,R0,#+1
   \   00000132   B9E2               B.N      ??flash_edit_function_43
   1089              return;
   1090           
   1091           case 1:
   1092             DelayStep = 0;
   \                     ??flash_edit_function_2:
   \   00000134   0020               MOVS     R0,#+0
   \   00000136   3870               STRB     R0,[R7, #+0]
   1093             screen_clear();
   \   00000138   ........           _BLF     screen_clear,??screen_clear??rT
   1094             printf("<Stored Data View>");
   \   0000013C   0298               LDR      R0,[SP, #+8]
   \   0000013E   ........           _BLF     printf,??printf??rT
   1095             printf("\n>Input Secret Code");
   \   00000142   3000               MOVS     R0,R6
   \   00000144   ........           _BLF     printf,??printf??rT
   1096             printf("\n>******");
   \   00000148   1436               ADDS     R6,R6,#+20
   \   0000014A   3000               MOVS     R0,R6
   \   0000014C   ........           _BLF     printf,??printf??rT
   1097             sExecStep++;
   \   00000150   2888               LDRH     R0,[R5, #+0]
   \   00000152   401C               ADDS     R0,R0,#+1
   \   00000154   A8E2               B.N      ??flash_edit_function_43
   1098             return;
   1099             
   1100           case 2:
   1101             keyin_start(6);
   \                     ??flash_edit_function_3:
   \   00000156   0620               MOVS     R0,#+6
   \   00000158   ........           _BLF     keyin_start,??keyin_start??rT
   1102             sCurPos -= 6;
   \   0000015C   6348               LDR      R0,??flash_edit_function_0+0x1C  ;; sCurPos
   \   0000015E   0021               MOVS     R1,#+0
   \   00000160   415E               LDRSH    R1,[R0, R1]
   \   00000162   891F               SUBS     R1,R1,#+6
   \   00000164   0180               STRH     R1,[R0, #+0]
   1103             sExecStep++;
   \   00000166   2888               LDRH     R0,[R5, #+0]
   \   00000168   401C               ADDS     R0,R0,#+1
   \   0000016A   9DE2               B.N      ??flash_edit_function_43
   1104             return;
   1105             
   1106           case 3:
   1107             if (DEC_KEY)
   \                     ??flash_edit_function_4:
   \   0000016C   3029               CMP      R1,#+48
   \   0000016E   0CD3               BCC      ??flash_edit_function_44
   \   00000170   3A29               CMP      R1,#+58
   \   00000172   10D2               BCS      ??flash_edit_function_45
   1108             {
   1109               if(key_input_bcd() == 0) sExecStep++;
   \   00000174   ........           _BLF     key_input_bcd,??key_input_bcd??rT
   \   00000178   0028               CMP      R0,#+0
   \   0000017A   02D1               BNE      ??flash_edit_function_46
   \   0000017C   2888               LDRH     R0,[R5, #+0]
   \   0000017E   401C               ADDS     R0,R0,#+1
   \   00000180   2880               STRH     R0,[R5, #+0]
   1110               printf("*");
   \                     ??flash_edit_function_46:
   \   00000182   5BA0               ADR      R0,??flash_edit_function_0+0x20  ;; "*"
   \   00000184   ........           _BLF     printf,??printf??rT
   \   00000188   8FE2               B        ??flash_edit_function_47
   1111             }
   1112             else if (ENTER_KEY) execmode_change(MAIN_MENU);
   \                     ??flash_edit_function_44:
   \   0000018A   0D29               CMP      R1,#+13
   \                     ??flash_edit_function_48:
   \   0000018C   05D1               BNE      ??flash_edit_function_49
   \                     ??flash_edit_function_50:
   \   0000018E   0020               MOVS     R0,#+0
   \                     ??flash_edit_function_51:
   \   00000190   ........           _BLF     execmode_change,??execmode_change??rT
   \                     ??flash_edit_function_52:
   \   00000194   89E2               B        ??flash_edit_function_47
   1113             else if (MENU_KEY) execmode_change(MAIN_MENU);
   \                     ??flash_edit_function_45:
   \   00000196   6129               CMP      R1,#+97
   \   00000198   F8E7               B.N      ??flash_edit_function_48
   1114             else  if (step_delay(SEC_1<<3)) execmode_change(MAIN_MENU); 
   \                     ??flash_edit_function_49:
   \   0000019A   FA20               MOVS     R0,#+250
   \   0000019C   0001               LSLS     R0,R0,#+4        ;; #+4000
   \   0000019E   ........           _BLF     step_delay,??step_delay??rT
   \   000001A2   0028               CMP      R0,#+0
   \   000001A4   F6D0               BEQ      ??flash_edit_function_52
   \   000001A6   F2E7               B.N      ??flash_edit_function_50
   1115             return;
   1116             
   1117           case 4:
   1118             if (KeyValue == iSecretCode)
   \                     ??flash_edit_function_5:
   \   000001A8   0198               LDR      R0,[SP, #+4]
   \   000001AA   5249               LDR      R1,??flash_edit_function_0+0x24  ;; iSecretCode
   \   000001AC   0968               LDR      R1,[R1, #+0]
   \   000001AE   8842               CMP      R0,R1
   \   000001B0   04D1               BNE      ??flash_edit_function_53
   1119             {
   1120               AdjEnable = 1;
   \   000001B2   5148               LDR      R0,??flash_edit_function_0+0x28  ;; AdjEnable
   \   000001B4   0121               MOVS     R1,#+1
   \   000001B6   0170               STRB     R1,[R0, #+0]
   1121               sExecStep = FLASH_MAIN;
   \   000001B8   0A20               MOVS     R0,#+10
   \   000001BA   75E2               B.N      ??flash_edit_function_43
   1122             }
   1123             else sExecStep++;
   \                     ??flash_edit_function_53:
   \   000001BC   6846               MOV      R0,SP
   \   000001BE   0088               LDRH     R0,[R0, #+0]
   \   000001C0   72E2               B.N      ??flash_edit_function_43
   1124             return;
   1125             
   1126           case 5:
   1127             printf("\n>Invalid code..");
   \                     ??flash_edit_function_6:
   \   000001C2   3000               MOVS     R0,R6
   \   000001C4   2030               ADDS     R0,R0,#+32
   \   000001C6   ........           _BLF     printf,??printf??rT
   1128             printf("\n>Please Retry..");
   \   000001CA   3436               ADDS     R6,R6,#+52
   \   000001CC   3000               MOVS     R0,R6
   \   000001CE   ........           _BLF     printf,??printf??rT
   1129             sExecStep++;
   \   000001D2   2888               LDRH     R0,[R5, #+0]
   \   000001D4   401C               ADDS     R0,R0,#+1
   \   000001D6   67E2               B.N      ??flash_edit_function_43
   1130             return;
   1131           
   1132           case 6:
   1133             if (step_delay(SEC_1<<1)) sExecStep = 1; 
   \                     ??flash_edit_function_7:
   \   000001D8   FA20               MOVS     R0,#+250
   \   000001DA   8000               LSLS     R0,R0,#+2        ;; #+1000
   \   000001DC   ........           _BLF     step_delay,??step_delay??rT
   \   000001E0   0028               CMP      R0,#+0
   \   000001E2   D7D0               BEQ      ??flash_edit_function_52
   \   000001E4   0120               MOVS     R0,#+1
   \   000001E6   5FE2               B.N      ??flash_edit_function_43
   1134             return;
   1135             
   1136           case FLASH_MAIN:
   1137             DelayStep = 0;
   \                     ??flash_edit_function_8:
   \   000001E8   0020               MOVS     R0,#+0
   \   000001EA   3870               STRB     R0,[R7, #+0]
   1138             display_mode(0);
   \   000001EC   ........           _BLF     display_mode,??display_mode??rT
   1139             printf("<Stored Data View>");
   \   000001F0   0298               LDR      R0,[SP, #+8]
   \   000001F2   ........           _BLF     printf,??printf??rT
   1140             printf("\n1:Store Data Erase");
   \   000001F6   3000               MOVS     R0,R6
   \   000001F8   4830               ADDS     R0,R0,#+72
   \   000001FA   ........           _BLF     printf,??printf??rT
   1141             printf("\n2:Sample Time Set");
   \   000001FE   3000               MOVS     R0,R6
   \   00000200   5C30               ADDS     R0,R0,#+92
   \   00000202   ........           _BLF     printf,??printf??rT
   1142             printf("\n3:Store Data View");
   \   00000206   3000               MOVS     R0,R6
   \   00000208   7030               ADDS     R0,R0,#+112
   \   0000020A   ........           _BLF     printf,??printf??rT
   1143             printf("\n4:Upload Init");
   \   0000020E   3000               MOVS     R0,R6
   \   00000210   8430               ADDS     R0,R0,#+132
   \   00000212   ........           _BLF     printf,??printf??rT
   1144             printf("\n9:Parameter Save ");
   \   00000216   3000               MOVS     R0,R6
   \   00000218   A830               ADDS     R0,R0,#+168
   \   0000021A   ........           _BLF     printf,??printf??rT
   1145             printf("\n[MENU]:goto MAIN");
   \   0000021E   A420               MOVS     R0,#+164
   \   00000220   8000               LSLS     R0,R0,#+2        ;; #+656
   \   00000222   3018               ADDS     R0,R6,R0
   \   00000224   ........           _BLF     printf,??printf??rT
   1146             sExecStep++;
   \   00000228   2888               LDRH     R0,[R5, #+0]
   \   0000022A   401C               ADDS     R0,R0,#+1
   \   0000022C   3CE2               B.N      ??flash_edit_function_43
   1147             return;
   1148             
   1149           case FLASH_MAIN+1:
   1150            if (bPushKey == '1') sExecStep = RECORD_ERASE;
   \                     ??flash_edit_function_9:
   \   0000022E   3129               CMP      R1,#+49
   \   00000230   01D1               BNE      ??flash_edit_function_54
   \   00000232   3248               LDR      R0,??flash_edit_function_0+0x2C  ;; 0x44c
   \   00000234   38E2               B.N      ??flash_edit_function_43
   1151              else if (bPushKey == '2') sExecStep = SET_SAMPLE_TIME;
   \                     ??flash_edit_function_54:
   \   00000236   3229               CMP      R1,#+50
   \   00000238   02D1               BNE      ??flash_edit_function_55
   \   0000023A   C820               MOVS     R0,#+200
   \   0000023C   8000               LSLS     R0,R0,#+2        ;; #+800
   \   0000023E   33E2               B.N      ??flash_edit_function_43
   1152              else if (bPushKey == '3') sExecStep = VIWE_RECORD;
   \                     ??flash_edit_function_55:
   \   00000240   3329               CMP      R1,#+51
   \   00000242   02D1               BNE      ??flash_edit_function_56
   \                     ??flash_edit_function_57:
   \   00000244   E120               MOVS     R0,#+225
   \   00000246   8000               LSLS     R0,R0,#+2        ;; #+900
   \   00000248   2EE2               B.N      ??flash_edit_function_43
   1153              else if (bPushKey == '4') sExecStep = UPLOAD_INIT;
   \                     ??flash_edit_function_56:
   \   0000024A   3429               CMP      R1,#+52
   \   0000024C   02D1               BNE      ??flash_edit_function_58
   \   0000024E   FA20               MOVS     R0,#+250
   \   00000250   8000               LSLS     R0,R0,#+2        ;; #+1000
   \   00000252   29E2               B.N      ??flash_edit_function_43
   1154              else if (bPushKey == '9') 
   \                     ??flash_edit_function_58:
   \   00000254   3929               CMP      R1,#+57
   \   00000256   05D1               BNE      ??flash_edit_function_59
   1155              {
   1156                execmode_change(METER_CALIBRATE); 
   \   00000258   0820               MOVS     R0,#+8
   \   0000025A   ........           _BLF     execmode_change,??execmode_change??rT
   1157                sExecStep = PARAMETER_SAVE;
   \   0000025E   FA20               MOVS     R0,#+250
   \   00000260   C000               LSLS     R0,R0,#+3        ;; #+2000
   \   00000262   21E2               B.N      ??flash_edit_function_43
   1158              }
   1159              else if (MENU_KEY) execmode_change(MAIN_MENU); 
   \                     ??flash_edit_function_59:
   \   00000264   6129               CMP      R1,#+97
   \   00000266   92D0               BEQ      ??flash_edit_function_50
   1160              else if (step_delay(SEC_1*30)) execmode_change(POWER_METER);
   \   00000268   2548               LDR      R0,??flash_edit_function_0+0x30  ;; 0x3a98
   \   0000026A   ........           _BLF     step_delay,??step_delay??rT
   \   0000026E   0028               CMP      R0,#+0
   \   00000270   27D0               BEQ      ??flash_edit_function_60
   \   00000272   0120               MOVS     R0,#+1
   \   00000274   8CE7               B.N      ??flash_edit_function_51
   1161              return;
   1162               
   1163          /*************************/
   1164          /* Flash Memory Erase    */
   1165          /*************************/
   1166           case RECORD_ERASE:
   1167             display_mode(2);
   \                     ??flash_edit_function_28:
   \   00000276   0220               MOVS     R0,#+2
   \   00000278   ........           _BLF     display_mode,??display_mode??rT
   1168             sExecStep++; 
   \   0000027C   2888               LDRH     R0,[R5, #+0]
   \   0000027E   401C               ADDS     R0,R0,#+1
   \   00000280   12E2               B.N      ??flash_edit_function_43
   1169             return;
   1170             
   1171           case RECORD_ERASE+1:
   1172             printf("\n**경고**");
   \                     ??flash_edit_function_29:
   \   00000282   3000               MOVS     R0,R6
   \   00000284   BC30               ADDS     R0,R0,#+188
   \   00000286   ........           _BLF     printf,??printf??rT
   1173             printf("\n모든기록이삭제됨");
   \   0000028A   3000               MOVS     R0,R6
   \   0000028C   C830               ADDS     R0,R0,#+200
   \   0000028E   ........           _BLF     printf,??printf??rT
   1174             printf("[0]:삭제 실행");
   \   00000292   3000               MOVS     R0,R6
   \   00000294   DC30               ADDS     R0,R0,#+220
   \   00000296   ........           _BLF     printf,??printf??rT
   1175             printf("\n[MENU]실행 취소");
   \   0000029A   EC36               ADDS     R6,R6,#+236
   \   0000029C   3000               MOVS     R0,R6
   \   0000029E   ........           _BLF     printf,??printf??rT
   1176             sExecStep++; 
   \   000002A2   2888               LDRH     R0,[R5, #+0]
   \   000002A4   401C               ADDS     R0,R0,#+1
   \   000002A6   FFE1               B.N      ??flash_edit_function_43
   1177             return;
   1178          
   1179           case RECORD_ERASE+2:
   1180             if (bPushKey == '0') { sEraseQty = 512; sExecStep++; }
   \                     ??flash_edit_function_30:
   \   000002A8   3029               CMP      R1,#+48
   \   000002AA   05D1               BNE      ??flash_edit_function_61
   \   000002AC   8020               MOVS     R0,#+128
   \   000002AE   8000               LSLS     R0,R0,#+2        ;; #+512
   \   000002B0   A082               STRH     R0,[R4, #+20]
   \   000002B2   6846               MOV      R0,SP
   \   000002B4   0088               LDRH     R0,[R0, #+0]
   \   000002B6   F7E1               B.N      ??flash_edit_function_43
   1181              else if (ANY_KEY) sExecStep = RECORD_ERASE+20; 
   \                     ??flash_edit_function_61:
   \   000002B8   8C24               MOVS     R4,#+140
   \   000002BA   E400               LSLS     R4,R4,#+3        ;; #+1120
   \   000002BC   0029               CMP      R1,#+0
   \   000002BE   01D0               BEQ      ??flash_edit_function_62
   \                     ??flash_edit_function_63:
   \   000002C0   2C80               STRH     R4,[R5, #+0]
   \                     ??flash_edit_function_60:
   \   000002C2   F2E1               B        ??flash_edit_function_47
   1182             else if (step_delay(SEC_1*5)) sExecStep = RECORD_ERASE+20; 
   \                     ??flash_edit_function_62:
   \   000002C4   0F48               LDR      R0,??flash_edit_function_0+0x34  ;; 0x9c4
   \   000002C6   ........           _BLF     step_delay,??step_delay??rT
   \   000002CA   0028               CMP      R0,#+0
   \   000002CC   F9D0               BEQ      ??flash_edit_function_60
   \   000002CE   F7E7               B.N      ??flash_edit_function_63
   \                     ??flash_edit_function_0:
   \   000002D0   ........           DC32     Result
   \   000002D4   ........           DC32     sExecStep
   \   000002D8   ........           DC32     `?<Constant "\\n>Input Secret Code">`
   \   000002DC   ........           DC32     KeyValue
   \   000002E0   ........           DC32     bPushKey
   \   000002E4   ........           DC32     DelayStep
   \   000002E8   15030000           DC32     0x315
   \   000002EC   ........           DC32     sCurPos
   \   000002F0   2A000000           DC8      "*",+0,+0
   \   000002F4   ........           DC32     iSecretCode
   \   000002F8   ........           DC32     AdjEnable
   \   000002FC   4C040000           DC32     0x44c
   \   00000300   983A0000           DC32     0x3a98
   \   00000304   C4090000           DC32     0x9c4
   1183             return;
   1184             
   1185           case RECORD_ERASE+3:
   1186             sFlashPage = FDATA_START_PAGE;
   \                     ??flash_edit_function_31:
   \   00000308   8020               MOVS     R0,#+128
   \   0000030A   8000               LSLS     R0,R0,#+2        ;; #+512
   \   0000030C   6082               STRH     R0,[R4, #+18]
   1187             for (lp = 0; lp < 64; lp++) uiFlashBuffer[lp] = 0xFFFFFFFF;
   \   0000030E   0020               MOVS     R0,#+0
   \   00000310   C14A               LDR      R2,??flash_edit_function_64  ;; uiFlashBuffer
   \   00000312   0023               MOVS     R3,#+0
   \   00000314   DB43               MVNS     R3,R3            ;; #-1
   \                     ??flash_edit_function_65:
   \   00000316   8100               LSLS     R1,R0,#+2
   \   00000318   5350               STR      R3,[R2, R1]
   \   0000031A   401C               ADDS     R0,R0,#+1
   \   0000031C   4028               CMP      R0,#+64
   \   0000031E   FADB               BLT      ??flash_edit_function_65
   1188             screen_clear();
   \   00000320   ........           _BLF     screen_clear,??screen_clear??rT
   1189             sErasePage = sFlashPage - 512;
   \   00000324   1220               MOVS     R0,#+18
   \   00000326   205E               LDRSH    R0,[R4, R0]
   \   00000328   BC49               LDR      R1,??flash_edit_function_64+0x4  ;; 0xfffffe00
   \   0000032A   4118               ADDS     R1,R0,R1
   \   0000032C   E183               STRH     R1,[R4, #+30]
   1190             printf("\n>Erase[%03d]", sErasePage);
   \   0000032E   0904               LSLS     R1,R1,#+16
   \   00000330   0914               ASRS     R1,R1,#+16
   \   00000332   8020               MOVS     R0,#+128
   \   00000334   4000               LSLS     R0,R0,#+1        ;; #+256
   \   00000336   3018               ADDS     R0,R6,R0
   \   00000338   ........           _BLF     printf,??printf??rT
   1191             sExecStep++;
   \   0000033C   2888               LDRH     R0,[R5, #+0]
   \   0000033E   401C               ADDS     R0,R0,#+1
   \   00000340   B2E1               B.N      ??flash_edit_function_43
   1192             return;
   1193             
   1194           case RECORD_ERASE+4:
   1195             uiFlashAdd = FLASH_START_ADD + (sFlashPage << 8);
   \                     ??flash_edit_function_32:
   \   00000342   1220               MOVS     R0,#+18
   \   00000344   205E               LDRSH    R0,[R4, R0]
   \   00000346   0002               LSLS     R0,R0,#+8
   \   00000348   8021               MOVS     R1,#+128
   \   0000034A   4903               LSLS     R1,R1,#+13       ;; #+1048576
   \   0000034C   4018               ADDS     R0,R0,R1
   \   0000034E   E062               STR      R0,[R4, #+44]
   1196             Result = AT91F_Flash_Write( uiFlashAdd , FLASH_PAGE_SIZE_BYTE, &uiFlashBuffer[0], 0);
   \   00000350   0023               MOVS     R3,#+0
   \   00000352   B14A               LDR      R2,??flash_edit_function_64  ;; uiFlashBuffer
   \   00000354   090B               LSRS     R1,R1,#+12
   \   00000356   E06A               LDR      R0,[R4, #+44]
   \   00000358   ........           _BLF     AT91F_Flash_Write,??AT91F_Flash_Write??rT
   \   0000035C   2070               STRB     R0,[R4, #+0]
   1197             //uiFlashSts = EFC_STATUS;
   1198             //uiFlashSts0 = uiFlashSts;
   1199             sExecStep = RECORD_ERASE+6;
   \   0000035E   B048               LDR      R0,??flash_edit_function_64+0x8  ;; 0x452
   \   00000360   A2E1               B.N      ??flash_edit_function_43
   1200             return;
   1201          
   1202           case RECORD_ERASE+5:
   1203             uiFlashSts = EFC_STATUS;
   \                     ??flash_edit_function_33:
   \   00000362   206A               LDR      R0,[R4, #+32]
   \   00000364   806E               LDR      R0,[R0, #+104]
   \   00000366   6062               STR      R0,[R4, #+36]
   1204             if (uiFlashSts != uiFlashSts0)
   \   00000368   A16A               LDR      R1,[R4, #+40]
   \   0000036A   8842               CMP      R0,R1
   \   0000036C   05D0               BEQ      ??flash_edit_function_66
   1205             {
   1206               uiFlashSts0 = uiFlashSts;
   \   0000036E   A062               STR      R0,[R4, #+40]
   1207               DelayStep = 0;
   \   00000370   0020               MOVS     R0,#+0
   \   00000372   3870               STRB     R0,[R7, #+0]
   1208               sExecStep++;
   \   00000374   6846               MOV      R0,SP
   \   00000376   0088               LDRH     R0,[R0, #+0]
   \   00000378   96E1               B.N      ??flash_edit_function_43
   1209             }
   1210             else 
   1211             {
   1212               printf("\n>Erase ERROR:%03Xh", sErasePage);
   \                     ??flash_edit_function_66:
   \   0000037A   1E20               MOVS     R0,#+30
   \   0000037C   215E               LDRSH    R1,[R4, R0]
   \   0000037E   F920               MOVS     R0,#+249
   \   00000380   8000               LSLS     R0,R0,#+2        ;; #+996
   \   00000382   3018               ADDS     R0,R6,R0
   \   00000384   ........           _BLF     printf,??printf??rT
   1213               sExecStep = RECORD_ERASE+30;
   \   00000388   A648               LDR      R0,??flash_edit_function_64+0xC  ;; 0x46a
   \   0000038A   8DE1               B.N      ??flash_edit_function_43
   1214             }
   1215             return;
   1216           
   1217           case RECORD_ERASE+6:
   1218             sErasePage = sFlashPage - 512;
   \                     ??flash_edit_function_34:
   \   0000038C   1220               MOVS     R0,#+18
   \   0000038E   205E               LDRSH    R0,[R4, R0]
   \   00000390   A249               LDR      R1,??flash_edit_function_64+0x4  ;; 0xfffffe00
   \   00000392   4118               ADDS     R1,R0,R1
   \   00000394   E183               STRH     R1,[R4, #+30]
   1219             printf("\r>Erase[%03d]", sErasePage);
   \   00000396   0904               LSLS     R1,R1,#+16
   \   00000398   0914               ASRS     R1,R1,#+16
   \   0000039A   8820               MOVS     R0,#+136
   \   0000039C   4000               LSLS     R0,R0,#+1        ;; #+272
   \   0000039E   3018               ADDS     R0,R6,R0
   \   000003A0   ........           _BLF     printf,??printf??rT
   1220             if ((--sEraseQty != 0)&(sFlashPage < 0x3FF)) 
   \   000003A4   1420               MOVS     R0,#+20
   \   000003A6   205E               LDRSH    R0,[R4, R0]
   \   000003A8   401E               SUBS     R0,R0,#+1
   \   000003AA   A082               STRH     R0,[R4, #+20]
   \   000003AC   0004               LSLS     R0,R0,#+16
   \   000003AE   09D0               BEQ      ??flash_edit_function_67
   \   000003B0   1220               MOVS     R0,#+18
   \   000003B2   205E               LDRSH    R0,[R4, R0]
   \   000003B4   ....               LDR      R1,??Subroutine32_0  ;; 0x3ff
   \   000003B6   8842               CMP      R0,R1
   \   000003B8   04DA               BGE      ??flash_edit_function_67
   1221             {
   1222                sFlashPage++;
   \   000003BA   401C               ADDS     R0,R0,#+1
   \   000003BC   6082               STRH     R0,[R4, #+18]
   1223                sExecStep++;
   \   000003BE   2888               LDRH     R0,[R5, #+0]
   \   000003C0   401C               ADDS     R0,R0,#+1
   \   000003C2   71E1               B.N      ??flash_edit_function_43
   1224             }
   1225             else 
   1226             {
   1227               printf("\n>Erase END..");
   \                     ??flash_edit_function_67:
   \   000003C4   8220               MOVS     R0,#+130
   \   000003C6   C000               LSLS     R0,R0,#+3        ;; #+1040
   \   000003C8   3018               ADDS     R0,R6,R0
   \   000003CA   ........           _BLF     printf,??printf??rT
   1228               sExecStep= RECORD_ERASE+10;
   \   000003CE   ....               LDR      R0,??Subroutine32_0+0x4  ;; 0x456
   \   000003D0   6AE1               B.N      ??flash_edit_function_43
   1229             }
   1230             return;
   1231             
   1232           case RECORD_ERASE+7:
   1233             sExecStep = RECORD_ERASE+4;
   \                     ??flash_edit_function_35:
   \   000003D2   8A20               MOVS     R0,#+138
   \   000003D4   C000               LSLS     R0,R0,#+3        ;; #+1104
   \   000003D6   67E1               B.N      ??flash_edit_function_43
   1234             return;
   1235           
   1236           case RECORD_ERASE+10:
   1237             SeverTxPage = find_transmit_start_page();
   \                     ??flash_edit_function_36:
   \   000003D8   ........           _BLF     find_transmit_start_page,??find_transmit_start_page??rT
   \   000003DC   ....               LDR      R1,??Subroutine32_0+0x8  ;; SeverTxPage
   \   000003DE   0880               STRH     R0,[R1, #+0]
   1238             printf("\n모든기록삭제완료");
   \   000003E0   9020               MOVS     R0,#+144
   \   000003E2   4000               LSLS     R0,R0,#+1        ;; #+288
   \   000003E4   3018               ADDS     R0,R6,R0
   \   000003E6   ........           _BLF     printf,??printf??rT
   1239             DelayStep = 0;
   \   000003EA   0020               MOVS     R0,#+0
   \   000003EC   3870               STRB     R0,[R7, #+0]
   1240             sExecStep++; 
   \   000003EE   2888               LDRH     R0,[R5, #+0]
   \   000003F0   401C               ADDS     R0,R0,#+1
   \   000003F2   59E1               B.N      ??flash_edit_function_43
   1241             return;
   1242             
   1243           case RECORD_ERASE+11:
   1244             if (ANY_KEY) sExecStep = FLASH_MAIN;
   \                     ??flash_edit_function_37:
   \   000003F4   0029               CMP      R1,#+0
   \   000003F6   01D0               BEQ      ??flash_edit_function_68
   \   000003F8   0A20               MOVS     R0,#+10
   \   000003FA   55E1               B.N      ??flash_edit_function_43
   1245             else if (step_delay(SEC_1*2)) sExecStep = FLASH_MAIN; 
   \                     ??flash_edit_function_68:
   \   000003FC   FA20               MOVS     R0,#+250
   \   000003FE   8000               LSLS     R0,R0,#+2        ;; #+1000
   \   00000400   ........           _BLF     step_delay,??step_delay??rT
   \   00000404   0028               CMP      R0,#+0
   \   00000406   51D0               BEQ      ??flash_edit_function_69
   \   00000408   0A20               MOVS     R0,#+10
   \   0000040A   4DE1               B.N      ??flash_edit_function_43
   1246             return;
   1247          
   1248           case RECORD_ERASE+20:
   1249             screen_clear();
   \                     ??flash_edit_function_38:
   \   0000040C   ........           _BLF     screen_clear,??screen_clear??rT
   1250             printf("\n**실행 취소**");
   \   00000410   9A20               MOVS     R0,#+154
   \   00000412   4000               LSLS     R0,R0,#+1        ;; #+308
   \   00000414   3018               ADDS     R0,R6,R0
   \   00000416   ........           _BLF     printf,??printf??rT
   1251             DelayStep = 0;
   \   0000041A   0020               MOVS     R0,#+0
   \   0000041C   3870               STRB     R0,[R7, #+0]
   1252             sExecStep++; 
   \   0000041E   2888               LDRH     R0,[R5, #+0]
   \   00000420   401C               ADDS     R0,R0,#+1
   \   00000422   41E1               B.N      ??flash_edit_function_43
   1253             return;
   1254             
   1255           case RECORD_ERASE+21:
   1256             if (step_delay(SEC_1)) sExecStep = FLASH_MAIN;
   \                     ??flash_edit_function_39:
   \   00000424   FA20               MOVS     R0,#+250
   \   00000426   4000               LSLS     R0,R0,#+1        ;; #+500
   \   00000428   ........           _BLF     step_delay,??step_delay??rT
   \   0000042C   0028               CMP      R0,#+0
   \   0000042E   3DD0               BEQ      ??flash_edit_function_69
   \   00000430   0A20               MOVS     R0,#+10
   \   00000432   39E1               B.N      ??flash_edit_function_43
   1257             return;
   1258             
   1259           case RECORD_ERASE+30:
   1260             screen_clear();
   \                     ??flash_edit_function_40:
   \   00000434   ........           _BLF     screen_clear,??screen_clear??rT
   1261             printf("\nError..Occor");
   \   00000438   A220               MOVS     R0,#+162
   \   0000043A   4000               LSLS     R0,R0,#+1        ;; #+324
   \   0000043C   3018               ADDS     R0,R6,R0
   \   0000043E   ........           _BLF     printf,??printf??rT
   1262             DelayStep = 0;
   \   00000442   0020               MOVS     R0,#+0
   \   00000444   3870               STRB     R0,[R7, #+0]
   1263             sExecStep++; 
   \   00000446   2888               LDRH     R0,[R5, #+0]
   \   00000448   401C               ADDS     R0,R0,#+1
   \   0000044A   2DE1               B.N      ??flash_edit_function_43
   1264             return;
   1265             
   1266           case RECORD_ERASE+31:
   1267             if (step_delay(SEC_1)) sExecStep = FLASH_MAIN;
   \                     ??flash_edit_function_41:
   \   0000044C   FA20               MOVS     R0,#+250
   \   0000044E   4000               LSLS     R0,R0,#+1        ;; #+500
   \   00000450   ........           _BLF     step_delay,??step_delay??rT
   \   00000454   0028               CMP      R0,#+0
   \   00000456   29D0               BEQ      ??flash_edit_function_69
   \   00000458   0A20               MOVS     R0,#+10
   \   0000045A   25E1               B.N      ??flash_edit_function_43
   1268             return;
   1269             
   1270          /*************************/
   1271          /* Storeing time set     */
   1272          /*************************/
   1273           case SET_SAMPLE_TIME:
   1274             screen_clear();
   \                     ??flash_edit_function_10:
   \   0000045C   ........           _BLF     screen_clear,??screen_clear??rT
   1275             printf("<Set Sampling");
   \   00000460   AA20               MOVS     R0,#+170
   \   00000462   4000               LSLS     R0,R0,#+1        ;; #+340
   \   00000464   3018               ADDS     R0,R6,R0
   \   00000466   ........           _BLF     printf,??printf??rT
   1276             printf("\n     Interval Time>");
   \   0000046A   C620               MOVS     R0,#+198
   \   0000046C   8000               LSLS     R0,R0,#+2        ;; #+792
   \   0000046E   3018               ADDS     R0,R6,R0
   \   00000470   ........           _BLF     printf,??printf??rT
   1277             printf("\n>Cancel:[MENU]");
   \   00000474   B220               MOVS     R0,#+178
   \   00000476   4000               LSLS     R0,R0,#+1        ;; #+356
   \   00000478   3018               ADDS     R0,R6,R0
   \   0000047A   ........           _BLF     printf,??printf??rT
   1278             sExecStep++;
   \   0000047E   2888               LDRH     R0,[R5, #+0]
   \   00000480   401C               ADDS     R0,R0,#+1
   \   00000482   11E1               B.N      ??flash_edit_function_43
   1279             return;
   1280             
   1281           case SET_SAMPLE_TIME+1:
   1282             printf("\n>Interval[SEC]:%03d", sStoreTime);
   \                     ??flash_edit_function_11:
   \   00000484   0A20               MOVS     R0,#+10
   \   00000486   215E               LDRSH    R1,[R4, R0]
   \   00000488   0398               LDR      R0,[SP, #+12]
   \   0000048A   ........           _BLF     printf,??printf??rT
   1283             keyin_start(3); 
   \   0000048E   0320               MOVS     R0,#+3
   \   00000490   ........           _BLF     keyin_start,??keyin_start??rT
   1284             set_cursor_h(15);
   \   00000494   0F20               MOVS     R0,#+15
   \   00000496   ........           _BLF     set_cursor_h,??set_cursor_h??rT
   1285             sExecStep++; 
   \   0000049A   2888               LDRH     R0,[R5, #+0]
   \   0000049C   401C               ADDS     R0,R0,#+1
   \   0000049E   03E1               B.N      ??flash_edit_function_43
   1286             return;
   1287          
   1288           case SET_SAMPLE_TIME+2: 
   1289             if (DEC_KEY) keyin_dp_bcd();
   \                     ??flash_edit_function_12:
   \   000004A0   3029               CMP      R1,#+48
   \   000004A2   04D3               BCC      ??flash_edit_function_70
   \   000004A4   3A29               CMP      R1,#+58
   \   000004A6   02D2               BCS      ??flash_edit_function_70
   \                     ??flash_edit_function_17:
   \   000004A8   ........           _BLF     keyin_dp_bcd,??keyin_dp_bcd??rT
   \                     ??flash_edit_function_69:
   \   000004AC   FDE0               B        ??flash_edit_function_47
   1290             else if (MENU_KEY) sExecStep = FLASH_MAIN;
   \                     ??flash_edit_function_70:
   \   000004AE   6129               CMP      R1,#+97
   \   000004B0   FCD1               BNE      ??flash_edit_function_69
   \   000004B2   0A20               MOVS     R0,#+10
   \   000004B4   F8E0               B.N      ??flash_edit_function_43
   1291             return;
   1292           
   1293           case SET_SAMPLE_TIME+3:
   1294             sStoreTime = bcd2hex_int(KeyValue);
   \                     ??flash_edit_function_13:
   \   000004B6   0198               LDR      R0,[SP, #+4]
   \   000004B8   ........           _BLF     bcd2hex_int,??bcd2hex_int??rT
   1295             if (sStoreTime == 0)  sStoreTime = 1;
   \   000004BC   0004               LSLS     R0,R0,#+16
   \   000004BE   0014               ASRS     R0,R0,#+16
   \   000004C0   00D1               BNE      ??flash_edit_function_71
   \   000004C2   0120               MOVS     R0,#+1
   \                     ??flash_edit_function_71:
   \   000004C4   6081               STRH     R0,[R4, #+10]
   1296             printf("\n>Interval[SEC]:%03d", sStoreTime);
   \   000004C6   0100               MOVS     R1,R0
   \   000004C8   0398               LDR      R0,[SP, #+12]
   \   000004CA   ........           _BLF     printf,??printf??rT
   1297             // 데이터저장실행을 초기화
   1298             sStoreStep = 1;
   \   000004CE   0120               MOVS     R0,#+1
   \   000004D0   E081               STRH     R0,[R4, #+14]
   1299             sExecStep++; 
   \   000004D2   2888               LDRH     R0,[R5, #+0]
   \   000004D4   401C               ADDS     R0,R0,#+1
   \   000004D6   E7E0               B.N      ??flash_edit_function_43
   1300             return;
   1301           
   1302           case SET_SAMPLE_TIME+4:
   1303             if (ANY_KEY) 
   \                     ??flash_edit_function_14:
   \   000004D8   0029               CMP      R1,#+0
   \   000004DA   E7D0               BEQ      ??flash_edit_function_69
   1304             {
   1305               sStoreStep = 1;
   \   000004DC   0120               MOVS     R0,#+1
   \   000004DE   E081               STRH     R0,[R4, #+14]
   1306               sSampleNo = 0;
   \   000004E0   0020               MOVS     R0,#+0
   \   000004E2   A083               STRH     R0,[R4, #+28]
   1307               //DataMonit = 0;
   1308               sExecStep = FLASH_MAIN;
   \   000004E4   0A20               MOVS     R0,#+10
   \   000004E6   DFE0               B.N      ??flash_edit_function_43
   1309             }
   1310             return; 
   1311           
   1312          /*************************/
   1313          /* View Storeing data    */
   1314          /*************************/
   1315           case VIWE_RECORD:
   1316             DelayStep = 0;
   \                     ??flash_edit_function_15:
   \   000004E8   0020               MOVS     R0,#+0
   \   000004EA   3870               STRB     R0,[R7, #+0]
   1317             //sExecStep = VIWE_RECORD+20;
   1318             screen_clear();
   \   000004EC   ........           _BLF     screen_clear,??screen_clear??rT
   1319             printf("<View Store Record>");
   \   000004F0   C620               MOVS     R0,#+198
   \   000004F2   4000               LSLS     R0,R0,#+1        ;; #+396
   \   000004F4   3018               ADDS     R0,R6,R0
   \   000004F6   ........           _BLF     printf,??printf??rT
   1320             sViewPage = 0;
   \   000004FA   0020               MOVS     R0,#+0
   \   000004FC   2083               STRH     R0,[R4, #+24]
   1321             printf("\n>Max Record:511");
   \   000004FE   D020               MOVS     R0,#+208
   \   00000500   4000               LSLS     R0,R0,#+1        ;; #+416
   \   00000502   3018               ADDS     R0,R6,R0
   \   00000504   ........           _BLF     printf,??printf??rT
   1322             printf("\n>Record NO:%03d", sFlashPage);
   \   00000508   1220               MOVS     R0,#+18
   \   0000050A   215E               LDRSH    R1,[R4, R0]
   \   0000050C   DA20               MOVS     R0,#+218
   \   0000050E   4000               LSLS     R0,R0,#+1        ;; #+436
   \   00000510   3018               ADDS     R0,R6,R0
   \   00000512   ........           _BLF     printf,??printf??rT
   1323             sExecStep++;
   \   00000516   2888               LDRH     R0,[R5, #+0]
   \   00000518   401C               ADDS     R0,R0,#+1
   \   0000051A   C5E0               B.N      ??flash_edit_function_43
   1324             return;
   1325             
   1326           case VIWE_RECORD+1:
   1327             keyin_start(3);
   \                     ??flash_edit_function_16:
   \   0000051C   0320               MOVS     R0,#+3
   \   0000051E   ........           _BLF     keyin_start,??keyin_start??rT
   1328             set_cursor_h(11);
   \   00000522   0B20               MOVS     R0,#+11
   \   00000524   ........           _BLF     set_cursor_h,??set_cursor_h??rT
   1329             sExecStep++;
   \   00000528   2888               LDRH     R0,[R5, #+0]
   \   0000052A   401C               ADDS     R0,R0,#+1
   \   0000052C   BCE0               B.N      ??flash_edit_function_43
   1330             return;
   1331             
   1332           case VIWE_RECORD+2: keyin_dp_bcd();	 return;
   1333             
   1334           case VIWE_RECORD+3: 
   1335             sViewPage = bcd2hex_int(KeyValue);
   \                     ??flash_edit_function_18:
   \   0000052E   0198               LDR      R0,[SP, #+4]
   \   00000530   ........           _BLF     bcd2hex_int,??bcd2hex_int??rT
   \   00000534   2083               STRH     R0,[R4, #+24]
   1336             //printf("\n>KeyValue%04X:", KeyValue);
   1337             printf("\n>sViewPage%04d:", sViewPage);
   \   00000536   1820               MOVS     R0,#+24
   \   00000538   215E               LDRSH    R1,[R4, R0]
   \   0000053A   E420               MOVS     R0,#+228
   \   0000053C   4000               LSLS     R0,R0,#+1        ;; #+456
   \   0000053E   3018               ADDS     R0,R6,R0
   \   00000540   ........           _BLF     printf,??printf??rT
   1338             if (sViewPage > 511)
   \   00000544   1820               MOVS     R0,#+24
   \   00000546   205E               LDRSH    R0,[R4, R0]
   \   00000548   8021               MOVS     R1,#+128
   \   0000054A   8900               LSLS     R1,R1,#+2        ;; #+512
   \   0000054C   8842               CMP      R0,R1
   \   0000054E   05DB               BLT      ??flash_edit_function_72
   1339             {
   1340               printf("\n>Error: Range over");
   \   00000550   9436               ADDS     R6,R6,#+148
   \   00000552   3000               MOVS     R0,R6
   \   00000554   ........           _BLF     printf,??printf??rT
   1341               sExecStep = VIWE_RECORD+10;
   \   00000558   ....               LDR      R0,??Subroutine32_0+0xC  ;; 0x38e
   \   0000055A   A5E0               B.N      ??flash_edit_function_43
   1342             }
   1343             else sExecStep++;
   \                     ??flash_edit_function_72:
   \   0000055C   2888               LDRH     R0,[R5, #+0]
   \   0000055E   401C               ADDS     R0,R0,#+1
   \   00000560   A2E0               B.N      ??flash_edit_function_43
   1344             return;
   1345          
   1346           
   1347           case VIWE_RECORD+4:
   1348             ViewSampleNo = 0;
   \                     ??flash_edit_function_19:
   \   00000562   0020               MOVS     R0,#+0
   \   00000564   2071               STRB     R0,[R4, #+4]
   1349             sExecStep++;
   \   00000566   6846               MOV      R0,SP
   \   00000568   0088               LDRH     R0,[R0, #+0]
   \   0000056A   9DE0               B.N      ??flash_edit_function_43
   1350             return;
   1351             
   1352           case VIWE_RECORD+5:
   1353             flash_move_to_view(sViewPage);
   \                     ??flash_edit_function_20:
   \   0000056C   ........           BL       flash_move_to_view
   1354             sExecStep++;
   \   00000570   6846               MOV      R0,SP
   \   00000572   0088               LDRH     R0,[R0, #+0]
   \   00000574   98E0               B.N      ??flash_edit_function_43
   1355             return;
   1356          
   1357           case VIWE_RECORD+6:
   1358             recore_data_view(); 
   \                     ??flash_edit_function_21:
   \   00000576   ........           BL       recore_data_view
   1359             DelayStep = 0;
   \   0000057A   0020               MOVS     R0,#+0
   \   0000057C   3870               STRB     R0,[R7, #+0]
   1360             sExecStep++;
   \   0000057E   2888               LDRH     R0,[R5, #+0]
   \   00000580   401C               ADDS     R0,R0,#+1
   \   00000582   91E0               B.N      ??flash_edit_function_43
   1361             return;
   1362             
   1363           case VIWE_RECORD+7:   
   1364             if (MENU_KEY) sExecStep = FLASH_MAIN;
   \                     ??flash_edit_function_22:
   \   00000584   6129               CMP      R1,#+97
   \   00000586   01D1               BNE      ??flash_edit_function_73
   \   00000588   0A20               MOVS     R0,#+10
   \   0000058A   8DE0               B.N      ??flash_edit_function_43
   1365             else if (ENTER_KEY) sExecStep = VIWE_RECORD;
   \                     ??flash_edit_function_73:
   \   0000058C   0D29               CMP      R1,#+13
   \   0000058E   4CD0               BEQ      ??flash_edit_function_74
   1366             else if (DN_KEY) 
   \   00000590   471C               ADDS     R7,R0,#+1
   \   00000592   2279               LDRB     R2,[R4, #+4]
   \   00000594   6329               CMP      R1,#+99
   \   00000596   0DD1               BNE      ??flash_edit_function_75
   1367             {
   1368               if (ViewSampleNo > 40)
   \   00000598   292A               CMP      R2,#+41
   \   0000059A   13D3               BCC      ??flash_edit_function_76
   1369               {
   1370                 if (++sViewPage > 511) sViewPage = 0;
   \   0000059C   2783               STRH     R7,[R4, #+24]
   \   0000059E   8020               MOVS     R0,#+128
   \   000005A0   8000               LSLS     R0,R0,#+2        ;; #+512
   \                     ??flash_edit_function_77:
   \   000005A2   3F04               LSLS     R7,R7,#+16
   \   000005A4   3F14               ASRS     R7,R7,#+16
   \   000005A6   8742               CMP      R7,R0
   \   000005A8   01DB               BLT      ??flash_edit_function_78
   \   000005AA   0020               MOVS     R0,#+0
   \   000005AC   2083               STRH     R0,[R4, #+24]
   1371                 sExecStep = VIWE_RECORD+4;
   \                     ??flash_edit_function_78:
   \   000005AE   E220               MOVS     R0,#+226
   \   000005B0   8000               LSLS     R0,R0,#+2        ;; #+904
   \   000005B2   79E0               B.N      ??flash_edit_function_43
   1372               }
   1373               else sExecStep = VIWE_RECORD+6;
   1374             }
   1375             else if (UP_KEY) 
   \                     ??flash_edit_function_75:
   \   000005B4   431E               SUBS     R3,R0,#+1
   \   000005B6   ....               LDR      R6,??Subroutine32_0+0x10  ;; 0x1ff
   \   000005B8   6229               CMP      R1,#+98
   \   000005BA   18D1               BNE      ??flash_edit_function_79
   1376             {
   1377               if (ViewSampleNo > 16) 
   \   000005BC   112A               CMP      R2,#+17
   \   000005BE   03D3               BCC      ??flash_edit_function_80
   1378               {
   1379                 ViewSampleNo -= 16;
   \   000005C0   F032               ADDS     R2,R2,#+240
   \   000005C2   2271               STRB     R2,[R4, #+4]
   1380                 sExecStep = VIWE_RECORD+6;
   1381               }
   \                     ??flash_edit_function_76:
   \   000005C4   ....               LDR      R0,??Subroutine32_0+0x14  ;; 0x38a
   \   000005C6   6FE0               B.N      ??flash_edit_function_43
   1382               else if (ViewSampleNo > 12) 
   \                     ??flash_edit_function_80:
   \   000005C8   0D2A               CMP      R2,#+13
   \   000005CA   02D3               BCC      ??flash_edit_function_81
   1383               {
   1384                 ViewSampleNo = 0;
   \   000005CC   0020               MOVS     R0,#+0
   \   000005CE   2071               STRB     R0,[R4, #+4]
   \   000005D0   F8E7               B        ??flash_edit_function_76
   1385                 sExecStep = VIWE_RECORD+6;
   1386               }
   1387               else if (ViewSampleNo > 8) 
   \                     ??flash_edit_function_81:
   \   000005D2   ....               LDR      R1,??Subroutine32_0+0x18  ;; 0x389
   \   000005D4   092A               CMP      R2,#+9
   \   000005D6   03D3               BCC      ??flash_edit_function_82
   1388               {
   1389                 ViewSampleNo = 0;
   \   000005D8   0020               MOVS     R0,#+0
   \                     ??flash_edit_function_83:
   \   000005DA   2071               STRB     R0,[R4, #+4]
   1390                 sExecStep = VIWE_RECORD+5;
   \   000005DC   2980               STRH     R1,[R5, #+0]
   \   000005DE   64E0               B        ??flash_edit_function_47
   1391               }
   1392               else 
   1393               {
   1394                 if (sViewPage == 0) sViewPage = 511; else sViewPage--;
   \                     ??flash_edit_function_82:
   \   000005E0   0028               CMP      R0,#+0
   \   000005E2   01D1               BNE      ??flash_edit_function_84
   \   000005E4   2683               STRH     R6,[R4, #+24]
   \   000005E6   00E0               B        ??flash_edit_function_85
   \                     ??flash_edit_function_84:
   \   000005E8   2383               STRH     R3,[R4, #+24]
   1395                 ViewSampleNo = 33;
   \                     ??flash_edit_function_85:
   \   000005EA   2120               MOVS     R0,#+33
   \   000005EC   F5E7               B.N      ??flash_edit_function_83
   1396                 sExecStep = VIWE_RECORD+5;
   1397               }
   1398             }
   1399             else if (SP_KEY)
   \                     ??flash_edit_function_79:
   \   000005EE   2329               CMP      R1,#+35
   \   000005F0   02D1               BNE      ??flash_edit_function_86
   1400             {
   1401               if(++sViewPage >= 512) sViewPage = 0;
   \   000005F2   2783               STRH     R7,[R4, #+24]
   \   000005F4   701C               ADDS     R0,R6,#+1
   \   000005F6   D4E7               B.N      ??flash_edit_function_77
   1402               sExecStep = VIWE_RECORD+4;
   1403             }
   1404             else if (PP_KEY)
   \                     ??flash_edit_function_86:
   \   000005F8   2A29               CMP      R1,#+42
   \   000005FA   05D1               BNE      ??flash_edit_function_87
   1405             {
   1406               if (sViewPage == 0) sViewPage = 511; else sViewPage--;
   \   000005FC   0028               CMP      R0,#+0
   \   000005FE   01D1               BNE      ??flash_edit_function_88
   \   00000600   2683               STRH     R6,[R4, #+24]
   \   00000602   D4E7               B        ??flash_edit_function_78
   \                     ??flash_edit_function_88:
   \   00000604   2383               STRH     R3,[R4, #+24]
   \   00000606   D2E7               B        ??flash_edit_function_78
   1407               sExecStep = VIWE_RECORD+4;
   1408             }    
   1409             else if (step_delay(SEC_1*30)) sExecStep = FLASH_MAIN; 
   \                     ??flash_edit_function_87:
   \   00000608   ....               LDR      R0,??Subroutine32_0+0x1C  ;; 0x3a98
   \   0000060A   ........           _BLF     step_delay,??step_delay??rT
   \   0000060E   0028               CMP      R0,#+0
   \   00000610   4BD0               BEQ      ??flash_edit_function_47
   \   00000612   0A20               MOVS     R0,#+10
   \   00000614   48E0               B.N      ??flash_edit_function_43
   \   00000616   C046               Nop      
   \                     ??flash_edit_function_64:
   \   00000618   ........           DC32     uiFlashBuffer
   \   0000061C   00FEFFFF           DC32     0xfffffe00
   \   00000620   52040000           DC32     0x452
   \   00000624   6A040000           DC32     0x46a
   1410             return; 
   1411             
   1412           case VIWE_RECORD+10:
   1413             if (MENU_KEY) sExecStep = VIWE_RECORD;
   \                     ??flash_edit_function_23:
   \   00000628   6129               CMP      R1,#+97
   \                     ??flash_edit_function_74:
   \   0000062A   ....               BNE      .+5
   \   0000062C   0AE6               B        ??flash_edit_function_57
   1414             else if (ANY_KEY) sExecStep = FLASH_MAIN;  
   \   0000062E   0029               CMP      R1,#+0
   \   00000630   01D0               BEQ      ??flash_edit_function_89
   \   00000632   0A20               MOVS     R0,#+10
   \   00000634   38E0               B.N      ??flash_edit_function_43
   1415             else if (step_delay(SEC_1<<1)) sExecStep = FLASH_MAIN;  
   \                     ??flash_edit_function_89:
   \   00000636   FA20               MOVS     R0,#+250
   \   00000638   8000               LSLS     R0,R0,#+2        ;; #+1000
   \   0000063A   ........           _BLF     step_delay,??step_delay??rT
   \   0000063E   0028               CMP      R0,#+0
   \   00000640   33D0               BEQ      ??flash_edit_function_47
   \   00000642   0A20               MOVS     R0,#+10
   \   00000644   30E0               B.N      ??flash_edit_function_43
   1416             return;
   1417          
   1418           case VIWE_RECORD+20:
   1419             display_mode(2);
   \                     ??flash_edit_function_24:
   \   00000646   0220               MOVS     R0,#+2
   \   00000648   ........           _BLF     display_mode,??display_mode??rT
   1420             printf("\n준비중입니다.");
   \   0000064C   EE20               MOVS     R0,#+238
   \   0000064E   4000               LSLS     R0,R0,#+1        ;; #+476
   \   00000650   3018               ADDS     R0,R6,R0
   \   00000652   ........           _BLF     printf,??printf??rT
   1421             sExecStep++;
   \   00000656   2888               LDRH     R0,[R5, #+0]
   \   00000658   401C               ADDS     R0,R0,#+1
   \   0000065A   25E0               B.N      ??flash_edit_function_43
   1422             return;
   1423               
   1424           case VIWE_RECORD+21:
   1425             if (step_delay(SEC_1<<1)) 
   \                     ??flash_edit_function_25:
   \   0000065C   FA20               MOVS     R0,#+250
   \   0000065E   8000               LSLS     R0,R0,#+2        ;; #+1000
   \   00000660   ........           _BLF     step_delay,??step_delay??rT
   \   00000664   0028               CMP      R0,#+0
   \   00000666   20D0               BEQ      ??flash_edit_function_47
   1426             {
   1427               display_mode(0);
   \                     ??flash_edit_function_90:
   \   00000668   0020               MOVS     R0,#+0
   \   0000066A   ........           _BLF     display_mode,??display_mode??rT
   1428               sExecStep = FLASH_MAIN;
   \   0000066E   0A20               MOVS     R0,#+10
   \   00000670   1AE0               B.N      ??flash_edit_function_43
   1429             }
   1430             return;
   1431          
   1432          /****************************************/
   1433          /* 서버 업로드 레코드를 0 페이지로 복귀 */
   1434          /****************************************/
   1435           case UPLOAD_INIT:
   1436             display_mode(2);
   \                     ??flash_edit_function_26:
   \   00000672   0220               MOVS     R0,#+2
   \   00000674   ........           _BLF     display_mode,??display_mode??rT
   1437             SeverTxPage = find_transmit_start_page();
   \   00000678   ........           _BLF     find_transmit_start_page,??find_transmit_start_page??rT
   \   0000067C   ....               LDR      R1,??DataTable39  ;; SeverTxPage
   \   0000067E   0880               STRH     R0,[R1, #+0]
   1438             printf("서버로 보내는 Record 번호가 초기화되어 처음부터 전송됩니다.");
   \   00000680   F620               MOVS     R0,#+246
   \   00000682   4000               LSLS     R0,R0,#+1        ;; #+492
   \   00000684   3018               ADDS     R0,R6,R0
   \   00000686   ........           _BLF     printf,??printf??rT
   1439             sExecStep++;
   \   0000068A   2888               LDRH     R0,[R5, #+0]
   \   0000068C   401C               ADDS     R0,R0,#+1
   \   0000068E   0BE0               B.N      ??flash_edit_function_43
   1440             return;
   1441          
   1442           case UPLOAD_INIT+1:
   1443             if (ANY_KEY) sExecStep = FLASH_MAIN;    
   \                     ??flash_edit_function_27:
   \   00000690   0029               CMP      R1,#+0
   \   00000692   01D0               BEQ      ??flash_edit_function_91
   \   00000694   0A20               MOVS     R0,#+10
   \   00000696   07E0               B.N      ??flash_edit_function_43
   1444             else if (step_delay(SEC_1<<1)) 
   \                     ??flash_edit_function_91:
   \   00000698   FA20               MOVS     R0,#+250
   \   0000069A   8000               LSLS     R0,R0,#+2        ;; #+1000
   \   0000069C   ........           _BLF     step_delay,??step_delay??rT
   \   000006A0   0028               CMP      R0,#+0
   \   000006A2   E1D1               BNE      ??flash_edit_function_90
   \   000006A4   01E0               B        ??flash_edit_function_47
   1445             {
   1446               display_mode(0);
   1447               sExecStep = FLASH_MAIN; 
   1448             }
   1449             return;
   1450             
   1451           default: sExecStep = FLASH_MAIN; 
   \                     ??flash_edit_function_42:
   \   000006A6   0A20               MOVS     R0,#+10
   \                     ??flash_edit_function_43:
   \   000006A8   2880               STRH     R0,[R5, #+0]
   1452             return;
   \                     ??flash_edit_function_47:
   \   000006AA   C046               Nop      
   \   000006AC                      REQUIRE ?Subroutine32
   \   000006AC                      ;; // Fall through to label ?Subroutine32
   1453           }
   1454          }
   1455          
   1456          /*******************************************************/
   1457          /* 전원투입시 실행하여 저장이 시작되는 페이지를 결정.  */
   1458          /* 이전에 최종 저장했던 페이지를 찾고                  */
   1459          /* 그 다음페이지를 첫 페이지로 지정한다.               */
   1460          /*******************************************************/

   \                                 In segment CODE, align 4, keep-with-next
   1461          void find_flash_start_page(void)
   1462          {
   \                     find_flash_start_page:
   \   00000000   30B5               PUSH     {R4,R5,LR}
   1463            char mode;
   1464            unsigned int *flashptr;
   1465            unsigned int idata;
   1466            unsigned short lp, id;
   1467            
   1468            flashptr = (unsigned int *) FDATA_START_ADD;
   \   00000002   9020               MOVS     R0,#+144
   \   00000004   4003               LSLS     R0,R0,#+13       ;; #+1179648
   1469          
   1470            for (lp = 0; lp < 512; lp++)
   \   00000006   0021               MOVS     R1,#+0
   \   00000008   ....               LDR      R4,??DataTable66  ;; Result
   \   0000000A   0CE0               B        ??find_flash_start_page_0
   1471            {
   1472               
   1473              idata =  *flashptr;
   1474              id = idata >> 16;
   1475              idata =  *flashptr;
   1476              
   1477              if (id != SAMPLE_ID) 
   \                     ??find_flash_start_page_1:
   \   0000000C   0368               LDR      R3,[R0, #+0]
   \   0000000E   1B0C               LSRS     R3,R3,#+16
   \   00000010   ....               LDR      R5,??DataTable68  ;; 0xaa55
   \   00000012   AB42               CMP      R3,R5
   \   00000014   02D0               BEQ      ??find_flash_start_page_2
   1478              {
   1479                sStorePage = lp;
   \   00000016   E182               STRH     R1,[R4, #+22]
   1480                usStoreNo = lp;
   \   00000018   6183               STRH     R1,[R4, #+26]
   1481                mode = DebugMonit;
   1482                lp = 512;
   \   0000001A   1100               MOVS     R1,R2
   1483              }
   1484              
   1485              flashptr += 0x40;
   \                     ??find_flash_start_page_2:
   \   0000001C   5208               LSRS     R2,R2,#+1
   \   0000001E   8018               ADDS     R0,R0,R2
   1486            }
   \   00000020   491C               ADDS     R1,R1,#+1
   \   00000022   0904               LSLS     R1,R1,#+16
   \   00000024   090C               LSRS     R1,R1,#+16
   \                     ??find_flash_start_page_0:
   \   00000026   8022               MOVS     R2,#+128
   \   00000028   9200               LSLS     R2,R2,#+2        ;; #+512
   \   0000002A   9142               CMP      R1,R2
   \   0000002C   EED3               BCC      ??find_flash_start_page_1
   1487           
   1488            if (!Com2Mode)
   \   0000002E   ....               LDR      R0,??DataTable49  ;; Com2Mode
   \   00000030   0078               LDRB     R0,[R0, #+0]
   \   00000032   0028               CMP      R0,#+0
   \   00000034   0DD1               BNE      ??find_flash_start_page_3
   1489            {
   1490              mode = DebugMonit;
   \   00000036   ....               LDR      R0,??DataTable51  ;; DebugMonit
   \   00000038   0578               LDRB     R5,[R0, #+0]
   1491              debug_monit(COM2OUT);
   \   0000003A   0220               MOVS     R0,#+2
   \   0000003C   ........           _BLF     debug_monit,??debug_monit??rT
   1492              printf("\n>StartPage:%3d,%3d", sStorePage, usStoreNo);
   \   00000040   628B               LDRH     R2,[R4, #+26]
   \   00000042   1620               MOVS     R0,#+22
   \   00000044   215E               LDRSH    R1,[R4, R0]
   \   00000046   ....               LDR      R0,??Subroutine31_0  ;; `?<Constant "\\n>StartPage:%3d,%3d">`
   \   00000048   ........           _BLF     printf,??printf??rT
   1493              debug_monit(mode);
   \   0000004C   2800               MOVS     R0,R5
   \   0000004E   ........           _BLF     debug_monit,??debug_monit??rT
   \                     ??find_flash_start_page_3:
   \   00000052   C046               Nop      
   1494            }
   1495          }
   \   00000054                      REQUIRE ?Subroutine31
   \   00000054                      ;; // Fall through to label ?Subroutine31
   1496          
   1497          /*
   1498          void find_flash_start_page(void)
   1499          {
   1500            char mode;
   1501            unsigned int *flashptr;
   1502            unsigned int idata;
   1503            unsigned short lp, id, sample, no, find;
   1504            
   1505            flashptr = (unsigned int *) FDATA_START_ADD;
   1506            
   1507            idata =  *flashptr;
   1508            sample = idata & 0xFFFF;
   1509            id = idata >> 16;
   1510          
   1511              mode = DebugMonit;
   1512              debug_monit(COM2OUT);
   1513              printf("\n>%08X:%08X",  flashptr,  *flashptr);
   1514              printf("\n>Start:%3d-%3d", sStorePage, usStoreNo);
   1515              printf("\n>sample1:%3d,%3d,%3d,%3d", sample, sample, sStorePage, usStoreNo);    
   1516            
   1517            if (id != SAMPLE_ID) 
   1518            {
   1519              // 0 page에 SAMPLE_ID가 없으면 start sStorePage = 0, usStoreNo = 0; 
   1520              sStorePage = 0; 
   1521              usStoreNo = 0;
   1522            }
   1523            else 
   1524            {
   1525              usStoreNo = sample+1;
   1526              flashptr += 0x40;
   1527            // page의 SAMPLE_ID를 읽어 데이터를 기록했었는지 조사   
   1528              for (lp = 1; lp < 512; lp++)
   1529              {
   1530                idata =  *flashptr;
   1531                id = idata >> 16;
   1532                no = idata & 0xFFFF;
   1533                find = 0;
   1534                printf("\n>sample2:%3d,%3d,%3d,%3d", sample, no, sStorePage, usStoreNo);
   1535                if (id != SAMPLE_ID) 
   1536                {
   1537                  // 데이터를 기록한 사실이 없는 첫번째 page를 시작페이지로 결정
   1538                  sStorePage = lp;
   1539          	//usStoreNo++; //= sample + 1;
   1540          	find = 1;
   1541                  lp = 512;
   1542          	printf("\n>sample3:%3d,%3d,%3d,%3d", sample, no, sStorePage, usStoreNo);
   1543                  //break;
   1544                }
   1545                else 
   1546                {
   1547          	if (no == usStoreNo) usStoreNo++; 
   1548          	else 
   1549          	{
   1550          	  // sample no 가 1 증가가 아니면 그 page를 시작페이지로 결정
   1551          	  sStorePage = lp;
   1552          	  //usStoreNo = sample + 1;
   1553          	  find = 1;
   1554          	  lp = 512;
   1555          	  printf("\n>sample4:%3d,%3d,%3d,%3d", sample, no, sStorePage, usStoreNo);
   1556          	  //break;
   1557          	}
   1558                }
   1559                
   1560                flashptr += 0x40;
   1561              }
   1562              
   1563              if (find == 0) 
   1564              {
   1565                // 뭐가뭔지 모르겠으면 start page no = 0, sample no = 0;
   1566                sStorePage = 0; 
   1567                usStoreNo = 0;
   1568              }
   1569            }
   1570              printf("\n>sample5:%3d,%3d,%3d,%3d", sample, no, sStorePage, usStoreNo);
   1571              printf("\n>%08X:%08X",  flashptr,  *flashptr);
   1572              debug_monit(mode);
   1573          }
   1574          */
   1575          
   1576          /*******************************************************/
   1577          /* 한페이지 분량의 측정데이터를 Flash Memory 에 저장   */
   1578          /* Move Measured data to Flash Memory                  */
   1579          /*******************************************************/

   \                                 In segment CODE, align 4, keep-with-next
   1580          char store_move_to_flash(void)
   1581          {
   \                     store_move_to_flash:
   \   00000000   F1B5               PUSH     {R0,R4-R7,LR}
   1582            char mode;
   1583            char lp, add, result;
   1584            unsigned int ia;
   1585            
   1586            result = 0;
   1587            //find_flash_start_page();	// 확인용으로 매회 실행
   1588            add = 0;
   \   00000002   0024               MOVS     R4,#+0
   \   00000004   0020               MOVS     R0,#+0
   1589            for (lp = 0; lp < 64; lp++)
   \   00000006   0100               MOVS     R1,R0
   \   00000008   ....               LDR      R2,??DataTable44  ;; uiFlashBuffer
   \   0000000A   ....               LDR      R5,??DataTable67  ;; usMeasureBuf
   1590            {
   1591              ia = usMeasureBuf[add] << 16;
   \                     ??store_move_to_flash_0:
   \   0000000C   4300               LSLS     R3,R0,#+1
   \   0000000E   EB5A               LDRH     R3,[R5, R3]
   \   00000010   1B04               LSLS     R3,R3,#+16
   1592              add++;
   \   00000012   401C               ADDS     R0,R0,#+1
   \   00000014   0006               LSLS     R0,R0,#+24
   \   00000016   000E               LSRS     R0,R0,#+24
   1593              ia |= usMeasureBuf[add];
   \   00000018   4600               LSLS     R6,R0,#+1
   \   0000001A   AE5B               LDRH     R6,[R5, R6]
   \   0000001C   1E43               ORRS     R6,R6,R3
   1594              add++;
   \   0000001E   401C               ADDS     R0,R0,#+1
   \   00000020   0006               LSLS     R0,R0,#+24
   \   00000022   000E               LSRS     R0,R0,#+24
   1595              uiFlashBuffer[lp] = ia;
   \   00000024   8B00               LSLS     R3,R1,#+2
   \   00000026   D650               STR      R6,[R2, R3]
   1596            }
   \   00000028   491C               ADDS     R1,R1,#+1
   \   0000002A   0906               LSLS     R1,R1,#+24
   \   0000002C   090E               LSRS     R1,R1,#+24
   \   0000002E   4029               CMP      R1,#+64
   \   00000030   ECD3               BCC      ??store_move_to_flash_0
   1597            
   1598            uiFlashAdd = FDATA_START_ADD + (sStorePage << 8);
   \   00000032   ....               LDR      R6,??DataTable66  ;; Result
   \   00000034   1620               MOVS     R0,#+22
   \   00000036   305E               LDRSH    R0,[R6, R0]
   \   00000038   0002               LSLS     R0,R0,#+8
   \   0000003A   9021               MOVS     R1,#+144
   \   0000003C   4903               LSLS     R1,R1,#+13       ;; #+1179648
   \   0000003E   4018               ADDS     R0,R0,R1
   \   00000040   F062               STR      R0,[R6, #+44]
   1599            result = AT91F_Flash_Write( uiFlashAdd , FLASH_PAGE_SIZE_BYTE, &uiFlashBuffer[0], 0);
   \   00000042   0023               MOVS     R3,#+0
   \   00000044   8021               MOVS     R1,#+128
   \   00000046   4900               LSLS     R1,R1,#+1        ;; #+256
   \   00000048   F06A               LDR      R0,[R6, #+44]
   \   0000004A   ........           _BLF     AT91F_Flash_Write,??AT91F_Flash_Write??rT
   \   0000004E   0700               MOVS     R7,R0
   \   00000050   ....               LDR      R0,??DataTable49  ;; Com2Mode
   \   00000052   0078               LDRB     R0,[R0, #+0]
   \   00000054   0028               CMP      R0,#+0
   \   00000056   01D1               BNE      ??store_move_to_flash_1
   \   00000058   0120               MOVS     R0,#+1
   \   0000005A   00E0               B        ??store_move_to_flash_2
   \                     ??store_move_to_flash_1:
   \   0000005C   0020               MOVS     R0,#+0
   \                     ??store_move_to_flash_2:
   \   0000005E   7178               LDRB     R1,[R6, #+1]
   \   00000060   0122               MOVS     R2,#+1
   \   00000062   0A40               ANDS     R2,R2,R1
   \   00000064   0242               TST      R2,R0
   \   00000066   1AD0               BEQ      ??store_move_to_flash_3
   1600          
   1601            if ((DataMonit)&(!Com2Mode)) 
   1602            {
   1603              mode = DebugMonit;
   \   00000068   ....               LDR      R0,??DataTable51  ;; DebugMonit
   \   0000006A   0078               LDRB     R0,[R0, #+0]
   \   0000006C   0090               STR      R0,[SP, #+0]
   1604              debug_monit(COM2OUT);
   \   0000006E   0220               MOVS     R0,#+2
   \   00000070   ........           _BLF     debug_monit,??debug_monit??rT
   \   00000074   1620               MOVS     R0,#+22
   \   00000076   325E               LDRSH    R2,[R6, R0]
   \   00000078   F16A               LDR      R1,[R6, #+44]
   \   0000007A   1348               LDR      R0,??store_move_to_flash_4  ;; `?<Constant "\\nData Save[%08X]%03d ">`
   1605              printf("\nData Save[%08X]%03d ", uiFlashAdd, sStorePage);
   \   0000007C   ........           _BLF     printf,??printf??rT
   1606              printf("%04X %04X %04X %04X %04X ",usMeasureBuf[1], usMeasureBuf[2], usMeasureBuf[3], usMeasureBuf[4], usMeasureBuf[5]);
   \   00000080   6989               LDRH     R1,[R5, #+10]
   \   00000082   2889               LDRH     R0,[R5, #+8]
   \   00000084   03B4               PUSH     {R0,R1}
   \   00000086   EB88               LDRH     R3,[R5, #+6]
   \   00000088   AA88               LDRH     R2,[R5, #+4]
   \   0000008A   6988               LDRH     R1,[R5, #+2]
   \   0000008C   0F48               LDR      R0,??store_move_to_flash_4+0x4  ;; `?<Constant "\\nData Save[%08X]%03d ">` + 24
   \   0000008E   ........           _BLF     printf,??printf??rT
   1607              debug_monit(mode);
   \   00000092   0298               LDR      R0,[SP, #+8]
   \   00000094   0006               LSLS     R0,R0,#+24
   \   00000096   000E               LSRS     R0,R0,#+24
   \   00000098   ........           _BLF     debug_monit,??debug_monit??rT
   \   0000009C   02B0               ADD      SP,SP,#+8
   1608            }
   1609          
   1610            sSampleNo = 0;
   \                     ??store_move_to_flash_3:
   \   0000009E   B483               STRH     R4,[R6, #+28]
   1611            usStoreNo++;
   \   000000A0   708B               LDRH     R0,[R6, #+26]
   \   000000A2   401C               ADDS     R0,R0,#+1
   \   000000A4   7083               STRH     R0,[R6, #+26]
   1612            if (++sStorePage >= 0x200) result = 1; 
   \   000000A6   1620               MOVS     R0,#+22
   \   000000A8   305E               LDRSH    R0,[R6, R0]
   \   000000AA   401C               ADDS     R0,R0,#+1
   \   000000AC   F082               STRH     R0,[R6, #+22]
   \   000000AE   8021               MOVS     R1,#+128
   \   000000B0   8900               LSLS     R1,R1,#+2        ;; #+512
   \   000000B2   0004               LSLS     R0,R0,#+16
   \   000000B4   0014               ASRS     R0,R0,#+16
   \   000000B6   8842               CMP      R0,R1
   \   000000B8   00DB               BLT      ??store_move_to_flash_5
   \   000000BA   0127               MOVS     R7,#+1
   1613            return result;
   \                     ??store_move_to_flash_5:
   \   000000BC   3806               LSLS     R0,R7,#+24
   \   000000BE   000E               LSRS     R0,R0,#+24
   \   000000C0   F8BC               POP      {R3-R7}
   \   000000C2   02BC               POP      {R1}
   \   000000C4   0847               BX       R1               ;; return
   \   000000C6   C046               Nop      
   \                     ??store_move_to_flash_4:
   \   000000C8   ........           DC32     `?<Constant "\\nData Save[%08X]%03d ">`
   \   000000CC   ........           DC32     `?<Constant "\\nData Save[%08X]%03d ">` + 24
   1614          } 
   1615          
   1616          // 디버깅목적으로 저장되는 데이터를 디버그통신포트로 출력

   \                                 In segment CODE, align 4, keep-with-next
   1617          void data_storing_monit(void)
   1618          {
   \                     data_storing_monit:
   \   00000000   70B5               PUSH     {R4-R6,LR}
   1619            char mode;
   1620            if ((DataMonit)&(!Com2Mode)) 
   \   00000002   ....               LDR      R0,??DataTable49  ;; Com2Mode
   \   00000004   0078               LDRB     R0,[R0, #+0]
   \   00000006   0028               CMP      R0,#+0
   \   00000008   01D1               BNE      ??data_storing_monit_0
   \   0000000A   0120               MOVS     R0,#+1
   \   0000000C   00E0               B        ??data_storing_monit_1
   \                     ??data_storing_monit_0:
   \   0000000E   0020               MOVS     R0,#+0
   \                     ??data_storing_monit_1:
   \   00000010   ....               LDR      R4,??DataTable66  ;; Result
   \   00000012   6178               LDRB     R1,[R4, #+1]
   \   00000014   0122               MOVS     R2,#+1
   \   00000016   0A40               ANDS     R2,R2,R1
   \   00000018   0242               TST      R2,R0
   \   0000001A   2CD0               BEQ      ??data_storing_monit_2
   1621            {
   1622              mode = DebugMonit;
   \   0000001C   ....               LDR      R0,??DataTable51  ;; DebugMonit
   \   0000001E   0578               LDRB     R5,[R0, #+0]
   1623              debug_monit(COM2OUT);
   \   00000020   0220               MOVS     R0,#+2
   \   00000022   ........           _BLF     debug_monit,??debug_monit??rT
   1624              printf("\n%3d:%03d - ", sSampleNo, sStoreTime);
   \   00000026   154E               LDR      R6,??data_storing_monit_3  ;; `?<Constant "\\n%3d:%03d - ">`
   \   00000028   0A20               MOVS     R0,#+10
   \   0000002A   225E               LDRSH    R2,[R4, R0]
   \   0000002C   A18B               LDRH     R1,[R4, #+28]
   \   0000002E   3000               MOVS     R0,R6
   \   00000030   ........           _BLF     printf,??printf??rT
   1625              printf("%02X/%02X/%02X ", Year, Month, Date);
   \   00000034   ....               LDR      R0,??DataTable71  ;; `Date`
   \   00000036   0378               LDRB     R3,[R0, #+0]
   \   00000038   ....               LDR      R0,??DataTable70  ;; Month
   \   0000003A   0278               LDRB     R2,[R0, #+0]
   \   0000003C   ....               LDR      R0,??DataTable69  ;; Year
   \   0000003E   0178               LDRB     R1,[R0, #+0]
   \   00000040   3000               MOVS     R0,R6
   \   00000042   1030               ADDS     R0,R0,#+16
   \   00000044   ........           _BLF     printf,??printf??rT
   1626              printf("%02X:%02X:%02X - ", Hour, Minute, Sec);
   \   00000048   ....               LDR      R0,??DataTable77  ;; Sec
   \   0000004A   0378               LDRB     R3,[R0, #+0]
   \   0000004C   ....               LDR      R0,??DataTable76  ;; Minute
   \   0000004E   0278               LDRB     R2,[R0, #+0]
   \   00000050   ....               LDR      R0,??DataTable75  ;; Hour
   \   00000052   0178               LDRB     R1,[R0, #+0]
   \   00000054   3000               MOVS     R0,R6
   \   00000056   2030               ADDS     R0,R0,#+32
   \   00000058   ........           _BLF     printf,??printf??rT
   1627              printf("%04d %04d %04d ", iVOLTrms, iAMPrms, iActivePower);
   \   0000005C   ....               LDR      R0,??DataTable65  ;; iActivePower
   \   0000005E   0368               LDR      R3,[R0, #+0]
   \   00000060   ....               LDR      R0,??DataTable64  ;; iAMPrms
   \   00000062   0268               LDR      R2,[R0, #+0]
   \   00000064   ....               LDR      R0,??DataTable63  ;; iVOLTrms
   \   00000066   0168               LDR      R1,[R0, #+0]
   \   00000068   3436               ADDS     R6,R6,#+52
   \   0000006A   3000               MOVS     R0,R6
   \   0000006C   ........           _BLF     printf,??printf??rT
   1628              debug_monit(mode);
   \   00000070   2800               MOVS     R0,R5
   \   00000072   ........           _BLF     debug_monit,??debug_monit??rT
   1629            }
   1630          }
   \                     ??data_storing_monit_2:
   \   00000076   ........           BL       ?Subroutine28
   \   0000007A   C046               Nop      
   \                     ??data_storing_monit_3:
   \   0000007C   ........           DC32     `?<Constant "\\n%3d:%03d - ">`
   1631          

   \                                 In segment CODE, align 4, keep-with-next
   1632          void store_one_sample(void)
   1633          {
   \                     store_one_sample:
   \   00000000   70B5               PUSH     {R4-R6,LR}
   1634             if (sVACount != 0)
   \   00000002   ....               LDR      R4,??DataTable66  ;; Result
   \   00000004   E278               LDRB     R2,[R4, #+3]
   \   00000006   0620               MOVS     R0,#+6
   \   00000008   255E               LDRSH    R5,[R4, R0]
   \   0000000A   ....               LDR      R3,??DataTable67  ;; usMeasureBuf
   \   0000000C   002D               CMP      R5,#+0
   \   0000000E   0FD0               BEQ      ??store_one_sample_0
   1635             {
   1636               usMeasureBuf[MeasureNo++] = iVoltSum / sVACount;
   \   00000010   5600               LSLS     R6,R2,#+1
   \   00000012   A06C               LDR      R0,[R4, #+72]
   \   00000014   2900               MOVS     R1,R5
   \   00000016   ........           _BLF     ??divu32_t,??rT??divu32_t
   \   0000001A   9953               STRH     R1,[R3, R6]
   \   0000001C   521C               ADDS     R2,R2,#+1
   1637               usMeasureBuf[MeasureNo++] = iAmpSum / sVACount;
   \   0000001E   1206               LSLS     R2,R2,#+24
   \   00000020   120E               LSRS     R2,R2,#+24
   \   00000022   5600               LSLS     R6,R2,#+1
   \   00000024   E06C               LDR      R0,[R4, #+76]
   \   00000026   2900               MOVS     R1,R5
   \   00000028   ........           _BLF     ??divu32_t,??rT??divu32_t
   \   0000002C   9953               STRH     R1,[R3, R6]
   \   0000002E   0AE0               B.N      ??store_one_sample_1
   1638             }
   1639             else 
   1640             {
   1641               usMeasureBuf[MeasureNo++] = iVOLTrms;
   \                     ??store_one_sample_0:
   \   00000030   5000               LSLS     R0,R2,#+1
   \   00000032   ....               LDR      R1,??DataTable63  ;; iVOLTrms
   \   00000034   0968               LDR      R1,[R1, #+0]
   \   00000036   1952               STRH     R1,[R3, R0]
   \   00000038   521C               ADDS     R2,R2,#+1
   1642               usMeasureBuf[MeasureNo++] = iAMPrms;
   \   0000003A   1206               LSLS     R2,R2,#+24
   \   0000003C   120E               LSRS     R2,R2,#+24
   \   0000003E   5000               LSLS     R0,R2,#+1
   \   00000040   ....               LDR      R1,??DataTable64  ;; iAMPrms
   \   00000042   0968               LDR      R1,[R1, #+0]
   \   00000044   1952               STRH     R1,[R3, R0]
   \                     ??store_one_sample_1:
   \   00000046   521C               ADDS     R2,R2,#+1
   1643             }
   1644             
   1645             if (sActiveCount != 0)
   \   00000048   1206               LSLS     R2,R2,#+24
   \   0000004A   120E               LSRS     R2,R2,#+24
   \   0000004C   5000               LSLS     R0,R2,#+1
   \   0000004E   1B18               ADDS     R3,R3,R0
   \   00000050   521C               ADDS     R2,R2,#+1
   \   00000052   0820               MOVS     R0,#+8
   \   00000054   215E               LDRSH    R1,[R4, R0]
   \   00000056   0029               CMP      R1,#+0
   \   00000058   04D0               BEQ      ??store_one_sample_2
   1646             {
   1647               usMeasureBuf[MeasureNo++] = iActivSum / sActiveCount;
   \   0000005A   206D               LDR      R0,[R4, #+80]
   \   0000005C   ........           _BLF     ??divu32_t,??rT??divu32_t
   \   00000060   1980               STRH     R1,[R3, #+0]
   \   00000062   02E0               B        ??store_one_sample_3
   1648             }
   1649             else 
   1650             {
   1651               usMeasureBuf[MeasureNo++] = iActivePower;
   \                     ??store_one_sample_2:
   \   00000064   ....               LDR      R0,??DataTable65  ;; iActivePower
   \   00000066   0068               LDR      R0,[R0, #+0]
   \   00000068   1880               STRH     R0,[R3, #+0]
   \                     ??store_one_sample_3:
   \   0000006A   E270               STRB     R2,[R4, #+3]
   1652             }
   1653            
   1654             // 데이터저장상태를 com2포트로 출력
   1655             data_storing_monit();
   \   0000006C   ........           BL       data_storing_monit
   1656             
   1657             iVoltSum = 0;
   \   00000070   0020               MOVS     R0,#+0
   \   00000072   A064               STR      R0,[R4, #+72]
   1658             iAmpSum = 0;
   \   00000074   E064               STR      R0,[R4, #+76]
   1659             iActivSum = 0;
   \   00000076   2065               STR      R0,[R4, #+80]
   1660             sActiveCount = 0;
   \   00000078   2081               STRH     R0,[R4, #+8]
   1661             sVACount = 0;
   \   0000007A   E080               STRH     R0,[R4, #+6]
   1662             sSampleNo++;
   \   0000007C   A08B               LDRH     R0,[R4, #+28]
   \   0000007E   401C               ADDS     R0,R0,#+1
   \   00000080   A083               STRH     R0,[R4, #+28]
   1663          }
   \   00000082   ........           BL       ?Subroutine28
   1664          

   \                                 In segment CODE, align 4, keep-with-next
   1665          void power_data_store(void)
   1666          {  
   \                     power_data_store:
   \   00000000   10B5               PUSH     {R4,LR}
   1667            if (sSampleNo == 0)
   \   00000002   ....               LDR      R4,??DataTable66  ;; Result
   \   00000004   A08B               LDRH     R0,[R4, #+28]
   \   00000006   0028               CMP      R0,#+0
   \   00000008   1FD1               BNE      ??power_data_store_0
   1668            {
   1669              usMeasureBuf[0] = SAMPLE_ID;
   \   0000000A   ....               LDR      R0,??DataTable67  ;; usMeasureBuf
   \   0000000C   ....               LDR      R1,??DataTable68  ;; 0xaa55
   \   0000000E   0180               STRH     R1,[R0, #+0]
   1670              usMeasureBuf[1] = Year<<8|Month;
   \   00000010   ....               LDR      R1,??DataTable69  ;; Year
   \   00000012   0978               LDRB     R1,[R1, #+0]
   \   00000014   0902               LSLS     R1,R1,#+8
   \   00000016   ....               LDR      R2,??DataTable70  ;; Month
   \   00000018   1278               LDRB     R2,[R2, #+0]
   \   0000001A   0A43               ORRS     R2,R2,R1
   \   0000001C   4280               STRH     R2,[R0, #+2]
   1671              usMeasureBuf[2] = Date<<8|Hour;
   \   0000001E   ....               LDR      R1,??DataTable71  ;; `Date`
   \   00000020   0978               LDRB     R1,[R1, #+0]
   \   00000022   0902               LSLS     R1,R1,#+8
   \   00000024   ....               LDR      R2,??DataTable75  ;; Hour
   \   00000026   1278               LDRB     R2,[R2, #+0]
   \   00000028   0A43               ORRS     R2,R2,R1
   \   0000002A   8280               STRH     R2,[R0, #+4]
   1672              usMeasureBuf[3] = Minute<<8|Sec;
   \   0000002C   ....               LDR      R1,??DataTable76  ;; Minute
   \   0000002E   0978               LDRB     R1,[R1, #+0]
   \   00000030   0902               LSLS     R1,R1,#+8
   \   00000032   ....               LDR      R2,??DataTable77  ;; Sec
   \   00000034   1278               LDRB     R2,[R2, #+0]
   \   00000036   0A43               ORRS     R2,R2,R1
   \   00000038   C280               STRH     R2,[R0, #+6]
   1673              usMeasureBuf[4] = usStoreNo;
   \   0000003A   618B               LDRH     R1,[R4, #+26]
   \   0000003C   0181               STRH     R1,[R0, #+8]
   1674              usMeasureBuf[5] = sStoreTime;	// Sampling Interval(sec)
   \   0000003E   6189               LDRH     R1,[R4, #+10]
   \   00000040   4181               STRH     R1,[R0, #+10]
   1675              MeasureNo = 8;
   \   00000042   0820               MOVS     R0,#+8
   \   00000044   E070               STRB     R0,[R4, #+3]
   1676              sSampleNo++;
   \   00000046   0120               MOVS     R0,#+1
   \   00000048   A083               STRH     R0,[R4, #+28]
   1677            }
   1678            store_one_sample();
   \                     ??power_data_store_0:
   \   0000004A   ........           BL       store_one_sample
   1679            
   1680            // Flash 메모리가 full이면 저장 포기
   1681            if (sSampleNo > SAMPLE_PER_RECORD) 
   \   0000004E   A08B               LDRH     R0,[R4, #+28]
   \   00000050   2928               CMP      R0,#+41
   \   00000052   07D3               BCC      ??power_data_store_1
   1682              if (sStorePage < 512) store_move_to_flash();
   \   00000054   1620               MOVS     R0,#+22
   \   00000056   205E               LDRSH    R0,[R4, R0]
   \   00000058   8021               MOVS     R1,#+128
   \   0000005A   8900               LSLS     R1,R1,#+2        ;; #+512
   \   0000005C   8842               CMP      R0,R1
   \   0000005E   01DA               BGE      ??power_data_store_1
   \   00000060   ........           BL       store_move_to_flash
   1683          }
   \                     ??power_data_store_1:
   \   00000064                      REQUIRE ?Subroutine30
   \   00000064                      ;; // Fall through to label ?Subroutine30
   1684          

   \                                 In segment CODE, align 4, keep-with-next
   1685          int get_time_count(uchar hour, uchar min, uchar sec)
   1686          {
   \                     get_time_count:
   \   00000000   70B5               PUSH     {R4-R6,LR}
   \   00000002   0D00               MOVS     R5,R1
   \   00000004   1400               MOVS     R4,R2
   1687            int count;
   1688            count = (bcd2hex(hour) * 3600);
   \   00000006   ........           _BLF     bcd2hex,??bcd2hex??rT
   \   0000000A   0600               MOVS     R6,R0
   \   0000000C   E120               MOVS     R0,#+225
   \   0000000E   0001               LSLS     R0,R0,#+4        ;; #+3600
   \   00000010   4643               MULS     R6,R0,R6
   1689            count = count + (bcd2hex(min) * 60) + bcd2hex(sec);
   \   00000012   2800               MOVS     R0,R5
   \   00000014   ........           _BLF     bcd2hex,??bcd2hex??rT
   \   00000018   0500               MOVS     R5,R0
   \   0000001A   3C20               MOVS     R0,#+60
   \   0000001C   4543               MULS     R5,R0,R5
   \   0000001E   2000               MOVS     R0,R4
   \   00000020   ........           _BLF     bcd2hex,??bcd2hex??rT
   \   00000024   2818               ADDS     R0,R5,R0
   \   00000026   3018               ADDS     R0,R6,R0
   1690            return count;
   \   00000028   70BC               POP      {R4-R6}
   \   0000002A   02BC               POP      {R1}
   \   0000002C   0847               BX       R1               ;; return
   1691          }
   1692          
   1693          /**********************************************/
   1694          /* Measurement data backup                    */
   1695          /* 측정데이터를 주기적으로 Flash메모리에 저장 */
   1696          /**********************************************/

   \                                 In segment CODE, align 4, keep-with-next
   1697          void measure_data_backup(void)
   1698          {
   \                     measure_data_backup:
   \   00000000   70B5               PUSH     {R4-R6,LR}
   1699            //char mode;
   1700            switch(sStoreStep)
   \   00000002   ....               LDR      R0,??DataTable75  ;; Hour
   \   00000004   0078               LDRB     R0,[R0, #+0]
   \   00000006   ....               LDR      R1,??DataTable76  ;; Minute
   \   00000008   0978               LDRB     R1,[R1, #+0]
   \   0000000A   ....               LDR      R2,??DataTable77  ;; Sec
   \   0000000C   1278               LDRB     R2,[R2, #+0]
   \   0000000E   0023               MOVS     R3,#+0
   \   00000010   ....               LDR      R4,??DataTable78  ;; Result
   \   00000012   0E25               MOVS     R5,#+14
   \   00000014   655F               LDRSH    R5,[R4, R5]
   \   00000016   052D               CMP      R5,#+5
   \   00000018   3CD8               BHI      ??measure_data_backup_1
   \   0000001A   01A6               ADR      R6,??measure_data_backup_0
   \   0000001C   765D               LDRB     R6,[R6, R5]
   \   0000001E   B744               ADD      PC,PC,R6
   \                     ??measure_data_backup_0:
   \   00000020   76041A24           DC8      +118,+4,+26,+36
   \   00000024   2C5C               DC8      +44,+92
   1701            {
   1702            case 0:
   1703              //sStoreStep++;
   1704              return;
   1705              
   1706            case 1:
   1707              iVoltSum = 0;
   \                     ??measure_data_backup_2:
   \   00000026   A364               STR      R3,[R4, #+72]
   1708              iAmpSum = 0;
   \   00000028   E364               STR      R3,[R4, #+76]
   1709              iActivSum = 0;
   \   0000002A   2365               STR      R3,[R4, #+80]
   1710              sVACount = 0;
   \   0000002C   E380               STRH     R3,[R4, #+6]
   1711              sActiveCount = 0;
   \   0000002E   2381               STRH     R3,[R4, #+8]
   1712              sSampleNo = 0;
   \   00000030   A383               STRH     R3,[R4, #+28]
   1713              sStoreDelay = 50;
   \   00000032   3220               MOVS     R0,#+50
   \   00000034   2082               STRH     R0,[R4, #+16]
   1714              find_flash_start_page();
   \   00000036   ........           BL       find_flash_start_page
   \   0000003A   1CE0               B        ??measure_data_backup_3
   1715              sStoreStep++;
   1716              return;
   1717               
   1718            case 2:
   1719              iCurTime = get_time_count(Hour, Minute, Sec);
   \                     ??measure_data_backup_4:
   \   0000003C   ........           BL       get_time_count
   \   00000040   2063               STR      R0,[R4, #+48]
   1720              iOldTime = iCurTime;
   \   00000042   6063               STR      R0,[R4, #+52]
   \   00000044   17E0               B        ??measure_data_backup_3
   1721              sStoreStep++;
   1722              return;
   1723              
   1724            case 3:
   1725              iCurTime = get_time_count(Hour, Minute, Sec);
   \                     ??measure_data_backup_5:
   \   00000046   ........           BL       get_time_count
   \   0000004A   2063               STR      R0,[R4, #+48]
   \   0000004C   13E0               B        ??measure_data_backup_3
   1726              sStoreStep++;
   1727              return;
   1728              
   1729            case 4:
   1730              if (iCurTime >= iOldTime) iInterVal = iCurTime - iOldTime;
   \                     ??measure_data_backup_6:
   \   0000004E   616B               LDR      R1,[R4, #+52]
   \   00000050   206B               LDR      R0,[R4, #+48]
   \   00000052   8842               CMP      R0,R1
   \   00000054   01D3               BCC      ??measure_data_backup_7
   \   00000056   411A               SUBS     R1,R0,R1
   \   00000058   03E0               B        ??measure_data_backup_8
   1731              else iInterVal = iCurTime + 24*3600 - iOldTime;
   \                     ??measure_data_backup_7:
   \   0000005A   A323               MOVS     R3,#+163
   \   0000005C   DB01               LSLS     R3,R3,#+7        ;; #+20864
   \   0000005E   C218               ADDS     R2,R0,R3
   \   00000060   511A               SUBS     R1,R2,R1
   \                     ??measure_data_backup_8:
   \   00000062   A181               STRH     R1,[R4, #+12]
   1732              
   1733              /*
   1734              if ((DataMonit)&(!Com2Mode)) 
   1735               {
   1736                 mode = DebugMonit;
   1737                 debug_monit(COM2OUT);
   1738                 printf("\nTime:%6d,%6d,%3d", iCurTime, iOldTime, iInterVal);
   1739                 debug_monit(mode);
   1740               }
   1741               */
   1742              
   1743              if (iInterVal >= sStoreTime)
   \   00000064   0A22               MOVS     R2,#+10
   \   00000066   A25E               LDRSH    R2,[R4, R2]
   \   00000068   0904               LSLS     R1,R1,#+16
   \   0000006A   0914               ASRS     R1,R1,#+16
   \   0000006C   9142               CMP      R1,R2
   \   0000006E   02DB               BLT      ??measure_data_backup_3
   1744              {
   1745                iOldTime = iCurTime;
   \   00000070   6063               STR      R0,[R4, #+52]
   1746                power_data_store();
   \   00000072   ........           BL       power_data_store
   1747              }
   1748              sStoreStep++;
   \                     ??measure_data_backup_3:
   \   00000076   0E20               MOVS     R0,#+14
   \   00000078   205E               LDRSH    R0,[R4, R0]
   \   0000007A   401C               ADDS     R0,R0,#+1
   \   0000007C   0BE0               B.N      ??measure_data_backup_9
   1749              return;
   1750              
   1751            case 5:
   1752              if(++sStoreDelay >= SEC_1/2) 
   \                     ??measure_data_backup_10:
   \   0000007E   1020               MOVS     R0,#+16
   \   00000080   205E               LDRSH    R0,[R4, R0]
   \   00000082   401C               ADDS     R0,R0,#+1
   \   00000084   2082               STRH     R0,[R4, #+16]
   \   00000086   0004               LSLS     R0,R0,#+16
   \   00000088   0014               ASRS     R0,R0,#+16
   \   0000008A   FA28               CMP      R0,#+250
   \   0000008C   04DB               BLT      ??measure_data_backup_11
   1753              {
   1754                sStoreDelay = 0;
   \   0000008E   2382               STRH     R3,[R4, #+16]
   1755                sStoreStep = 3;
   \   00000090   0320               MOVS     R0,#+3
   \   00000092   00E0               B.N      ??measure_data_backup_9
   1756              }
   1757              return;
   1758              
   1759            default:
   1760              sStoreStep = 1;
   \                     ??measure_data_backup_1:
   \   00000094   0120               MOVS     R0,#+1
   \                     ??measure_data_backup_9:
   \   00000096   E081               STRH     R0,[R4, #+14]
   1761              return;
   \                     ??measure_data_backup_11:
   \   00000098   ........           BL       ?Subroutine28
   1762            }
   1763          }

   \                                 In segment CODE_I, align 4, keep-with-next
   \                     ??DataTable4:
   \   00000000   ........           DC32     Result

   \                                 In segment CODE_I, align 4, keep-with-next
   \                     ??DataTable5:
   \   00000000   38F1FFFF           DC32     0xfffff138

   \                                 In segment CODE_I, align 4, keep-with-next
   \                     ??DataTable6:
   \   00000000   00FF0300           DC32     0x3ff00

   \                                 In segment CODE, align 4, keep-with-next
   \                     ??DataTable7:
   \   00000000   ........           DC32     Result

   \                                 In segment CODE, align 4, keep-with-next
   \                     ??DataTable17:
   \   00000000   ........           DC32     Com2Mode

   \                                 In segment CODE, align 4, keep-with-next
   \                     ??DataTable19:
   \   00000000   ........           DC32     iSecretCode

   \                                 In segment CODE, align 4, keep-with-next
   \                     ??DataTable20:
   \   00000000   ........           DC32     iIrmsDivider

   \                                 In segment CODE, align 4, keep-with-next
   \                     ??DataTable21:
   \   00000000   ........           DC32     iIrmsOffset

   \                                 In segment CODE, align 4, keep-with-next
   \                     ??DataTable22:
   \   00000000   ........           DC32     iVrmsDivider

   \                                 In segment CODE, align 4, keep-with-next
   \                     ??DataTable23:
   \   00000000   ........           DC32     iVrmsOffset

   \                                 In segment CODE, align 4, keep-with-next
   \                     ??DataTable24:
   \   00000000   ........           DC32     iActiveDivider

   \                                 In segment CODE, align 4, keep-with-next
   \                     ??DataTable25:
   \   00000000   ........           DC32     iActiveOffset

   \                                 In segment CODE, align 4, keep-with-next
   \                     ??DataTable27:
   \   00000000   00FF1100           DC32     0x11ff00

   \                                 In segment CODE, align 4, keep-with-next
   \                     ??DataTable28:
   \   00000000   ........           DC32     uiBackupData

   \                                 In segment CODE, align 4, keep-with-next
   \                     ??DataTable29:
   \   00000000   ........           DC32     Result

   \                                 In segment CODE, align 4, keep-with-next
   \                     ??DataTable30:
   \   00000000   ........           DC32     SeverTxPage

   \                                 In segment CODE, align 4, keep-with-next
   \                     ??DataTable31:
   \   00000000   ........           DC32     DelayStep

   \                                 In segment CODE, align 4, keep-with-next
   \                     ??DataTable32:
   \   00000000   FF030000           DC32     0x3ff

   \                                 In segment CODE, align 4, keep-with-next
   \                     ??DataTable35:
   \   00000000   ........           DC32     Result

   \                                 In segment CODE, align 4, keep-with-next
   \                     ??DataTable37:
   \   00000000   55AA0000           DC32     0xaa55

   \                                 In segment CODE, align 4, keep-with-next
   \                     ??DataTable38:
   \   00000000   ........           DC32     usViewBuf

   \                                 In segment CODE, align 4, keep-with-next
   \                     ??DataTable39:
   \   00000000   ........           DC32     SeverTxPage

   \                                 In segment CODE, align 4, keep-with-next
   \                     ??DataTable44:
   \   00000000   ........           DC32     uiFlashBuffer

   \                                 In segment CODE, align 4, keep-with-next
   \                     ??DataTable49:
   \   00000000   ........           DC32     Com2Mode

   \                                 In segment CODE, align 4, keep-with-next
   \                     ??DataTable51:
   \   00000000   ........           DC32     DebugMonit

   \                                 In segment CODE, align 4, keep-with-next
   \                     ??DataTable63:
   \   00000000   ........           DC32     iVOLTrms

   \                                 In segment CODE, align 4, keep-with-next
   \                     ??DataTable64:
   \   00000000   ........           DC32     iAMPrms

   \                                 In segment CODE, align 4, keep-with-next
   \                     ??DataTable65:
   \   00000000   ........           DC32     iActivePower

   \                                 In segment CODE, align 4, keep-with-next
   \                     ??DataTable66:
   \   00000000   ........           DC32     Result

   \                                 In segment CODE, align 4, keep-with-next
   \                     ??DataTable67:
   \   00000000   ........           DC32     usMeasureBuf

   \                                 In segment CODE, align 4, keep-with-next
   \                     ??DataTable68:
   \   00000000   55AA0000           DC32     0xaa55

   \                                 In segment CODE, align 4, keep-with-next
   \                     ??DataTable69:
   \   00000000   ........           DC32     Year

   \                                 In segment CODE, align 4, keep-with-next
   \                     ??DataTable70:
   \   00000000   ........           DC32     Month

   \                                 In segment CODE, align 4, keep-with-next
   \                     ??DataTable71:
   \   00000000   ........           DC32     `Date`

   \                                 In segment CODE, align 4, keep-with-next
   \                     ??DataTable75:
   \   00000000   ........           DC32     Hour

   \                                 In segment CODE, align 4, keep-with-next
   \                     ??DataTable76:
   \   00000000   ........           DC32     Minute

   \                                 In segment CODE, align 4, keep-with-next
   \                     ??DataTable77:
   \   00000000   ........           DC32     Sec

   \                                 In segment CODE, align 4, keep-with-next
   \                     ??DataTable78:
   \   00000000   ........           DC32     Result

   \                                 In segment DATA_ID, align 4, align-sorted
   \                     `?<Initializer for Result>`:
   \   00000000   00                 DC8 0
   \                     `?<Initializer for DataMonit>`:
   \   00000001   00                 DC8 0
   \                     `?<Initializer for FlashMask>`:
   \   00000002   00                 DC8 0
   \                     `?<Initializer for MeasureNo>`:
   \   00000003   00                 DC8 0
   \                     `?<Initializer for ViewSampleNo>`:
   \   00000004   00                 DC8 0
   \   00000005   00                 DC8 0
   \                     `?<Initializer for sVACount>`:
   \   00000006   0000               DC8 0, 0
   \                     `?<Initializer for sActiveCount>`:
   \   00000008   0000               DC8 0, 0
   \                     `?<Initializer for sStoreTime>`:
   \   0000000A   0000               DC8 0, 0
   \                     `?<Initializer for iInterVal>`:
   \   0000000C   0000               DC8 0, 0
   \                     `?<Initializer for sStoreStep>`:
   \   0000000E   0000               DC8 0, 0
   \                     `?<Initializer for sStoreDelay>`:
   \   00000010   0000               DC8 0, 0
   \                     `?<Initializer for sFlashPage>`:
   \   00000012   0000               DC8 0, 0
   \                     `?<Initializer for sEraseQty>`:
   \   00000014   0000               DC8 0, 0
   \                     `?<Initializer for sStorePage>`:
   \   00000016   0000               DC8 0, 0
   \                     `?<Initializer for sViewPage>`:
   \   00000018   0000               DC8 0, 0
   \                     `?<Initializer for usStoreNo>`:
   \   0000001A   0000               DC8 0, 0
   \                     `?<Initializer for sSampleNo>`:
   \   0000001C   0000               DC8 0, 0
   \                     `?<Initializer for sErasePage>`:
   \   0000001E   0000               DC8 0, 0
   \                     `?<Initializer for FLASH_pt>`:
   \   00000020   00FFFFFF           DC32 0FFFFFF00H
   \                     `?<Initializer for uiFlashSts>`:
   \   00000024   00000000           DC8 0, 0, 0, 0
   \                     `?<Initializer for uiFlashSts0>`:
   \   00000028   00000000           DC8 0, 0, 0, 0
   \                     `?<Initializer for uiFlashAdd>`:
   \   0000002C   00000000           DC8 0, 0, 0, 0
   \                     `?<Initializer for iCurTime>`:
   \   00000030   00000000           DC8 0, 0, 0, 0
   \                     `?<Initializer for iOldTime>`:
   \   00000034   00000000           DC8 0, 0, 0, 0
   \                     `?<Initializer for uiRegisterAdd>`:
   \   00000038   00000000           DC8 0, 0, 0, 0
   \                     `?<Initializer for uiRegisterData>`:
   \   0000003C   00000000           DC8 0, 0, 0, 0
   \                     `?<Initializer for uiRegisterPtr>`:
   \   00000040   00000000           DC8 0, 0, 0, 0
   \                     `?<Initializer for pFlashPtr>`:
   \   00000044   00000000           DC8 0, 0, 0, 0
   \                     `?<Initializer for iVoltSum>`:
   \   00000048   00000000           DC8 0, 0, 0, 0
   \                     `?<Initializer for iAmpSum>`:
   \   0000004C   00000000           DC8 0, 0, 0, 0
   \                     `?<Initializer for iActivSum>`:
   \   00000050   00000000           DC8 0, 0, 0, 0
   \                     `?<Initializer for CPT_LOCK>`:
   \   00000054   00000000           DC32 0

   \                                 In segment DATA_C, align 4, align-sorted
   \                     `?<Constant "\\n%02d:%04dV %04dA %04dW">`:
   \   00000000   0A253032643A       DC8 "\012%02d:%04dV %04dA %04dW"
   \              253034645620
   \              253034644120
   \              253034645700

   \                                 In segment DATA_C, align 4, align-sorted
   \                     `?<Constant "\\nPage:%03d [BLANK]">`:
   \   00000000   0A506167653A       DC8 "\012Page:%03d [BLANK]"
   \              25303364205B
   \              424C414E4B5D
   \              00          
   \   00000013   00                 DC8 0
   \   00000014   0A506167653A       DC8 "\012Page:%03d [STORE]"
   \              25303364205B
   \              53544F52455D
   \              00          
   \   00000027   00                 DC8 0
   \   00000028   0A446174653A       DC8 "\012Date:%02X/%02X/%02X"
   \              253032582F25
   \              3032582F2530
   \              325800      
   \   0000003D   000000             DC8 0, 0, 0
   \   00000040   0A54696D653A       DC8 "\012Time:%02X:%02X:%02X"
   \              253032583A25
   \              3032583A2530
   \              325800      
   \   00000055   000000             DC8 0, 0, 0
   \   00000058   0A53616D706C       DC8 "\012Sample Time:%3d sec"
   \              652054696D65
   \              3A2533642073
   \              656300      
   \   0000006D   000000             DC8 0, 0, 0

   \                                 In segment DATA_C, align 4, align-sorted
   \                     `?<Constant "\\n>Input Secret Code">`:
   \   00000000   0A3E496E7075       DC8 "\012>Input Secret Code"
   \              742053656372
   \              657420436F64
   \              6500        
   \   00000014   0A3E2A2A2A2A       DC8 "\012>******"
   \              2A2A00      
   \   0000001D   000000             DC8 0, 0, 0
   \   00000020   0A3E496E7661       DC8 "\012>Invalid code.."
   \              6C696420636F
   \              64652E2E00  
   \   00000031   000000             DC8 0, 0, 0
   \   00000034   0A3E506C6561       DC8 "\012>Please Retry.."
   \              736520526574
   \              72792E2E00  
   \   00000045   000000             DC8 0, 0, 0
   \   00000048   0A313A53746F       DC8 "\0121:Store Data Erase"
   \              726520446174
   \              612045726173
   \              6500        
   \   0000005C   0A323A53616D       DC8 "\0122:Sample Time Set"
   \              706C65205469
   \              6D6520536574
   \              00          
   \   0000006F   00                 DC8 0
   \   00000070   0A333A53746F       DC8 "\0123:Store Data View"
   \              726520446174
   \              612056696577
   \              00          
   \   00000083   00                 DC8 0
   \   00000084   0A343A55706C       DC8 "\0124:Upload Init"
   \              6F616420496E
   \              697400      
   \   00000093   00                 DC8 0
   \   00000094   0A3E4572726F       DC8 "\012>Error: Range over"
   \              723A2052616E
   \              6765206F7665
   \              7200        
   \   000000A8   0A393A506172       DC8 "\0129:Parameter Save "
   \              616D65746572
   \              205361766520
   \              00          
   \   000000BB   00                 DC8 0
   \   000000BC   0A2A2AB0E6B0       DC8 "\012**\260\346\260\355**"
   \              ED2A2A00    
   \   000000C6   0000               DC8 0, 0
   \   000000C8   0AB8F0B5E7B1       DC8 "\012\270\360\265\347\261\342\267\317\300\314\273\350\301\246\265\312"
   \              E2B7CFC0CCBB
   \              E8C1A6B5CA00
   \   000000DA   0000               DC8 0, 0
   \   000000DC   5B305D3ABBE8       DC8 "[0]:\273\350\301\246 \275\307\307\340"
   \              C1A620BDC7C7
   \              E000        
   \   000000EA   0000               DC8 0, 0
   \   000000EC   0A5B4D454E55       DC8 "\012[MENU]\275\307\307\340 \303\353\274\322"
   \              5DBDC7C7E020
   \              C3EBBCD200  
   \   000000FD   000000             DC8 0, 0, 0
   \   00000100   0A3E45726173       DC8 "\012>Erase[%03d]"
   \              655B25303364
   \              5D00        
   \   0000010E   0000               DC8 0, 0
   \   00000110   0D3E45726173       DC8 "\015>Erase[%03d]"
   \              655B25303364
   \              5D00        
   \   0000011E   0000               DC8 0, 0
   \   00000120   0AB8F0B5E7B1       DC8 "\012\270\360\265\347\261\342\267\317\273\350\301\246\277\317\267\341"
   \              E2B7CFBBE8C1
   \              A6BFCFB7E100
   \   00000132   0000               DC8 0, 0
   \   00000134   0A2A2ABDC7C7       DC8 "\012**\275\307\307\340 \303\353\274\322**"
   \              E020C3EBBCD2
   \              2A2A00      
   \   00000143   00                 DC8 0
   \   00000144   0A4572726F72       DC8 "\012Error..Occor"
   \              2E2E4F63636F
   \              7200        
   \   00000152   0000               DC8 0, 0
   \   00000154   3C5365742053       DC8 "<Set Sampling"
   \              616D706C696E
   \              6700        
   \   00000162   0000               DC8 0, 0
   \   00000164   0A3E43616E63       DC8 "\012>Cancel:[MENU]"
   \              656C3A5B4D45
   \              4E555D00    
   \   00000174   0A3E496E7465       DC8 "\012>Interval[SEC]:%03d"
   \              7276616C5B53
   \              45435D3A2530
   \              336400      
   \   00000189   000000             DC8 0, 0, 0
   \   0000018C   3C5669657720       DC8 "<View Store Record>"
   \              53746F726520
   \              5265636F7264
   \              3E00        
   \   000001A0   0A3E4D617820       DC8 "\012>Max Record:511"
   \              5265636F7264
   \              3A35313100  
   \   000001B1   000000             DC8 0, 0, 0
   \   000001B4   0A3E5265636F       DC8 "\012>Record NO:%03d"
   \              7264204E4F3A
   \              2530336400  
   \   000001C5   000000             DC8 0, 0, 0
   \   000001C8   0A3E73566965       DC8 "\012>sViewPage%04d:"
   \              775061676525
   \              3034643A00  
   \   000001D9   000000             DC8 0, 0, 0
   \   000001DC   0AC1D8BAF1C1       DC8 "\012\301\330\272\361\301\337\300\324\264\317\264\331."
   \              DFC0D4B4CFB4
   \              D92E00      
   \   000001EB   00                 DC8 0
   \   000001EC   BCADB9F6B7CE       DC8 0BCH, 0ADH, 0B9H, 0F6H, 0B7H, 0CEH, 20H, 0BAH
   \              20BA        
   \   000001F4   B8B3BBB4C220       DC8 0B8H, 0B3H, 0BBH, 0B4H, 0C2H, 20H, 52H, 65H
   \              5265        
   \   000001FC   636F726420B9       DC8 63H, 6FH, 72H, 64H, 20H, 0B9H, 0F8H, 0C8H
   \              F8C8        
   \   00000204   A3B0A120C3CA       DC8 0A3H, 0B0H, 0A1H, 20H, 0C3H, 0CAH, 0B1H, 0E2H
   \              B1E2        
   \   0000020C   C8ADB5C7BEEE       DC8 0C8H, 0ADH, 0B5H, 0C7H, 0BEH, 0EEH, 20H, 0C3H
   \              20C3        
   \   00000214   B3C0BDBACEC5       DC8 0B3H, 0C0H, 0BDH, 0BAH, 0CEH, 0C5H, 0CDH, 20H
   \              CD20        
   \   0000021C   C0FCBCDBB5CB       DC8 0C0H, 0FCH, 0BCH, 0DBH, 0B5H, 0CBH, 0B4H, 0CFH
   \              B4CF        
   \   00000224   B4D92E00           DC8 0B4H, 0D9H, 2EH, 0
   \   00000228   0A3E25303858       DC8 "\012>%08X:%08X"
   \              3A2530385800
   \   00000234   3C53746F7265       DC8 "<Stored Data View>"
   \              642044617461
   \              20566965773E
   \              00          
   \   00000247   00                 DC8 0
   \   00000248   0A313A466C61       DC8 "\0121:Flash Read"
   \              736820526561
   \              6400        
   \   00000256   0000               DC8 0, 0
   \   00000258   0A323A466C61       DC8 "\0122:Flash Write Test"
   \              736820577269
   \              746520546573
   \              7400        
   \   0000026C   0A333A466C61       DC8 "\0123:Flash Erase"
   \              736820457261
   \              736500      
   \   0000027B   00                 DC8 0
   \   0000027C   0A343A526567       DC8 "\0124:Register Edit"
   \              697374657220
   \              4564697400  
   \   0000028D   000000             DC8 0, 0, 0
   \   00000290   0A5B4D454E55       DC8 "\012[MENU]:goto MAIN"
   \              5D3A676F746F
   \              204D41494E00
   \   000002A2   0000               DC8 0, 0
   \   000002A4   3C466C617368       DC8 "<Flash Memory Read>"
   \              204D656D6F72
   \              792052656164
   \              3E00        
   \   000002B8   0A3E466C6173       DC8 "\012>Flash Page:%03X"
   \              682050616765
   \              3A2530335800
   \   000002CA   0000               DC8 0, 0
   \   000002CC   0A5B25303858       DC8 "\012[%08X]:%08X"
   \              5D3A25303858
   \              00          
   \   000002D9   000000             DC8 0, 0, 0
   \   000002DC   3C466C617368       DC8 "<Flash Write Test>"
   \              205772697465
   \              20546573743E
   \              00          
   \   000002EF   00                 DC8 0
   \   000002F0   0A3E4D61736B       DC8 "\012>Mask Data:%02Xh"
   \              20446174613A
   \              253032586800
   \   00000302   0000               DC8 0, 0
   \   00000304   0A3E466C6173       DC8 "\012>Flash Page:%03Xh"
   \              682050616765
   \              3A2530335868
   \              00          
   \   00000317   00                 DC8 0
   \   00000318   0A2020202020       DC8 "\012     Interval Time>"
   \              496E74657276
   \              616C2054696D
   \              653E00      
   \   0000032D   000000             DC8 0, 0, 0
   \   00000330   0A466C617368       DC8 "\012Flash Add:%08X"
   \              204164643A25
   \              30385800    
   \   00000340   0A466C617368       DC8 "\012Flash[%03X] Write OK"
   \              5B253033585D
   \              205772697465
   \              204F4B00    
   \   00000356   0000               DC8 0, 0
   \   00000358   0A466C617368       DC8 "\012Flash[%03X] ERROR"
   \              5B253033585D
   \              204552524F52
   \              00          
   \   0000036B   00                 DC8 0
   \   0000036C   0A3E43415554       DC8 "\012>CAUTION!!"
   \              494F4E212100
   \   00000378   0A3E596F7520       DC8 "\012>You will Loss Data"
   \              77696C6C204C
   \              6F7373204461
   \              746100      
   \   0000038D   000000             DC8 0, 0, 0
   \   00000390   0A3E5B305D3A       DC8 "\012>[0]:After All Erase"
   \              416674657220
   \              416C6C204572
   \              61736500    
   \   000003A6   0000               DC8 0, 0
   \   000003A8   0A3E5B312D39       DC8 "\012>[1-9]: 1-9 Erase"
   \              5D3A20312D39
   \              204572617365
   \              00          
   \   000003BB   00                 DC8 0
   \   000003BC   0A3E4F746865       DC8 "\012>Other Key: Cancel"
   \              72204B65793A
   \              2043616E6365
   \              6C00        
   \   000003D0   0A3E4572726F       DC8 "\012>Error: Code Area"
   \              723A20436F64
   \              652041726561
   \              00          
   \   000003E3   00                 DC8 0
   \   000003E4   0A3E45726173       DC8 "\012>Erase ERROR:%03Xh"
   \              65204552524F
   \              523A25303358
   \              6800        
   \   000003F8   0A3E50616765       DC8 "\012>Page[%03Xh] ERASE.."
   \              5B2530335868
   \              5D2045524153
   \              452E2E00    
   \   0000040E   0000               DC8 0, 0
   \   00000410   0A3E45726173       DC8 "\012>Erase END.."
   \              6520454E442E
   \              2E00        
   \   0000041E   0000               DC8 0, 0
   \   00000420   C1D8BAF1C1DF       DC8 "\301\330\272\361\301\337\300\324\264\317\264\331."
   \              C0D4B4CFB4D9
   \              2E00        
   \   0000042E   0000               DC8 0, 0
   \   00000430   0A3C52656769       DC8 "\012<Register Edit>"
   \              737465722045
   \              6469743E00  
   \   00000441   000000             DC8 0, 0, 0
   \   00000444   0A3E4164643A       DC8 "\012>Add:%08Xh"
   \              253038586800
   \   00000450   0D3E4164643A       DC8 "\015>Add:%08Xh"
   \              253038586800
   \   0000045C   0A3C52656769       DC8 "\012<Register Write>"
   \              737465722057
   \              726974653E00
   \   0000046E   0000               DC8 0, 0
   \   00000470   0A3E44617461       DC8 "\012>Data:%08Xh"
   \              3A2530385868
   \              00          
   \   0000047D   000000             DC8 0, 0, 0

   \                                 In segment DATA_C, align 1, align-sorted
   \   00000000   2A00               DC8 "*"

   \                                 In segment DATA_C, align 4, align-sorted
   \                     `?<Constant "\\n>StartPage:%3d,%3d">`:
   \   00000000   0A3E53746172       DC8 "\012>StartPage:%3d,%3d"
   \              74506167653A
   \              2533642C2533
   \              6400        

   \                                 In segment DATA_C, align 4, align-sorted
   \                     `?<Constant "\\nData Save[%08X]%03d ">`:
   \   00000000   0A4461746120       DC8 "\012Data Save[%08X]%03d "
   \              536176655B25
   \              3038585D2530
   \              33642000    
   \   00000016   0000               DC8 0, 0
   \   00000018   253034582025       DC8 "%04X %04X %04X %04X %04X "
   \              303458202530
   \              345820253034
   \              582025303458
   \              2000        
   \   00000032   0000               DC8 0, 0

   \                                 In segment DATA_C, align 4, align-sorted
   \                     `?<Constant "\\n%3d:%03d - ">`:
   \   00000000   0A2533643A25       DC8 "\012%3d:%03d - "
   \              303364202D20
   \              00          
   \   0000000D   000000             DC8 0, 0, 0
   \   00000010   253032582F25       DC8 "%02X/%02X/%02X "
   \              3032582F2530
   \              32582000    
   \   00000020   253032583A25       DC8 "%02X:%02X:%02X - "
   \              3032583A2530
   \              3258202D2000
   \   00000032   0000               DC8 0, 0
   \   00000034   253034642025       DC8 "%04d %04d %04d "
   \              303464202530
   \              34642000    

   \                                 In segment DATA_C, align 4, align-sorted
   \                     `?<Constant "\\n1:Write Page">`:
   \   00000000   0A313A577269       DC8 "\0121:Write Page"
   \              746520506167
   \              6500        
   \   0000000E   0000               DC8 0, 0
   \   00000010   0A323A536574       DC8 "\0122:Set Lock Bit"
   \              204C6F636B20
   \              42697400    
   \   00000020   0A333A577269       DC8 "\0123:Write Page & Lock"
   \              746520506167
   \              652026204C6F
   \              636B00      
   \   00000035   000000             DC8 0, 0, 0
   \   00000038   0A343A436C65       DC8 "\0124:Clear Lock Bit"
   \              6172204C6F63
   \              6B2042697400
   \   0000004A   0000               DC8 0, 0
   \   0000004C   0A383A416C6C       DC8 "\0128:All Flash Erase"
   \              20466C617368
   \              204572617365
   \              00          
   \   0000005F   00                 DC8 0
   1764          

   Maximum stack usage in bytes:

     Function                CSTACK
     --------                ------
     AT91F_AIC_DisableIt         0
     AT91F_Flash_Check_Erase     8
     AT91F_Flash_Erase_All       4
     AT91F_Flash_Init            0
     AT91F_Flash_Lock            4
     AT91F_Flash_Lock_Status     0
     AT91F_Flash_Ready           4
     AT91F_Flash_Unlock          4
     AT91F_Flash_Write          24
     AT91F_Flash_Write_all      20
     backup_data_read           16
     backup_data_save           32
     data_storing_monit         16
     find_flash_start_page      12
     flash_edit_function        36
     flash_move_to_view         16
     flash_test_function        36
     get_time_count             16
     measure_data_backup        16
     memory_view_word8          12
     po_lock                    12
     po_unlock                   4
     power_data_store            8
     print_flash_cmd             8
     recore_data_view           28
     sample_data_view           32
     store_move_to_flash        32
     store_one_sample           16


   Segment part sizes:

     Function/Label                 Bytes
     --------------                 -----
     AT91F_AIC_DisableIt              16
     uiFlashMode                       4
     uiFlashCmd                        4
     uiFlashData                       4
     uiFlashBuffer                   256
     uiBackupData                    256
     pFptr                             4
     usMeasureBuf                    256
     FlashCmd                          1
     AT91F_Flash_Ready                28
     AT91F_Flash_Init                 16
     AT91F_Flash_Lock_Status          12
     AT91F_Flash_Lock                 20
     ?Subroutine27                    28
     AT91F_Flash_Check_Erase          38
     AT91F_Flash_Erase_All            40
     AT91F_Flash_Unlock               16
     po_unlock                        52
     po_lock                          76
     AT91F_Flash_Write               100
     AT91F_Flash_Write_all            60
     backup_data_read                196
     ?Subroutine28                     6
     backup_data_save                156
     ?Subroutine29                    12
     print_flash_cmd                  52
     ?Subroutine30                     6
     memory_view_word8               108
     ?Subroutine31                    12
     flash_test_function            1784
     ?Subroutine32                    40
     usViewBuf                       256
     sample_data_view                112
     recore_data_view                168
     flash_move_to_view               48
     RecordAdd                         2
     Result                           88
     flash_edit_function            1708
     find_flash_start_page            84
     store_move_to_flash             208
     data_storing_monit              128
     store_one_sample                134
     power_data_store                100
     get_time_count                   46
     measure_data_backup             156
     ??DataTable4                      4
     ??DataTable5                      4
     ??DataTable6                      4
     ??DataTable7                      4
     ??DataTable17                     4
     ??DataTable19                     4
     ??DataTable20                     4
     ??DataTable21                     4
     ??DataTable22                     4
     ??DataTable23                     4
     ??DataTable24                     4
     ??DataTable25                     4
     ??DataTable27                     4
     ??DataTable28                     4
     ??DataTable29                     4
     ??DataTable30                     4
     ??DataTable31                     4
     ??DataTable32                     4
     ??DataTable35                     4
     ??DataTable37                     4
     ??DataTable38                     4
     ??DataTable39                     4
     ??DataTable44                     4
     ??DataTable49                     4
     ??DataTable51                     4
     ??DataTable63                     4
     ??DataTable64                     4
     ??DataTable65                     4
     ??DataTable66                     4
     ??DataTable67                     4
     ??DataTable68                     4
     ??DataTable69                     4
     ??DataTable70                     4
     ??DataTable71                     4
     ??DataTable75                     4
     ??DataTable76                     4
     ??DataTable77                     4
     ??DataTable78                     4
     ?<Initializer for Result>        88
     ?<Constant "\n%02d:%04dV %04dA %04dW">
                                      24
     ?<Constant "\nPage:%03d [BLANK]">
                                     112
     ?<Constant "\n>Input Secret Code">
                                    1152
     ?<Constant "*">                   2
     ?<Constant "\n>StartPage:%3d,%3d">
                                      20
     ?<Constant "\nData Save[%08X]%03d ">
                                      52
     ?<Constant "\n%3d:%03d - ">      68
     ?<Constant "\n1:Write Page">     96
      Others                         428

 
 5 800 bytes in segment CODE
   510 bytes in segment CODE_I
 1 526 bytes in segment DATA_C
    88 bytes in segment DATA_I
    88 bytes in segment DATA_ID
 1 043 bytes in segment DATA_Z
    36 bytes in segment INITTAB
 
 5 902 bytes of CODE  memory (+ 444 bytes shared)
 1 614 bytes of CONST memory
 1 131 bytes of DATA  memory

Errors: none
Warnings: 5
