##############################################################################
#                                                                            #
# IAR ARM ANSI C/C++ Compiler V4.40A/W32 EVALUATION    20/Jul/2007  17:07:36 #
# Copyright 1999-2005 IAR Systems. All rights reserved.                      #
#                                                                            #
#    Cpu mode        =  interwork                                            #
#    Endian          =  little                                               #
#    Stack alignment =  4                                                    #
#    Source file     =  C:\E-pia\EpiaLoadMonit_v01\EpiaLoadMonit\src\EpiaLia #
#                       dMonit_ADE7753.c                                     #
#    Command line    =  C:\E-pia\EpiaLoadMonit_v01\EpiaLoadMonit\src\EpiaLia #
#                       dMonit_ADE7753.c -D NDEBUG -lC                       #
#                       C:\E-pia\EpiaLoadMonit_v01\EpiaLoadMonit\compil\Rele #
#                       ase\List\ -o C:\E-pia\EpiaLoadMonit_v01\EpiaLoadMoni #
#                       t\compil\Release\Obj\ -z9 --debug --cpu_mode thumb   #
#                       --endian little --cpu ARM7TDMI --stack_align 4       #
#                       --interwork -e --fpu None --dlib_config "C:\Program  #
#                       Files\IAR Systems\Embedded Workbench 4.0             #
#                       Evaluation\ARM\LIB\dl4tptinl8n.h" -I                 #
#                       C:\E-pia\EpiaLoadMonit_v01\EpiaLoadMonit\compil\srcI #
#                       AR\ -I C:\E-pia\EpiaLoadMonit_v01\EpiaLoadMonit\comp #
#                       il\..\src\ -I C:\E-pia\EpiaLoadMonit_v01\EpiaLoadMon #
#                       it\compil\..\..\ -I "C:\Program Files\IAR            #
#                       Systems\Embedded Workbench 4.0 Evaluation\ARM\INC\"  #
#    List file       =  C:\E-pia\EpiaLoadMonit_v01\EpiaLoadMonit\compil\Rele #
#                       ase\List\EpiaLiadMonit_ADE7753.lst                   #
#    Object file     =  C:\E-pia\EpiaLoadMonit_v01\EpiaLoadMonit\compil\Rele #
#                       ase\Obj\EpiaLiadMonit_ADE7753.r79                    #
#                                                                            #
#                                                                            #
##############################################################################

C:\E-pia\EpiaLoadMonit_v01\EpiaLoadMonit\src\EpiaLiadMonit_ADE7753.c
      1          // ----------------------------------------------------------------------------
      2          //         Epiatech co,. LTD  -  Lee Y k  -
      3          // ----------------------------------------------------------------------------
      4          // File Name           : EpiaLiadMonit_ADE7753.c
      5          // Object              : Epia LOAD Monitor ADE7753 application functions
      6          // Creation            : 2007-06-22
      7          // ----------------------------------------------------------------------------
      8          // Include Standard LIB  files
      9          #include "project.h"
     10          /********************************/
     11          /*  ADE7753 Control Functions   */
     12          /********************************/
     13          //ADE7753 Register list
     14          #define	ADE_WAVEFORM	0x01	// R 24 waveform Register
     15          #define	ADE_AENERGY     0x02    // R 24 Active Energy Register
     16          #define	ADE_RAENERGY    0x03    // R 24 Same as AENERGY(read reset)
     17          #define	ADE_LAENERGY    0x04    // R 24 Line Accumulation Active Energy Register
     18          #define	ADE_VAENERGY    0x05    // R 24 Apparent Energy Register. 
     19          #define	ADE_RVAENERGY   0x06    // R 24 Same as VAENERGY(read reset)
     20          #define	ADE_LVAENERGY   0x07    // R 24 Line Accumulation Apparent Energy Register.
     21          #define	ADE_LVARENERGY	0x08    // R 24 Line Accumulation Reactive Energy Register.
     22          #define	ADE_MODE	0x09    //RW 16 Mode Register
     23          
     24          #define	ADE_IRQEN	0x0A    //RW 16 Interrupt Enable Register.
     25          #define	ADE_STATUS      0x0B    // R 16 Interrupt Status Register.
     26          #define	ADE_RSTSSTATUS  0x0C    // R 16 Same as STATUS(Read only)
     27          
     28          #define	ADE_CH1OS       0x0D    //RW  8 Channel 1 Offset Adjust(b6:not use)
     29          #define	ADE_CH2OS       0x0E    //RW  8 Channel 2 Offset Adjust(b5,6: not use)
     30          #define	ADE_GAIN        0x0F    //RW  8 PGA Gain adjust.
     31          #define	ADE_PHCAL       0x10    //RW  6 Phase Calibration Register.
     32          #define	ADE_APOS        0x11    //RW 16 Active Power Offset Correction.
     33          #define	ADE_WGAIN       0x12    //RW 12 Power Gain Adjust
     34          #define	ADE_WDIV        0x13    //RW  8 Active Energy Divider Register
     35          #define	ADE_CFNUM       0x14    //RW 12 CF Frequency Divider Numerator Register
     36          #define	ADE_CFDEN       0x15    //RW 12 CF Frequency Divider Denomiantor Register
     37          #define	ADE_IRMS        0x16    // R 24 Channel 1 RMS Value(Current Channel)
     38          #define	ADE_VRMS        0x17    // R 24 Channel 2 RMS Value(Voltage Channel)
     39          #define	ADE_IRMSOS      0x18    //RW 12 Channel 1 RMS Offset Correction Register                   Channel
     40          #define	ADE_VRMSOS      0x19    //RW 12 Channel 2 RMS Offset Correction Register
     41          #define	ADE_VAGAIN      0x1A    //RW 12 Apparent Gain Register
     42          #define	ADE_VADIV       0x1B    //RW  8 Apparent Energy Divider Register
     43          #define	ADE_LINECYC     0x1C    //RW 16 Line Cycle Energy Accumulation Mode Line-Cycle Register
     44          #define	ADE_ZXTOUT      0x1D    //RW 12 Zero-Crossing Timeout.
     45          #define	ADE_SAGCYC      0x1E    //RW  8 Sag Line Cycle Register.
     46          #define	ADE_SAGLVL      0x1F    //RW  8 SagVoltage Level.
     47          #define	ADE_IPKLVL      0x20    //RW  8 Channel 1 Peak Level Threshold(Current Channel)
     48          #define	ADE_VPKLVL      0x21    //RW  8 Channel 1 Peak Level Threshold(Voltage Channel)
     49          #define	ADE_IPEAK       0x22    // R 24 Channel 1 Peak Register
     50          #define	ADE_RSTIPEAK    0x23    // R 24 Same as IPEAK(Read Reset)
     51          #define	ADE_VPEAK	0x24    // R 24 Channel 2 Peak Register
     52          #define	ADE_RSTVPEAK	0x25    // R 24 Same as VPEAK(Read Reset)
     53          #define	ADE_TEMP	0x26    // R  8 Temperature Register/
     54          #define	ADE_PERIOD	0x27    // R 16 Period of the Channel 2(Voltage Channel)                                   
     55          #define	ADE_TMODE	0x3D    //RW  8 Test Mode Register.
     56          #define	ADE_CHKSUM	0x3E    // R  6 Chechsum Register.
     57          #define	ADE_DIEREV	0x3F    // R  8 Dir Revision Register.
     58          
     59          #define	SAMPLE_DURATION		60	//sec
     60          #define	ADE_BUS_DELAY		2
     61          #define RMS_SAMPLE_COUNT	10
     62          #define	ADE_DEFAULT_MODE	0x8080
     63          #define	FLASH_PARAMETER_ADD	0x00120000
     64          
     65          int iSecretCode;
     66          int iIrmsDivider, iIrmsOffset; ;
     67          int iVrmsDivider, iVrmsOffset;
     68          int iActiveDivider, iActiveOffset;
     69          
     70          int iADEdata;
     71          int iADEregistor[64];
     72          int iVrms, iVrms1, iVrms0;
     73          int iIrms, iIrms1, iIrms0;
     74          int iPa, iPa1, iPa0;
     75          int iPArms, iPVrms, iPRrms;
     76          int iPva, iPva1, iPva0;
     77          int iPra, iPla, iPrva, iPlva;
     78          int iTemp;
     79          
     80          char ReadCount;
     81          char ZeroCross, ZeroCross0;
     82          char AdjEnable;
     83          char PanelMode;
     84          unsigned char ADEadd, Error;
     85          
     86          unsigned short sADEmode;
     87          short sPowerUpdate;
     88          

   \                                 In segment DATA_C, align 4, align-sorted
     89          const unsigned char ADE_REG_LENGTH[] = 
   \                     ADE_REG_LENGTH:
   \   00000000   001818181818       DC8 0, 24, 24, 24, 24, 24, 24, 24, 24, 16, 16, 16, 16, 8, 8, 8, 6, 16
   \              181818101010
   \              100808080610
   \   00000012   0C080C0C1818       DC8 12, 8, 12, 12, 24, 24, 12, 12, 12, 8, 16, 12, 8, 8, 8, 8, 24, 24
   \              0C0C0C08100C
   \              080808081818
   \   00000024   181808100000       DC8 24, 24, 8, 16, 0, 0, 0, 0, 0, 0, 0, 0, 0, 0, 0, 0, 0, 0, 0, 0, 0, 0
   \              000000000000
   \              000000000000
   \              00000000    
   \   0000003A   000000080608       DC8 0, 0, 0, 8, 6, 8
   \   00000040   0D4144455B25       DC8 "\015ADE[%02X]%06X-OK"
   \              3032585D2530
   \              36582D4F4B00
   \   00000052   0000               DC8 0, 0
   \   00000054   30313A253036       DC8 "01:%06X "
   \              582000      
   \   0000005D   000000             DC8 0, 0, 0
   \   00000060   30323A253036       DC8 "02:%06X "
   \              582000      
   \   00000069   000000             DC8 0, 0, 0
   \   0000006C   0A30333A2530       DC8 "\01203:%06X "
   \              36582000    
   \   00000076   0000               DC8 0, 0
   \   00000078   30343A253036       DC8 "04:%06X "
   \              582000      
   \   00000081   000000             DC8 0, 0, 0
   \   00000084   0A30353A2530       DC8 "\01205:%06X "
   \              36582000    
   \   0000008E   0000               DC8 0, 0
   \   00000090   30363A253036       DC8 "06:%06X "
   \              582000      
   \   00000099   000000             DC8 0, 0, 0
   \   0000009C   0A30373A2530       DC8 "\01207:%06X "
   \              36582000    
   \   000000A6   0000               DC8 0, 0
   \   000000A8   30383A253036       DC8 "08:%06X "
   \              582000      
   \   000000B1   000000             DC8 0, 0, 0
   \   000000B4   0A30393A2530       DC8 "\01209:%04X   "
   \              345820202000
   \   000000C0   30413A253034       DC8 "0A:%04X "
   \              582000      
   \   000000C9   000000             DC8 0, 0, 0
   \   000000CC   0A30423A2530       DC8 "\0120B:%04X   "
   \              345820202000
   \   000000D8   30433A253034       DC8 "0C:%04X "
   \              582000      
   \   000000E1   000000             DC8 0, 0, 0
   \   000000E4   0A30443A2530       DC8 "\0120D:%02X     "
   \              325820202020
   \              2000        
   \   000000F2   0000               DC8 0, 0
   \   000000F4   30453A253032       DC8 "0E:%02X "
   \              582000      
   \   000000FD   000000             DC8 0, 0, 0
   \   00000100   0A30463A2530       DC8 "\0120F:%02X     "
   \              325820202020
   \              2000        
   \   0000010E   0000               DC8 0, 0
   \   00000110   31303A253032       DC8 "10:%02X "
   \              582000      
   \   00000119   000000             DC8 0, 0, 0
   \   0000011C   31313A253034       DC8 "11:%04X   "
   \              5820202000  
   \   00000127   00                 DC8 0
   \   00000128   31323A253034       DC8 "12:%04X "
   \              582000      
   \   00000131   000000             DC8 0, 0, 0
   \   00000134   0A31333A2530       DC8 "\01213:%02X     "
   \              325820202020
   \              2000        
   \   00000142   0000               DC8 0, 0
   \   00000144   31343A253034       DC8 "14:%04X "
   \              582000      
   \   0000014D   000000             DC8 0, 0, 0
   \   00000150   0A31353A2530       DC8 "\01215:%04X   "
   \              345820202000
   \   0000015C   31363A253036       DC8 "16:%06X "
   \              582000      
   \   00000165   000000             DC8 0, 0, 0
   \   00000168   0A31373A2530       DC8 "\01217:%06X "
   \              36582000    
   \   00000172   0000               DC8 0, 0
   \   00000174   31383A253034       DC8 "18:%04X   "
   \              5820202000  
   \   0000017F   00                 DC8 0
   \   00000180   0A31393A2530       DC8 "\01219:%04X   "
   \              345820202000
   \   0000018C   31413A253034       DC8 "1A:%04X "
   \              582000      
   \   00000195   000000             DC8 0, 0, 0
   \   00000198   0A31423A2530       DC8 "\0121B:%02X     "
   \              325820202020
   \              2000        
   \   000001A6   0000               DC8 0, 0
   \   000001A8   0A3E53656372       DC8 "\012>SecretNO:%08X"
   \              65744E4F3A25
   \              30385800    
   \   000001B8   31433A253034       DC8 "1C:%04X"
   \              5800        
   \   000001C0   0A31443A2530       DC8 "\0121D:%04X   "
   \              345820202000
   \   000001CC   31453A253032       DC8 "1E:%02X "
   \              582000      
   \   000001D5   000000             DC8 0, 0, 0
   \   000001D8   0A31453A2530       DC8 "\0121E:%02X     "
   \              325820202020
   \              2000        
   \   000001E6   0000               DC8 0, 0
   \   000001E8   32303A253032       DC8 "20:%02X "
   \              582000      
   \   000001F1   000000             DC8 0, 0, 0
   \   000001F4   32313A253032       DC8 "21:%02X     "
   \              582020202020
   \              00          
   \   00000201   000000             DC8 0, 0, 0
   \   00000204   32323A253036       DC8 "22:%06X"
   \              5800        
   \   0000020C   0A32333A2530       DC8 "\01223:%06X "
   \              36582000    
   \   00000216   0000               DC8 0, 0
   \   00000218   32343A253036       DC8 "24:%06X "
   \              582000      
   \   00000221   000000             DC8 0, 0, 0
   \   00000224   0A32353A2530       DC8 "\01225:%06X "
   \              36582000    
   \   0000022E   0000               DC8 0, 0
   \   00000230   32363A253032       DC8 "26:%02X "
   \              582000      
   \   00000239   000000             DC8 0, 0, 0
   \   0000023C   0A32373A2530       DC8 "\01227:%04X   "
   \              345820202000
   \   00000248   0A307832382D       DC8 "\0120x28-0x3C:Not Use"
   \              307833433A4E
   \              6F7420557365
   \              00          
   \   0000025B   00                 DC8 0
   \   0000025C   0A33443A2530       DC8 "\0123D:%02X     "
   \              325820202020
   \              2000        
   \   0000026A   0000               DC8 0, 0
   \   0000026C   33453A253032       DC8 "3E:%02X "
   \              582000      
   \   00000275   000000             DC8 0, 0, 0
   \   00000278   0A33463A2530       DC8 "\0123F:%02X "
   \              32582000    
   \   00000282   0000               DC8 0, 0
   \   00000284   3C20524D5320       DC8 "< RMS MONIT >"
   \              4D4F4E495420
   \              3E00        
   \   00000292   0000               DC8 0, 0
   \   00000294   0A4375727265       DC8 "\012Current RMS:%3d.%01dA"
   \              6E7420524D53
   \              3A2533642E25
   \              3031644100  
   \   000002AB   00                 DC8 0
   \   000002AC   0A4163746976       DC8 "\012Active  :%3d.%02dkW "
   \              6520203A2533
   \              642E25303264
   \              6B572000    
   \   000002C2   0000               DC8 0, 0
   \   000002C4   0A5072612020       DC8 "\012Pra     :%8d "
   \              2020203A2538
   \              642000      
   \   000002D3   00                 DC8 0
   \   000002D4   0A506C612020       DC8 "\012Pla     :%8d "
   \              2020203A2538
   \              642000      
   \   000002E3   00                 DC8 0
   \   000002E4   0A4170706172       DC8 "\012Apparent:%3d.%02dkVA"
   \              656E743A2533
   \              642E25303264
   \              6B564100    
   \   000002FA   0000               DC8 0, 0
   \   000002FC   0A5072766120       DC8 "\012Prva    :%8d "
   \              2020203A2538
   \              642000      
   \   0000030B   00                 DC8 0
   \   0000030C   0A506C766120       DC8 "\012Plva    :%8d "
   \              2020203A2538
   \              642000      
   \   0000031B   00                 DC8 0
   \   0000031C   3C4144453737       DC8 "<ADE7753 status>"
   \              353320737461
   \              7475733E00  
   \   0000032D   000000             DC8 0, 0, 0
   \   00000330   0A504D5F5341       DC8 "\012PM_SAG: "
   \              473A2000    
   \   0000033A   0000               DC8 0, 0
   \   0000033C   0A504D5F4952       DC8 "\012PM_IRQ: "
   \              513A2000    
   \   00000346   0000               DC8 0, 0
   \   00000348   0A504D5F4346       DC8 "\012PM_CF : "
   \              203A2000    
   \   00000352   0000               DC8 0, 0
   \   00000354   0A504D5F4449       DC8 "\012PM_DIN: "
   \              4E3A2000    
   \   0000035E   0000               DC8 0, 0
   \   00000360   0A504D5F5A58       DC8 "\012PM_ZX : "
   \              203A2000    
   \   0000036A   0000               DC8 0, 0
   \   0000036C   0A5072657373       DC8 "\012Press key:Monit END"
   \              206B65793A4D
   \              6F6E69742045
   \              4E4400      
   \   00000381   000000             DC8 0, 0, 0
   \   00000384   0A3F4572726F       DC8 "\012?Error:ADE_TEST"
   \              723A4144455F
   \              5445535400  
   \   00000395   000000             DC8 0, 0, 0
   \   00000398   3C204D455445       DC8 "< METER Calibrate >"
   \              522043616C69
   \              627261746520
   \              3E00        
   \   000003AC   0A3E496E7075       DC8 "\012>Input Secret Code"
   \              742053656372
   \              657420436F64
   \              6500        
   \   000003C0   0A3E2A2A2A2A       DC8 "\012>******"
   \              2A2A00      
   \   000003C9   000000             DC8 0, 0, 0
   \   000003CC   0A3E496E7661       DC8 "\012>Invalid code.."
   \              6C696420636F
   \              64652E2E00  
   \   000003DD   000000             DC8 0, 0, 0
   \   000003E0   0A3E506C6561       DC8 "\012>Please Retry.."
   \              736520526574
   \              72792E2E00  
   \   000003F1   000000             DC8 0, 0, 0
   \   000003F4   0A313A416D70       DC8 "\0121:Amp. Calibrate "
   \              2E2043616C69
   \              627261746520
   \              00          
   \   00000407   00                 DC8 0
   \   00000408   0A323A566F6C       DC8 "\0122:Volt Calibrate "
   \              742043616C69
   \              627261746520
   \              00          
   \   0000041B   00                 DC8 0
   \   0000041C   0A333A506F77       DC8 "\0123:Power Calibrate"
   \              65722043616C
   \              696272617465
   \              00          
   \   0000042F   00                 DC8 0
   \   00000430   0A353A466163       DC8 "\0125:Factory Setting"
   \              746F72792053
   \              657474696E67
   \              00          
   \   00000443   00                 DC8 0
   \   00000444   0A363A536563       DC8 "\0126:Secret no Change"
   \              726574206E6F
   \              204368616E67
   \              6500        
   \   00000458   0A393A506172       DC8 "\0129:Parameter Save "
   \              616D65746572
   \              205361766520
   \              00          
   \   0000046B   00                 DC8 0
   \   0000046C   0A5B4D454E55       DC8 "\012[MENU]:goto MAIN"
   \              5D3A676F746F
   \              204D41494E00
   \   0000047E   0000               DC8 0, 0
   \   00000480   3E416D702E20       DC8 ">Amp. Calibrate"
   \              43616C696272
   \              61746500    
   \   00000490   0A3E4E4F573A       DC8 "\012>NOW:[%03d.%01d]A"
   \              5B253033642E
   \              253031645D41
   \              00          
   \   000004A3   00                 DC8 0
   \   000004A4   0A3E43616C3A       DC8 "\012>Cal:[%03d.%01d]A"
   \              5B253033642E
   \              253031645D41
   \              00          
   \   000004B7   00                 DC8 0
   \   000004B8   0A3E4E45573A       DC8 "\012>NEW:[%03d.%01d]A"
   \              5B253033642E
   \              253031645D41
   \              00          
   \   000004CB   00                 DC8 0
   \   000004CC   0D3E4E45573A       DC8 "\015>NEW:[%03d.%01d]A"
   \              5B253033642E
   \              253031645D41
   \              00          
   \   000004DF   00                 DC8 0
   \   000004E0   BBE7BFEBC0FC       DC8 "\273\347\277\353\300\374\267\371\260\241 10A \300\314\273\363\300\316 \273\363\305\302\277\241\274\255 \261\263\301\244\307\317\277\251 \301\326\275\312\275\303\277\344"
   \              B7F9B0A12031
   \              304120C0CCBB
   \              F3C0CE20BBF3
   \              C5C2BFA1BCAD
   \              20B1B3C1A4C7
   \              CFBFA920C1D6
   \              BDCABDC3BFE4
   \              00          
   \   00000511   000000             DC8 0, 0, 0
   \   00000514   C3E2B0EDC0FC       DC8 0C3H, 0E2H, 0B0H, 0EDH, 0C0H, 0FCH, 0BFH, 0A1H
   \              BFA1        
   \   0000051C   20B1B3C1A4B5       DC8 20H, 0B1H, 0B3H, 0C1H, 0A4H, 0B5H, 0C7H, 0BEH
   \              C7BE        
   \   00000524   FAC0B8B8E720       DC8 0FAH, 0C0H, 0B8H, 0B8H, 0E7H, 20H, 0C0H, 0CCH
   \              C0CC        
   \   0000052C   C8C4B7CEB4C2       DC8 0C8H, 0C4H, 0B7H, 0CEH, 0B4H, 0C2H, 20H, 0B1H
   \              20B1        
   \   00000534   B3C1A4C7D220       DC8 0B3H, 0C1H, 0A4H, 0C7H, 0D2H, 20H, 0BCH, 0F6H
   \              BCF6        
   \   0000053C   20BEF8BDC0B4       DC8 20H, 0BEH, 0F8H, 0BDH, 0C0H, 0B4H, 0CFH, 0B4H
   \              CFB4        
   \   00000544   D92E00             DC8 0D9H, 2EH, 0
   \   00000547   00                 DC8 0
   \   00000548   3E566F6C7420       DC8 ">Volt Calibrate"
   \              43616C696272
   \              61746500    
   \   00000558   0A3E4E4F573A       DC8 "\012>NOW:[%03d.%01d]V"
   \              5B253033642E
   \              253031645D56
   \              00          
   \   0000056B   00                 DC8 0
   \   0000056C   0A3E43616C3A       DC8 "\012>Cal:[%03d.%01d]V"
   \              5B253033642E
   \              253031645D56
   \              00          
   \   0000057F   00                 DC8 0
   \   00000580   0A3E4E45573A       DC8 "\012>NEW:[%03d.%01d]V"
   \              5B253033642E
   \              253031645D56
   \              00          
   \   00000593   00                 DC8 0
   \   00000594   0D3E4E45573A       DC8 "\015>NEW:[%03d.%01d]V"
   \              5B253033642E
   \              253031645D56
   \              00          
   \   000005A7   00                 DC8 0
   \   000005A8   C0D4B7C2C0FC       DC8 "\300\324\267\302\300\374\276\320\300\314 200V \300\314\273\363\300\316 \273\363\305\302\277\241\274\255 \261\263\301\244\307\317\277\251 \301\326\275\312\275\303\277\344"
   \              BED0C0CC2032
   \              30305620C0CC
   \              BBF3C0CE20BB
   \              F3C5C2BFA1BC
   \              AD20B1B3C1A4
   \              C7CFBFA920C1
   \              D6BDCABDC3BF
   \              E400        
   \   000005DA   0000               DC8 0, 0
   \   000005DC   3E506F776572       DC8 ">Power Calibrate"
   \              2043616C6962
   \              7261746500  
   \   000005ED   000000             DC8 0, 0, 0
   \   000005F0   0A3E4E4F573A       DC8 "\012>NOW:[%02d.%02d]kW"
   \              5B253032642E
   \              253032645D6B
   \              5700        
   \   00000604   0A3E43616C3A       DC8 "\012>Cal:[%02d.%02d]kW"
   \              5B253032642E
   \              253032645D6B
   \              5700        
   \   00000618   0A3E506F7765       DC8 "\012>Power Cal:%3d.%01d"
   \              722043616C3A
   \              2533642E2530
   \              316400      
   \   0000062D   000000             DC8 0, 0, 0
   \   00000630   0A3E4E45573A       DC8 "\012>NEW:[%02d.%02d]kW"
   \              5B253032642E
   \              253032645D6B
   \              5700        
   \   00000644   0D3E4E45573A       DC8 "\015>NEW:[%02d.%02d]kW"
   \              5B253032642E
   \              253032645D6B
   \              5700        
   \   00000658   BBE7BFEBC0FC       DC8 "\273\347\277\353\300\374\267\302\300\314 2.0kW\300\314\273\363\300\316 \273\363\305\302\277\241\274\255 \261\263\301\244\307\317\277\251 \301\326\275\312\275\303\277\344"
   \              B7C2C0CC2032
   \              2E306B57C0CC
   \              BBF3C0CE20BB
   \              F3C5C2BFA1BC
   \              AD20B1B3C1A4
   \              C7CFBFA920C1
   \              D6BDCABDC3BF
   \              E400        
   \   0000068A   0000               DC8 0, 0
   \   0000068C   43616C696272       DC8 43H, 61H, 6CH, 69H, 62H, 72H, 61H, 74H
   \              6174        
   \   00000694   696F6E207061       DC8 69H, 6FH, 6EH, 20H, 70H, 61H, 72H, 61H
   \              7261        
   \   0000069C   6D6574657220       DC8 6DH, 65H, 74H, 65H, 72H, 20H, 73H, 65H
   \              7365        
   \   000006A4   747465642074       DC8 74H, 74H, 65H, 64H, 20H, 74H, 6FH, 20H
   \              6F20        
   \   000006AC   666163746F72       DC8 66H, 61H, 63H, 74H, 6FH, 72H, 79H, 20H
   \              7920        
   \   000006B4   626173696320       DC8 62H, 61H, 73H, 69H, 63H, 20H, 70H, 61H
   \              7061        
   \   000006BC   72616D657465       DC8 72H, 61H, 6DH, 65H, 74H, 65H, 72H, 2EH
   \              722E        
   \   000006C4   2E00               DC8 2EH, 0
   \   000006C6   0000               DC8 0, 0
   \   000006C8   0A3E496E7075       DC8 "\012>Input New Code"
   \              74204E657720
   \              436F646500  
   \   000006D9   000000             DC8 0, 0, 0
   \   000006DC   0A3E4E657720       DC8 "\012>New Code:%06X"
   \              436F64653A25
   \              30365800    
   \   000006EC   3C506172616D       DC8 "<Parameter Save>"
   \              657465722053
   \              6176653E00  
   \   000006FD   000000             DC8 0, 0, 0
   \   00000700   0A566F6C7461       DC8 "\012Voltage RMS:%3d.%01dV"
   \              676520524D53
   \              3A2533642E25
   \              3031645600  
   \   00000717   00                 DC8 0
   \   00000718   0A3E416D702E       DC8 "\012>Amp. Cal:%08X"
   \              2043616C3A25
   \              30385800    
   \   00000728   0A3E566F6C74       DC8 "\012>Volt Cal:%08X"
   \              2043616C3A25
   \              30385800    
   \   00000738   0A3E506F7765       DC8 "\012>PowerCal:%08X"
   \              7243616C3A25
   \              30385800    
   \   00000748   0A3E53616D70       DC8 "\012>Sample Time:%03d"
   \              6C652054696D
   \              653A25303364
   \              00          
   \   0000075B   00                 DC8 0
   \   0000075C   0A3E53415645       DC8 "\012>SAVE:[ENT]"
   \              3A5B454E545D
   \              00          
   \   00000769   000000             DC8 0, 0, 0
   \   0000076C   0A3E466C6173       DC8 "\012>Flash Save END"
   \              682053617665
   \              20454E4400  
   \   0000077D   000000             DC8 0, 0, 0
   \   00000780   0A3E53616D70       DC8 "\012>Sample TimeTM:%03d"
   \              6C652054696D
   \              65544D3A2530
   \              336400      
   \   00000795   000000             DC8 0, 0, 0
   \   00000798   0A3E53617665       DC8 "\012>Save Canceled!"
   \              2043616E6365
   \              6C65642100  
   \   000007A9   000000             DC8 0, 0, 0
   \   000007AC   3C3C20414437       DC8 "<< AD7753 Test >>"
   \              373533205465
   \              7374203E3E00
   \   000007BE   0000               DC8 0, 0
   \   000007C0   0A313A504D5F       DC8 "\0121:PM_RST  2:PM_DOUT "
   \              525354202032
   \              3A504D5F444F
   \              55542000    
   \   000007D6   0000               DC8 0, 0
   \   000007D8   0A333A504D5F       DC8 "\0123:PM_CK   4:PM_CE   "
   \              434B20202034
   \              3A504D5F4345
   \              20202000    
   \   000007EE   0000               DC8 0, 0
   \   000007F0   0A353A524541       DC8 "\0125:READ    6:WRITE   "
   \              442020202036
   \              3A5752495445
   \              20202000    
   \   00000806   0000               DC8 0, 0
   \   00000808   0A373A414C4C       DC8 "\0127:ALL READ"
   \              205245414400
   \   00000814   0A383A524D53       DC8 "\0128:RMS Power Monit"
   \              20506F776572
   \              204D6F6E6974
   \              00          
   \   00000827   00                 DC8 0
   \   00000828   0A393A202020       DC8 "\0129:        0:ADE Init"
   \              202020202030
   \              3A4144452049
   \              6E697400    
   \   0000083E   0000               DC8 0, 0
   \   00000840   0A3E41444537       DC8 "\012>ADE7753 reset.."
   \              373533207265
   \              7365742E2E00
   \   00000852   0000               DC8 0, 0
   \   00000854   0A3E504D6461       DC8 "\012>PMdataout:H"
   \              74616F75743A
   \              4800        
   \   00000862   0000               DC8 0, 0
   \   00000864   0A3E504D6461       DC8 "\012>PMdataout:L"
   \              74616F75743A
   \              4C00        
   \   00000872   0000               DC8 0, 0
   \   00000874   0A3E504D636C       DC8 "\012>PMclock:H"
   \              6F636B3A4800
   \   00000880   0A3E504D636C       DC8 "\012>PMclock:L"
   \              6F636B3A4C00
   \   0000088C   0A3E504D656E       DC8 "\012>PMenable:H"
   \              61626C653A48
   \              00          
   \   00000899   000000             DC8 0, 0, 0
   \   0000089C   0A3E504D656E       DC8 "\012>PMenable:L"
   \              61626C653A4C
   \              00          
   \   000008A9   000000             DC8 0, 0, 0
   \   000008AC   3E4144453737       DC8 ">ADE7753 Reg. READ"
   \              353320526567
   \              2E2052454144
   \              00          
   \   000008BF   00                 DC8 0
   \   000008C0   0A4144456164       DC8 "\012ADEaddress:%02X"
   \              64726573733A
   \              2530325800  
   \   000008D1   000000             DC8 0, 0, 0
   \   000008D4   0D4144456164       DC8 "\015ADEaddress:%02X"
   \              64726573733A
   \              2530325800  
   \   000008E5   000000             DC8 0, 0, 0
   \   000008E8   0A52616E6765       DC8 "\012Range Over"
   \              204F76657200
   \   000008F4   0A4E6F742055       DC8 "\012Not Used Area"
   \              736564204172
   \              656100      
   \   00000903   00                 DC8 0
   \   00000904   0D4144455B25       DC8 "\015ADE[%02X]:%06X"
   \              3032585D3A25
   \              30365800    
   \   00000914   3E4144453737       DC8 ">ADE7753 Reg. Write"
   \              353320526567
   \              2E2057726974
   \              6500        
   \   00000928   0A4144455B25       DC8 "\012ADE[%02X]"
   \              3032585D00  
   \   00000933   00                 DC8 0
   \   00000934   0D4144455B25       DC8 "\015ADE[%02X]"
   \              3032585D00  
   \   0000093F   00                 DC8 0
   \   00000940   0A5265736572       DC8 "\012Reserved Area"
   \              766564204172
   \              656100      
   \   0000094F   00                 DC8 0
   \   00000950   0A5265616420       DC8 "\012Read Only Registor"
   \              4F6E6C792052
   \              65676973746F
   \              7200        
   \   00000964   0D4144455B25       DC8 "\015ADE[%02X]%06X"
   \              3032585D2530
   \              365800      
   \   00000973   00                 DC8 0
   \   00000974   0A4144455B25       DC8 "\012ADE[%02X]%06X"
   \              3032585D2530
   \              365800      
   \   00000983   00                 DC8 0
   \   00000984   0A3E57726974       DC8 "\012>Write Error.."
   \              65204572726F
   \              722E2E00    
   \   00000994   0D4144455B25       DC8 "\015ADE[%02X]%06X-%06X"
   \              3032585D2530
   \              36582D253036
   \              5800        
     90          {
     91          //0   1   2   3   4   5   6   7   8   9   A   B   C   D   E   F
     92            0, 24, 24, 24, 24, 24, 24, 24, 24, 16, 16, 16, 16,  8,  8,  8,
     93            6, 16, 12,  8, 12, 12, 24, 24, 12, 12, 12,  8, 16, 12,  8,  8,
     94            8,  8, 24, 24, 24, 24,  8, 16,  0,  0,  0,  0,  0,  0,  0,  0,
     95            0,  0,  0,  0,  0,  0,  0,  0,  0,  0,  0,  0,  0,  8,  6,  8
     96          };

   \                                 In segment DATA_C, align 4, align-sorted
     97          const unsigned char ADE_WRITE_ENABLE[] =
   \                     ADE_WRITE_ENABLE:
   \   00000000   000000000000       DC8 0, 0, 0, 0, 0, 0, 0, 0, 0, 1, 1, 0, 0, 1, 1, 1, 1, 1, 1, 1, 1, 1, 0
   \              000000010100
   \              000101010101
   \              0101010100  
   \   00000017   000101010101       DC8 0, 1, 1, 1, 1, 1, 1, 1, 1, 1, 1, 0, 0, 0, 0, 0, 0, 0, 0, 0, 0, 0, 0
   \              010101010100
   \              000000000000
   \              0000000000  
   \   0000002E   000000000000       DC8 0, 0, 0, 0, 0, 0, 0, 0, 0, 0, 0, 0, 0, 0, 0, 1, 0, 0
   \              000000000000
   \              000000010000
     98          { 
     99          //0   1   2   3   4   5   6   7   8   9   A   B   C   D   E   F
    100            0,  0,  0,  0,  0,  0,  0,  0,  0,  1,  1,  0,  0,  1,  1,  1,
    101            1,  1,  1,  1,  1,  1,  0,  0,  1,  1,  1,  1,  1,  1,  1,  1,
    102            1,  1,  0,  0,  0,  0,  0,  0,  0,  0,  0,  0,  0,  0,  0,  0,
    103            0,  0,  0,  0,  0,  0,  0,  0,  0,  0,  0,  0,  0,  1,  0,  0
    104          };
    105          

   \                                 In segment CODE, align 4, keep-with-next
    106          void ADE7753_buffer_clear(char add, char size)
    107          {
   \                     ADE7753_buffer_clear:
   \   00000000   30B5               PUSH     {R4,R5,LR}
    108            char lp;
    109            for (lp = 0; lp < size; lp++) iADEregistor[add++] = 0;
   \   00000002   0022               MOVS     R2,#+0
   \   00000004   0023               MOVS     R3,#+0
   \   00000006   ....               LDR      R5,??DataTable5  ;; iADEregistor
   \   00000008   07E0               B        ??ADE7753_buffer_clear_0
   \                     ??ADE7753_buffer_clear_1:
   \   0000000A   0006               LSLS     R0,R0,#+24
   \   0000000C   000E               LSRS     R0,R0,#+24
   \   0000000E   8400               LSLS     R4,R0,#+2
   \   00000010   2A51               STR      R2,[R5, R4]
   \   00000012   401C               ADDS     R0,R0,#+1
   \   00000014   5B1C               ADDS     R3,R3,#+1
   \   00000016   1B06               LSLS     R3,R3,#+24
   \   00000018   1B0E               LSRS     R3,R3,#+24
   \                     ??ADE7753_buffer_clear_0:
   \   0000001A   8B42               CMP      R3,R1
   \   0000001C   F5D3               BCC      ??ADE7753_buffer_clear_1
    110          }
   \   0000001E   ....               B.N      ?Subroutine17

   \                                 In segment CODE, align 4, keep-with-next
   \                     ?Subroutine17:
   \   00000000   30BC               POP      {R4,R5}
   \   00000002   01BC               POP      {R0}
   \   00000004   0047               BX       R0               ;; return
   \   00000006   C046               Nop      
   \                     ??Subroutine17_0:
   \   00000008   80800000           DC32     0x8080
   \   0000000C   D0410000           DC32     0x41d0
   \   00000010   36802500           DC32     0x258036
    111          

   \                                 In segment CODE, align 4, keep-with-next
    112          void ADE7753_add_write(unsigned char add)
    113          {
   \                     ADE7753_add_write:
   \   00000000   70B5               PUSH     {R4-R6,LR}
   \   00000002   0400               MOVS     R4,R0
    114           unsigned char lp, mask;
    115              mask = 0x80;
   \   00000004   8025               MOVS     R5,#+128
    116              
    117              for (lp = 0; lp < 8; lp++)
   \   00000006   0826               MOVS     R6,#+8
    118              {
    119                PMclock(ON);
   \                     ??ADE7753_add_write_0:
   \   00000008   0120               MOVS     R0,#+1
   \   0000000A   ........           _BLF     PMclock,??PMclock??rT
    120                //delay_us(ADE_BUS_DELAY);
    121                if (add & mask) PMdataout(ON); else PMdataout(OFF);
   \   0000000E   2C42               TST      R4,R5
   \   00000010   01D0               BEQ      ??ADE7753_add_write_1
   \   00000012   0120               MOVS     R0,#+1
   \   00000014   00E0               B.N      ??ADE7753_add_write_2
   \                     ??ADE7753_add_write_1:
   \   00000016   0020               MOVS     R0,#+0
   \                     ??ADE7753_add_write_2:
   \   00000018   ........           _BLF     PMdataout,??PMdataout??rT
    122                delay_us(ADE_BUS_DELAY);
   \   0000001C   0220               MOVS     R0,#+2
   \   0000001E   ........           _BLF     delay_us,??delay_us??rT
    123                PMclock(OFF);
   \   00000022   0020               MOVS     R0,#+0
   \   00000024   ........           _BLF     PMclock,??PMclock??rT
    124                delay_us(ADE_BUS_DELAY);
   \   00000028   0220               MOVS     R0,#+2
   \   0000002A   ........           _BLF     delay_us,??delay_us??rT
    125                mask = mask >> 1;
   \   0000002E   ED05               LSLS     R5,R5,#+23
   \   00000030   2D0E               LSRS     R5,R5,#+24
    126              }
   \   00000032   761E               SUBS     R6,R6,#+1
   \   00000034   E8D1               BNE      ??ADE7753_add_write_0
    127          }
   \   00000036   ........           BL       ?Subroutine18

   \                                 In segment CODE, align 4, keep-with-next
   \                     ?Subroutine18:
   \   00000000   70BC               POP      {R4-R6}
   \   00000002   01BC               POP      {R0}
   \   00000004   0047               BX       R0               ;; return
   \   00000006   C046               Nop      
   \                     ??Subroutine18_0:
   \   00000008   ........           DC32     Vpole
   \   0000000C   ........           DC32     iActivSum
   \   00000010   ........           DC32     sActiveCount
    128          

   \                                 In segment CODE, align 4, keep-with-next
    129          void ADE7753_data_write(unsigned int data, char length)
    130          {
   \                     ADE7753_data_write:
   \   00000000   F0B5               PUSH     {R4-R7,LR}
   \   00000002   0400               MOVS     R4,R0
   \   00000004   0D00               MOVS     R5,R1
    131           unsigned char lp;
    132           unsigned int mask;
    133          
    134           if (length == 12) length = 16;
   \   00000006   0C2D               CMP      R5,#+12
   \   00000008   01D1               BNE      ??ADE7753_data_write_0
   \   0000000A   1025               MOVS     R5,#+16
   \   0000000C   02E0               B        ??ADE7753_data_write_1
    135             else if (length < 8) length = 8;
   \                     ??ADE7753_data_write_0:
   \   0000000E   082D               CMP      R5,#+8
   \   00000010   00D2               BCS      ??ADE7753_data_write_1
   \   00000012   0825               MOVS     R5,#+8
    136             
    137           mask = 1 << (length - 1);  
   \                     ??ADE7753_data_write_1:
   \   00000014   0126               MOVS     R6,#+1
   \   00000016   681E               SUBS     R0,R5,#+1
   \   00000018   8640               LSLS     R6,R6,R0
    138           for (lp = 0; lp < length; lp++)
   \   0000001A   0027               MOVS     R7,#+0
   \   0000001C   0FE0               B        ??ADE7753_data_write_2
    139           {
    140              PMclock(ON);
    141              if (data & mask) PMdataout(ON); else PMdataout(OFF);
   \                     ??ADE7753_data_write_3:
   \   0000001E   0020               MOVS     R0,#+0
   \                     ??ADE7753_data_write_4:
   \   00000020   ........           _BLF     PMdataout,??PMdataout??rT
    142              delay_us(ADE_BUS_DELAY);
   \   00000024   0220               MOVS     R0,#+2
   \   00000026   ........           _BLF     delay_us,??delay_us??rT
    143              PMclock(OFF);
   \   0000002A   0020               MOVS     R0,#+0
   \   0000002C   ........           _BLF     PMclock,??PMclock??rT
    144              delay_us(ADE_BUS_DELAY);
   \   00000030   0220               MOVS     R0,#+2
   \   00000032   ........           _BLF     delay_us,??delay_us??rT
    145              mask = mask >> 1;
   \   00000036   7608               LSRS     R6,R6,#+1
   \   00000038   7F1C               ADDS     R7,R7,#+1
   \   0000003A   3F06               LSLS     R7,R7,#+24
   \   0000003C   3F0E               LSRS     R7,R7,#+24
   \                     ??ADE7753_data_write_2:
   \   0000003E   AF42               CMP      R7,R5
   \   00000040   06D2               BCS      ??ADE7753_data_write_5
   \   00000042   0120               MOVS     R0,#+1
   \   00000044   ........           _BLF     PMclock,??PMclock??rT
   \   00000048   3442               TST      R4,R6
   \   0000004A   E8D0               BEQ      ??ADE7753_data_write_3
   \   0000004C   0120               MOVS     R0,#+1
   \   0000004E   E7E7               B.N      ??ADE7753_data_write_4
    146            }
    147          }
   \                     ??ADE7753_data_write_5:
   \   00000050   ........           BL       ?Subroutine19

   \                                 In segment CODE, align 4, keep-with-next
   \                     ?Subroutine19:
   \   00000000   F0BC               POP      {R4-R7}
   \   00000002   01BC               POP      {R0}
   \   00000004   0047               BX       R0               ;; return
   \   00000006   C046               Nop      
   \                     ??Subroutine19_0:
   \   00000008   88130000           DC32     0x1388
   \   0000000C   ........           DC32     KeyValue
   \   00000010   88130000           DC32     0x1388
   \   00000014   ........           DC32     KeyValue
   \   00000018   ........           DC32     sCurPos
   \   0000001C   44060000           DC32     0x644
   \   00000020   8C060000           DC32     0x68c
   \   00000024   DC060000           DC32     0x6dc
   \   00000028   EC060000           DC32     0x6ec
   \   0000002C   ........           DC32     sStoreTime
   \   00000030   5C070000           DC32     0x75c
   \   00000034   DA070000           DC32     0x7da
   \   00000038   983A0000           DC32     0x3a98
   \   0000003C   6C070000           DC32     0x76c
   \   00000040   ........           DC32     sStoreTime
    148          

   \                                 In segment CODE, align 4, keep-with-next
    149          char ADE7753_registor_write(char add, unsigned int data)
    150          {
   \                     ADE7753_registor_write:
   \   00000000   F0B5               PUSH     {R4-R7,LR}
   \   00000002   0700               MOVS     R7,R0
   \   00000004   0C00               MOVS     R4,R1
    151            char length, enable;
    152            char error = 0;
   \   00000006   0025               MOVS     R5,#+0
    153          
    154            PMclock(OFF);
   \   00000008   0020               MOVS     R0,#+0
   \   0000000A   ........           _BLF     PMclock,??PMclock??rT
    155            length = ADE_REG_LENGTH[add];
   \   0000000E   ....               LDR      R1,??DataTable6  ;; ADE_REG_LENGTH
   \   00000010   CE5D               LDRB     R6,[R1, R7]
    156            enable = ADE_WRITE_ENABLE[add];
    157            if ((length != 0)&(enable != 0))
   \   00000012   3100               MOVS     R1,R6
   \   00000014   17D0               BEQ      ??ADE7753_registor_write_0
   \   00000016   ....               LDR      R1,??DataTable2  ;; ADE_WRITE_ENABLE
   \   00000018   C85D               LDRB     R0,[R1, R7]
   \   0000001A   0028               CMP      R0,#+0
   \   0000001C   13D0               BEQ      ??ADE7753_registor_write_0
    158            {
    159              PMenable(ON);
   \   0000001E   0120               MOVS     R0,#+1
   \   00000020   ........           _BLF     PMenable,??PMenable??rT
    160              add &= 0x3F;
    161              add |= 0x80;
    162              ADE7753_add_write(add);
   \   00000024   B906               LSLS     R1,R7,#+26
   \   00000026   890E               LSRS     R1,R1,#+26
   \   00000028   8020               MOVS     R0,#+128
   \   0000002A   0843               ORRS     R0,R0,R1
   \   0000002C   ........           BL       ADE7753_add_write
    163              delay_us(5);
   \   00000030   0520               MOVS     R0,#+5
   \   00000032   ........           _BLF     delay_us,??delay_us??rT
    164              ADE7753_data_write(data, length);
   \   00000036   3100               MOVS     R1,R6
   \   00000038   2000               MOVS     R0,R4
   \   0000003A   ........           BL       ADE7753_data_write
    165              PMenable(OFF);
   \   0000003E   0020               MOVS     R0,#+0
   \   00000040   ........           _BLF     PMenable,??PMenable??rT
   \   00000044   00E0               B        ??ADE7753_registor_write_1
    166             } 
    167             else error = 1;
   \                     ??ADE7753_registor_write_0:
   \   00000046   0125               MOVS     R5,#+1
    168             PMclock(OFF);
   \                     ??ADE7753_registor_write_1:
   \   00000048   0020               MOVS     R0,#+0
   \   0000004A   ........           _BLF     PMclock,??PMclock??rT
    169            return error;
   \   0000004E   2800               MOVS     R0,R5
   \   00000050   ....               B.N      ?Subroutine20
    170          }

   \                                 In segment CODE, align 4, keep-with-next
   \                     ?Subroutine20:
   \   00000000   F0BC               POP      {R4-R7}
   \   00000002   02BC               POP      {R1}
   \   00000004   0847               BX       R1               ;; return
    171          

   \                                 In segment CODE, align 4, keep-with-next
    172          int ADE7753_read(char length)
    173          {
   \                     ADE7753_read:
   \   00000000   F0B5               PUSH     {R4-R7,LR}
   \   00000002   0400               MOVS     R4,R0
    174            char lp;
    175            int data;
    176            unsigned int mask;
    177            if (length == 12) length = 16;
   \   00000004   0C2C               CMP      R4,#+12
   \   00000006   01D1               BNE      ??ADE7753_read_0
   \   00000008   1024               MOVS     R4,#+16
   \   0000000A   02E0               B        ??ADE7753_read_1
    178             else if (length < 8) length = 8;
   \                     ??ADE7753_read_0:
   \   0000000C   082C               CMP      R4,#+8
   \   0000000E   00D2               BCS      ??ADE7753_read_1
   \   00000010   0824               MOVS     R4,#+8
    179             
    180            mask = 1 << (length - 1);
   \                     ??ADE7753_read_1:
   \   00000012   0125               MOVS     R5,#+1
   \   00000014   601E               SUBS     R0,R4,#+1
   \   00000016   8540               LSLS     R5,R5,R0
    181            data = 0;
   \   00000018   0027               MOVS     R7,#+0
    182           
    183              for (lp = 0; lp < length; lp++)
   \   0000001A   0026               MOVS     R6,#+0
   \   0000001C   14E0               B        ??ADE7753_read_2
    184              {
    185                PMclock(ON);
   \                     ??ADE7753_read_3:
   \   0000001E   0120               MOVS     R0,#+1
   \   00000020   ........           _BLF     PMclock,??PMclock??rT
    186                delay_us(ADE_BUS_DELAY);
   \   00000024   0220               MOVS     R0,#+2
   \   00000026   ........           _BLF     delay_us,??delay_us??rT
    187                if (!(pio_read(PIOA) & PM_DIN)) data |= mask;
   \   0000002A   ....               LDR      R0,??DataTable3  ;; 0xfffff43c
   \   0000002C   0068               LDR      R0,[R0, #+0]
   \   0000002E   8003               LSLS     R0,R0,#+14
   \   00000030   00D4               BMI      ??ADE7753_read_4
   \   00000032   2F43               ORRS     R7,R7,R5
    188                PMclock(OFF);
   \                     ??ADE7753_read_4:
   \   00000034   0020               MOVS     R0,#+0
   \   00000036   ........           _BLF     PMclock,??PMclock??rT
    189                delay_us(ADE_BUS_DELAY);
   \   0000003A   0220               MOVS     R0,#+2
   \   0000003C   ........           _BLF     delay_us,??delay_us??rT
    190                mask = mask >> 1;
   \   00000040   6D08               LSRS     R5,R5,#+1
    191              }
   \   00000042   761C               ADDS     R6,R6,#+1
   \   00000044   3606               LSLS     R6,R6,#+24
   \   00000046   360E               LSRS     R6,R6,#+24
   \                     ??ADE7753_read_2:
   \   00000048   A642               CMP      R6,R4
   \   0000004A   E8D3               BCC      ??ADE7753_read_3
    192           return data;
   \   0000004C   3800               MOVS     R0,R7
   \   0000004E   C046               Nop      
   \   00000050                      REQUIRE ?Subroutine20
   \   00000050                      ;; // Fall through to label ?Subroutine20
    193          }
    194          

   \                                 In segment CODE, align 4, keep-with-next
    195          int ADE7753_registor_read(char add)
    196          {
   \                     ADE7753_registor_read:
   \   00000000   70B5               PUSH     {R4-R6,LR}
   \   00000002   0400               MOVS     R4,R0
    197            char length;
    198            int data = 0;
   \   00000004   0025               MOVS     R5,#+0
    199              PMclock(OFF);
   \   00000006   0020               MOVS     R0,#+0
   \   00000008   ........           _BLF     PMclock,??PMclock??rT
    200              length = ADE_REG_LENGTH[add];
   \   0000000C   ....               LDR      R0,??DataTable6  ;; ADE_REG_LENGTH
   \   0000000E   065D               LDRB     R6,[R0, R4]
    201              if (length != 0) 
   \   00000010   3000               MOVS     R0,R6
   \   00000012   10D0               BEQ      ??ADE7753_registor_read_0
    202              {
    203                PMenable(ON); 
   \   00000014   0120               MOVS     R0,#+1
   \   00000016   ........           _BLF     PMenable,??PMenable??rT
    204                add &= 0x3F;
    205                ADE7753_add_write(add);
   \   0000001A   A006               LSLS     R0,R4,#+26
   \   0000001C   800E               LSRS     R0,R0,#+26
   \   0000001E   ........           BL       ADE7753_add_write
    206                delay_us(5);
   \   00000022   0520               MOVS     R0,#+5
   \   00000024   ........           _BLF     delay_us,??delay_us??rT
    207                data = ADE7753_read(length);
   \   00000028   3000               MOVS     R0,R6
   \   0000002A   ........           BL       ADE7753_read
   \   0000002E   0500               MOVS     R5,R0
    208                PMenable(OFF);
   \   00000030   0020               MOVS     R0,#+0
   \   00000032   ........           _BLF     PMenable,??PMenable??rT
    209              }
    210              PMclock(OFF);
   \                     ??ADE7753_registor_read_0:
   \   00000036   0020               MOVS     R0,#+0
   \   00000038   ........           _BLF     PMclock,??PMclock??rT
    211            return data;
   \   0000003C   2800               MOVS     R0,R5
   \   0000003E   70BC               POP      {R4-R6}
   \   00000040   02BC               POP      {R1}
   \   00000042   0847               BX       R1               ;; return
    212          }
    213          

   \                                 In segment CODE, align 4, keep-with-next
    214          char ADE7753_registor_block_read(char add, char size)
    215          {
   \                     ADE7753_registor_block_read:
   \   00000000   F2B5               PUSH     {R1,R4-R7,LR}
   \   00000002   0500               MOVS     R5,R0
    216            char error, lp, length;
    217            error = 0;
   \   00000004   0026               MOVS     R6,#+0
   \   00000006   0024               MOVS     R4,#+0
    218              
    219              PMclock(OFF);
   \   00000008   2000               MOVS     R0,R4
   \   0000000A   ........           _BLF     PMclock,??PMclock??rT
    220              for (lp = 0; lp < size; lp++)
   \   0000000E   17E0               B        ??ADE7753_registor_block_read_0
    221              {
    222                length = ADE_REG_LENGTH[add];
    223                if (length != 0) 
    224                {
    225          	PMenable(ON); 
   \                     ??ADE7753_registor_block_read_1:
   \   00000010   0120               MOVS     R0,#+1
   \   00000012   ........           _BLF     PMenable,??PMenable??rT
    226          	add &= 0x3F;
   \   00000016   AD06               LSLS     R5,R5,#+26
   \   00000018   AD0E               LSRS     R5,R5,#+26
    227                  ADE7753_add_write(add);
   \   0000001A   2800               MOVS     R0,R5
   \   0000001C   ........           BL       ADE7753_add_write
    228                  delay_us(5);
   \   00000020   0520               MOVS     R0,#+5
   \   00000022   ........           _BLF     delay_us,??delay_us??rT
    229                  iADEregistor[add] = ADE7753_read(length);
   \   00000026   3800               MOVS     R0,R7
   \   00000028   ........           BL       ADE7753_read
   \   0000002C   A900               LSLS     R1,R5,#+2
   \   0000002E   ....               LDR      R2,??DataTable5  ;; iADEregistor
   \   00000030   5050               STR      R0,[R2, R1]
    230          	PMenable(OFF);
   \   00000032   0020               MOVS     R0,#+0
   \   00000034   ........           _BLF     PMenable,??PMenable??rT
    231          	add++;
   \   00000038   6D1C               ADDS     R5,R5,#+1
    232                }
   \   0000003A   761C               ADDS     R6,R6,#+1
   \   0000003C   3606               LSLS     R6,R6,#+24
   \   0000003E   360E               LSRS     R6,R6,#+24
   \                     ??ADE7753_registor_block_read_0:
   \   00000040   6946               MOV      R1,SP
   \   00000042   0978               LDRB     R1,[R1, #+0]
   \   00000044   8E42               CMP      R6,R1
   \   00000046   06D2               BCS      ??ADE7753_registor_block_read_2
   \   00000048   2D06               LSLS     R5,R5,#+24
   \   0000004A   2D0E               LSRS     R5,R5,#+24
   \   0000004C   ....               LDR      R0,??DataTable6  ;; ADE_REG_LENGTH
   \   0000004E   475D               LDRB     R7,[R0, R5]
   \   00000050   3800               MOVS     R0,R7
   \   00000052   DDD1               BNE      ??ADE7753_registor_block_read_1
    233                else 
    234                {
    235          	error = 1;
   \   00000054   0124               MOVS     R4,#+1
    236          	break;
    237                }
    238              }
    239              PMclock(OFF);
   \                     ??ADE7753_registor_block_read_2:
   \   00000056   0020               MOVS     R0,#+0
   \   00000058   ........           _BLF     PMclock,??PMclock??rT
    240              PMenable(OFF);
   \   0000005C   0020               MOVS     R0,#+0
   \   0000005E   ........           _BLF     PMenable,??PMenable??rT
    241            return error;
   \   00000062   2000               MOVS     R0,R4
   \   00000064   F8BC               POP      {R3-R7}
   \   00000066   02BC               POP      {R1}
   \   00000068   0847               BX       R1               ;; return
    242          }
    243          

   \                                 In segment CODE, align 4, keep-with-next
    244          void ADE7753_init(void)
    245          {
   \                     ADE7753_init:
   \   00000000   30B5               PUSH     {R4,R5,LR}
    246            PMreset(ON);
   \   00000002   0120               MOVS     R0,#+1
   \   00000004   ........           _BLF     PMreset,??PMreset??rT
    247            PMenable(OFF);
   \   00000008   0020               MOVS     R0,#+0
   \   0000000A   ........           _BLF     PMenable,??PMenable??rT
    248            PMclock(OFF);
   \   0000000E   0020               MOVS     R0,#+0
   \   00000010   ........           _BLF     PMclock,??PMclock??rT
    249            PMdataout(OFF);
   \   00000014   0020               MOVS     R0,#+0
   \   00000016   ........           _BLF     PMdataout,??PMdataout??rT
    250            delay_us(1000);
   \   0000001A   FA24               MOVS     R4,#+250
   \   0000001C   A400               LSLS     R4,R4,#+2        ;; #+1000
   \   0000001E   2000               MOVS     R0,R4
   \   00000020   ........           _BLF     delay_us,??delay_us??rT
    251            PMreset(OFF);
   \   00000024   0020               MOVS     R0,#+0
   \   00000026   ........           _BLF     PMreset,??PMreset??rT
    252            sADEmode = ADE_DEFAULT_MODE;
   \   0000002A   ....               LDR      R1,??Subroutine17_0  ;; 0x8080
   \   0000002C   ....               LDR      R5,??DataTable7  ;; ReadCount
   \   0000002E   6981               STRH     R1,[R5, #+10]
    253            Error = ADE7753_registor_write(ADE_MODE, sADEmode);
   \   00000030   0920               MOVS     R0,#+9
   \   00000032   ........           BL       ADE7753_registor_write
   \   00000036   6871               STRB     R0,[R5, #+5]
    254            iIrmsOffset =  IRMS_OFFSET;
   \   00000038   ....               LDR      R0,??Subroutine17_0+0x4  ;; 0x41d0
   \   0000003A   6861               STR      R0,[R5, #+20]
    255            iVrmsOffset = VRMS_OFFSET;
   \   0000003C   0021               MOVS     R1,#+0
   \   0000003E   E961               STR      R1,[R5, #+28]
    256            iIrmsDivider = IRMS_DIVIDER;
   \   00000040   2861               STR      R0,[R5, #+16]
    257            iVrmsDivider = VRMS_DIVIDER;
   \   00000042   ....               LDR      R0,??DataTable8  ;; 0x2260
   \   00000044   A861               STR      R0,[R5, #+24]
    258            iActiveDivider = ACTIVE_DIVIDER;
   \   00000046   2C62               STR      R4,[R5, #+32]
    259            iSecretCode = SECRET_CODE;
   \   00000048   ....               LDR      R0,??Subroutine17_0+0x8  ;; 0x258036
   \   0000004A   E860               STR      R0,[R5, #+12]
    260          }
   \   0000004C                      REQUIRE ?Subroutine17
   \   0000004C                      ;; // Fall through to label ?Subroutine17
    261          
    262          // ADE7753 Execute step define
    263          #define	ADJ_MAIN	50
    264          #define	AMP_GAIN   	100
    265          #define	AMP_GAIN_ERR	150
    266          #define	AMP_OFFSET      200
    267          #define	VOLT_GAIN       300
    268          #define	VOLT_GAIN_ERR	350
    269          #define	POWER_GAIN      500
    270          #define	POWER_GAIN_ERR  550
    271          #define	SECRET_CHANGE	700
    272          #define	FACTORY_SET	800
    273          #define	ADE7753_MONIT	900
    274          
    275          int iAdj, iAdj1, iAdj0;
    276          int iRef, iRef1, iRef0;

   \                                 In segment CODE, align 4, keep-with-next
    277          void meter_calibrate_function(void)
    278          {
   \                     meter_calibrate_function:
   \   00000000   F0B5               PUSH     {R4-R7,LR}
   \   00000002   89B0               SUB      SP,SP,#+36
    279           //unsigned char lp;
    280          
    281           switch (sExecStep)
   \   00000004   C64C               LDR      R4,??meter_calibrate_function_0  ;; ReadCount
   \   00000006   206C               LDR      R0,[R4, #+64]
   \   00000008   0A21               MOVS     R1,#+10
   \   0000000A   4843               MULS     R0,R1,R0
   \   0000000C   616C               LDR      R1,[R4, #+68]
   \   0000000E   4018               ADDS     R0,R0,R1
   \   00000010   0390               STR      R0,[SP, #+12]
   \   00000012   C448               LDR      R0,??meter_calibrate_function_0+0x4  ;; KeyValue
   \   00000014   0068               LDR      R0,[R0, #+0]
   \   00000016   0007               LSLS     R0,R0,#+28
   \   00000018   000F               LSRS     R0,R0,#+28
   \   0000001A   0190               STR      R0,[SP, #+4]
   \   0000001C   6846               MOV      R0,SP
   \   0000001E   C249               LDR      R1,??meter_calibrate_function_0+0x8  ;; sCurPos
   \   00000020   0022               MOVS     R2,#+0
   \   00000022   895E               LDRSH    R1,[R1, R2]
   \   00000024   491C               ADDS     R1,R1,#+1
   \   00000026   4180               STRH     R1,[R0, #+2]
   \   00000028   BE48               LDR      R0,??meter_calibrate_function_0+0x4  ;; KeyValue
   \   0000002A   0068               LDR      R0,[R0, #+0]
   \   0000002C   0109               LSRS     R1,R0,#+4
   \   0000002E   BF4D               LDR      R5,??meter_calibrate_function_0+0xC  ;; sExecStep
   \   00000030   6846               MOV      R0,SP
   \   00000032   2A88               LDRH     R2,[R5, #+0]
   \   00000034   521C               ADDS     R2,R2,#+1
   \   00000036   0280               STRH     R2,[R0, #+0]
   \   00000038   BD4E               LDR      R6,??meter_calibrate_function_0+0x10  ;; ADE_REG_LENGTH
   \   0000003A   F020               MOVS     R0,#+240
   \   0000003C   8000               LSLS     R0,R0,#+2        ;; #+960
   \   0000003E   3018               ADDS     R0,R6,R0
   \   00000040   0490               STR      R0,[SP, #+16]
   \   00000042   E620               MOVS     R0,#+230
   \   00000044   8000               LSLS     R0,R0,#+2        ;; #+920
   \   00000046   3018               ADDS     R0,R6,R0
   \   00000048   0290               STR      R0,[SP, #+8]
   \   0000004A   E720               MOVS     R0,#+231
   \   0000004C   C000               LSLS     R0,R0,#+3        ;; #+1848
   \   0000004E   3018               ADDS     R0,R6,R0
   \   00000050   0590               STR      R0,[SP, #+20]
   \   00000052   E520               MOVS     R0,#+229
   \   00000054   C000               LSLS     R0,R0,#+3        ;; #+1832
   \   00000056   3018               ADDS     R0,R6,R0
   \   00000058   0690               STR      R0,[SP, #+24]
   \   0000005A   E320               MOVS     R0,#+227
   \   0000005C   C000               LSLS     R0,R0,#+3        ;; #+1816
   \   0000005E   3018               ADDS     R0,R6,R0
   \   00000060   0790               STR      R0,[SP, #+28]
   \   00000062   D420               MOVS     R0,#+212
   \   00000064   4000               LSLS     R0,R0,#+1        ;; #+424
   \   00000066   3018               ADDS     R0,R6,R0
   \   00000068   0890               STR      R0,[SP, #+32]
   \   0000006A   B248               LDR      R0,??meter_calibrate_function_0+0x14  ;; bPushKey
   \   0000006C   0078               LDRB     R0,[R0, #+0]
   \   0000006E   B24F               LDR      R7,??meter_calibrate_function_0+0x18  ;; DelayStep
   \   00000070   2A88               LDRH     R2,[R5, #+0]
   \   00000072   002A               CMP      R2,#+0
   \   00000074   ....               BNE      .+5
   \   00000076   B3E0               B        ??meter_calibrate_function_1
   \   00000078   521E               SUBS     R2,R2,#+1
   \   0000007A   ....               BNE      .+5
   \   0000007C   B7E0               B        ??meter_calibrate_function_2
   \   0000007E   521E               SUBS     R2,R2,#+1
   \   00000080   76D0               BEQ      ??meter_calibrate_function_3
   \   00000082   521E               SUBS     R2,R2,#+1
   \   00000084   ....               BNE      .+5
   \   00000086   CFE0               B        ??meter_calibrate_function_4
   \   00000088   521E               SUBS     R2,R2,#+1
   \   0000008A   ....               BNE      .+5
   \   0000008C   E8E0               B        ??meter_calibrate_function_5
   \   0000008E   521E               SUBS     R2,R2,#+1
   \   00000090   ....               BNE      .+5
   \   00000092   F1E0               B        ??meter_calibrate_function_6
   \   00000094   521E               SUBS     R2,R2,#+1
   \   00000096   ....               BNE      .+5
   \   00000098   FBE0               B        ??meter_calibrate_function_7
   \   0000009A   2C3A               SUBS     R2,R2,#+44
   \   0000009C   ....               BNE      .+5
   \   0000009E   00E1               B        ??meter_calibrate_function_8
   \   000000A0   521E               SUBS     R2,R2,#+1
   \   000000A2   ....               BNE      .+5
   \   000000A4   27E1               B        ??meter_calibrate_function_9
   \   000000A6   313A               SUBS     R2,R2,#+49
   \   000000A8   ....               BNE      .+5
   \   000000AA   65E1               B        ??meter_calibrate_function_10
   \   000000AC   521E               SUBS     R2,R2,#+1
   \   000000AE   20D0               BEQ      ??meter_calibrate_function_11
   \   000000B0   521E               SUBS     R2,R2,#+1
   \   000000B2   ....               BNE      .+5
   \   000000B4   93E1               B        ??meter_calibrate_function_12
   \   000000B6   521E               SUBS     R2,R2,#+1
   \   000000B8   21D0               BEQ      ??meter_calibrate_function_13
   \   000000BA   521E               SUBS     R2,R2,#+1
   \   000000BC   ....               BNE      .+5
   \   000000BE   C7E1               B        ??meter_calibrate_function_14
   \   000000C0   521E               SUBS     R2,R2,#+1
   \   000000C2   ....               BNE      .+5
   \   000000C4   E0E1               B        ??meter_calibrate_function_15
   \   000000C6   521E               SUBS     R2,R2,#+1
   \   000000C8   ....               BNE      .+5
   \   000000CA   FBE1               B        ??meter_calibrate_function_16
   \   000000CC   521E               SUBS     R2,R2,#+1
   \   000000CE   ....               BNE      .+5
   \   000000D0   0CE2               B        ??meter_calibrate_function_17
   \   000000D2   2B3A               SUBS     R2,R2,#+43
   \   000000D4   ....               BNE      .+5
   \   000000D6   18E2               B        ??meter_calibrate_function_18
   \   000000D8   521E               SUBS     R2,R2,#+1
   \   000000DA   ....               BNE      .+5
   \   000000DC   22E2               B        ??meter_calibrate_function_19
   \   000000DE   313A               SUBS     R2,R2,#+49
   \   000000E0   ....               BNE      .+5
   \   000000E2   2FE2               B        ??meter_calibrate_function_20
   \   000000E4   521E               SUBS     R2,R2,#+1
   \   000000E6   ....               BNE      .+5
   \   000000E8   36E2               B        ??meter_calibrate_function_21
   \   000000EA   633A               SUBS     R2,R2,#+99
   \   000000EC   ....               BNE      .+5
   \   000000EE   3AE2               B        ??meter_calibrate_function_22
   \   000000F0   521E               SUBS     R2,R2,#+1
   \                     ??meter_calibrate_function_11:
   \   000000F2   ....               BNE      .+5
   \   000000F4   6AE1               B        ??meter_calibrate_function_23
   \   000000F6   521E               SUBS     R2,R2,#+1
   \   000000F8   ....               BNE      .+5
   \   000000FA   61E2               B        ??meter_calibrate_function_24
   \   000000FC   521E               SUBS     R2,R2,#+1
   \                     ??meter_calibrate_function_13:
   \   000000FE   ....               BNE      .+5
   \   00000100   8BE1               B        ??meter_calibrate_function_25
   \   00000102   521E               SUBS     R2,R2,#+1
   \   00000104   ....               BNE      .+5
   \   00000106   6DE2               B        ??meter_calibrate_function_26
   \   00000108   521E               SUBS     R2,R2,#+1
   \   0000010A   ....               BNE      .+5
   \   0000010C   86E2               B        ??meter_calibrate_function_27
   \   0000010E   521E               SUBS     R2,R2,#+1
   \   00000110   ....               BNE      .+5
   \   00000112   A1E2               B        ??meter_calibrate_function_28
   \   00000114   521E               SUBS     R2,R2,#+1
   \   00000116   ....               BNE      .+5
   \   00000118   C8E2               B        ??meter_calibrate_function_29
   \   0000011A   2B3A               SUBS     R2,R2,#+43
   \   0000011C   ....               BNE      .+5
   \   0000011E   D6E2               B        ??meter_calibrate_function_30
   \   00000120   521E               SUBS     R2,R2,#+1
   \   00000122   ....               BNE      .+5
   \   00000124   E0E2               B        ??meter_calibrate_function_31
   \   00000126   953A               SUBS     R2,R2,#+149
   \   00000128   ....               BNE      .+5
   \   0000012A   E8E2               B        ??meter_calibrate_function_32
   \   0000012C   521E               SUBS     R2,R2,#+1
   \   0000012E   ....               BNE      .+5
   \   00000130   0EE3               B        ??meter_calibrate_function_33
   \   00000132   521E               SUBS     R2,R2,#+1
   \   00000134   ....               BNE      .+5
   \   00000136   14E3               B        ??meter_calibrate_function_34
   \   00000138   521E               SUBS     R2,R2,#+1
   \   0000013A   ....               BNE      .+5
   \   0000013C   23E3               B        ??meter_calibrate_function_35
   \   0000013E   521E               SUBS     R2,R2,#+1
   \   00000140   ....               BNE      .+5
   \   00000142   34E3               B        ??meter_calibrate_function_36
   \   00000144   521E               SUBS     R2,R2,#+1
   \   00000146   ....               BNE      .+5
   \   00000148   45E3               B        ??meter_calibrate_function_37
   \   0000014A   521E               SUBS     R2,R2,#+1
   \   0000014C   ....               BNE      .+5
   \   0000014E   54E3               B        ??meter_calibrate_function_38
   \   00000150   521E               SUBS     R2,R2,#+1
   \   00000152   ....               BNE      .+5
   \   00000154   86E3               B        ??meter_calibrate_function_39
   \   00000156   521E               SUBS     R2,R2,#+1
   \   00000158   ....               BNE      .+5
   \   0000015A   98E3               B        ??meter_calibrate_function_40
   \   0000015C   2A3A               SUBS     R2,R2,#+42
   \   0000015E   ....               BNE      .+5
   \   00000160   A4E3               B        ??meter_calibrate_function_41
   \   00000162   521E               SUBS     R2,R2,#+1
   \   00000164   ....               BNE      .+5
   \   00000166   AEE3               B        ??meter_calibrate_function_42
   \   00000168   953A               SUBS     R2,R2,#+149
   \   0000016A   ....               BNE      .+5
   \   0000016C   C9E3               B        ??meter_calibrate_function_43
   \   0000016E   521E               SUBS     R2,R2,#+1
   \                     ??meter_calibrate_function_3:
   \   00000170   4DD0               BEQ      ??meter_calibrate_function_44
   \   00000172   521E               SUBS     R2,R2,#+1
   \   00000174   ....               BNE      .+5
   \   00000176   D6E3               B        ??meter_calibrate_function_45
   \   00000178   521E               SUBS     R2,R2,#+1
   \   0000017A   ....               BNE      .+7
   \   0000017C   00F0E4FB           BL       ??meter_calibrate_function_46
   \   00000180   521E               SUBS     R2,R2,#+1
   \   00000182   ....               BNE      .+7
   \   00000184   00F0EBFB           BL       ??meter_calibrate_function_47
   \   00000188   603A               SUBS     R2,R2,#+96
   \   0000018A   ....               BNE      .+5
   \   0000018C   A6E3               B        ??meter_calibrate_function_48
   \   0000018E   521E               SUBS     R2,R2,#+1
   \   00000190   ....               BNE      .+5
   \   00000192   AEE3               B        ??meter_calibrate_function_49
   \   00000194   694B               LDR      R3,??meter_calibrate_function_0+0x1C  ;; 0x4af
   \   00000196   D21A               SUBS     R2,R2,R3
   \   00000198   ....               BNE      .+7
   \   0000019A   00F0ECFB           BL       ??meter_calibrate_function_50
   \   0000019E   521E               SUBS     R2,R2,#+1
   \   000001A0   ....               BNE      .+7
   \   000001A2   00F00FFC           BL       ??meter_calibrate_function_51
   \   000001A6   521E               SUBS     R2,R2,#+1
   \   000001A8   ....               BNE      .+7
   \   000001AA   00F01BFC           BL       ??meter_calibrate_function_52
   \   000001AE   521E               SUBS     R2,R2,#+1
   \   000001B0   ....               BNE      .+7
   \   000001B2   00F01CFC           BL       ??meter_calibrate_function_53
   \   000001B6   521E               SUBS     R2,R2,#+1
   \   000001B8   ....               BNE      .+7
   \   000001BA   00F01FFC           BL       ??meter_calibrate_function_54
   \   000001BE   521E               SUBS     R2,R2,#+1
   \   000001C0   ....               BNE      .+7
   \   000001C2   00F020FC           BL       ??meter_calibrate_function_55
   \   000001C6   521E               SUBS     R2,R2,#+1
   \   000001C8   ....               BNE      .+7
   \   000001CA   00F037FC           BL       ??meter_calibrate_function_56
   \   000001CE   121F               SUBS     R2,R2,#+4
   \   000001D0   ....               BNE      .+7
   \   000001D2   00F045FC           BL       ??meter_calibrate_function_57
   \   000001D6   521E               SUBS     R2,R2,#+1
   \   000001D8   ....               BNE      .+7
   \   000001DA   00F04BFC           BL       ??meter_calibrate_function_58
   \   000001DE   93E0               B        ??meter_calibrate_function_59
    282           {   
    283           case 0:
    284              display_mode(0);
   \                     ??meter_calibrate_function_1:
   \   000001E0   0020               MOVS     R0,#+0
   \   000001E2   ........           _BLF     display_mode,??display_mode??rT
    285              sExecStep++;
   \                     ??meter_calibrate_function_60:
   \   000001E6   2888               LDRH     R0,[R5, #+0]
   \   000001E8   401C               ADDS     R0,R0,#+1
   \                     ??meter_calibrate_function_61:
   \   000001EA   2880               STRH     R0,[R5, #+0]
    286              return;
   \   000001EC   8CE0               B        ??meter_calibrate_function_59
    287           
    288           case 1:
    289             DelayStep = 0;
   \                     ??meter_calibrate_function_2:
   \   000001EE   0020               MOVS     R0,#+0
   \   000001F0   3870               STRB     R0,[R7, #+0]
    290             screen_clear();
   \   000001F2   ........           _BLF     screen_clear,??screen_clear??rT
    291             printf("< METER Calibrate >");
   \   000001F6   0298               LDR      R0,[SP, #+8]
   \   000001F8   ........           _BLF     printf,??printf??rT
    292             printf("\n>Input Secret Code");
   \   000001FC   EB20               MOVS     R0,#+235
   \   000001FE   8000               LSLS     R0,R0,#+2        ;; #+940
   \   00000200   3018               ADDS     R0,R6,R0
   \   00000202   ........           _BLF     printf,??printf??rT
    293             printf("\n>******");
   \   00000206   0498               LDR      R0,[SP, #+16]
   \   00000208   ........           _BLF     printf,??printf??rT
    294             sExecStep++;
   \   0000020C   EBE7               B.N      ??meter_calibrate_function_60
    295             return;
    296             
    297           case 2:
    298             keyin_start(6);
   \                     ??meter_calibrate_function_44:
   \   0000020E   0620               MOVS     R0,#+6
   \   00000210   ........           _BLF     keyin_start,??keyin_start??rT
    299             sCurPos -= 6;
   \   00000214   4448               LDR      R0,??meter_calibrate_function_0+0x8  ;; sCurPos
   \   00000216   4449               LDR      R1,??meter_calibrate_function_0+0x8  ;; sCurPos
   \   00000218   0022               MOVS     R2,#+0
   \   0000021A   895E               LDRSH    R1,[R1, R2]
   \   0000021C   891F               SUBS     R1,R1,#+6
   \   0000021E   0180               STRH     R1,[R0, #+0]
    300             sExecStep++;
   \   00000220   2888               LDRH     R0,[R5, #+0]
   \   00000222   401C               ADDS     R0,R0,#+1
   \                     ??meter_calibrate_function_62:
   \   00000224   2880               STRH     R0,[R5, #+0]
    301             return;
   \   00000226   6FE0               B        ??meter_calibrate_function_59
    302             
    303           case 3:
    304             if (DEC_KEY)
   \                     ??meter_calibrate_function_4:
   \   00000228   3028               CMP      R0,#+48
   \   0000022A   0CD3               BCC      ??meter_calibrate_function_63
   \   0000022C   3A28               CMP      R0,#+58
   \   0000022E   0DD2               BCS      ??meter_calibrate_function_64
    305             {
    306               if(key_input_bcd() == 0) sExecStep++;
   \   00000230   ........           _BLF     key_input_bcd,??key_input_bcd??rT
   \   00000234   0028               CMP      R0,#+0
   \   00000236   02D1               BNE      ??meter_calibrate_function_65
   \   00000238   2888               LDRH     R0,[R5, #+0]
   \   0000023A   401C               ADDS     R0,R0,#+1
   \   0000023C   2880               STRH     R0,[R5, #+0]
    307               printf("*");
   \                     ??meter_calibrate_function_65:
   \   0000023E   40A0               ADR      R0,??meter_calibrate_function_0+0x20  ;; "*"
   \   00000240   ........           _BLF     printf,??printf??rT
   \   00000244   60E0               B        ??meter_calibrate_function_59
    308             }
    309             else if (ENTER_KEY) execmode_change(MAIN_MENU);
   \                     ??meter_calibrate_function_63:
   \   00000246   0D28               CMP      R0,#+13
   \   00000248   02D1               BNE      ??meter_calibrate_function_66
   \   0000024A   07E0               B.N      ??meter_calibrate_function_67
    310             else if (MENU_KEY) execmode_change(MAIN_MENU);
   \                     ??meter_calibrate_function_64:
   \   0000024C   6128               CMP      R0,#+97
   \   0000024E   05D0               BEQ      ??meter_calibrate_function_67
    311             else  if (step_delay(SEC_1<<3)) execmode_change(MAIN_MENU); 
   \                     ??meter_calibrate_function_66:
   \   00000250   FA20               MOVS     R0,#+250
   \   00000252   0001               LSLS     R0,R0,#+4        ;; #+4000
   \   00000254   ........           _BLF     step_delay,??step_delay??rT
   \   00000258   0028               CMP      R0,#+0
   \   0000025A   55D0               BEQ      ??meter_calibrate_function_59
   \                     ??meter_calibrate_function_67:
   \   0000025C   00F010FC           BL       ??meter_calibrate_function_68
    312             return;
    313             
    314           case 4:
    315             if (KeyValue == iSecretCode)
   \                     ??meter_calibrate_function_5:
   \   00000260   3048               LDR      R0,??meter_calibrate_function_0+0x4  ;; KeyValue
   \   00000262   0068               LDR      R0,[R0, #+0]
   \   00000264   E168               LDR      R1,[R4, #+12]
   \   00000266   8842               CMP      R0,R1
   \   00000268   03D1               BNE      ??meter_calibrate_function_69
    316             {
    317               AdjEnable = 1;
   \   0000026A   0120               MOVS     R0,#+1
   \   0000026C   E070               STRB     R0,[R4, #+3]
    318               sExecStep = ADJ_MAIN;
   \   0000026E   3220               MOVS     R0,#+50
   \   00000270   BBE7               B.N      ??meter_calibrate_function_61
    319             }
    320             else sExecStep++;
   \                     ??meter_calibrate_function_69:
   \   00000272   6846               MOV      R0,SP
   \   00000274   0088               LDRH     R0,[R0, #+0]
   \   00000276   D5E7               B.N      ??meter_calibrate_function_62
    321             return;
    322             
    323           case 5:
    324             printf("\n>Invalid code..");
   \                     ??meter_calibrate_function_6:
   \   00000278   F320               MOVS     R0,#+243
   \   0000027A   8000               LSLS     R0,R0,#+2        ;; #+972
   \   0000027C   3018               ADDS     R0,R6,R0
   \   0000027E   ........           _BLF     printf,??printf??rT
    325             printf("\n>Please Retry..");
   \   00000282   F820               MOVS     R0,#+248
   \   00000284   8000               LSLS     R0,R0,#+2        ;; #+992
   \   00000286   3018               ADDS     R0,R6,R0
   \   00000288   ........           _BLF     printf,??printf??rT
    326             sExecStep++;
   \   0000028C   2888               LDRH     R0,[R5, #+0]
   \   0000028E   401C               ADDS     R0,R0,#+1
   \   00000290   ABE7               B.N      ??meter_calibrate_function_61
    327             return;
    328           
    329           case 6:
    330             if (step_delay(SEC_1<<1)) sExecStep = 1; 
   \                     ??meter_calibrate_function_7:
   \   00000292   FA20               MOVS     R0,#+250
   \   00000294   8000               LSLS     R0,R0,#+2        ;; #+1000
   \   00000296   ........           _BLF     step_delay,??step_delay??rT
   \   0000029A   0028               CMP      R0,#+0
   \   0000029C   34D0               BEQ      ??meter_calibrate_function_59
   \   0000029E   0120               MOVS     R0,#+1
   \   000002A0   A3E7               B.N      ??meter_calibrate_function_61
    331             return;
    332             
    333           case ADJ_MAIN:
    334             DelayStep = 0;
   \                     ??meter_calibrate_function_8:
   \   000002A2   0020               MOVS     R0,#+0
   \   000002A4   3870               STRB     R0,[R7, #+0]
    335             screen_clear();
   \   000002A6   ........           _BLF     screen_clear,??screen_clear??rT
    336             printf("< METER Calibrate >");
   \   000002AA   0298               LDR      R0,[SP, #+8]
   \   000002AC   ........           _BLF     printf,??printf??rT
    337             printf("\n1:Amp. Calibrate ");
   \   000002B0   FD20               MOVS     R0,#+253
   \   000002B2   8000               LSLS     R0,R0,#+2        ;; #+1012
   \   000002B4   3018               ADDS     R0,R6,R0
   \   000002B6   ........           _BLF     printf,??printf??rT
    338             printf("\n2:Volt Calibrate ");
   \   000002BA   8120               MOVS     R0,#+129
   \   000002BC   C000               LSLS     R0,R0,#+3        ;; #+1032
   \   000002BE   3018               ADDS     R0,R6,R0
   \   000002C0   ........           _BLF     printf,??printf??rT
    339             printf("\n3:Power Calibrate");
   \   000002C4   1F48               LDR      R0,??meter_calibrate_function_0+0x24  ;; 0x41c
   \   000002C6   3018               ADDS     R0,R6,R0
   \   000002C8   ........           _BLF     printf,??printf??rT
    340             printf("\n5:Factory Setting");
   \   000002CC   8620               MOVS     R0,#+134
   \   000002CE   C000               LSLS     R0,R0,#+3        ;; #+1072
   \   000002D0   3018               ADDS     R0,R6,R0
   \   000002D2   ........           _BLF     printf,??printf??rT
    341             printf("\n6:Secret no Change");
   \   000002D6   1C48               LDR      R0,??meter_calibrate_function_0+0x28  ;; 0x444
   \   000002D8   3018               ADDS     R0,R6,R0
   \   000002DA   ........           _BLF     printf,??printf??rT
    342             printf("\n9:Parameter Save ");
   \   000002DE   8B20               MOVS     R0,#+139
   \   000002E0   C000               LSLS     R0,R0,#+3        ;; #+1112
   \   000002E2   3018               ADDS     R0,R6,R0
   \   000002E4   ........           _BLF     printf,??printf??rT
    343             printf("\n[MENU]:goto MAIN");
   \   000002E8   1848               LDR      R0,??meter_calibrate_function_0+0x2C  ;; 0x46c
   \   000002EA   3018               ADDS     R0,R6,R0
   \   000002EC   ........           _BLF     printf,??printf??rT
    344             sExecStep++;
   \   000002F0   2888               LDRH     R0,[R5, #+0]
   \   000002F2   401C               ADDS     R0,R0,#+1
   \   000002F4   96E7               B.N      ??meter_calibrate_function_62
    345             return;
    346             
    347            case ADJ_MAIN+1:
    348            if (bPushKey == '1') sExecStep = AMP_GAIN;
   \                     ??meter_calibrate_function_9:
   \   000002F6   3128               CMP      R0,#+49
   \   000002F8   01D1               BNE      ??meter_calibrate_function_70
   \                     ??meter_calibrate_function_71:
   \   000002FA   6420               MOVS     R0,#+100
   \   000002FC   75E7               B.N      ??meter_calibrate_function_61
    349              else if (bPushKey == '2') sExecStep = VOLT_GAIN;
   \                     ??meter_calibrate_function_70:
   \   000002FE   3228               CMP      R0,#+50
   \   00000300   03D1               BNE      ??meter_calibrate_function_72
   \                     ??meter_calibrate_function_73:
   \   00000302   9620               MOVS     R0,#+150
   \   00000304   4000               LSLS     R0,R0,#+1        ;; #+300
   \                     ??meter_calibrate_function_74:
   \   00000306   2880               STRH     R0,[R5, #+0]
   \                     ??meter_calibrate_function_59:
   \   00000308   BDE3               B        ??meter_calibrate_function_75
    350              else if (bPushKey == '3') sExecStep = POWER_GAIN;
   \                     ??meter_calibrate_function_72:
   \   0000030A   3328               CMP      R0,#+51
   \   0000030C   02D1               BNE      ??meter_calibrate_function_76
   \                     ??meter_calibrate_function_77:
   \   0000030E   FA20               MOVS     R0,#+250
   \   00000310   4000               LSLS     R0,R0,#+1        ;; #+500
   \   00000312   6AE7               B.N      ??meter_calibrate_function_61
    351              else if (bPushKey == '5') sExecStep = FACTORY_SET;
   \                     ??meter_calibrate_function_76:
   \   00000314   3528               CMP      R0,#+53
   \   00000316   1BD1               BNE      ??meter_calibrate_function_78
   \   00000318   C820               MOVS     R0,#+200
   \   0000031A   8000               LSLS     R0,R0,#+2        ;; #+800
   \   0000031C   82E7               B.N      ??meter_calibrate_function_62
   \   0000031E   C046               Nop      
   \                     ??meter_calibrate_function_0:
   \   00000320   ........           DC32     ReadCount
   \   00000324   ........           DC32     KeyValue
   \   00000328   ........           DC32     sCurPos
   \   0000032C   ........           DC32     sExecStep
   \   00000330   ........           DC32     ADE_REG_LENGTH
   \   00000334   ........           DC32     bPushKey
   \   00000338   ........           DC32     DelayStep
   \   0000033C   AF040000           DC32     0x4af
   \   00000340   2A000000           DC8      "*",+0,+0
   \   00000344   1C040000           DC32     0x41c
   \   00000348   44040000           DC32     0x444
   \   0000034C   6C040000           DC32     0x46c
    352              else if (bPushKey == '6') sExecStep = SECRET_CHANGE;
   \                     ??meter_calibrate_function_78:
   \   00000350   3628               CMP      R0,#+54
   \   00000352   02D1               BNE      ??meter_calibrate_function_79
   \   00000354   AF20               MOVS     R0,#+175
   \   00000356   8000               LSLS     R0,R0,#+2        ;; #+700
   \   00000358   47E7               B.N      ??meter_calibrate_function_61
    353              else if (bPushKey == '9') sExecStep = PARAMETER_SAVE;
   \                     ??meter_calibrate_function_79:
   \   0000035A   3928               CMP      R0,#+57
   \   0000035C   02D1               BNE      ??meter_calibrate_function_80
   \   0000035E   FA20               MOVS     R0,#+250
   \   00000360   C000               LSLS     R0,R0,#+3        ;; #+2000
   \   00000362   D0E7               B.N      ??meter_calibrate_function_74
    354              else if (MENU_KEY) execmode_change(MAIN_MENU);
   \                     ??meter_calibrate_function_80:
   \   00000364   6128               CMP      R0,#+97
   \   00000366   ....               BNE      .+5
   \   00000368   8AE3               B        ??meter_calibrate_function_68
    355              else if (step_delay(SEC_1*30)) execmode_change(POWER_METER);
   \   0000036A   C548               LDR      R0,??meter_calibrate_function_81  ;; 0x3a98
   \   0000036C   ........           _BLF     step_delay,??step_delay??rT
   \   00000370   0028               CMP      R0,#+0
   \   00000372   C9D0               BEQ      ??meter_calibrate_function_59
   \   00000374   0120               MOVS     R0,#+1
   \   00000376   84E3               B.N      ??meter_calibrate_function_82
    356              return;
    357             
    358          /*************************/
    359          /* Irms gain calibrate   */
    360          /*************************/
    361           case AMP_GAIN:
    362             DelayStep = 0;
   \                     ??meter_calibrate_function_10:
   \   00000378   0020               MOVS     R0,#+0
   \   0000037A   3870               STRB     R0,[R7, #+0]
    363             screen_clear();
   \   0000037C   ........           _BLF     screen_clear,??screen_clear??rT
    364             iRef = iAMPrms;
   \   00000380   E26D               LDR      R2,[R4, #+92]
   \   00000382   A264               STR      R2,[R4, #+72]
    365             iRef1 = iRef / 10;
   \   00000384   1000               MOVS     R0,R2
   \   00000386   0A21               MOVS     R1,#+10
   \   00000388   ........           _BLF     ??div32_t,??rT??div32_t
   \   0000038C   E164               STR      R1,[R4, #+76]
    366             iRef0 = iRef % 10;
   \   0000038E   1000               MOVS     R0,R2
   \   00000390   0A21               MOVS     R1,#+10
   \   00000392   ........           _BLF     ??div32_t,??rT??div32_t
   \   00000396   2065               STR      R0,[R4, #+80]
    367             printf(">Amp. Calibrate");
   \   00000398   9020               MOVS     R0,#+144
   \   0000039A   C000               LSLS     R0,R0,#+3        ;; #+1152
   \   0000039C   3018               ADDS     R0,R6,R0
   \   0000039E   ........           _BLF     printf,??printf??rT
    368             printf("\n>NOW:[%03d.%01d]A", iRef1, iRef0);  
   \   000003A2   226D               LDR      R2,[R4, #+80]
   \   000003A4   E16C               LDR      R1,[R4, #+76]
   \   000003A6   9220               MOVS     R0,#+146
   \   000003A8   C000               LSLS     R0,R0,#+3        ;; #+1168
   \   000003AA   3018               ADDS     R0,R6,R0
   \   000003AC   ........           _BLF     printf,??printf??rT
    369             printf("\n>Cal:[%03d.%01d]A", iRef1, iRef0);
   \   000003B0   226D               LDR      R2,[R4, #+80]
   \   000003B2   E16C               LDR      R1,[R4, #+76]
   \   000003B4   B348               LDR      R0,??meter_calibrate_function_81+0x4  ;; 0x4a4
   \   000003B6   3018               ADDS     R0,R6,R0
   \   000003B8   ........           _BLF     printf,??printf??rT
    370             if (iRef >= 100) sExecStep++;
   \   000003BC   A06C               LDR      R0,[R4, #+72]
   \   000003BE   6428               CMP      R0,#+100
   \   000003C0   02DB               BLT      ??meter_calibrate_function_83
   \   000003C2   2888               LDRH     R0,[R5, #+0]
   \   000003C4   401C               ADDS     R0,R0,#+1
   \   000003C6   10E7               B.N      ??meter_calibrate_function_61
    371              else sExecStep = AMP_GAIN_ERR; 
   \                     ??meter_calibrate_function_83:
   \   000003C8   9620               MOVS     R0,#+150
   \   000003CA   2BE7               B.N      ??meter_calibrate_function_62
    372             return;
    373          
    374           case AMP_GAIN+1:
    375             keyin_start(3);
   \                     ??meter_calibrate_function_23:
   \   000003CC   0320               MOVS     R0,#+3
   \   000003CE   ........           _BLF     keyin_start,??keyin_start??rT
    376             set_cursor_h(6);
   \   000003D2   0620               MOVS     R0,#+6
   \   000003D4   ........           _BLF     set_cursor_h,??set_cursor_h??rT
    377             sExecStep++;
   \   000003D8   2888               LDRH     R0,[R5, #+0]
   \   000003DA   401C               ADDS     R0,R0,#+1
   \   000003DC   05E7               B.N      ??meter_calibrate_function_61
    378             return;
    379           
    380           case AMP_GAIN+2:
    381             if (DEC_KEY)
   \                     ??meter_calibrate_function_12:
   \   000003DE   3028               CMP      R0,#+48
   \   000003E0   0ED3               BCC      ??meter_calibrate_function_84
   \   000003E2   3A28               CMP      R0,#+58
   \   000003E4   15D2               BCS      ??meter_calibrate_function_85
    382             {
    383               if(key_input_bcd() == 0) sExecStep++;
   \                     ??meter_calibrate_function_86:
   \   000003E6   ........           _BLF     key_input_bcd,??key_input_bcd??rT
   \   000003EA   0028               CMP      R0,#+0
   \   000003EC   02D1               BNE      ??meter_calibrate_function_87
   \   000003EE   2888               LDRH     R0,[R5, #+0]
   \   000003F0   401C               ADDS     R0,R0,#+1
   \   000003F2   2880               STRH     R0,[R5, #+0]
    384               printf("%1c", bPushKey);
   \                     ??meter_calibrate_function_87:
   \   000003F4   A448               LDR      R0,??meter_calibrate_function_81+0x8  ;; bPushKey
   \   000003F6   0178               LDRB     R1,[R0, #+0]
   \   000003F8   A4A0               ADR      R0,??meter_calibrate_function_81+0xC  ;; "%1c"
   \   000003FA   ........           _BLF     printf,??printf??rT
   \                     ??meter_calibrate_function_88:
   \   000003FE   42E3               B        ??meter_calibrate_function_75
    385             }
    386             else if (ENTER_KEY) sExecStep = AMP_GAIN;
   \                     ??meter_calibrate_function_84:
   \   00000400   0D28               CMP      R0,#+13
   \   00000402   74D0               BEQ      ??meter_calibrate_function_89
    387             else if (MENU_KEY) sExecStep = ADJ_MAIN; 
    388             else  if (step_delay(SEC_1*10)) sExecStep = ADJ_MAIN; 
   \                     ??meter_calibrate_function_90:
   \   00000404   A248               LDR      R0,??meter_calibrate_function_81+0x10  ;; 0x1388
   \   00000406   ........           _BLF     step_delay,??step_delay??rT
   \   0000040A   0028               CMP      R0,#+0
   \   0000040C   F7D0               BEQ      ??meter_calibrate_function_88
   \   0000040E   3220               MOVS     R0,#+50
   \   00000410   EBE6               B.N      ??meter_calibrate_function_61
   \                     ??meter_calibrate_function_85:
   \   00000412   6128               CMP      R0,#+97
   \   00000414   F6D1               BNE      ??meter_calibrate_function_90
   \   00000416   3220               MOVS     R0,#+50
   \   00000418   04E7               B.N      ??meter_calibrate_function_62
    389             return;
    390           
    391           case AMP_GAIN+3:
    392             iAdj1 = KeyValue & 0x0F;
   \                     ??meter_calibrate_function_25:
   \   0000041A   0198               LDR      R0,[SP, #+4]
   \   0000041C   2064               STR      R0,[R4, #+64]
    393             KeyValue >>= 4;
   \   0000041E   9D48               LDR      R0,??meter_calibrate_function_81+0x14  ;; KeyValue
   \   00000420   0160               STR      R1,[R0, #+0]
    394             iAdj1 += (KeyValue & 0x0F) * 10;
   \   00000422   206C               LDR      R0,[R4, #+64]
   \   00000424   0A07               LSLS     R2,R1,#+28
   \   00000426   120F               LSRS     R2,R2,#+28
   \   00000428   0A23               MOVS     R3,#+10
   \   0000042A   5A43               MULS     R2,R3,R2
   \   0000042C   8018               ADDS     R0,R0,R2
   \   0000042E   2064               STR      R0,[R4, #+64]
    395             KeyValue >>= 4;
   \   00000430   0909               LSRS     R1,R1,#+4
   \   00000432   984A               LDR      R2,??meter_calibrate_function_81+0x14  ;; KeyValue
   \   00000434   1160               STR      R1,[R2, #+0]
    396             iAdj1 += (KeyValue & 0x0F) * 100;
   \   00000436   0907               LSLS     R1,R1,#+28
   \   00000438   090F               LSRS     R1,R1,#+28
   \   0000043A   6422               MOVS     R2,#+100
   \   0000043C   5143               MULS     R1,R2,R1
   \   0000043E   4018               ADDS     R0,R0,R1
   \   00000440   2064               STR      R0,[R4, #+64]
    397             sCurPos++;
   \   00000442   9548               LDR      R0,??meter_calibrate_function_81+0x18  ;; sCurPos
   \   00000444   6946               MOV      R1,SP
   \   00000446   4988               LDRH     R1,[R1, #+2]
   \   00000448   0180               STRH     R1,[R0, #+0]
    398             sExecStep++;
   \   0000044A   6846               MOV      R0,SP
   \   0000044C   0088               LDRH     R0,[R0, #+0]
   \   0000044E   CCE6               B.N      ??meter_calibrate_function_61
    399             return;
    400             
    401           case AMP_GAIN+4:
    402             if (DEC_KEY) 
   \                     ??meter_calibrate_function_14:
   \   00000450   3028               CMP      R0,#+48
   \   00000452   0CD3               BCC      ??meter_calibrate_function_91
   \   00000454   3A28               CMP      R0,#+58
   \   00000456   13D2               BCS      ??meter_calibrate_function_92
    403             {
    404               iAdj0 = ascii2hex(bPushKey);
   \   00000458   ........           _BLF     ascii2hex,??ascii2hex??rT
   \   0000045C   6064               STR      R0,[R4, #+68]
    405               printf("%1c", bPushKey);
   \   0000045E   8A48               LDR      R0,??meter_calibrate_function_81+0x8  ;; bPushKey
   \   00000460   0178               LDRB     R1,[R0, #+0]
   \   00000462   8AA0               ADR      R0,??meter_calibrate_function_81+0xC  ;; "%1c"
   \   00000464   ........           _BLF     printf,??printf??rT
    406               sExecStep++;
   \   00000468   2888               LDRH     R0,[R5, #+0]
   \   0000046A   401C               ADDS     R0,R0,#+1
   \   0000046C   4BE7               B.N      ??meter_calibrate_function_74
    407             }
    408             else if (ENTER_KEY) sExecStep = AMP_GAIN;
   \                     ??meter_calibrate_function_91:
   \   0000046E   0D28               CMP      R0,#+13
   \   00000470   3DD0               BEQ      ??meter_calibrate_function_89
    409             else if (MENU_KEY) sExecStep = ADJ_MAIN; 
    410             else  if (step_delay(SEC_1*10)) sExecStep = ADJ_MAIN; 
   \                     ??meter_calibrate_function_93:
   \   00000472   8748               LDR      R0,??meter_calibrate_function_81+0x10  ;; 0x1388
   \   00000474   ........           _BLF     step_delay,??step_delay??rT
   \   00000478   0028               CMP      R0,#+0
   \   0000047A   C0D0               BEQ      ??meter_calibrate_function_88
   \   0000047C   3220               MOVS     R0,#+50
   \   0000047E   B4E6               B.N      ??meter_calibrate_function_61
   \                     ??meter_calibrate_function_92:
   \   00000480   6128               CMP      R0,#+97
   \   00000482   F6D1               BNE      ??meter_calibrate_function_93
   \   00000484   3220               MOVS     R0,#+50
   \   00000486   CDE6               B.N      ??meter_calibrate_function_62
    411             return;
    412          
    413           case AMP_GAIN+5:
    414             iAdj = iAdj1 * 10 + iAdj0;
   \                     ??meter_calibrate_function_15:
   \   00000488   0398               LDR      R0,[SP, #+12]
   \   0000048A   E063               STR      R0,[R4, #+60]
    415             //printf("\nGain:%04d,%04d,%02d", iAdj, iAdj1, iAdj0);
    416             //printf("\nIdiv:%6d ", iIrmsDivider);
    417             iIrmsDivider = iIrmsDivider * iRef / iAdj;
   \   0000048C   2069               LDR      R0,[R4, #+16]
   \   0000048E   A16C               LDR      R1,[R4, #+72]
   \   00000490   4843               MULS     R0,R1,R0
   \   00000492   E16B               LDR      R1,[R4, #+60]
   \   00000494   ........           _BLF     ??div32_t,??rT??div32_t
   \   00000498   2161               STR      R1,[R4, #+16]
    418             //printf("->%6d\n", iVrmsDivider);
    419             iAMPrms1 = iAMPrms / 10;
   \   0000049A   E06D               LDR      R0,[R4, #+92]
   \   0000049C   0A21               MOVS     R1,#+10
   \   0000049E   ........           _BLF     ??div32_t,??rT??div32_t
   \   000004A2   0B00               MOVS     R3,R1
   \   000004A4   2366               STR      R3,[R4, #+96]
    420             iAMPrms0 = iAMPrms % 10;
   \   000004A6   E06D               LDR      R0,[R4, #+92]
   \   000004A8   0A21               MOVS     R1,#+10
   \   000004AA   ........           _BLF     ??div32_t,??rT??div32_t
   \   000004AE   6066               STR      R0,[R4, #+100]
    421             printf("\n>NEW:[%03d.%01d]A", iAMPrms1, iAMPrms0);
   \   000004B0   0200               MOVS     R2,R0
   \   000004B2   1900               MOVS     R1,R3
   \   000004B4   9720               MOVS     R0,#+151
   \   000004B6   C000               LSLS     R0,R0,#+3        ;; #+1208
   \   000004B8   3018               ADDS     R0,R6,R0
   \   000004BA   ........           _BLF     printf,??printf??rT
    422             sExecStep++;
   \   000004BE   2888               LDRH     R0,[R5, #+0]
   \   000004C0   401C               ADDS     R0,R0,#+1
   \   000004C2   92E6               B.N      ??meter_calibrate_function_61
    423             return; 
    424          
    425           case AMP_GAIN+6:
    426             iAMPrms1 = iAMPrms / 10;
   \                     ??meter_calibrate_function_16:
   \   000004C4   E06D               LDR      R0,[R4, #+92]
   \   000004C6   0A21               MOVS     R1,#+10
   \   000004C8   ........           _BLF     ??div32_t,??rT??div32_t
   \   000004CC   0B00               MOVS     R3,R1
   \   000004CE   2366               STR      R3,[R4, #+96]
    427             iAMPrms0 = iAMPrms % 10;
   \   000004D0   E06D               LDR      R0,[R4, #+92]
   \   000004D2   0A21               MOVS     R1,#+10
   \   000004D4   ........           _BLF     ??div32_t,??rT??div32_t
   \   000004D8   6066               STR      R0,[R4, #+100]
    428             printf("\r>NEW:[%03d.%01d]A", iAMPrms1, iAMPrms0);  
   \   000004DA   0200               MOVS     R2,R0
   \   000004DC   1900               MOVS     R1,R3
   \   000004DE   6F48               LDR      R0,??meter_calibrate_function_81+0x1C  ;; 0x4cc
   \   000004E0   3018               ADDS     R0,R6,R0
   \   000004E2   ........           _BLF     printf,??printf??rT
    429             sExecStep++;
   \   000004E6   2888               LDRH     R0,[R5, #+0]
   \   000004E8   401C               ADDS     R0,R0,#+1
   \   000004EA   0CE7               B.N      ??meter_calibrate_function_74
    430             return;
    431             
    432           case AMP_GAIN+7:
    433             if (ENTER_KEY) sExecStep = AMP_GAIN;
   \                     ??meter_calibrate_function_17:
   \   000004EC   0D28               CMP      R0,#+13
   \                     ??meter_calibrate_function_89:
   \   000004EE   ....               BNE      .+5
   \   000004F0   03E7               B        ??meter_calibrate_function_71
    434             else if (ANY_KEY) sExecStep = ADJ_MAIN; 
   \   000004F2   0028               CMP      R0,#+0
   \   000004F4   01D0               BEQ      ??meter_calibrate_function_94
   \   000004F6   3220               MOVS     R0,#+50
   \   000004F8   77E6               B.N      ??meter_calibrate_function_61
    435             else  if (step_delay(SEC_1)) sExecStep = AMP_GAIN+6; 
   \                     ??meter_calibrate_function_94:
   \   000004FA   FA20               MOVS     R0,#+250
   \   000004FC   4000               LSLS     R0,R0,#+1        ;; #+500
   \   000004FE   ........           _BLF     step_delay,??step_delay??rT
   \   00000502   0028               CMP      R0,#+0
   \   00000504   2ED0               BEQ      ??meter_calibrate_function_95
   \   00000506   6A20               MOVS     R0,#+106
   \   00000508   6FE6               B.N      ??meter_calibrate_function_61
    436             return;
    437             
    438           case AMP_GAIN_ERR:   
    439             display_mode(2);
   \                     ??meter_calibrate_function_18:
   \   0000050A   0220               MOVS     R0,#+2
   \   0000050C   ........           _BLF     display_mode,??display_mode??rT
    440             printf("사용전류가 10A 이상인 상태에서 교정하여 주십시요");
   \   00000510   9C20               MOVS     R0,#+156
   \   00000512   C000               LSLS     R0,R0,#+3        ;; #+1248
   \   00000514   3018               ADDS     R0,R6,R0
   \   00000516   ........           _BLF     printf,??printf??rT
    441             DelayStep = 0;
   \   0000051A   0020               MOVS     R0,#+0
   \   0000051C   3870               STRB     R0,[R7, #+0]
    442             sExecStep++;
   \   0000051E   2888               LDRH     R0,[R5, #+0]
   \   00000520   401C               ADDS     R0,R0,#+1
   \   00000522   7FE6               B.N      ??meter_calibrate_function_62
    443             return;
    444             
    445           case AMP_GAIN_ERR+1:
    446             if ((ANY_KEY)|(step_delay(SEC_1<<2))) 
   \                     ??meter_calibrate_function_19:
   \   00000524   0028               CMP      R0,#+0
   \   00000526   01D0               BEQ      ??meter_calibrate_function_96
   \   00000528   0124               MOVS     R4,#+1
   \   0000052A   00E0               B        ??meter_calibrate_function_97
   \                     ??meter_calibrate_function_96:
   \   0000052C   0024               MOVS     R4,#+0
   \                     ??meter_calibrate_function_97:
   \   0000052E   FA20               MOVS     R0,#+250
   \   00000530   C000               LSLS     R0,R0,#+3        ;; #+2000
   \   00000532   ........           _BLF     step_delay,??step_delay??rT
   \   00000536   2043               ORRS     R0,R0,R4
   \   00000538   14D0               BEQ      ??meter_calibrate_function_95
    447             {
    448               display_mode(0);
   \                     ??meter_calibrate_function_98:
   \   0000053A   0020               MOVS     R0,#+0
   \   0000053C   ........           _BLF     display_mode,??display_mode??rT
    449               sExecStep = ADJ_MAIN;
   \   00000540   3220               MOVS     R0,#+50
   \   00000542   52E6               B.N      ??meter_calibrate_function_61
    450             }
    451             return; 
    452               
    453          
    454          /*************************/
    455          /* Irms offset calibrate */
    456          /*************************/
    457           case AMP_OFFSET:
    458             display_mode(2);
   \                     ??meter_calibrate_function_20:
   \   00000544   0220               MOVS     R0,#+2
   \   00000546   ........           _BLF     display_mode,??display_mode??rT
    459             printf("출고전에 교정되었으며 이후로는 교정할 수 없습니다.");
   \   0000054A   5548               LDR      R0,??meter_calibrate_function_81+0x20  ;; 0x514
   \   0000054C   3018               ADDS     R0,R6,R0
   \   0000054E   ........           _BLF     printf,??printf??rT
    460             sExecStep++;
   \   00000552   2888               LDRH     R0,[R5, #+0]
   \   00000554   401C               ADDS     R0,R0,#+1
   \   00000556   65E6               B.N      ??meter_calibrate_function_62
    461             return;
    462          
    463           case AMP_OFFSET+1:   
    464             if (step_delay(SEC_1<<1)) 
   \                     ??meter_calibrate_function_21:
   \   00000558   FA20               MOVS     R0,#+250
   \   0000055A   8000               LSLS     R0,R0,#+2        ;; #+1000
   \   0000055C   ........           _BLF     step_delay,??step_delay??rT
   \   00000560   0028               CMP      R0,#+0
   \                     ??meter_calibrate_function_99:
   \   00000562   EAD1               BNE      ??meter_calibrate_function_98
   \                     ??meter_calibrate_function_95:
   \   00000564   8FE2               B        ??meter_calibrate_function_75
    465             {
    466               display_mode(0);
    467               sExecStep = ADJ_MAIN; 
    468             }
    469             return;
    470          
    471          /*************************/
    472          /* Vrms gain calibrate   */
    473          /*************************/
    474           case VOLT_GAIN:
    475             DelayStep = 0;
   \                     ??meter_calibrate_function_22:
   \   00000566   0020               MOVS     R0,#+0
   \   00000568   3870               STRB     R0,[R7, #+0]
    476             screen_clear();
   \   0000056A   ........           _BLF     screen_clear,??screen_clear??rT
    477             iRef = iVOLTrms;
   \   0000056E   A26E               LDR      R2,[R4, #+104]
   \   00000570   A264               STR      R2,[R4, #+72]
    478             iRef1 = iRef / 10;
   \   00000572   1000               MOVS     R0,R2
   \   00000574   0A21               MOVS     R1,#+10
   \   00000576   ........           _BLF     ??div32_t,??rT??div32_t
   \   0000057A   E164               STR      R1,[R4, #+76]
    479             iRef0 = iRef % 10;
   \   0000057C   1000               MOVS     R0,R2
   \   0000057E   0A21               MOVS     R1,#+10
   \   00000580   ........           _BLF     ??div32_t,??rT??div32_t
   \   00000584   2065               STR      R0,[R4, #+80]
    480             printf(">Volt Calibrate");
   \   00000586   A920               MOVS     R0,#+169
   \   00000588   C000               LSLS     R0,R0,#+3        ;; #+1352
   \   0000058A   3018               ADDS     R0,R6,R0
   \   0000058C   ........           _BLF     printf,??printf??rT
    481             printf("\n>NOW:[%03d.%01d]V", iRef1, iRef0);  
   \   00000590   226D               LDR      R2,[R4, #+80]
   \   00000592   E16C               LDR      R1,[R4, #+76]
   \   00000594   AB20               MOVS     R0,#+171
   \   00000596   C000               LSLS     R0,R0,#+3        ;; #+1368
   \   00000598   3018               ADDS     R0,R6,R0
   \   0000059A   ........           _BLF     printf,??printf??rT
    482             printf("\n>Cal:[%03d.%01d]V", iRef1, iRef0);
   \   0000059E   226D               LDR      R2,[R4, #+80]
   \   000005A0   E16C               LDR      R1,[R4, #+76]
   \   000005A2   4048               LDR      R0,??meter_calibrate_function_81+0x24  ;; 0x56c
   \   000005A4   3018               ADDS     R0,R6,R0
   \   000005A6   ........           _BLF     printf,??printf??rT
    483             if (iRef >= 2000) sExecStep++;
   \   000005AA   A06C               LDR      R0,[R4, #+72]
   \   000005AC   FA21               MOVS     R1,#+250
   \   000005AE   C900               LSLS     R1,R1,#+3        ;; #+2000
   \   000005B0   8842               CMP      R0,R1
   \   000005B2   02DB               BLT      ??meter_calibrate_function_100
   \   000005B4   2888               LDRH     R0,[R5, #+0]
   \   000005B6   401C               ADDS     R0,R0,#+1
   \   000005B8   17E6               B.N      ??meter_calibrate_function_61
    484              else sExecStep = VOLT_GAIN_ERR; 
   \                     ??meter_calibrate_function_100:
   \   000005BA   AF20               MOVS     R0,#+175
   \   000005BC   4000               LSLS     R0,R0,#+1        ;; #+350
   \   000005BE   31E6               B.N      ??meter_calibrate_function_62
    485             return;
    486          
    487           case VOLT_GAIN+1:
    488             keyin_start(3);
    489             set_cursor_h(6);
    490             sExecStep++;
    491             return;
    492           
    493           // 100단위 세자리 입력
    494           case VOLT_GAIN+2:
    495             if (DEC_KEY)
   \                     ??meter_calibrate_function_24:
   \   000005C0   3028               CMP      R0,#+48
   \   000005C2   02D3               BCC      ??meter_calibrate_function_101
   \   000005C4   3A28               CMP      R0,#+58
   \   000005C6   09D2               BCS      ??meter_calibrate_function_102
    496             {
    497               if (key_input_bcd() == 0) sExecStep++;
   \   000005C8   0DE7               B.N      ??meter_calibrate_function_86
    498               printf("%1c", bPushKey);
    499             }
    500             else if (ENTER_KEY) sExecStep = VOLT_GAIN;
   \                     ??meter_calibrate_function_101:
   \   000005CA   0D28               CMP      R0,#+13
   \   000005CC   6FD0               BEQ      ??meter_calibrate_function_103
    501             else if (MENU_KEY) sExecStep = ADJ_MAIN; 
    502             else  if (step_delay(SEC_1*10)) sExecStep = ADJ_MAIN; 
   \                     ??meter_calibrate_function_104:
   \   000005CE   3048               LDR      R0,??meter_calibrate_function_81+0x10  ;; 0x1388
   \   000005D0   ........           _BLF     step_delay,??step_delay??rT
   \   000005D4   0028               CMP      R0,#+0
   \   000005D6   C5D0               BEQ      ??meter_calibrate_function_95
   \   000005D8   3220               MOVS     R0,#+50
   \   000005DA   06E6               B.N      ??meter_calibrate_function_61
   \                     ??meter_calibrate_function_102:
   \   000005DC   6128               CMP      R0,#+97
   \   000005DE   F6D1               BNE      ??meter_calibrate_function_104
   \   000005E0   3220               MOVS     R0,#+50
   \   000005E2   1FE6               B.N      ??meter_calibrate_function_62
    503             return;
    504           
    505           case VOLT_GAIN+3:
    506             iAdj1 = KeyValue & 0x0F;
    507             KeyValue >>= 4;
    508             iAdj1 += (KeyValue & 0x0F) * 10;
    509             KeyValue >>= 4;
    510             iAdj1 += (KeyValue & 0x0F) * 100;
    511             sCurPos++;
    512             sExecStep++;
    513             return;
    514             
    515           // 소수점 한자리 입력
    516           case VOLT_GAIN+4:
    517             if (DEC_KEY) 
   \                     ??meter_calibrate_function_26:
   \   000005E4   3028               CMP      R0,#+48
   \   000005E6   0CD3               BCC      ??meter_calibrate_function_105
   \   000005E8   3A28               CMP      R0,#+58
   \   000005EA   13D2               BCS      ??meter_calibrate_function_106
    518             {
    519               iAdj0 = ascii2hex(bPushKey);
   \   000005EC   ........           _BLF     ascii2hex,??ascii2hex??rT
   \   000005F0   6064               STR      R0,[R4, #+68]
    520               printf("%1c", bPushKey);
   \   000005F2   2548               LDR      R0,??meter_calibrate_function_81+0x8  ;; bPushKey
   \   000005F4   0178               LDRB     R1,[R0, #+0]
   \   000005F6   25A0               ADR      R0,??meter_calibrate_function_81+0xC  ;; "%1c"
   \   000005F8   ........           _BLF     printf,??printf??rT
    521               sExecStep++;
   \   000005FC   2888               LDRH     R0,[R5, #+0]
   \   000005FE   401C               ADDS     R0,R0,#+1
   \   00000600   F3E5               B.N      ??meter_calibrate_function_61
    522             }
    523             else if (ENTER_KEY) sExecStep = VOLT_GAIN;
   \                     ??meter_calibrate_function_105:
   \   00000602   0D28               CMP      R0,#+13
   \   00000604   53D0               BEQ      ??meter_calibrate_function_103
    524             else if (MENU_KEY) sExecStep = ADJ_MAIN; 
    525             else  if (step_delay(SEC_1*10)) sExecStep = ADJ_MAIN; 
   \                     ??meter_calibrate_function_107:
   \   00000606   2248               LDR      R0,??meter_calibrate_function_81+0x10  ;; 0x1388
   \   00000608   ........           _BLF     step_delay,??step_delay??rT
   \   0000060C   0028               CMP      R0,#+0
   \   0000060E   A9D0               BEQ      ??meter_calibrate_function_95
   \   00000610   3220               MOVS     R0,#+50
   \   00000612   EAE5               B.N      ??meter_calibrate_function_61
   \                     ??meter_calibrate_function_106:
   \   00000614   6128               CMP      R0,#+97
   \   00000616   F6D1               BNE      ??meter_calibrate_function_107
   \   00000618   3220               MOVS     R0,#+50
   \   0000061A   03E6               B.N      ??meter_calibrate_function_62
    526             return;
    527          
    528           case VOLT_GAIN+5:
    529             iAdj = iAdj1 * 10 + iAdj0;
   \                     ??meter_calibrate_function_27:
   \   0000061C   0398               LDR      R0,[SP, #+12]
   \   0000061E   E063               STR      R0,[R4, #+60]
    530             //printf("\nGain:%04d,%04d,%02d", iAdj, iAdj1, iAdj0);
    531             //printf("\nVdiv:%6d ", iVrmsDivider);
    532             iVrmsDivider = iVrmsDivider * iRef / iAdj;
   \   00000620   A069               LDR      R0,[R4, #+24]
   \   00000622   A16C               LDR      R1,[R4, #+72]
   \   00000624   4843               MULS     R0,R1,R0
   \   00000626   E16B               LDR      R1,[R4, #+60]
   \   00000628   ........           _BLF     ??div32_t,??rT??div32_t
   \   0000062C   A161               STR      R1,[R4, #+24]
    533             //printf("->%6d\n", iVrmsDivider);
    534             iVOLTrms1 = iVOLTrms / 10;
   \   0000062E   A06E               LDR      R0,[R4, #+104]
   \   00000630   0A21               MOVS     R1,#+10
   \   00000632   ........           _BLF     ??div32_t,??rT??div32_t
   \   00000636   0B00               MOVS     R3,R1
   \   00000638   E366               STR      R3,[R4, #+108]
    535             iVOLTrms0 = iVOLTrms % 10;
   \   0000063A   A06E               LDR      R0,[R4, #+104]
   \   0000063C   0A21               MOVS     R1,#+10
   \   0000063E   ........           _BLF     ??div32_t,??rT??div32_t
   \   00000642   0200               MOVS     R2,R0
   \   00000644   2267               STR      R2,[R4, #+112]
    536             printf("\n>NEW:[%03d.%01d]V", iVOLTrms1, iVOLTrms0);
   \   00000646   1900               MOVS     R1,R3
   \   00000648   B020               MOVS     R0,#+176
   \   0000064A   C000               LSLS     R0,R0,#+3        ;; #+1408
   \   0000064C   3018               ADDS     R0,R6,R0
   \   0000064E   ........           _BLF     printf,??printf??rT
    537             sExecStep++;
   \   00000652   2888               LDRH     R0,[R5, #+0]
   \   00000654   401C               ADDS     R0,R0,#+1
   \   00000656   C8E5               B.N      ??meter_calibrate_function_61
    538             return; 
    539          
    540           case VOLT_GAIN+6:
    541             iVOLTrms1 = iVOLTrms / 10;
   \                     ??meter_calibrate_function_28:
   \   00000658   A06E               LDR      R0,[R4, #+104]
   \   0000065A   0A21               MOVS     R1,#+10
   \   0000065C   ........           _BLF     ??div32_t,??rT??div32_t
   \   00000660   0B00               MOVS     R3,R1
   \   00000662   E366               STR      R3,[R4, #+108]
    542             iVOLTrms0 = iVOLTrms % 10;
   \   00000664   A06E               LDR      R0,[R4, #+104]
   \   00000666   0A21               MOVS     R1,#+10
   \   00000668   ........           _BLF     ??div32_t,??rT??div32_t
   \   0000066C   0200               MOVS     R2,R0
   \   0000066E   2267               STR      R2,[R4, #+112]
    543             printf("\r>NEW:[%03d.%01d]V", iVOLTrms1, iVOLTrms0);  
   \   00000670   1900               MOVS     R1,R3
   \   00000672   0D48               LDR      R0,??meter_calibrate_function_81+0x28  ;; 0x594
   \   00000674   3018               ADDS     R0,R6,R0
   \   00000676   ........           _BLF     printf,??printf??rT
    544             sExecStep++;
   \   0000067A   2888               LDRH     R0,[R5, #+0]
   \   0000067C   401C               ADDS     R0,R0,#+1
   \   0000067E   42E6               B.N      ??meter_calibrate_function_74
   \                     ??meter_calibrate_function_81:
   \   00000680   983A0000           DC32     0x3a98
   \   00000684   A4040000           DC32     0x4a4
   \   00000688   ........           DC32     bPushKey
   \   0000068C   25316300           DC8      "%1c"
   \   00000690   88130000           DC32     0x1388
   \   00000694   ........           DC32     KeyValue
   \   00000698   ........           DC32     sCurPos
   \   0000069C   CC040000           DC32     0x4cc
   \   000006A0   14050000           DC32     0x514
   \   000006A4   6C050000           DC32     0x56c
   \   000006A8   94050000           DC32     0x594
    545             return;
    546             
    547           case VOLT_GAIN+7:
    548             if (ENTER_KEY) sExecStep = VOLT_GAIN;
   \                     ??meter_calibrate_function_29:
   \   000006AC   0D28               CMP      R0,#+13
   \                     ??meter_calibrate_function_103:
   \   000006AE   ....               BNE      .+5
   \   000006B0   27E6               B        ??meter_calibrate_function_73
    549             else if (ANY_KEY) sExecStep = ADJ_MAIN; 
   \   000006B2   0028               CMP      R0,#+0
   \   000006B4   01D0               BEQ      ??meter_calibrate_function_108
   \   000006B6   3220               MOVS     R0,#+50
   \   000006B8   97E5               B.N      ??meter_calibrate_function_61
    550             else  if (step_delay(SEC_1)) sExecStep = VOLT_GAIN+6; 
   \                     ??meter_calibrate_function_108:
   \   000006BA   FA20               MOVS     R0,#+250
   \   000006BC   4000               LSLS     R0,R0,#+1        ;; #+500
   \   000006BE   ........           _BLF     step_delay,??step_delay??rT
   \   000006C2   0028               CMP      R0,#+0
   \   000006C4   ....               BNE      .+5
   \   000006C6   DEE1               B        ??meter_calibrate_function_75
   \   000006C8   9920               MOVS     R0,#+153
   \   000006CA   4000               LSLS     R0,R0,#+1        ;; #+306
   \   000006CC   8DE5               B.N      ??meter_calibrate_function_61
    551             return;
    552             
    553           case VOLT_GAIN_ERR:   
    554             display_mode(2);
   \                     ??meter_calibrate_function_30:
   \   000006CE   0220               MOVS     R0,#+2
   \   000006D0   ........           _BLF     display_mode,??display_mode??rT
    555             printf("입력전압이 200V 이상인 상태에서 교정하여 주십시요");
   \   000006D4   B520               MOVS     R0,#+181
   \   000006D6   C000               LSLS     R0,R0,#+3        ;; #+1448
   \   000006D8   3018               ADDS     R0,R6,R0
   \   000006DA   ........           _BLF     printf,??printf??rT
    556             DelayStep = 0;
   \   000006DE   0020               MOVS     R0,#+0
   \   000006E0   3870               STRB     R0,[R7, #+0]
    557             sExecStep++;
   \   000006E2   2888               LDRH     R0,[R5, #+0]
   \   000006E4   401C               ADDS     R0,R0,#+1
   \   000006E6   9DE5               B.N      ??meter_calibrate_function_62
    558             return;
    559             
    560           case VOLT_GAIN_ERR+1:
    561             if ((ANY_KEY)|(step_delay(SEC_1<<2))) 
   \                     ??meter_calibrate_function_31:
   \   000006E8   0028               CMP      R0,#+0
   \   000006EA   01D0               BEQ      ??meter_calibrate_function_109
   \   000006EC   0124               MOVS     R4,#+1
   \   000006EE   00E0               B        ??meter_calibrate_function_110
   \                     ??meter_calibrate_function_109:
   \   000006F0   0024               MOVS     R4,#+0
   \                     ??meter_calibrate_function_110:
   \   000006F2   FA20               MOVS     R0,#+250
   \   000006F4   C000               LSLS     R0,R0,#+3        ;; #+2000
   \   000006F6   ........           _BLF     step_delay,??step_delay??rT
   \   000006FA   2043               ORRS     R0,R0,R4
   \   000006FC   31E7               B.N      ??meter_calibrate_function_99
    562             {
    563               display_mode(0);
    564               sExecStep = ADJ_MAIN;
    565             }
    566             return; 
    567               
    568          
    569          /**************************/
    570          /* Power gain calibrate   */
    571          /**************************/
    572           case POWER_GAIN:
    573             DelayStep = 0;
   \                     ??meter_calibrate_function_32:
   \   000006FE   0020               MOVS     R0,#+0
   \   00000700   3870               STRB     R0,[R7, #+0]
    574             screen_clear();
   \   00000702   ........           _BLF     screen_clear,??screen_clear??rT
    575             iRef = iActivePower;
   \   00000706   626F               LDR      R2,[R4, #+116]
   \   00000708   A264               STR      R2,[R4, #+72]
    576             iRef1 = iRef / 100;
   \   0000070A   1000               MOVS     R0,R2
   \   0000070C   6421               MOVS     R1,#+100
   \   0000070E   ........           _BLF     ??div32_t,??rT??div32_t
   \   00000712   E164               STR      R1,[R4, #+76]
    577             iRef0 = iRef % 100;
   \   00000714   1000               MOVS     R0,R2
   \   00000716   6421               MOVS     R1,#+100
   \   00000718   ........           _BLF     ??div32_t,??rT??div32_t
   \   0000071C   2065               STR      R0,[R4, #+80]
    578             printf(">Power Calibrate");
   \   0000071E   C948               LDR      R0,??meter_calibrate_function_111  ;; 0x5dc
   \   00000720   3018               ADDS     R0,R6,R0
   \   00000722   ........           _BLF     printf,??printf??rT
    579             printf("\n>NOW:[%02d.%02d]kW", iRef1, iRef0);  
   \   00000726   226D               LDR      R2,[R4, #+80]
   \   00000728   E16C               LDR      R1,[R4, #+76]
   \   0000072A   BE20               MOVS     R0,#+190
   \   0000072C   C000               LSLS     R0,R0,#+3        ;; #+1520
   \   0000072E   3018               ADDS     R0,R6,R0
   \   00000730   ........           _BLF     printf,??printf??rT
    580             printf("\n>Cal:[%02d.%02d]kW", iRef1, iRef0);
   \   00000734   226D               LDR      R2,[R4, #+80]
   \   00000736   E16C               LDR      R1,[R4, #+76]
   \   00000738   C348               LDR      R0,??meter_calibrate_function_111+0x4  ;; 0x604
   \   0000073A   3018               ADDS     R0,R6,R0
   \   0000073C   ........           _BLF     printf,??printf??rT
    581             if (iRef >= 200) sExecStep++;
   \   00000740   A06C               LDR      R0,[R4, #+72]
   \   00000742   C828               CMP      R0,#+200
   \   00000744   02DB               BLT      ??meter_calibrate_function_112
   \   00000746   2888               LDRH     R0,[R5, #+0]
   \   00000748   401C               ADDS     R0,R0,#+1
   \   0000074A   4EE5               B.N      ??meter_calibrate_function_61
    582              else sExecStep = POWER_GAIN_ERR; 
   \                     ??meter_calibrate_function_112:
   \   0000074C   BF48               LDR      R0,??meter_calibrate_function_111+0x8  ;; 0x226
   \   0000074E   69E5               B.N      ??meter_calibrate_function_62
    583             return;
    584          
    585           case POWER_GAIN+1:
    586             keyin_start(2);
   \                     ??meter_calibrate_function_33:
   \   00000750   0220               MOVS     R0,#+2
   \   00000752   ........           _BLF     keyin_start,??keyin_start??rT
    587             set_cursor_h(6);
   \   00000756   0620               MOVS     R0,#+6
   \   00000758   ........           _BLF     set_cursor_h,??set_cursor_h??rT
    588             sExecStep++;
   \   0000075C   2888               LDRH     R0,[R5, #+0]
   \   0000075E   401C               ADDS     R0,R0,#+1
   \   00000760   43E5               B.N      ??meter_calibrate_function_61
    589             return;
    590           
    591           case POWER_GAIN+2:
    592             if (DEC_KEY)
   \                     ??meter_calibrate_function_34:
   \   00000762   3028               CMP      R0,#+48
   \   00000764   02D3               BCC      ??meter_calibrate_function_113
   \   00000766   3A28               CMP      R0,#+58
   \   00000768   09D2               BCS      ??meter_calibrate_function_114
    593             {
    594               if(key_input_bcd() == 0) sExecStep++;
   \   0000076A   3CE6               B.N      ??meter_calibrate_function_86
    595               printf("%1c", bPushKey);
    596             }
    597             else if (ENTER_KEY) sExecStep = POWER_GAIN;
   \                     ??meter_calibrate_function_113:
   \   0000076C   0D28               CMP      R0,#+13
   \   0000076E   24D0               BEQ      ??meter_calibrate_function_115
    598             else if (MENU_KEY) sExecStep = ADJ_MAIN; 
    599             else  if (step_delay(SEC_1*10)) sExecStep = ADJ_MAIN; 
   \                     ??meter_calibrate_function_116:
   \   00000770   ....               LDR      R0,??Subroutine19_0  ;; 0x1388
   \   00000772   ........           _BLF     step_delay,??step_delay??rT
   \   00000776   0028               CMP      R0,#+0
   \   00000778   25D0               BEQ      ??meter_calibrate_function_117
   \   0000077A   3220               MOVS     R0,#+50
   \   0000077C   35E5               B.N      ??meter_calibrate_function_61
   \                     ??meter_calibrate_function_114:
   \   0000077E   6128               CMP      R0,#+97
   \   00000780   F6D1               BNE      ??meter_calibrate_function_116
   \   00000782   3220               MOVS     R0,#+50
   \   00000784   4EE5               B.N      ??meter_calibrate_function_62
    600             return;
    601           
    602           case POWER_GAIN+3:
    603             iAdj1 = KeyValue & 0x0F;
   \                     ??meter_calibrate_function_35:
   \   00000786   0198               LDR      R0,[SP, #+4]
   \   00000788   2064               STR      R0,[R4, #+64]
    604             KeyValue >>= 4;
   \   0000078A   ....               LDR      R0,??Subroutine19_0+0x4  ;; KeyValue
   \   0000078C   0160               STR      R1,[R0, #+0]
    605             iAdj1 += (KeyValue & 0x0F) * 10;
   \   0000078E   206C               LDR      R0,[R4, #+64]
   \   00000790   0907               LSLS     R1,R1,#+28
   \   00000792   090F               LSRS     R1,R1,#+28
   \   00000794   0A22               MOVS     R2,#+10
   \   00000796   5143               MULS     R1,R2,R1
   \   00000798   4018               ADDS     R0,R0,R1
   \   0000079A   2064               STR      R0,[R4, #+64]
    606             keyin_start(2);
   \   0000079C   0220               MOVS     R0,#+2
   \   0000079E   ........           _BLF     keyin_start,??keyin_start??rT
    607             set_cursor_h(9);
   \   000007A2   0920               MOVS     R0,#+9
   \   000007A4   ........           _BLF     set_cursor_h,??set_cursor_h??rT
    608             sExecStep++;
   \   000007A8   2888               LDRH     R0,[R5, #+0]
   \   000007AA   401C               ADDS     R0,R0,#+1
   \   000007AC   1DE5               B.N      ??meter_calibrate_function_61
    609             return;
    610             
    611           case POWER_GAIN+4:
    612             if (DEC_KEY)
   \                     ??meter_calibrate_function_36:
   \   000007AE   3028               CMP      R0,#+48
   \   000007B0   02D3               BCC      ??meter_calibrate_function_118
   \   000007B2   3A28               CMP      R0,#+58
   \   000007B4   0BD2               BCS      ??meter_calibrate_function_119
    613             {
    614               if(key_input_bcd() == 0) sExecStep++;
   \   000007B6   16E6               B.N      ??meter_calibrate_function_86
    615               printf("%1c", bPushKey);
    616             }
    617             else if (ENTER_KEY) sExecStep = POWER_GAIN;
   \                     ??meter_calibrate_function_118:
   \   000007B8   0D28               CMP      R0,#+13
   \                     ??meter_calibrate_function_115:
   \   000007BA   ....               BNE      .+5
   \   000007BC   A7E5               B        ??meter_calibrate_function_77
    618             else if (MENU_KEY) sExecStep = ADJ_MAIN; 
    619             else  if (step_delay(SEC_1*10)) sExecStep = ADJ_MAIN; 
   \                     ??meter_calibrate_function_120:
   \   000007BE   ....               LDR      R0,??Subroutine19_0+0x8  ;; 0x1388
   \   000007C0   ........           _BLF     step_delay,??step_delay??rT
   \   000007C4   0028               CMP      R0,#+0
   \                     ??meter_calibrate_function_117:
   \   000007C6   ....               BNE      .+5
   \   000007C8   5DE1               B        ??meter_calibrate_function_75
   \   000007CA   3220               MOVS     R0,#+50
   \   000007CC   0DE5               B.N      ??meter_calibrate_function_61
   \                     ??meter_calibrate_function_119:
   \   000007CE   6128               CMP      R0,#+97
   \   000007D0   F5D1               BNE      ??meter_calibrate_function_120
   \   000007D2   3220               MOVS     R0,#+50
   \   000007D4   26E5               B.N      ??meter_calibrate_function_62
    620             return;
    621          
    622           case POWER_GAIN+5:
    623             iAdj0 = KeyValue & 0x0F;
   \                     ??meter_calibrate_function_37:
   \   000007D6   0198               LDR      R0,[SP, #+4]
   \   000007D8   6064               STR      R0,[R4, #+68]
    624             KeyValue >>= 4;
   \   000007DA   ....               LDR      R0,??Subroutine19_0+0xC  ;; KeyValue
   \   000007DC   0160               STR      R1,[R0, #+0]
    625             iAdj0 += (KeyValue & 0x0F) * 10;
   \   000007DE   606C               LDR      R0,[R4, #+68]
   \   000007E0   0907               LSLS     R1,R1,#+28
   \   000007E2   090F               LSRS     R1,R1,#+28
   \   000007E4   0A22               MOVS     R2,#+10
   \   000007E6   5143               MULS     R1,R2,R1
   \   000007E8   4018               ADDS     R0,R0,R1
   \   000007EA   6064               STR      R0,[R4, #+68]
    626             sCurPos++;
   \   000007EC   ....               LDR      R0,??Subroutine19_0+0x10  ;; sCurPos
   \   000007EE   6946               MOV      R1,SP
   \   000007F0   4988               LDRH     R1,[R1, #+2]
   \   000007F2   0180               STRH     R1,[R0, #+0]
    627             sExecStep++;
   \   000007F4   6846               MOV      R0,SP
   \   000007F6   0088               LDRH     R0,[R0, #+0]
   \   000007F8   F7E4               B.N      ??meter_calibrate_function_61
    628             return;
    629             
    630           case POWER_GAIN+6:
    631             iAdj = iAdj1 * 100 + iAdj0;
   \                     ??meter_calibrate_function_38:
   \   000007FA   206C               LDR      R0,[R4, #+64]
   \   000007FC   6421               MOVS     R1,#+100
   \   000007FE   4843               MULS     R0,R1,R0
   \   00000800   616C               LDR      R1,[R4, #+68]
   \   00000802   4118               ADDS     R1,R0,R1
   \   00000804   E163               STR      R1,[R4, #+60]
    632             iActiveDivider = iActiveDivider * iAdj / iRef;
   \   00000806   206A               LDR      R0,[R4, #+32]
   \   00000808   4843               MULS     R0,R1,R0
   \   0000080A   A16C               LDR      R1,[R4, #+72]
   \   0000080C   ........           _BLF     ??div32_t,??rT??div32_t
   \   00000810   0A00               MOVS     R2,R1
   \   00000812   2262               STR      R2,[R4, #+32]
    633             iAdj1 = iActiveDivider / 10;
   \   00000814   1000               MOVS     R0,R2
   \   00000816   0A21               MOVS     R1,#+10
   \   00000818   ........           _BLF     ??div32_t,??rT??div32_t
   \   0000081C   0B00               MOVS     R3,R1
   \   0000081E   2364               STR      R3,[R4, #+64]
    634             iAdj0 = iActiveDivider % 10;
   \   00000820   1000               MOVS     R0,R2
   \   00000822   0A21               MOVS     R1,#+10
   \   00000824   ........           _BLF     ??div32_t,??rT??div32_t
   \   00000828   6064               STR      R0,[R4, #+68]
    635             printf("\n>Power Cal:%3d.%01d", iAdj1, iAdj0);
   \   0000082A   0200               MOVS     R2,R0
   \   0000082C   1900               MOVS     R1,R3
   \   0000082E   C320               MOVS     R0,#+195
   \   00000830   C000               LSLS     R0,R0,#+3        ;; #+1560
   \   00000832   3018               ADDS     R0,R6,R0
   \   00000834   ........           _BLF     printf,??printf??rT
    636             iActivePower1 = iActivePower / 100;
   \   00000838   626F               LDR      R2,[R4, #+116]
   \   0000083A   1000               MOVS     R0,R2
   \   0000083C   6421               MOVS     R1,#+100
   \   0000083E   ........           _BLF     ??div32_t,??rT??div32_t
   \   00000842   0B00               MOVS     R3,R1
   \   00000844   A367               STR      R3,[R4, #+120]
    637             iActivePower0 = iActivePower % 100;
   \   00000846   1000               MOVS     R0,R2
   \   00000848   6421               MOVS     R1,#+100
   \   0000084A   ........           _BLF     ??div32_t,??rT??div32_t
   \   0000084E   E067               STR      R0,[R4, #+124]
    638             printf("\n>NEW:[%02d.%02d]kW", iActivePower1, iActivePower0);
   \   00000850   0200               MOVS     R2,R0
   \   00000852   1900               MOVS     R1,R3
   \   00000854   C620               MOVS     R0,#+198
   \   00000856   C000               LSLS     R0,R0,#+3        ;; #+1584
   \   00000858   3018               ADDS     R0,R6,R0
   \   0000085A   ........           _BLF     printf,??printf??rT
    639             sExecStep++;
   \   0000085E   2888               LDRH     R0,[R5, #+0]
   \   00000860   401C               ADDS     R0,R0,#+1
   \   00000862   50E5               B.N      ??meter_calibrate_function_74
    640             return; 
    641          
    642           case POWER_GAIN+7:
    643             iActivePower1 = iActivePower / 100;
   \                     ??meter_calibrate_function_39:
   \   00000864   626F               LDR      R2,[R4, #+116]
   \   00000866   1000               MOVS     R0,R2
   \   00000868   6421               MOVS     R1,#+100
   \   0000086A   ........           _BLF     ??div32_t,??rT??div32_t
   \   0000086E   0B00               MOVS     R3,R1
   \   00000870   A367               STR      R3,[R4, #+120]
    644             iActivePower0 = iActivePower % 100;
   \   00000872   1000               MOVS     R0,R2
   \   00000874   6421               MOVS     R1,#+100
   \   00000876   ........           _BLF     ??div32_t,??rT??div32_t
   \   0000087A   E067               STR      R0,[R4, #+124]
    645             printf("\r>NEW:[%02d.%02d]kW", iActivePower1, iActivePower0);  
   \   0000087C   0200               MOVS     R2,R0
   \   0000087E   1900               MOVS     R1,R3
   \   00000880   ....               LDR      R0,??Subroutine19_0+0x14  ;; 0x644
   \   00000882   3018               ADDS     R0,R6,R0
   \   00000884   ........           _BLF     printf,??printf??rT
    646             sExecStep++;
   \   00000888   2888               LDRH     R0,[R5, #+0]
   \   0000088A   401C               ADDS     R0,R0,#+1
   \   0000088C   ADE4               B.N      ??meter_calibrate_function_61
    647             return;
    648             
    649           case POWER_GAIN+8:  
    650             if (ENTER_KEY) sExecStep = POWER_GAIN;
   \                     ??meter_calibrate_function_40:
   \   0000088E   0D28               CMP      R0,#+13
   \   00000890   93D0               BEQ      ??meter_calibrate_function_115
    651             else if (ANY_KEY) sExecStep = ADJ_MAIN; 
   \   00000892   0028               CMP      R0,#+0
   \   00000894   01D0               BEQ      ??meter_calibrate_function_121
   \   00000896   3220               MOVS     R0,#+50
   \   00000898   C4E4               B.N      ??meter_calibrate_function_62
    652             else  if (step_delay(SEC_1)) sExecStep = POWER_GAIN+7; 
   \                     ??meter_calibrate_function_121:
   \   0000089A   FA20               MOVS     R0,#+250
   \   0000089C   4000               LSLS     R0,R0,#+1        ;; #+500
   \   0000089E   ........           _BLF     step_delay,??step_delay??rT
   \   000008A2   0028               CMP      R0,#+0
   \   000008A4   8FD0               BEQ      ??meter_calibrate_function_117
   \   000008A6   FF20               MOVS     R0,#+255
   \   000008A8   FC30               ADDS     R0,R0,#+252      ;; #+507
   \   000008AA   9EE4               B.N      ??meter_calibrate_function_61
    653             return;
    654             
    655           case POWER_GAIN_ERR:   
    656             display_mode(2);
   \                     ??meter_calibrate_function_41:
   \   000008AC   0220               MOVS     R0,#+2
   \   000008AE   ........           _BLF     display_mode,??display_mode??rT
    657             printf("사용전력이 2.0kW이상인 상태에서 교정하여 주십시요");
   \   000008B2   CB20               MOVS     R0,#+203
   \   000008B4   C000               LSLS     R0,R0,#+3        ;; #+1624
   \   000008B6   3018               ADDS     R0,R6,R0
   \   000008B8   ........           _BLF     printf,??printf??rT
    658             DelayStep = 0;
   \   000008BC   0020               MOVS     R0,#+0
   \   000008BE   3870               STRB     R0,[R7, #+0]
    659             sExecStep++;
   \   000008C0   2888               LDRH     R0,[R5, #+0]
   \   000008C2   401C               ADDS     R0,R0,#+1
   \   000008C4   AEE4               B.N      ??meter_calibrate_function_62
    660             return;
    661             
    662           case POWER_GAIN_ERR+1:
    663             if ((ANY_KEY)|(step_delay(SEC_1<<2))) 
   \                     ??meter_calibrate_function_42:
   \   000008C6   0028               CMP      R0,#+0
   \   000008C8   01D0               BEQ      ??meter_calibrate_function_122
   \   000008CA   0124               MOVS     R4,#+1
   \   000008CC   00E0               B        ??meter_calibrate_function_123
   \                     ??meter_calibrate_function_122:
   \   000008CE   0024               MOVS     R4,#+0
   \                     ??meter_calibrate_function_123:
   \   000008D0   FA20               MOVS     R0,#+250
   \   000008D2   C000               LSLS     R0,R0,#+3        ;; #+2000
   \   000008D4   ........           _BLF     step_delay,??step_delay??rT
   \   000008D8   2043               ORRS     R0,R0,R4
   \   000008DA   42E6               B.N      ??meter_calibrate_function_99
    664             {
    665               display_mode(0);
    666               sExecStep = ADJ_MAIN;
    667             }
    668             return; 
    669             
    670          /***************************************/
    671          /* return to Factory Default setting   */
    672          /***************************************/
    673           case FACTORY_SET:
    674             ADE7753_init();
   \                     ??meter_calibrate_function_48:
   \   000008DC   ........           BL       ADE7753_init
    675             screen_clear();
   \   000008E0   ........           _BLF     screen_clear,??screen_clear??rT
    676             printf("Calibration parameter setted to factory basic parameter..");
   \   000008E4   ....               LDR      R0,??Subroutine19_0+0x18  ;; 0x68c
   \   000008E6   3018               ADDS     R0,R6,R0
   \   000008E8   ........           _BLF     printf,??printf??rT
    677             sExecStep++;
   \   000008EC   2888               LDRH     R0,[R5, #+0]
   \   000008EE   401C               ADDS     R0,R0,#+1
   \   000008F0   7BE4               B.N      ??meter_calibrate_function_61
    678             return;
    679             
    680           case FACTORY_SET+1:   
    681             if (step_delay(SEC_1<<2)) sExecStep = ADJ_MAIN; 
   \                     ??meter_calibrate_function_49:
   \   000008F2   FA20               MOVS     R0,#+250
   \   000008F4   C000               LSLS     R0,R0,#+3        ;; #+2000
   \   000008F6   ........           _BLF     step_delay,??step_delay??rT
   \   000008FA   0028               CMP      R0,#+0
   \   000008FC   6FD0               BEQ      ??meter_calibrate_function_124
   \   000008FE   3220               MOVS     R0,#+50
   \   00000900   73E4               B.N      ??meter_calibrate_function_61
    682             return;
    683          
    684          /*************************/
    685          /* Secret code update    */
    686          /*************************/
    687           case SECRET_CHANGE:
    688             DelayStep = 0;
   \                     ??meter_calibrate_function_43:
   \   00000902   0020               MOVS     R0,#+0
   \   00000904   3870               STRB     R0,[R7, #+0]
    689             screen_clear();
   \   00000906   ........           _BLF     screen_clear,??screen_clear??rT
    690             printf("< METER Calibrate >");
   \   0000090A   0298               LDR      R0,[SP, #+8]
   \   0000090C   ........           _BLF     printf,??printf??rT
    691             printf("\n>Input New Code");
   \   00000910   D920               MOVS     R0,#+217
   \   00000912   C000               LSLS     R0,R0,#+3        ;; #+1736
   \   00000914   3018               ADDS     R0,R6,R0
   \   00000916   ........           _BLF     printf,??printf??rT
    692             printf("\n>******");
   \   0000091A   0498               LDR      R0,[SP, #+16]
   \   0000091C   ........           _BLF     printf,??printf??rT
    693             sExecStep++;
   \   00000920   2888               LDRH     R0,[R5, #+0]
   \   00000922   401C               ADDS     R0,R0,#+1
   \   00000924   7EE4               B.N      ??meter_calibrate_function_62
    694             return;
    695             
    696           case SECRET_CHANGE+1:
    697             keyin_start(6);
    698             sCurPos -= 6;
    699             sExecStep++;
    700             return;
    701             
    702           case SECRET_CHANGE+2:
    703             if (DEC_KEY)
   \                     ??meter_calibrate_function_45:
   \   00000926   3028               CMP      R0,#+48
   \   00000928   02D3               BCC      ??meter_calibrate_function_125
   \   0000092A   3A28               CMP      R0,#+58
   \   0000092C   02D2               BCS      ??meter_calibrate_function_126
    704             {
    705               if(key_input_bcd() == 0) sExecStep++;
   \   0000092E   5AE5               B.N      ??meter_calibrate_function_86
    706               printf("%1c", bPushKey);
    707             }
    708             else if (ANY_KEY) execmode_change(MAIN_MENU);
   \                     ??meter_calibrate_function_125:
   \   00000930   0028               CMP      R0,#+0
   \   00000932   01D0               BEQ      ??meter_calibrate_function_127
   \                     ??meter_calibrate_function_126:
   \   00000934   0020               MOVS     R0,#+0
   \   00000936   A4E0               B.N      ??meter_calibrate_function_82
    709             else  if (step_delay(SEC_1<<4)) execmode_change(MAIN_MENU); 
   \                     ??meter_calibrate_function_127:
   \   00000938   FA20               MOVS     R0,#+250
   \   0000093A   4001               LSLS     R0,R0,#+5        ;; #+8000
   \   0000093C   ........           _BLF     step_delay,??step_delay??rT
   \   00000940   0028               CMP      R0,#+0
   \   00000942   4CD0               BEQ      ??meter_calibrate_function_124
   \   00000944   0020               MOVS     R0,#+0
   \   00000946   9CE0               B.N      ??meter_calibrate_function_82
    710             return;
    711             
    712           case SECRET_CHANGE+3:
    713             iSecretCode = KeyValue;
   \                     ??meter_calibrate_function_46:
   \   00000948   ....               LDR      R0,??DataTable9  ;; KeyValue
   \   0000094A   0068               LDR      R0,[R0, #+0]
   \   0000094C   E060               STR      R0,[R4, #+12]
    714             printf("\n>New Code:%06X", iSecretCode);
   \   0000094E   0100               MOVS     R1,R0
   \   00000950   ....               LDR      R0,??Subroutine19_0+0x1C  ;; 0x6dc
   \   00000952   3018               ADDS     R0,R6,R0
   \   00000954   ........           _BLF     printf,??printf??rT
    715             sExecStep++;
   \   00000958   2888               LDRH     R0,[R5, #+0]
   \   0000095A   401C               ADDS     R0,R0,#+1
   \   0000095C   45E4               B.N      ??meter_calibrate_function_61
    716             return;
    717          
    718           case SECRET_CHANGE+4:
    719             if (ANY_KEY) sExecStep = ADJ_MAIN; 
   \                     ??meter_calibrate_function_47:
   \   0000095E   0028               CMP      R0,#+0
   \   00000960   01D0               BEQ      ??meter_calibrate_function_128
   \   00000962   3220               MOVS     R0,#+50
   \   00000964   5EE4               B.N      ??meter_calibrate_function_62
    720             else  if (step_delay(SEC_1*4)) sExecStep = ADJ_MAIN; 
   \                     ??meter_calibrate_function_128:
   \   00000966   FA20               MOVS     R0,#+250
   \   00000968   C000               LSLS     R0,R0,#+3        ;; #+2000
   \   0000096A   ........           _BLF     step_delay,??step_delay??rT
   \   0000096E   0028               CMP      R0,#+0
   \   00000970   35D0               BEQ      ??meter_calibrate_function_124
   \   00000972   3220               MOVS     R0,#+50
   \                     ??meter_calibrate_function_129:
   \   00000974   39E4               B.N      ??meter_calibrate_function_61
    721             return;  
    722             
    723          /*************************/
    724          /* Parameter Flash Save  */
    725          /*************************/
    726           case PARAMETER_SAVE:
    727             DelayStep = 0;
   \                     ??meter_calibrate_function_50:
   \   00000976   0020               MOVS     R0,#+0
   \   00000978   3870               STRB     R0,[R7, #+0]
    728             screen_clear();
   \   0000097A   ........           _BLF     screen_clear,??screen_clear??rT
    729             printf("<Parameter Save>");
   \   0000097E   ....               LDR      R0,??Subroutine19_0+0x20  ;; 0x6ec
   \   00000980   3018               ADDS     R0,R6,R0
   \   00000982   ........           _BLF     printf,??printf??rT
    730             printf("\n>SecretNO:%08X", iSecretCode);
   \   00000986   E168               LDR      R1,[R4, #+12]
   \   00000988   0898               LDR      R0,[SP, #+32]
   \   0000098A   ........           _BLF     printf,??printf??rT
    731             printf("\n>Amp. Cal:%08X", iIrmsDivider);
   \   0000098E   2169               LDR      R1,[R4, #+16]
   \   00000990   0798               LDR      R0,[SP, #+28]
   \   00000992   ........           _BLF     printf,??printf??rT
    732             printf("\n>Volt Cal:%08X", iVrmsDivider);
   \   00000996   A169               LDR      R1,[R4, #+24]
   \   00000998   0698               LDR      R0,[SP, #+24]
   \   0000099A   ........           _BLF     printf,??printf??rT
    733             printf("\n>PowerCal:%08X", iActiveDivider);
   \   0000099E   216A               LDR      R1,[R4, #+32]
   \   000009A0   0598               LDR      R0,[SP, #+20]
   \   000009A2   ........           _BLF     printf,??printf??rT
    734             printf("\n>Sample Time:%03d", sStoreTime);
   \   000009A6   ....               LDR      R0,??Subroutine19_0+0x24  ;; sStoreTime
   \   000009A8   0021               MOVS     R1,#+0
   \   000009AA   415E               LDRSH    R1,[R0, R1]
   \   000009AC   E920               MOVS     R0,#+233
   \   000009AE   C000               LSLS     R0,R0,#+3        ;; #+1864
   \   000009B0   3018               ADDS     R0,R6,R0
   \   000009B2   ........           _BLF     printf,??printf??rT
    735             //if (!Com2Mode) printf("\n>Connect:Modem ");
    736             //  else printf("\n>Connect:RS232C ");
    737             printf("\n>SAVE:[ENT]");
   \   000009B6   ....               LDR      R0,??Subroutine19_0+0x28  ;; 0x75c
   \   000009B8   3018               ADDS     R0,R6,R0
   \   000009BA   ........           _BLF     printf,??printf??rT
    738             sExecStep++;
   \   000009BE   2888               LDRH     R0,[R5, #+0]
   \   000009C0   401C               ADDS     R0,R0,#+1
   \                     ??meter_calibrate_function_130:
   \   000009C2   2FE4               B.N      ??meter_calibrate_function_62
    739             return;
    740          
    741           case PARAMETER_SAVE+1:
    742             if (ENTER_KEY) sExecStep++;
   \                     ??meter_calibrate_function_51:
   \   000009C4   0D28               CMP      R0,#+13
   \   000009C6   02D1               BNE      ??meter_calibrate_function_131
   \   000009C8   6846               MOV      R0,SP
   \   000009CA   0088               LDRH     R0,[R0, #+0]
   \   000009CC   D2E7               B.N      ??meter_calibrate_function_129
    743             else if (ANY_KEY) sExecStep = PARAMETER_SAVE+10;
   \                     ??meter_calibrate_function_131:
   \   000009CE   0028               CMP      R0,#+0
   \   000009D0   01D0               BEQ      ??meter_calibrate_function_132
   \   000009D2   ....               LDR      R0,??Subroutine19_0+0x2C  ;; 0x7da
   \   000009D4   97E4               B.N      ??meter_calibrate_function_74
    744             else if (step_delay(SEC_1*30)) execmode_change(MAIN_MENU);
   \                     ??meter_calibrate_function_132:
   \   000009D6   ....               LDR      R0,??Subroutine19_0+0x30  ;; 0x3a98
   \   000009D8   ........           _BLF     step_delay,??step_delay??rT
   \   000009DC   0028               CMP      R0,#+0
   \                     ??meter_calibrate_function_124:
   \   000009DE   52D0               BEQ      ??meter_calibrate_function_75
   \   000009E0   0020               MOVS     R0,#+0
   \   000009E2   4EE0               B.N      ??meter_calibrate_function_82
    745             return; 
    746             
    747           case PARAMETER_SAVE+2:   
    748             backup_data_save();
   \                     ??meter_calibrate_function_52:
   \   000009E4   ........           _BLF     backup_data_save,??backup_data_save??rT
    749             sExecStep++;
   \   000009E8   2888               LDRH     R0,[R5, #+0]
   \   000009EA   401C               ADDS     R0,R0,#+1
   \   000009EC   C2E7               B.N      ??meter_calibrate_function_129
    750             return;
    751          
    752           case PARAMETER_SAVE+3:   
    753             printf("\n>Flash Save END");
   \                     ??meter_calibrate_function_53:
   \   000009EE   ....               LDR      R0,??Subroutine19_0+0x34  ;; 0x76c
   \   000009F0   3018               ADDS     R0,R6,R0
   \   000009F2   ........           _BLF     printf,??printf??rT
    754             sExecStep++;
   \   000009F6   2888               LDRH     R0,[R5, #+0]
   \   000009F8   401C               ADDS     R0,R0,#+1
   \   000009FA   E2E7               B.N      ??meter_calibrate_function_130
    755             return;
    756          
    757           case PARAMETER_SAVE+4:   
    758             backup_data_read();
   \                     ??meter_calibrate_function_54:
   \   000009FC   ........           _BLF     backup_data_read,??backup_data_read??rT
    759             sExecStep++;
   \   00000A00   2888               LDRH     R0,[R5, #+0]
   \   00000A02   401C               ADDS     R0,R0,#+1
   \   00000A04   B6E7               B.N      ??meter_calibrate_function_129
    760             return;
    761             
    762           case PARAMETER_SAVE+5:   
    763             printf("\n>SecretNO:%08X", iSecretCode);
   \                     ??meter_calibrate_function_55:
   \   00000A06   E168               LDR      R1,[R4, #+12]
   \   00000A08   0898               LDR      R0,[SP, #+32]
   \   00000A0A   ........           _BLF     printf,??printf??rT
    764             printf("\n>Amp. Cal:%08X", iIrmsDivider);
   \   00000A0E   2169               LDR      R1,[R4, #+16]
   \   00000A10   0798               LDR      R0,[SP, #+28]
   \   00000A12   ........           _BLF     printf,??printf??rT
    765             printf("\n>Volt Cal:%08X", iVrmsDivider);
   \   00000A16   A169               LDR      R1,[R4, #+24]
   \   00000A18   0698               LDR      R0,[SP, #+24]
   \   00000A1A   ........           _BLF     printf,??printf??rT
    766             printf("\n>PowerCal:%08X", iActiveDivider);
   \   00000A1E   216A               LDR      R1,[R4, #+32]
   \   00000A20   0598               LDR      R0,[SP, #+20]
   \   00000A22   ........           _BLF     printf,??printf??rT
    767             printf("\n>Sample TimeTM:%03d", sStoreTime);
   \   00000A26   ....               LDR      R0,??Subroutine19_0+0x38  ;; sStoreTime
   \   00000A28   0021               MOVS     R1,#+0
   \   00000A2A   415E               LDRSH    R1,[R0, R1]
   \   00000A2C   F020               MOVS     R0,#+240
   \   00000A2E   C000               LSLS     R0,R0,#+3        ;; #+1920
   \   00000A30   3018               ADDS     R0,R6,R0
   \   00000A32   ........           _BLF     printf,??printf??rT
    768             //if (!Com2Mode) printf("\n>Connect:Modem ");
    769             //  else printf("\n>Connect:RS232C ");
    770             sExecStep++;
   \   00000A36   2888               LDRH     R0,[R5, #+0]
   \   00000A38   401C               ADDS     R0,R0,#+1
   \   00000A3A   64E4               B.N      ??meter_calibrate_function_74
    771             return;
    772             
    773            case PARAMETER_SAVE+6:
    774             if (ANY_KEY) execmode_change(MAIN_MENU);
   \                     ??meter_calibrate_function_56:
   \   00000A3C   0028               CMP      R0,#+0
   \   00000A3E   07D0               BEQ      ??meter_calibrate_function_133
   \   00000A40   0020               MOVS     R0,#+0
   \   00000A42   1EE0               B.N      ??meter_calibrate_function_82
   \                     ??meter_calibrate_function_111:
   \   00000A44   DC050000           DC32     0x5dc
   \   00000A48   04060000           DC32     0x604
   \   00000A4C   26020000           DC32     0x226
    775             else if (step_delay(SEC_1<<2)) execmode_change(MAIN_MENU);
   \                     ??meter_calibrate_function_133:
   \   00000A50   FA20               MOVS     R0,#+250
   \   00000A52   C000               LSLS     R0,R0,#+3        ;; #+2000
   \   00000A54   ........           _BLF     step_delay,??step_delay??rT
   \   00000A58   0028               CMP      R0,#+0
   \   00000A5A   14D0               BEQ      ??meter_calibrate_function_75
   \   00000A5C   0020               MOVS     R0,#+0
   \   00000A5E   10E0               B.N      ??meter_calibrate_function_82
    776             return; 
    777             
    778            case PARAMETER_SAVE+10:
    779              printf("\n>Save Canceled!");
   \                     ??meter_calibrate_function_57:
   \   00000A60   F320               MOVS     R0,#+243
   \   00000A62   C000               LSLS     R0,R0,#+3        ;; #+1944
   \   00000A64   3018               ADDS     R0,R6,R0
   \   00000A66   ........           _BLF     printf,??printf??rT
    780              DelayStep = 0;
   \   00000A6A   0020               MOVS     R0,#+0
   \   00000A6C   3870               STRB     R0,[R7, #+0]
    781              sExecStep++;
   \   00000A6E   2888               LDRH     R0,[R5, #+0]
   \   00000A70   401C               ADDS     R0,R0,#+1
   \   00000A72   7FE7               B.N      ??meter_calibrate_function_129
    782              return;
    783              
    784            case PARAMETER_SAVE+11:
    785              if (step_delay(SEC_1)) execmode_change(MAIN_MENU);
   \                     ??meter_calibrate_function_58:
   \   00000A74   FA20               MOVS     R0,#+250
   \   00000A76   4000               LSLS     R0,R0,#+1        ;; #+500
   \   00000A78   ........           _BLF     step_delay,??step_delay??rT
   \   00000A7C   0028               CMP      R0,#+0
   \   00000A7E   02D0               BEQ      ??meter_calibrate_function_75
   \                     ??meter_calibrate_function_68:
   \   00000A80   0020               MOVS     R0,#+0
   \                     ??meter_calibrate_function_82:
   \   00000A82   ........           _BLF     execmode_change,??execmode_change??rT
   \                     ??meter_calibrate_function_75:
   \   00000A86   09B0               ADD      SP,SP,#+36
   \   00000A88                      REQUIRE ?Subroutine19
   \   00000A88                      ;; // Fall through to label ?Subroutine19
    786              return;
    787           }
    788          }
    789          
    790          // ADE7753 Execute step define
    791          #define	ADE_MONIT	200
    792          #define	ADE_RESET	10
    793          #define	ADE_READ	50
    794          #define	ADE_WRITE	60
    795          #define	ADE_ALL_READ	70
    796          #define	ADE_RMS_MONIT	80
    797          #define	ADE_INIT	100
    798          

   \                                 In segment CODE, align 4, keep-with-next
    799          void ADE7753_test_function(void)
    800          {
   \                     ADE7753_test_function:
   \   00000000   F3B5               PUSH     {R0,R1,R4-R7,LR}
    801           //unsigned char lp;
    802           switch (sExecStep)
   \   00000002   C04F               LDR      R7,??ADE7753_test_function_0  ;; ReadCount
   \   00000004   C04C               LDR      R4,??ADE7753_test_function_0+0x4  ;; sExecStep
   \   00000006   6846               MOV      R0,SP
   \   00000008   2188               LDRH     R1,[R4, #+0]
   \   0000000A   491C               ADDS     R1,R1,#+1
   \   0000000C   0180               STRH     R1,[R0, #+0]
   \   0000000E   BF4D               LDR      R5,??ADE7753_test_function_0+0x8  ;; ADE_REG_LENGTH
   \   00000010   BF48               LDR      R0,??ADE7753_test_function_0+0xC  ;; 0x964
   \   00000012   2818               ADDS     R0,R5,R0
   \   00000014   0190               STR      R0,[SP, #+4]
   \   00000016   BF48               LDR      R0,??ADE7753_test_function_0+0x10  ;; KeyValue
   \   00000018   0068               LDR      R0,[R0, #+0]
   \   0000001A   BF4E               LDR      R6,??ADE7753_test_function_0+0x14  ;; iADEregistor + 4
   \   0000001C   BF49               LDR      R1,??ADE7753_test_function_0+0x18  ;; bPushKey
   \   0000001E   0978               LDRB     R1,[R1, #+0]
   \   00000020   2288               LDRH     R2,[R4, #+0]
   \   00000022   002A               CMP      R2,#+0
   \   00000024   ....               BNE      .+5
   \   00000026   8DE0               B        ??ADE7753_test_function_1
   \   00000028   012A               CMP      R2,#+1
   \   0000002A   ....               BNE      .+5
   \   0000002C   90E0               B        ??ADE7753_test_function_2
   \   0000002E   022A               CMP      R2,#+2
   \   00000030   ....               BNE      .+5
   \   00000032   BBE0               B        ??ADE7753_test_function_3
   \   00000034   0A2A               CMP      R2,#+10
   \   00000036   ....               BNE      .+5
   \   00000038   F3E0               B        ??ADE7753_test_function_4
   \   0000003A   0B2A               CMP      R2,#+11
   \   0000003C   ....               BNE      .+5
   \   0000003E   FDE0               B        ??ADE7753_test_function_5
   \   00000040   0C2A               CMP      R2,#+12
   \   00000042   ....               BNE      .+5
   \   00000044   03E1               B        ??ADE7753_test_function_6
   \   00000046   142A               CMP      R2,#+20
   \   00000048   ....               BNE      .+5
   \   0000004A   04E1               B        ??ADE7753_test_function_7
   \   0000004C   1E2A               CMP      R2,#+30
   \   0000004E   ....               BNE      .+5
   \   00000050   17E1               B        ??ADE7753_test_function_8
   \   00000052   282A               CMP      R2,#+40
   \   00000054   ....               BNE      .+5
   \   00000056   27E1               B        ??ADE7753_test_function_9
   \   00000058   322A               CMP      R2,#+50
   \   0000005A   ....               BNE      .+5
   \   0000005C   35E1               B        ??ADE7753_test_function_10
   \   0000005E   332A               CMP      R2,#+51
   \   00000060   ....               BNE      .+5
   \   00000062   3BE1               B        ??ADE7753_test_function_11
   \   00000064   342A               CMP      R2,#+52
   \   00000066   ....               BNE      .+5
   \   00000068   7CE1               B        ??ADE7753_test_function_12
   \   0000006A   352A               CMP      R2,#+53
   \   0000006C   ....               BNE      .+5
   \   0000006E   92E1               B        ??ADE7753_test_function_13
   \   00000070   362A               CMP      R2,#+54
   \   00000072   ....               BNE      .+5
   \   00000074   AEE1               B        ??ADE7753_test_function_14
   \   00000076   372A               CMP      R2,#+55
   \   00000078   ....               BNE      .+5
   \   0000007A   B6E1               B        ??ADE7753_test_function_15
   \   0000007C   382A               CMP      R2,#+56
   \   0000007E   ....               BNE      .+5
   \   00000080   B6E1               B        ??ADE7753_test_function_16
   \   00000082   3C2A               CMP      R2,#+60
   \   00000084   ....               BNE      .+5
   \   00000086   C3E1               B        ??ADE7753_test_function_17
   \   00000088   3D2A               CMP      R2,#+61
   \   0000008A   ....               BNE      .+5
   \   0000008C   C9E1               B        ??ADE7753_test_function_18
   \   0000008E   3E2A               CMP      R2,#+62
   \   00000090   ....               BNE      .+5
   \   00000092   D8E1               B        ??ADE7753_test_function_19
   \   00000094   3F2A               CMP      R2,#+63
   \   00000096   ....               BNE      .+5
   \   00000098   EAE1               B        ??ADE7753_test_function_20
   \   0000009A   402A               CMP      R2,#+64
   \   0000009C   ....               BNE      .+5
   \   0000009E   21E2               B        ??ADE7753_test_function_21
   \   000000A0   412A               CMP      R2,#+65
   \   000000A2   ....               BNE      .+5
   \   000000A4   33E2               B        ??ADE7753_test_function_22
   \   000000A6   422A               CMP      R2,#+66
   \   000000A8   ....               BNE      .+5
   \   000000AA   39E2               B        ??ADE7753_test_function_23
   \   000000AC   432A               CMP      R2,#+67
   \   000000AE   ....               BNE      .+5
   \   000000B0   56E2               B        ??ADE7753_test_function_24
   \   000000B2   442A               CMP      R2,#+68
   \   000000B4   ....               BNE      .+5
   \   000000B6   56E2               B        ??ADE7753_test_function_25
   \   000000B8   462A               CMP      R2,#+70
   \   000000BA   ....               BNE      .+5
   \   000000BC   61E2               B        ??ADE7753_test_function_26
   \   000000BE   472A               CMP      R2,#+71
   \   000000C0   ....               BNE      .+5
   \   000000C2   65E2               B        ??ADE7753_test_function_27
   \   000000C4   482A               CMP      R2,#+72
   \   000000C6   ....               BNE      .+5
   \   000000C8   69E2               B        ??ADE7753_test_function_28
   \   000000CA   492A               CMP      R2,#+73
   \   000000CC   ....               BNE      .+5
   \   000000CE   6DE2               B        ??ADE7753_test_function_29
   \   000000D0   4A2A               CMP      R2,#+74
   \   000000D2   ....               BNE      .+5
   \   000000D4   C1E2               B        ??ADE7753_test_function_30
   \   000000D6   4B2A               CMP      R2,#+75
   \   000000D8   ....               BNE      .+5
   \   000000DA   E3E2               B        ??ADE7753_test_function_31
   \   000000DC   4C2A               CMP      R2,#+76
   \   000000DE   ....               BNE      .+5
   \   000000E0   49E3               B        ??ADE7753_test_function_32
   \   000000E2   4D2A               CMP      R2,#+77
   \   000000E4   ....               BNE      .+5
   \   000000E6   4BE3               B        ??ADE7753_test_function_33
   \   000000E8   4E2A               CMP      R2,#+78
   \   000000EA   ....               BNE      .+5
   \   000000EC   8FE3               B        ??ADE7753_test_function_34
   \   000000EE   502A               CMP      R2,#+80
   \   000000F0   ....               BNE      .+5
   \   000000F2   90E3               B        ??ADE7753_test_function_35
   \   000000F4   512A               CMP      R2,#+81
   \   000000F6   ....               BNE      .+5
   \   000000F8   97E3               B        ??ADE7753_test_function_36
   \   000000FA   522A               CMP      R2,#+82
   \   000000FC   ....               BNE      .+5
   \   000000FE   9BE3               B        ??ADE7753_test_function_37
   \   00000100   532A               CMP      R2,#+83
   \   00000102   ....               BNE      .+5
   \   00000104   B4E3               B        ??ADE7753_test_function_38
   \   00000106   542A               CMP      R2,#+84
   \   00000108   ....               BNE      .+5
   \   0000010A   BDE3               B        ??ADE7753_test_function_39
   \   0000010C   552A               CMP      R2,#+85
   \   0000010E   ....               BNE      .+5
   \   00000110   D5E3               B        ??ADE7753_test_function_40
   \   00000112   562A               CMP      R2,#+86
   \   00000114   ....               BNE      .+7
   \   00000116   00F077FC           BL       ??ADE7753_test_function_41
   \   0000011A   572A               CMP      R2,#+87
   \   0000011C   ....               BNE      .+7
   \   0000011E   00F07FFC           BL       ??ADE7753_test_function_42
   \   00000122   5A2A               CMP      R2,#+90
   \   00000124   ....               BNE      .+5
   \   00000126   AAE0               B        ??ADE7753_test_function_43
   \   00000128   642A               CMP      R2,#+100
   \   0000012A   ....               BNE      .+7
   \   0000012C   00F07AFC           BL       ??ADE7753_test_function_44
   \   00000130   C82A               CMP      R2,#+200
   \   00000132   ....               BNE      .+7
   \   00000134   00F079FC           BL       ??ADE7753_test_function_45
   \   00000138   C92A               CMP      R2,#+201
   \   0000013A   ....               BNE      .+7
   \   0000013C   00F09DFC           BL       ??ADE7753_test_function_46
   \   00000140   00F0E7FC           BL       ??ADE7753_test_function_47
    803           {   
    804            case 0:
    805              display_mode(0);
   \                     ??ADE7753_test_function_1:
   \   00000144   0020               MOVS     R0,#+0
   \   00000146   ........           _BLF     display_mode,??display_mode??rT
    806              sExecStep++;
   \   0000014A   2088               LDRH     R0,[R4, #+0]
   \   0000014C   401C               ADDS     R0,R0,#+1
   \   0000014E   2FE1               B.N      ??ADE7753_test_function_48
    807              return;
    808              
    809            case 1:
    810              DelayStep = 0;
   \                     ??ADE7753_test_function_2:
   \   00000150   7348               LDR      R0,??ADE7753_test_function_0+0x1C  ;; DelayStep
   \   00000152   0021               MOVS     R1,#+0
   \   00000154   0170               STRB     R1,[R0, #+0]
    811              screen_clear();
   \   00000156   ........           _BLF     screen_clear,??screen_clear??rT
    812              debug_monit(MONOUT);
   \   0000015A   0120               MOVS     R0,#+1
   \   0000015C   ........           _BLF     debug_monit,??debug_monit??rT
    813              printf("<< AD7753 Test >>");
   \   00000160   7048               LDR      R0,??ADE7753_test_function_0+0x20  ;; 0x7ac
   \   00000162   2818               ADDS     R0,R5,R0
   \   00000164   ........           _BLF     printf,??printf??rT
    814              printf("\n1:PM_RST  2:PM_DOUT ");
   \   00000168   F820               MOVS     R0,#+248
   \   0000016A   C000               LSLS     R0,R0,#+3        ;; #+1984
   \   0000016C   2818               ADDS     R0,R5,R0
   \   0000016E   ........           _BLF     printf,??printf??rT
    815              printf("\n3:PM_CK   4:PM_CE   ");
   \   00000172   FB20               MOVS     R0,#+251
   \   00000174   C000               LSLS     R0,R0,#+3        ;; #+2008
   \   00000176   2818               ADDS     R0,R5,R0
   \   00000178   ........           _BLF     printf,??printf??rT
    816              printf("\n5:READ    6:WRITE   ");
   \   0000017C   FE20               MOVS     R0,#+254
   \   0000017E   C000               LSLS     R0,R0,#+3        ;; #+2032
   \   00000180   2818               ADDS     R0,R5,R0
   \   00000182   ........           _BLF     printf,??printf??rT
    817              printf("\n7:ALL READ");
   \   00000186   6848               LDR      R0,??ADE7753_test_function_0+0x24  ;; 0x808
   \   00000188   2818               ADDS     R0,R5,R0
   \   0000018A   ........           _BLF     printf,??printf??rT
    818              printf("\n8:RMS Power Monit");
   \   0000018E   6748               LDR      R0,??ADE7753_test_function_0+0x28  ;; 0x814
   \   00000190   2818               ADDS     R0,R5,R0
   \   00000192   ........           _BLF     printf,??printf??rT
    819              printf("\n9:        0:ADE Init");
   \   00000196   6648               LDR      R0,??ADE7753_test_function_0+0x2C  ;; 0x828
   \   00000198   2818               ADDS     R0,R5,R0
   \   0000019A   ........           _BLF     printf,??printf??rT
    820              printf("\n[MENU]:goto MAIN");
   \   0000019E   6548               LDR      R0,??ADE7753_test_function_0+0x30  ;; 0x46c
   \   000001A0   2818               ADDS     R0,R5,R0
   \   000001A2   ........           _BLF     printf,??printf??rT
    821              sExecStep++;
   \   000001A6   2088               LDRH     R0,[R4, #+0]
   \   000001A8   401C               ADDS     R0,R0,#+1
   \   000001AA   01E1               B.N      ??ADE7753_test_function_48
    822              return;
    823            
    824            case 2:
    825            if (bPushKey == '1') sExecStep = ADE_RESET;
   \                     ??ADE7753_test_function_3:
   \   000001AC   3129               CMP      R1,#+49
   \   000001AE   01D1               BNE      ??ADE7753_test_function_49
   \   000001B0   0A20               MOVS     R0,#+10
   \   000001B2   FDE0               B.N      ??ADE7753_test_function_48
    826              else if (bPushKey == '2') sExecStep = 20;
   \                     ??ADE7753_test_function_49:
   \   000001B4   3229               CMP      R1,#+50
   \   000001B6   01D1               BNE      ??ADE7753_test_function_50
   \   000001B8   1420               MOVS     R0,#+20
   \   000001BA   F9E0               B.N      ??ADE7753_test_function_48
    827              else if (bPushKey == '3') sExecStep = 30;
   \                     ??ADE7753_test_function_50:
   \   000001BC   3329               CMP      R1,#+51
   \   000001BE   01D1               BNE      ??ADE7753_test_function_51
   \   000001C0   1E20               MOVS     R0,#+30
   \   000001C2   F5E0               B.N      ??ADE7753_test_function_48
    828              else if (bPushKey == '4') sExecStep = 40;
   \                     ??ADE7753_test_function_51:
   \   000001C4   3429               CMP      R1,#+52
   \   000001C6   01D1               BNE      ??ADE7753_test_function_52
   \   000001C8   2820               MOVS     R0,#+40
   \   000001CA   F1E0               B.N      ??ADE7753_test_function_48
    829              else if (bPushKey == '5') sExecStep = ADE_READ;
   \                     ??ADE7753_test_function_52:
   \   000001CC   3529               CMP      R1,#+53
   \   000001CE   01D1               BNE      ??ADE7753_test_function_53
   \   000001D0   3220               MOVS     R0,#+50
   \   000001D2   EDE0               B.N      ??ADE7753_test_function_48
    830              else if (bPushKey == '6') sExecStep = ADE_WRITE;
   \                     ??ADE7753_test_function_53:
   \   000001D4   3629               CMP      R1,#+54
   \   000001D6   01D1               BNE      ??ADE7753_test_function_54
   \   000001D8   3C20               MOVS     R0,#+60
   \   000001DA   E9E0               B.N      ??ADE7753_test_function_48
    831              else if (bPushKey == '7') sExecStep = ADE_ALL_READ;
   \                     ??ADE7753_test_function_54:
   \   000001DC   3729               CMP      R1,#+55
   \   000001DE   01D1               BNE      ??ADE7753_test_function_55
   \   000001E0   4620               MOVS     R0,#+70
   \   000001E2   E5E0               B.N      ??ADE7753_test_function_48
    832              else if (bPushKey == '8') sExecStep = ADE_RMS_MONIT; 
   \                     ??ADE7753_test_function_55:
   \   000001E4   3829               CMP      R1,#+56
   \   000001E6   01D1               BNE      ??ADE7753_test_function_56
   \   000001E8   5020               MOVS     R0,#+80
   \   000001EA   E1E0               B.N      ??ADE7753_test_function_48
    833              else if (bPushKey == '9') sExecStep = 90; 
   \                     ??ADE7753_test_function_56:
   \   000001EC   3929               CMP      R1,#+57
   \   000001EE   01D1               BNE      ??ADE7753_test_function_57
   \   000001F0   5A20               MOVS     R0,#+90
   \   000001F2   DDE0               B.N      ??ADE7753_test_function_48
    834              else if (bPushKey == '0') sExecStep = ADE_INIT; 
   \                     ??ADE7753_test_function_57:
   \   000001F4   3029               CMP      R1,#+48
   \   000001F6   01D1               BNE      ??ADE7753_test_function_58
   \   000001F8   6420               MOVS     R0,#+100
   \   000001FA   D9E0               B.N      ??ADE7753_test_function_48
    835              else if (bPushKey == 'b') sExecStep++; 
   \                     ??ADE7753_test_function_58:
   \   000001FC   6229               CMP      R1,#+98
   \   000001FE   02D1               BNE      ??ADE7753_test_function_59
   \   00000200   6846               MOV      R0,SP
   \   00000202   0088               LDRH     R0,[R0, #+0]
   \   00000204   D4E0               B.N      ??ADE7753_test_function_48
    836              else if (bPushKey == 'c') sExecStep++; 
   \                     ??ADE7753_test_function_59:
   \   00000206   6329               CMP      R1,#+99
   \   00000208   02D1               BNE      ??ADE7753_test_function_60
   \   0000020A   6846               MOV      R0,SP
   \   0000020C   0088               LDRH     R0,[R0, #+0]
   \   0000020E   CFE0               B.N      ??ADE7753_test_function_48
    837              else if (bPushKey == 'a') 
   \                     ??ADE7753_test_function_60:
   \   00000210   6129               CMP      R1,#+97
   \   00000212   ....               BEQ      .+5
   \   00000214   BEE0               B        ??ADE7753_test_function_61
    838              {
    839                sExecStep = 0;
   \   00000216   0020               MOVS     R0,#+0
   \   00000218   2080               STRH     R0,[R4, #+0]
    840                ExecMode = MAIN_MENU;
   \   0000021A   4748               LDR      R0,??ADE7753_test_function_0+0x34  ;; ExecMode
   \   0000021C   0021               MOVS     R1,#+0
   \   0000021E   0170               STRB     R1,[R0, #+0]
   \   00000220   B8E0               B        ??ADE7753_test_function_61
    841               }
    842              return;
    843             
    844            case ADE_RESET:
    845              screen_clear();
   \                     ??ADE7753_test_function_4:
   \   00000222   ........           _BLF     screen_clear,??screen_clear??rT
    846              PMreset(ON);
   \   00000226   0120               MOVS     R0,#+1
   \   00000228   ........           _BLF     PMreset,??PMreset??rT
    847              printf("\n>ADE7753 reset..");
   \   0000022C   8420               MOVS     R0,#+132
   \   0000022E   0001               LSLS     R0,R0,#+4        ;; #+2112
   \   00000230   2818               ADDS     R0,R5,R0
   \   00000232   ........           _BLF     printf,??printf??rT
    848              sExecStep++;
   \   00000236   2088               LDRH     R0,[R4, #+0]
   \   00000238   401C               ADDS     R0,R0,#+1
   \   0000023A   B9E0               B.N      ??ADE7753_test_function_48
    849              return;
    850            
    851            case ADE_RESET+1:
    852              if (step_delay(10)) sExecStep++;
   \                     ??ADE7753_test_function_5:
   \   0000023C   0A20               MOVS     R0,#+10
   \   0000023E   ........           _BLF     step_delay,??step_delay??rT
   \   00000242   0028               CMP      R0,#+0
   \   00000244   ....               BNE      .+5
   \   00000246   A5E0               B        ??ADE7753_test_function_61
   \   00000248   2088               LDRH     R0,[R4, #+0]
   \   0000024A   401C               ADDS     R0,R0,#+1
   \   0000024C   B0E0               B.N      ??ADE7753_test_function_48
    853              return;
    854              
    855            case ADE_RESET+2:
    856              PMreset(OFF);
   \                     ??ADE7753_test_function_6:
   \   0000024E   0020               MOVS     R0,#+0
   \   00000250   ........           _BLF     PMreset,??PMreset??rT
   \   00000254   13E0               B        ??ADE7753_test_function_43
    857              sExecStep = ADE_MONIT;
    858              return;
    859              
    860            case 20:
    861              screen_clear();
   \                     ??ADE7753_test_function_7:
   \   00000256   ........           _BLF     screen_clear,??screen_clear??rT
    862              if (PMdataoutIs) PMdataout(OFF); else PMdataout(ON);
   \   0000025A   384E               LDR      R6,??ADE7753_test_function_0+0x38  ;; PMdataoutIs
   \   0000025C   3078               LDRB     R0,[R6, #+0]
   \   0000025E   0028               CMP      R0,#+0
   \   00000260   01D0               BEQ      ??ADE7753_test_function_62
   \   00000262   0020               MOVS     R0,#+0
   \   00000264   00E0               B.N      ??ADE7753_test_function_63
   \                     ??ADE7753_test_function_62:
   \   00000266   0120               MOVS     R0,#+1
   \                     ??ADE7753_test_function_63:
   \   00000268   ........           _BLF     PMdataout,??PMdataout??rT
    863              if (PMdataoutIs) printf("\n>PMdataout:H"); else printf("\n>PMdataout:L");
   \   0000026C   3078               LDRB     R0,[R6, #+0]
   \   0000026E   0028               CMP      R0,#+0
   \   00000270   01D0               BEQ      ??ADE7753_test_function_64
   \   00000272   3348               LDR      R0,??ADE7753_test_function_0+0x3C  ;; 0x854
   \   00000274   00E0               B.N      ??ADE7753_test_function_65
   \                     ??ADE7753_test_function_64:
   \   00000276   3348               LDR      R0,??ADE7753_test_function_0+0x40  ;; 0x864
   \                     ??ADE7753_test_function_65:
   \   00000278   2818               ADDS     R0,R5,R0
   \   0000027A   ........           _BLF     printf,??printf??rT
    864              sExecStep = ADE_MONIT;
   \                     ??ADE7753_test_function_43:
   \   0000027E   C820               MOVS     R0,#+200
   \   00000280   96E0               B.N      ??ADE7753_test_function_48
    865              return;
    866              
    867            case 30:
    868              screen_clear();
   \                     ??ADE7753_test_function_8:
   \   00000282   ........           _BLF     screen_clear,??screen_clear??rT
    869              if (PMclockIs) PMclock(OFF); else PMclock(ON);
   \   00000286   304E               LDR      R6,??ADE7753_test_function_0+0x44  ;; PMclockIs
   \   00000288   3078               LDRB     R0,[R6, #+0]
   \   0000028A   0028               CMP      R0,#+0
   \   0000028C   01D0               BEQ      ??ADE7753_test_function_66
   \   0000028E   0020               MOVS     R0,#+0
   \   00000290   00E0               B.N      ??ADE7753_test_function_67
   \                     ??ADE7753_test_function_66:
   \   00000292   0120               MOVS     R0,#+1
   \                     ??ADE7753_test_function_67:
   \   00000294   ........           _BLF     PMclock,??PMclock??rT
    870              if (PMclockIs) printf("\n>PMclock:H"); else printf("\n>PMclock:L");
   \   00000298   3078               LDRB     R0,[R6, #+0]
   \   0000029A   0028               CMP      R0,#+0
   \   0000029C   01D0               BEQ      ??ADE7753_test_function_68
   \   0000029E   2B48               LDR      R0,??ADE7753_test_function_0+0x48  ;; 0x874
   \   000002A0   EAE7               B.N      ??ADE7753_test_function_65
   \                     ??ADE7753_test_function_68:
   \   000002A2   8820               MOVS     R0,#+136
   \   000002A4   0001               LSLS     R0,R0,#+4        ;; #+2176
   \   000002A6   E7E7               B.N      ??ADE7753_test_function_65
    871              sExecStep = ADE_MONIT;
    872              return;
    873              
    874            case 40:
    875              screen_clear();
   \                     ??ADE7753_test_function_9:
   \   000002A8   ........           _BLF     screen_clear,??screen_clear??rT
    876              PMenable(TOGLE);
   \   000002AC   0220               MOVS     R0,#+2
   \   000002AE   ........           _BLF     PMenable,??PMenable??rT
    877              if (PMenableIs) printf("\n>PMenable:H"); else printf("\n>PMenable:L");
   \   000002B2   2748               LDR      R0,??ADE7753_test_function_0+0x4C  ;; PMenableIs
   \   000002B4   0078               LDRB     R0,[R0, #+0]
   \   000002B6   0028               CMP      R0,#+0
   \   000002B8   01D0               BEQ      ??ADE7753_test_function_69
   \   000002BA   2648               LDR      R0,??ADE7753_test_function_0+0x50  ;; 0x88c
   \   000002BC   00E0               B.N      ??ADE7753_test_function_70
   \                     ??ADE7753_test_function_69:
   \   000002BE   2648               LDR      R0,??ADE7753_test_function_0+0x54  ;; 0x89c
   \                     ??ADE7753_test_function_70:
   \   000002C0   2818               ADDS     R0,R5,R0
   \   000002C2   ........           _BLF     printf,??printf??rT
    878              sExecStep = ADE_MONIT;
   \   000002C6   C820               MOVS     R0,#+200
   \   000002C8   2080               STRH     R0,[R4, #+0]
    879              
    880            case ADE_READ:
    881              screen_clear();
   \                     ??ADE7753_test_function_10:
   \   000002CA   ........           _BLF     screen_clear,??screen_clear??rT
    882              printf(">ADE7753 Reg. READ");
   \   000002CE   2348               LDR      R0,??ADE7753_test_function_0+0x58  ;; 0x8ac
   \   000002D0   2818               ADDS     R0,R5,R0
   \   000002D2   ........           _BLF     printf,??printf??rT
    883              sExecStep++;
   \   000002D6   2088               LDRH     R0,[R4, #+0]
   \   000002D8   401C               ADDS     R0,R0,#+1
   \   000002DA   69E0               B.N      ??ADE7753_test_function_48
    884              return;
    885          
    886            case ADE_READ+1:
    887              keyin_start(2);
   \                     ??ADE7753_test_function_11:
   \   000002DC   0220               MOVS     R0,#+2
   \   000002DE   ........           _BLF     keyin_start,??keyin_start??rT
    888              printf("\nADEaddress:%02X", KeyValue);
   \   000002E2   0C48               LDR      R0,??ADE7753_test_function_0+0x10  ;; KeyValue
   \   000002E4   0168               LDR      R1,[R0, #+0]
   \   000002E6   8C20               MOVS     R0,#+140
   \   000002E8   0001               LSLS     R0,R0,#+4        ;; #+2240
   \   000002EA   2818               ADDS     R0,R5,R0
   \   000002EC   ........           _BLF     printf,??printf??rT
    889              sCurPos--;
   \   000002F0   1B48               LDR      R0,??ADE7753_test_function_0+0x5C  ;; sCurPos
   \   000002F2   1B49               LDR      R1,??ADE7753_test_function_0+0x5C  ;; sCurPos
   \   000002F4   0022               MOVS     R2,#+0
   \   000002F6   895E               LDRSH    R1,[R1, R2]
   \   000002F8   491E               SUBS     R1,R1,#+1
   \   000002FA   0180               STRH     R1,[R0, #+0]
    890              sExecStep++;
   \   000002FC   2088               LDRH     R0,[R4, #+0]
   \   000002FE   401C               ADDS     R0,R0,#+1
   \   00000300   56E0               B.N      ??ADE7753_test_function_48
   \   00000302   C046               Nop      
   \                     ??ADE7753_test_function_0:
   \   00000304   ........           DC32     ReadCount
   \   00000308   ........           DC32     sExecStep
   \   0000030C   ........           DC32     ADE_REG_LENGTH
   \   00000310   64090000           DC32     0x964
   \   00000314   ........           DC32     KeyValue
   \   00000318   ........           DC32     iADEregistor + 4
   \   0000031C   ........           DC32     bPushKey
   \   00000320   ........           DC32     DelayStep
   \   00000324   AC070000           DC32     0x7ac
   \   00000328   08080000           DC32     0x808
   \   0000032C   14080000           DC32     0x814
   \   00000330   28080000           DC32     0x828
   \   00000334   6C040000           DC32     0x46c
   \   00000338   ........           DC32     ExecMode
   \   0000033C   ........           DC32     PMdataoutIs
   \   00000340   54080000           DC32     0x854
   \   00000344   64080000           DC32     0x864
   \   00000348   ........           DC32     PMclockIs
   \   0000034C   74080000           DC32     0x874
   \   00000350   ........           DC32     PMenableIs
   \   00000354   8C080000           DC32     0x88c
   \   00000358   9C080000           DC32     0x89c
   \   0000035C   AC080000           DC32     0x8ac
   \   00000360   ........           DC32     sCurPos
    891              return;
    892                  
    893            case ADE_READ+2:  
    894              if (bPushKey)
   \                     ??ADE7753_test_function_12:
   \   00000364   0029               CMP      R1,#+0
   \   00000366   15D0               BEQ      ??ADE7753_test_function_61
    895              {
    896                if(key_input_hex() == 0) 
   \   00000368   ........           _BLF     key_input_hex,??key_input_hex??rT
   \   0000036C   0028               CMP      R0,#+0
   \   0000036E   05D1               BNE      ??ADE7753_test_function_71
    897                {
    898          	ADEadd = KeyValue;
   \   00000370   BD48               LDR      R0,??ADE7753_test_function_72  ;; KeyValue
   \   00000372   0068               LDR      R0,[R0, #+0]
   \   00000374   3871               STRB     R0,[R7, #+4]
    899                  sExecStep++;
   \   00000376   2088               LDRH     R0,[R4, #+0]
   \   00000378   401C               ADDS     R0,R0,#+1
   \   0000037A   2080               STRH     R0,[R4, #+0]
    900                }
    901                printf("\rADEaddress:%02X", KeyValue);
   \                     ??ADE7753_test_function_71:
   \   0000037C   BA48               LDR      R0,??ADE7753_test_function_72  ;; KeyValue
   \   0000037E   0168               LDR      R1,[R0, #+0]
   \   00000380   BA48               LDR      R0,??ADE7753_test_function_72+0x4  ;; 0x8d4
   \   00000382   2818               ADDS     R0,R5,R0
   \   00000384   ........           _BLF     printf,??printf??rT
    902                sCurPos--;
   \   00000388   B948               LDR      R0,??ADE7753_test_function_72+0x8  ;; sCurPos
   \   0000038A   B949               LDR      R1,??ADE7753_test_function_72+0x8  ;; sCurPos
   \   0000038C   0022               MOVS     R2,#+0
   \   0000038E   895E               LDRSH    R1,[R1, R2]
   \   00000390   491E               SUBS     R1,R1,#+1
   \                     ??ADE7753_test_function_73:
   \   00000392   0180               STRH     R1,[R0, #+0]
   \                     ??ADE7753_test_function_61:
   \   00000394   C4E3               B        ??ADE7753_test_function_74
    903              }
    904              return;
    905           
    906            case ADE_READ+3:
    907              if ((KeyValue < 1)|(KeyValue > 0x3F)) 
   \                     ??ADE7753_test_function_13:
   \   00000396   0028               CMP      R0,#+0
   \   00000398   0BD0               BEQ      ??ADE7753_test_function_75
   \   0000039A   4028               CMP      R0,#+64
   \   0000039C   09D2               BCS      ??ADE7753_test_function_75
    908              {
    909                printf("\nRange Over");
    910                sExecStep = 1;     
    911              }
    912              else if ((KeyValue > 0x27)&(KeyValue < 0x3D)) 
   \   0000039E   2828               CMP      R0,#+40
   \   000003A0   0DD3               BCC      ??ADE7753_test_function_76
   \   000003A2   3D28               CMP      R0,#+61
   \   000003A4   0BD2               BCS      ??ADE7753_test_function_76
    913              {
    914                printf("\nNot Used Area");
   \   000003A6   B348               LDR      R0,??ADE7753_test_function_72+0xC  ;; 0x8f4
   \   000003A8   2818               ADDS     R0,R5,R0
   \   000003AA   ........           _BLF     printf,??printf??rT
    915                sExecStep = ADE_READ+5;     
   \   000003AE   3720               MOVS     R0,#+55
   \                     ??ADE7753_test_function_48:
   \   000003B0   B5E3               B.N      ??ADE7753_test_function_77
    916              }
   \                     ??ADE7753_test_function_75:
   \   000003B2   B148               LDR      R0,??ADE7753_test_function_72+0x10  ;; 0x8e8
   \   000003B4   2818               ADDS     R0,R5,R0
   \   000003B6   ........           _BLF     printf,??printf??rT
   \   000003BA   0120               MOVS     R0,#+1
   \   000003BC   AFE3               B.N      ??ADE7753_test_function_77
    917              else
    918              {
    919                ADEadd = KeyValue;
   \                     ??ADE7753_test_function_76:
   \   000003BE   3871               STRB     R0,[R7, #+4]
    920                iADEregistor[ADEadd] = ADE7753_registor_read(ADEadd);
   \   000003C0   3879               LDRB     R0,[R7, #+4]
   \   000003C2   ........           BL       ADE7753_registor_read
   \   000003C6   3979               LDRB     R1,[R7, #+4]
   \   000003C8   8900               LSLS     R1,R1,#+2
   \   000003CA   AC4A               LDR      R2,??ADE7753_test_function_72+0x14  ;; iADEregistor
   \   000003CC   5050               STR      R0,[R2, R1]
    921                sExecStep++;
   \   000003CE   2088               LDRH     R0,[R4, #+0]
   \   000003D0   401C               ADDS     R0,R0,#+1
   \   000003D2   A4E3               B.N      ??ADE7753_test_function_77
    922              }
    923              return;
    924            
    925            case ADE_READ+4:
    926              printf("\rADE[%02X]:%06X", ADEadd, iADEregistor[ADEadd]);
   \                     ??ADE7753_test_function_14:
   \   000003D4   3979               LDRB     R1,[R7, #+4]
   \   000003D6   8800               LSLS     R0,R1,#+2
   \   000003D8   A84A               LDR      R2,??ADE7753_test_function_72+0x14  ;; iADEregistor
   \   000003DA   1258               LDR      R2,[R2, R0]
   \   000003DC   A848               LDR      R0,??ADE7753_test_function_72+0x18  ;; 0x904
   \   000003DE   2818               ADDS     R0,R5,R0
   \   000003E0   ........           _BLF     printf,??printf??rT
    927              sExecStep++;
   \   000003E4   2088               LDRH     R0,[R4, #+0]
   \   000003E6   401C               ADDS     R0,R0,#+1
   \   000003E8   99E3               B.N      ??ADE7753_test_function_77
    928              return;
    929            
    930            case ADE_READ+5: sExecStep++; return;
   \                     ??ADE7753_test_function_15:
   \   000003EA   6846               MOV      R0,SP
   \   000003EC   0088               LDRH     R0,[R0, #+0]
   \   000003EE   96E3               B.N      ??ADE7753_test_function_77
    931              
    932            case ADE_READ+6:
    933              if (bPushKey == 'a') sExecStep = 1;
   \                     ??ADE7753_test_function_16:
   \   000003F0   6129               CMP      R1,#+97
   \   000003F2   01D1               BNE      ??ADE7753_test_function_78
   \   000003F4   0120               MOVS     R0,#+1
   \   000003F6   92E3               B.N      ??ADE7753_test_function_77
    934                else if (bPushKey != 0) sExecStep = ADE_READ+1;
   \                     ??ADE7753_test_function_78:
   \   000003F8   3325               MOVS     R5,#+51
   \   000003FA   0029               CMP      R1,#+0
   \   000003FC   01D0               BEQ      ??ADE7753_test_function_79
   \                     ??ADE7753_test_function_80:
   \   000003FE   2580               STRH     R5,[R4, #+0]
   \                     ??ADE7753_test_function_81:
   \   00000400   8EE3               B        ??ADE7753_test_function_74
    935                else if (step_delay(SEC_1)) sExecStep = ADE_READ+1; 
   \                     ??ADE7753_test_function_79:
   \   00000402   FA20               MOVS     R0,#+250
   \   00000404   4000               LSLS     R0,R0,#+1        ;; #+500
   \   00000406   ........           _BLF     step_delay,??step_delay??rT
   \   0000040A   0028               CMP      R0,#+0
   \   0000040C   F8D0               BEQ      ??ADE7753_test_function_81
   \   0000040E   F6E7               B.N      ??ADE7753_test_function_80
    936              return;
    937            
    938            case ADE_WRITE:
    939              //ExecDebug = 1;
    940              screen_clear();
   \                     ??ADE7753_test_function_17:
   \   00000410   ........           _BLF     screen_clear,??screen_clear??rT
    941              printf(">ADE7753 Reg. Write");
   \   00000414   9B48               LDR      R0,??ADE7753_test_function_72+0x1C  ;; 0x914
   \   00000416   2818               ADDS     R0,R5,R0
   \   00000418   ........           _BLF     printf,??printf??rT
    942              sExecStep++;
   \   0000041C   2088               LDRH     R0,[R4, #+0]
   \   0000041E   401C               ADDS     R0,R0,#+1
   \   00000420   7DE3               B.N      ??ADE7753_test_function_77
    943              return;
    944              
    945            case ADE_WRITE+1:
    946              keyin_start(2);
   \                     ??ADE7753_test_function_18:
   \   00000422   0220               MOVS     R0,#+2
   \   00000424   ........           _BLF     keyin_start,??keyin_start??rT
    947              printf("\nADE[%02X]", KeyValue);
   \   00000428   8F48               LDR      R0,??ADE7753_test_function_72  ;; KeyValue
   \   0000042A   0168               LDR      R1,[R0, #+0]
   \   0000042C   9648               LDR      R0,??ADE7753_test_function_72+0x20  ;; 0x928
   \   0000042E   2818               ADDS     R0,R5,R0
   \   00000430   ........           _BLF     printf,??printf??rT
    948              sCurPos -= 2;
   \   00000434   8E48               LDR      R0,??ADE7753_test_function_72+0x8  ;; sCurPos
   \   00000436   8E49               LDR      R1,??ADE7753_test_function_72+0x8  ;; sCurPos
   \   00000438   0022               MOVS     R2,#+0
   \   0000043A   895E               LDRSH    R1,[R1, R2]
   \   0000043C   891E               SUBS     R1,R1,#+2
   \   0000043E   0180               STRH     R1,[R0, #+0]
    949              sExecStep++;
   \   00000440   2088               LDRH     R0,[R4, #+0]
   \   00000442   401C               ADDS     R0,R0,#+1
   \   00000444   6BE3               B.N      ??ADE7753_test_function_77
    950              return;
    951              
    952            case ADE_WRITE+2:  
    953              if (bPushKey)
   \                     ??ADE7753_test_function_19:
   \   00000446   0029               CMP      R1,#+0
   \   00000448   21D0               BEQ      ??ADE7753_test_function_82
    954              {
    955                if(key_input_hex() == 0) sExecStep++;
   \   0000044A   ........           _BLF     key_input_hex,??key_input_hex??rT
   \   0000044E   0028               CMP      R0,#+0
   \   00000450   02D1               BNE      ??ADE7753_test_function_83
   \   00000452   2088               LDRH     R0,[R4, #+0]
   \   00000454   401C               ADDS     R0,R0,#+1
   \   00000456   2080               STRH     R0,[R4, #+0]
    956                printf("\rADE[%02X]", KeyValue);
   \                     ??ADE7753_test_function_83:
   \   00000458   8348               LDR      R0,??ADE7753_test_function_72  ;; KeyValue
   \   0000045A   0168               LDR      R1,[R0, #+0]
   \   0000045C   8B48               LDR      R0,??ADE7753_test_function_72+0x24  ;; 0x934
   \   0000045E   2818               ADDS     R0,R5,R0
   \   00000460   ........           _BLF     printf,??printf??rT
    957                sCurPos -= 2;
   \   00000464   8248               LDR      R0,??ADE7753_test_function_72+0x8  ;; sCurPos
   \   00000466   8249               LDR      R1,??ADE7753_test_function_72+0x8  ;; sCurPos
   \   00000468   0022               MOVS     R2,#+0
   \   0000046A   895E               LDRSH    R1,[R1, R2]
   \   0000046C   891E               SUBS     R1,R1,#+2
   \   0000046E   90E7               B.N      ??ADE7753_test_function_73
    958              }
    959              return;
    960          
    961            case ADE_WRITE+3:
    962              if ((KeyValue < 1)|(KeyValue > 0x3F)) 
   \                     ??ADE7753_test_function_20:
   \   00000470   0028               CMP      R0,#+0
   \   00000472   9ED0               BEQ      ??ADE7753_test_function_75
   \   00000474   4028               CMP      R0,#+64
   \   00000476   9CD2               BCS      ??ADE7753_test_function_75
    963              {
    964                printf("\nRange Over");
    965                sExecStep = 1;     
    966              }
    967              else if ((KeyValue > 0x27)&(KeyValue < 0x3D)) 
   \   00000478   4326               MOVS     R6,#+67
   \   0000047A   2828               CMP      R0,#+40
   \   0000047C   08D3               BCC      ??ADE7753_test_function_84
   \   0000047E   3D28               CMP      R0,#+61
   \   00000480   06D2               BCS      ??ADE7753_test_function_84
    968              {
    969                printf("\nReserved Area");
   \   00000482   9420               MOVS     R0,#+148
   \                     ??ADE7753_test_function_85:
   \   00000484   0001               LSLS     R0,R0,#+4        ;; #+2368
   \   00000486   2818               ADDS     R0,R5,R0
   \   00000488   ........           _BLF     printf,??printf??rT
    970                sExecStep = ADE_WRITE+7;     
   \   0000048C   2680               STRH     R6,[R4, #+0]
   \                     ??ADE7753_test_function_82:
   \   0000048E   47E3               B        ??ADE7753_test_function_74
    971              }
    972              else if (ADE_WRITE_ENABLE[KeyValue] == 0) 
   \                     ??ADE7753_test_function_84:
   \   00000490   7F49               LDR      R1,??ADE7753_test_function_72+0x28  ;; ADE_WRITE_ENABLE
   \   00000492   095C               LDRB     R1,[R1, R0]
   \   00000494   0029               CMP      R1,#+0
   \   00000496   01D1               BNE      ??ADE7753_test_function_86
    973              {
    974                printf("\nRead Only Registor");
   \   00000498   9520               MOVS     R0,#+149
   \   0000049A   F3E7               B.N      ??ADE7753_test_function_85
    975                sExecStep = ADE_WRITE+7;
    976              }
    977              else
    978              {
    979                ADEadd = KeyValue;
   \                     ??ADE7753_test_function_86:
   \   0000049C   3871               STRB     R0,[R7, #+4]
    980                iADEregistor[ADEadd] = ADE7753_registor_read(ADEadd);
   \   0000049E   3879               LDRB     R0,[R7, #+4]
   \   000004A0   ........           BL       ADE7753_registor_read
   \   000004A4   3979               LDRB     R1,[R7, #+4]
   \   000004A6   8A00               LSLS     R2,R1,#+2
   \   000004A8   744B               LDR      R3,??ADE7753_test_function_72+0x14  ;; iADEregistor
   \   000004AA   9A18               ADDS     R2,R3,R2
   \   000004AC   1060               STR      R0,[R2, #+0]
    981                KeyDigit = ADE_REG_LENGTH[ADEadd] / 4 ;
   \   000004AE   7948               LDR      R0,??ADE7753_test_function_72+0x2C  ;; KeyDigit
   \   000004B0   6B5C               LDRB     R3,[R5, R1]
   \   000004B2   9B08               LSRS     R3,R3,#+2
   \   000004B4   0370               STRB     R3,[R0, #+0]
    982                //if (KeyDigit == 1) KeyDigit = 2;
    983                printf("\rADE[%02X]%06X", ADEadd, iADEregistor[ADEadd]);
   \   000004B6   1268               LDR      R2,[R2, #+0]
   \   000004B8   0198               LDR      R0,[SP, #+4]
   \   000004BA   ........           _BLF     printf,??printf??rT
    984                keyin_start(2);
   \   000004BE   0220               MOVS     R0,#+2
   \   000004C0   ........           _BLF     keyin_start,??keyin_start??rT
    985                printf("\nADE[%02X]%06X", ADEadd, KeyValue);
   \   000004C4   6848               LDR      R0,??ADE7753_test_function_72  ;; KeyValue
   \   000004C6   0268               LDR      R2,[R0, #+0]
   \   000004C8   3979               LDRB     R1,[R7, #+4]
   \   000004CA   7348               LDR      R0,??ADE7753_test_function_72+0x30  ;; 0x974
   \   000004CC   2818               ADDS     R0,R5,R0
   \   000004CE   ........           _BLF     printf,??printf??rT
    986                sCurPos--;
   \   000004D2   6748               LDR      R0,??ADE7753_test_function_72+0x8  ;; sCurPos
   \   000004D4   6649               LDR      R1,??ADE7753_test_function_72+0x8  ;; sCurPos
   \   000004D6   0022               MOVS     R2,#+0
   \   000004D8   895E               LDRSH    R1,[R1, R2]
   \   000004DA   491E               SUBS     R1,R1,#+1
   \   000004DC   0180               STRH     R1,[R0, #+0]
    987                sExecStep++;
   \   000004DE   2088               LDRH     R0,[R4, #+0]
   \   000004E0   401C               ADDS     R0,R0,#+1
   \   000004E2   1CE3               B.N      ??ADE7753_test_function_77
    988              }
    989              return;
    990          
    991            case ADE_WRITE+4:  
    992              if (bPushKey)
   \                     ??ADE7753_test_function_21:
   \   000004E4   0029               CMP      R1,#+0
   \   000004E6   D2D0               BEQ      ??ADE7753_test_function_82
    993              {
    994                if(key_input_hex() == 0) sExecStep++;
   \   000004E8   ........           _BLF     key_input_hex,??key_input_hex??rT
   \   000004EC   0028               CMP      R0,#+0
   \   000004EE   02D1               BNE      ??ADE7753_test_function_87
   \   000004F0   2088               LDRH     R0,[R4, #+0]
   \   000004F2   401C               ADDS     R0,R0,#+1
   \   000004F4   2080               STRH     R0,[R4, #+0]
    995                printf("\rADE[%02X]%06X", ADEadd, KeyValue);
   \                     ??ADE7753_test_function_87:
   \   000004F6   5C48               LDR      R0,??ADE7753_test_function_72  ;; KeyValue
   \   000004F8   0268               LDR      R2,[R0, #+0]
   \   000004FA   3979               LDRB     R1,[R7, #+4]
   \   000004FC   0198               LDR      R0,[SP, #+4]
   \   000004FE   ........           _BLF     printf,??printf??rT
    996                sCurPos--;
   \   00000502   5B48               LDR      R0,??ADE7753_test_function_72+0x8  ;; sCurPos
   \   00000504   5A49               LDR      R1,??ADE7753_test_function_72+0x8  ;; sCurPos
   \   00000506   0022               MOVS     R2,#+0
   \   00000508   895E               LDRSH    R1,[R1, R2]
   \   0000050A   491E               SUBS     R1,R1,#+1
   \   0000050C   41E7               B.N      ??ADE7753_test_function_73
    997              }
    998              return;
    999              
   1000            case ADE_WRITE+5:
   1001              iADEdata = KeyValue;
   \                     ??ADE7753_test_function_22:
   \   0000050E   7862               STR      R0,[R7, #+36]
   1002              Error = ADE7753_registor_write(ADEadd, iADEdata);
   \   00000510   0100               MOVS     R1,R0
   \   00000512   3879               LDRB     R0,[R7, #+4]
   \   00000514   ........           BL       ADE7753_registor_write
   \   00000518   7871               STRB     R0,[R7, #+5]
   1003              sExecStep++;
   \   0000051A   2088               LDRH     R0,[R4, #+0]
   \   0000051C   401C               ADDS     R0,R0,#+1
   \   0000051E   FEE2               B.N      ??ADE7753_test_function_77
   1004              return;
   1005            
   1006            case ADE_WRITE+6:
   1007              iADEregistor[ADEadd] = ADE7753_registor_read(ADEadd);
   \                     ??ADE7753_test_function_23:
   \   00000520   3879               LDRB     R0,[R7, #+4]
   \   00000522   ........           BL       ADE7753_registor_read
   \   00000526   3979               LDRB     R1,[R7, #+4]
   \   00000528   8A00               LSLS     R2,R1,#+2
   \   0000052A   544B               LDR      R3,??ADE7753_test_function_72+0x14  ;; iADEregistor
   \   0000052C   9A18               ADDS     R2,R3,R2
   \   0000052E   1060               STR      R0,[R2, #+0]
   1008              if (Error) printf("\n>Write Error..");
   \   00000530   7879               LDRB     R0,[R7, #+5]
   \   00000532   0028               CMP      R0,#+0
   \   00000534   04D0               BEQ      ??ADE7753_test_function_88
   \   00000536   5948               LDR      R0,??ADE7753_test_function_72+0x34  ;; 0x984
   \   00000538   2818               ADDS     R0,R5,R0
   \   0000053A   ........           _BLF     printf,??printf??rT
   \   0000053E   0CE0               B        ??ADE7753_test_function_89
   1009               else if (iADEregistor[ADEadd] != iADEdata) printf("\rADE[%02X]%06X-%06X", ADEadd, iADEregistor[ADEadd], iADEdata);
   \                     ??ADE7753_test_function_88:
   \   00000540   1268               LDR      R2,[R2, #+0]
   \   00000542   7B6A               LDR      R3,[R7, #+36]
   \   00000544   9A42               CMP      R2,R3
   \   00000546   04D0               BEQ      ??ADE7753_test_function_90
   \   00000548   5548               LDR      R0,??ADE7753_test_function_72+0x38  ;; 0x994
   \   0000054A   2818               ADDS     R0,R5,R0
   \   0000054C   ........           _BLF     printf,??printf??rT
   \   00000550   03E0               B        ??ADE7753_test_function_89
   1010               else printf("\rADE[%02X]%06X-OK", ADEadd, iADEregistor[ADEadd]);
   \                     ??ADE7753_test_function_90:
   \   00000552   4035               ADDS     R5,R5,#+64
   \   00000554   2800               MOVS     R0,R5
   \   00000556   ........           _BLF     printf,??printf??rT
   1011              sExecStep++;
   \                     ??ADE7753_test_function_89:
   \   0000055A   2088               LDRH     R0,[R4, #+0]
   \   0000055C   401C               ADDS     R0,R0,#+1
   \   0000055E   DEE2               B.N      ??ADE7753_test_function_77
   1012              return;
   1013            
   1014            case ADE_WRITE+7: sExecStep++; return;
   \                     ??ADE7753_test_function_24:
   \   00000560   6846               MOV      R0,SP
   \   00000562   0088               LDRH     R0,[R0, #+0]
   \   00000564   DBE2               B.N      ??ADE7753_test_function_77
   1015              
   1016            case ADE_WRITE+8:
   1017              if (bPushKey == 'a') sExecStep = 1;
   \                     ??ADE7753_test_function_25:
   \   00000566   6129               CMP      R1,#+97
   \   00000568   01D1               BNE      ??ADE7753_test_function_91
   \   0000056A   0120               MOVS     R0,#+1
   \   0000056C   D7E2               B.N      ??ADE7753_test_function_77
   1018                else if (bPushKey != 0) sExecStep = ADE_WRITE+1;
   \                     ??ADE7753_test_function_91:
   \   0000056E   3D25               MOVS     R5,#+61
   \   00000570   0029               CMP      R1,#+0
   \   00000572   05D1               BNE      ??ADE7753_test_function_92
   1019                else  if (step_delay(SEC_1)) sExecStep = ADE_WRITE+1; 
   \                     ??ADE7753_test_function_93:
   \   00000574   FA20               MOVS     R0,#+250
   \   00000576   4000               LSLS     R0,R0,#+1        ;; #+500
   \   00000578   ........           _BLF     step_delay,??step_delay??rT
   \   0000057C   0028               CMP      R0,#+0
   \   0000057E   86D0               BEQ      ??ADE7753_test_function_82
   \                     ??ADE7753_test_function_92:
   \   00000580   3DE7               B.N      ??ADE7753_test_function_80
   1020              return;
   1021               
   1022            case ADE_ALL_READ:
   1023              ADE7753_buffer_clear(0, 64);
   \                     ??ADE7753_test_function_26:
   \   00000582   4021               MOVS     R1,#+64
   \   00000584   0020               MOVS     R0,#+0
   \   00000586   ........           BL       ADE7753_buffer_clear
   1024              sExecStep++;
   \   0000058A   6846               MOV      R0,SP
   \   0000058C   0088               LDRH     R0,[R0, #+0]
   \   0000058E   C6E2               B.N      ??ADE7753_test_function_77
   1025              return;
   1026              
   1027            case ADE_ALL_READ+1:
   1028              ADE7753_registor_block_read(1, 0x26);
   \                     ??ADE7753_test_function_27:
   \   00000590   2621               MOVS     R1,#+38
   \   00000592   0120               MOVS     R0,#+1
   \   00000594   ........           BL       ADE7753_registor_block_read
   1029              sExecStep++;
   \   00000598   2088               LDRH     R0,[R4, #+0]
   \   0000059A   401C               ADDS     R0,R0,#+1
   \   0000059C   BFE2               B.N      ??ADE7753_test_function_77
   1030              return;
   1031                
   1032            case ADE_ALL_READ+2:
   1033              ADE7753_registor_block_read(0x3D, 3);
   \                     ??ADE7753_test_function_28:
   \   0000059E   0321               MOVS     R1,#+3
   \   000005A0   3D20               MOVS     R0,#+61
   \   000005A2   ........           BL       ADE7753_registor_block_read
   1034              sExecStep++;
   \   000005A6   2088               LDRH     R0,[R4, #+0]
   \   000005A8   401C               ADDS     R0,R0,#+1
   \   000005AA   B8E2               B.N      ??ADE7753_test_function_77
   1035              return;
   1036            
   1037            // 0x01 - 0x10
   1038           case ADE_ALL_READ+3:
   1039              screen_clear();
   \                     ??ADE7753_test_function_29:
   \   000005AC   ........           _BLF     screen_clear,??screen_clear??rT
   1040              printf("01:%06X ", iADEregistor[1]);	
   \   000005B0   3168               LDR      R1,[R6, #+0]
   \   000005B2   2800               MOVS     R0,R5
   \   000005B4   5430               ADDS     R0,R0,#+84
   \   000005B6   ........           _BLF     printf,??printf??rT
   1041              printf("02:%06X ", iADEregistor[2]);	 
   \   000005BA   7168               LDR      R1,[R6, #+4]
   \   000005BC   2800               MOVS     R0,R5
   \   000005BE   6030               ADDS     R0,R0,#+96
   \   000005C0   ........           _BLF     printf,??printf??rT
   1042              printf("\n03:%06X ", iADEregistor[3]);
   \   000005C4   B168               LDR      R1,[R6, #+8]
   \   000005C6   2800               MOVS     R0,R5
   \   000005C8   6C30               ADDS     R0,R0,#+108
   \   000005CA   ........           _BLF     printf,??printf??rT
   1043              printf("04:%06X ", iADEregistor[4]);
   \   000005CE   F168               LDR      R1,[R6, #+12]
   \   000005D0   2800               MOVS     R0,R5
   \   000005D2   7830               ADDS     R0,R0,#+120
   \   000005D4   ........           _BLF     printf,??printf??rT
   1044              printf("\n05:%06X ", iADEregistor[5]);
   \   000005D8   3169               LDR      R1,[R6, #+16]
   \   000005DA   2800               MOVS     R0,R5
   \   000005DC   8430               ADDS     R0,R0,#+132
   \   000005DE   ........           _BLF     printf,??printf??rT
   1045              printf("06:%06X ", iADEregistor[6]);
   \   000005E2   7169               LDR      R1,[R6, #+20]
   \   000005E4   2800               MOVS     R0,R5
   \   000005E6   9030               ADDS     R0,R0,#+144
   \   000005E8   ........           _BLF     printf,??printf??rT
   1046              printf("\n07:%06X ", iADEregistor[7]);
   \   000005EC   B169               LDR      R1,[R6, #+24]
   \   000005EE   2800               MOVS     R0,R5
   \   000005F0   9C30               ADDS     R0,R0,#+156
   \   000005F2   ........           _BLF     printf,??printf??rT
   1047              printf("08:%06X ", iADEregistor[8]);
   \   000005F6   F169               LDR      R1,[R6, #+28]
   \   000005F8   2800               MOVS     R0,R5
   \   000005FA   A830               ADDS     R0,R0,#+168
   \   000005FC   ........           _BLF     printf,??printf??rT
   1048              printf("\n09:%04X   ", iADEregistor[9]);
   \   00000600   316A               LDR      R1,[R6, #+32]
   \   00000602   2800               MOVS     R0,R5
   \   00000604   B430               ADDS     R0,R0,#+180
   \   00000606   ........           _BLF     printf,??printf??rT
   1049              printf("0A:%04X ", iADEregistor[0x0A]);
   \   0000060A   716A               LDR      R1,[R6, #+36]
   \   0000060C   2800               MOVS     R0,R5
   \   0000060E   C030               ADDS     R0,R0,#+192
   \   00000610   ........           _BLF     printf,??printf??rT
   1050              printf("\n0B:%04X   ", iADEregistor[0xB]);
   \   00000614   B16A               LDR      R1,[R6, #+40]
   \   00000616   2800               MOVS     R0,R5
   \   00000618   CC30               ADDS     R0,R0,#+204
   \   0000061A   ........           _BLF     printf,??printf??rT
   1051              printf("0C:%04X ", iADEregistor[0xC]);
   \   0000061E   F16A               LDR      R1,[R6, #+44]
   \   00000620   2800               MOVS     R0,R5
   \   00000622   D830               ADDS     R0,R0,#+216
   \   00000624   ........           _BLF     printf,??printf??rT
   1052              printf("\n0D:%02X     ", iADEregistor[0xD]);
   \   00000628   316B               LDR      R1,[R6, #+48]
   \   0000062A   2800               MOVS     R0,R5
   \   0000062C   E430               ADDS     R0,R0,#+228
   \   0000062E   ........           _BLF     printf,??printf??rT
   1053              printf("0E:%02X ", iADEregistor[0xE]);
   \   00000632   716B               LDR      R1,[R6, #+52]
   \   00000634   2800               MOVS     R0,R5
   \   00000636   F430               ADDS     R0,R0,#+244
   \   00000638   ........           _BLF     printf,??printf??rT
   1054              printf("\n0F:%02X     ", iADEregistor[0xF]);
   \   0000063C   B16B               LDR      R1,[R6, #+56]
   \   0000063E   8020               MOVS     R0,#+128
   \   00000640   4000               LSLS     R0,R0,#+1        ;; #+256
   \   00000642   2818               ADDS     R0,R5,R0
   \   00000644   ........           _BLF     printf,??printf??rT
   1055              printf("10:%02X ", iADEregistor[0x10]);
   \   00000648   F16B               LDR      R1,[R6, #+60]
   \   0000064A   8820               MOVS     R0,#+136
   \   0000064C   4000               LSLS     R0,R0,#+1        ;; #+272
   \   0000064E   2818               ADDS     R0,R5,R0
   \   00000650   ........           _BLF     printf,??printf??rT
   1056              sExecStep++;
   \   00000654   2088               LDRH     R0,[R4, #+0]
   \   00000656   401C               ADDS     R0,R0,#+1
   \   00000658   61E2               B.N      ??ADE7753_test_function_77
   1057              return;
   1058              
   1059            case ADE_ALL_READ+4:
   1060              if (bPushKey != 0) sExecStep++;
   \                     ??ADE7753_test_function_30:
   \   0000065A   0029               CMP      R1,#+0
   \   0000065C   ....               BNE      .+5
   \   0000065E   5FE2               B        ??ADE7753_test_function_74
   \   00000660   6846               MOV      R0,SP
   \   00000662   0088               LDRH     R0,[R0, #+0]
   \   00000664   5BE2               B.N      ??ADE7753_test_function_77
   \   00000666   C046               Nop      
   \                     ??ADE7753_test_function_72:
   \   00000668   ........           DC32     KeyValue
   \   0000066C   D4080000           DC32     0x8d4
   \   00000670   ........           DC32     sCurPos
   \   00000674   F4080000           DC32     0x8f4
   \   00000678   E8080000           DC32     0x8e8
   \   0000067C   ........           DC32     iADEregistor
   \   00000680   04090000           DC32     0x904
   \   00000684   14090000           DC32     0x914
   \   00000688   28090000           DC32     0x928
   \   0000068C   34090000           DC32     0x934
   \   00000690   ........           DC32     ADE_WRITE_ENABLE
   \   00000694   ........           DC32     KeyDigit
   \   00000698   74090000           DC32     0x974
   \   0000069C   84090000           DC32     0x984
   \   000006A0   94090000           DC32     0x994
   1061              return;
   1062              
   1063            // 0x11 - 0x20
   1064            case ADE_ALL_READ+5:
   1065              screen_clear();
   \                     ??ADE7753_test_function_31:
   \   000006A4   ........           _BLF     screen_clear,??screen_clear??rT
   1066              printf("11:%04X   ", iADEregistor[0x11]);
   \   000006A8   316C               LDR      R1,[R6, #+64]
   \   000006AA   8E20               MOVS     R0,#+142
   \   000006AC   4000               LSLS     R0,R0,#+1        ;; #+284
   \   000006AE   2818               ADDS     R0,R5,R0
   \   000006B0   ........           _BLF     printf,??printf??rT
   1067              printf("12:%04X ", iADEregistor[0x12]);
   \   000006B4   716C               LDR      R1,[R6, #+68]
   \   000006B6   9420               MOVS     R0,#+148
   \   000006B8   4000               LSLS     R0,R0,#+1        ;; #+296
   \   000006BA   2818               ADDS     R0,R5,R0
   \   000006BC   ........           _BLF     printf,??printf??rT
   1068              printf("\n13:%02X     ", iADEregistor[0x13]);	
   \   000006C0   B16C               LDR      R1,[R6, #+72]
   \   000006C2   9A20               MOVS     R0,#+154
   \   000006C4   4000               LSLS     R0,R0,#+1        ;; #+308
   \   000006C6   2818               ADDS     R0,R5,R0
   \   000006C8   ........           _BLF     printf,??printf??rT
   1069              printf("14:%04X ", iADEregistor[0x14]);
   \   000006CC   F16C               LDR      R1,[R6, #+76]
   \   000006CE   A220               MOVS     R0,#+162
   \   000006D0   4000               LSLS     R0,R0,#+1        ;; #+324
   \   000006D2   2818               ADDS     R0,R5,R0
   \   000006D4   ........           _BLF     printf,??printf??rT
   1070              printf("\n15:%04X   ", iADEregistor[0x15]);	
   \   000006D8   316D               LDR      R1,[R6, #+80]
   \   000006DA   A820               MOVS     R0,#+168
   \   000006DC   4000               LSLS     R0,R0,#+1        ;; #+336
   \   000006DE   2818               ADDS     R0,R5,R0
   \   000006E0   ........           _BLF     printf,??printf??rT
   1071              iADEregistor[0x16] &= 0x00FFFFFF;
   \   000006E4   706D               LDR      R0,[R6, #+84]
   \   000006E6   0002               LSLS     R0,R0,#+8
   \   000006E8   000A               LSRS     R0,R0,#+8
   \   000006EA   7065               STR      R0,[R6, #+84]
   1072              printf("16:%06X ", iADEregistor[0x16]);
   \   000006EC   0100               MOVS     R1,R0
   \   000006EE   AE20               MOVS     R0,#+174
   \   000006F0   4000               LSLS     R0,R0,#+1        ;; #+348
   \   000006F2   2818               ADDS     R0,R5,R0
   \   000006F4   ........           _BLF     printf,??printf??rT
   1073              printf("\n17:%06X ", iADEregistor[0x17]);
   \   000006F8   B16D               LDR      R1,[R6, #+88]
   \   000006FA   B420               MOVS     R0,#+180
   \   000006FC   4000               LSLS     R0,R0,#+1        ;; #+360
   \   000006FE   2818               ADDS     R0,R5,R0
   \   00000700   ........           _BLF     printf,??printf??rT
   1074              printf("18:%04X   ", iADEregistor[0x18]);
   \   00000704   F16D               LDR      R1,[R6, #+92]
   \   00000706   BA20               MOVS     R0,#+186
   \   00000708   4000               LSLS     R0,R0,#+1        ;; #+372
   \   0000070A   2818               ADDS     R0,R5,R0
   \   0000070C   ........           _BLF     printf,??printf??rT
   1075              printf("\n19:%04X   ", iADEregistor[0x19]);
   \   00000710   316E               LDR      R1,[R6, #+96]
   \   00000712   C020               MOVS     R0,#+192
   \   00000714   4000               LSLS     R0,R0,#+1        ;; #+384
   \   00000716   2818               ADDS     R0,R5,R0
   \   00000718   ........           _BLF     printf,??printf??rT
   1076              printf("1A:%04X ", iADEregistor[0x1A]);
   \   0000071C   716E               LDR      R1,[R6, #+100]
   \   0000071E   C620               MOVS     R0,#+198
   \   00000720   4000               LSLS     R0,R0,#+1        ;; #+396
   \   00000722   2818               ADDS     R0,R5,R0
   \   00000724   ........           _BLF     printf,??printf??rT
   1077              printf("\n1B:%02X     ", iADEregistor[0x1B]);
   \   00000728   B16E               LDR      R1,[R6, #+104]
   \   0000072A   CC20               MOVS     R0,#+204
   \   0000072C   4000               LSLS     R0,R0,#+1        ;; #+408
   \   0000072E   2818               ADDS     R0,R5,R0
   \   00000730   ........           _BLF     printf,??printf??rT
   1078              printf("1C:%04X", iADEregistor[0x1C]);	
   \   00000734   F16E               LDR      R1,[R6, #+108]
   \   00000736   DC20               MOVS     R0,#+220
   \   00000738   4000               LSLS     R0,R0,#+1        ;; #+440
   \   0000073A   2818               ADDS     R0,R5,R0
   \   0000073C   ........           _BLF     printf,??printf??rT
   1079              printf("\n1D:%04X   ", iADEregistor[0x1D]);	
   \   00000740   316F               LDR      R1,[R6, #+112]
   \   00000742   E020               MOVS     R0,#+224
   \   00000744   4000               LSLS     R0,R0,#+1        ;; #+448
   \   00000746   2818               ADDS     R0,R5,R0
   \   00000748   ........           _BLF     printf,??printf??rT
   1080              printf("1E:%02X ", iADEregistor[0x1E]);	
   \   0000074C   716F               LDR      R1,[R6, #+116]
   \   0000074E   E620               MOVS     R0,#+230
   \   00000750   4000               LSLS     R0,R0,#+1        ;; #+460
   \   00000752   2818               ADDS     R0,R5,R0
   \   00000754   ........           _BLF     printf,??printf??rT
   1081              printf("\n1E:%02X     ", iADEregistor[0x1F]);
   \   00000758   B16F               LDR      R1,[R6, #+120]
   \   0000075A   EC20               MOVS     R0,#+236
   \   0000075C   4000               LSLS     R0,R0,#+1        ;; #+472
   \   0000075E   2818               ADDS     R0,R5,R0
   \   00000760   ........           _BLF     printf,??printf??rT
   1082              printf("20:%02X ", iADEregistor[0x20]);	
   \   00000764   F16F               LDR      R1,[R6, #+124]
   \   00000766   F420               MOVS     R0,#+244
   \   00000768   4000               LSLS     R0,R0,#+1        ;; #+488
   \   0000076A   2818               ADDS     R0,R5,R0
   \   0000076C   ........           _BLF     printf,??printf??rT
   1083              sExecStep++;
   \   00000770   2088               LDRH     R0,[R4, #+0]
   \   00000772   401C               ADDS     R0,R0,#+1
   \   00000774   D3E1               B.N      ??ADE7753_test_function_77
   1084              return;
   1085              
   1086            case ADE_ALL_READ+6:
   1087              if (bPushKey != 0) sExecStep++;
   \                     ??ADE7753_test_function_32:
   \   00000776   0029               CMP      R1,#+0
   \   00000778   68D0               BEQ      ??ADE7753_test_function_94
   \   0000077A   6846               MOV      R0,SP
   \   0000077C   0088               LDRH     R0,[R0, #+0]
   \   0000077E   CEE1               B.N      ??ADE7753_test_function_77
   1088              return;
   1089            
   1090            // 0x21 - end  
   1091            case ADE_ALL_READ+7:
   1092              screen_clear();
   \                     ??ADE7753_test_function_33:
   \   00000780   ........           _BLF     screen_clear,??screen_clear??rT
   1093              printf("21:%02X     ", iADEregistor[0x21]);
   \   00000784   DD4E               LDR      R6,??ADE7753_test_function_95  ;; iADEregistor + 132
   \   00000786   3168               LDR      R1,[R6, #+0]
   \   00000788   FA20               MOVS     R0,#+250
   \   0000078A   4000               LSLS     R0,R0,#+1        ;; #+500
   \   0000078C   2818               ADDS     R0,R5,R0
   \   0000078E   ........           _BLF     printf,??printf??rT
   1094              printf("22:%06X", iADEregistor[0x22]);	
   \   00000792   7168               LDR      R1,[R6, #+4]
   \   00000794   8120               MOVS     R0,#+129
   \   00000796   8000               LSLS     R0,R0,#+2        ;; #+516
   \   00000798   2818               ADDS     R0,R5,R0
   \   0000079A   ........           _BLF     printf,??printf??rT
   1095              printf("\n23:%06X ", iADEregistor[0x23]);
   \   0000079E   B168               LDR      R1,[R6, #+8]
   \   000007A0   8320               MOVS     R0,#+131
   \   000007A2   8000               LSLS     R0,R0,#+2        ;; #+524
   \   000007A4   2818               ADDS     R0,R5,R0
   \   000007A6   ........           _BLF     printf,??printf??rT
   1096              printf("24:%06X ", iADEregistor[0x24]);
   \   000007AA   F168               LDR      R1,[R6, #+12]
   \   000007AC   8620               MOVS     R0,#+134
   \   000007AE   8000               LSLS     R0,R0,#+2        ;; #+536
   \   000007B0   2818               ADDS     R0,R5,R0
   \   000007B2   ........           _BLF     printf,??printf??rT
   1097              printf("\n25:%06X ", iADEregistor[0x25]);	
   \   000007B6   3169               LDR      R1,[R6, #+16]
   \   000007B8   8920               MOVS     R0,#+137
   \   000007BA   8000               LSLS     R0,R0,#+2        ;; #+548
   \   000007BC   2818               ADDS     R0,R5,R0
   \   000007BE   ........           _BLF     printf,??printf??rT
   1098              printf("26:%02X ", iADEregistor[0x26]);
   \   000007C2   7169               LDR      R1,[R6, #+20]
   \   000007C4   8C20               MOVS     R0,#+140
   \   000007C6   8000               LSLS     R0,R0,#+2        ;; #+560
   \   000007C8   2818               ADDS     R0,R5,R0
   \   000007CA   ........           _BLF     printf,??printf??rT
   1099              printf("\n27:%04X   ", iADEregistor[0x27]);
   \   000007CE   B169               LDR      R1,[R6, #+24]
   \   000007D0   8F20               MOVS     R0,#+143
   \   000007D2   8000               LSLS     R0,R0,#+2        ;; #+572
   \   000007D4   2818               ADDS     R0,R5,R0
   \   000007D6   ........           _BLF     printf,??printf??rT
   1100              printf("\n0x28-0x3C:Not Use");
   \   000007DA   9220               MOVS     R0,#+146
   \   000007DC   8000               LSLS     R0,R0,#+2        ;; #+584
   \   000007DE   2818               ADDS     R0,R5,R0
   \   000007E0   ........           _BLF     printf,??printf??rT
   1101              printf("\n3D:%02X     ", iADEregistor[0x3D]);
   \   000007E4   316F               LDR      R1,[R6, #+112]
   \   000007E6   9720               MOVS     R0,#+151
   \   000007E8   8000               LSLS     R0,R0,#+2        ;; #+604
   \   000007EA   2818               ADDS     R0,R5,R0
   \   000007EC   ........           _BLF     printf,??printf??rT
   1102              printf("3E:%02X ", iADEregistor[0x3E]);
   \   000007F0   716F               LDR      R1,[R6, #+116]
   \   000007F2   9B20               MOVS     R0,#+155
   \   000007F4   8000               LSLS     R0,R0,#+2        ;; #+620
   \   000007F6   2818               ADDS     R0,R5,R0
   \   000007F8   ........           _BLF     printf,??printf??rT
   1103              printf("\n3F:%02X ", iADEregistor[0x3F]);
   \   000007FC   B16F               LDR      R1,[R6, #+120]
   \   000007FE   9E20               MOVS     R0,#+158
   \   00000800   8000               LSLS     R0,R0,#+2        ;; #+632
   \   00000802   2818               ADDS     R0,R5,R0
   \   00000804   ........           _BLF     printf,??printf??rT
   1104              sExecStep++;
   \   00000808   2088               LDRH     R0,[R4, #+0]
   \   0000080A   401C               ADDS     R0,R0,#+1
   \   0000080C   87E1               B.N      ??ADE7753_test_function_77
   1105              return;
   1106              
   1107            case ADE_ALL_READ+8:
   1108              if (bPushKey != 0) sExecStep = 1;
   \                     ??ADE7753_test_function_34:
   \   0000080E   0029               CMP      R1,#+0
   \   00000810   1CD0               BEQ      ??ADE7753_test_function_94
   \   00000812   0120               MOVS     R0,#+1
   \   00000814   83E1               B.N      ??ADE7753_test_function_77
   1109              return;
   1110              
   1111           // ADE7753 RMS monit 
   1112            case ADE_RMS_MONIT:
   1113              //ExecDebug = 1;
   1114              screen_clear();
   \                     ??ADE7753_test_function_35:
   \   00000816   ........           _BLF     screen_clear,??screen_clear??rT
   1115              printf("< RMS MONIT >");
   \   0000081A   A120               MOVS     R0,#+161
   \   0000081C   8000               LSLS     R0,R0,#+2        ;; #+644
   \   0000081E   2818               ADDS     R0,R5,R0
   \   00000820   ........           _BLF     printf,??printf??rT
   1116              sExecStep++;
   \   00000824   2088               LDRH     R0,[R4, #+0]
   \   00000826   401C               ADDS     R0,R0,#+1
   \   00000828   79E1               B.N      ??ADE7753_test_function_77
   1117              return;
   1118             
   1119            case ADE_RMS_MONIT+1:
   1120              iADEregistor[ADE_IRMS] = 0;
   \                     ??ADE7753_test_function_36:
   \   0000082A   0020               MOVS     R0,#+0
   \   0000082C   7065               STR      R0,[R6, #+84]
   1121              iADEregistor[ADE_VRMS] = 0;
   \   0000082E   B065               STR      R0,[R6, #+88]
   1122              //ADEregistor[ADE_AENERGY] = 0;
   1123              //ADEregistor[ADE_LAENERGY] = 0;
   1124              //ADEregistor[ADE_VAENERGY] = 0;
   1125              //ADEregistor[ADE_LVAENERGY] = 0;
   1126              //ADEregistor[ADE_LVARENERGY] = 0;
   1127              ReadCount = 0;
   \   00000830   3870               STRB     R0,[R7, #+0]
   1128              sExecStep++;
   \   00000832   6846               MOV      R0,SP
   \   00000834   0088               LDRH     R0,[R0, #+0]
   \   00000836   72E1               B.N      ??ADE7753_test_function_77
   1129              return;
   1130              
   1131            case ADE_RMS_MONIT+2:
   1132              iTemp = (pio_read(PIOA) & PM_ZX) >> 19;
   \                     ??ADE7753_test_function_37:
   \   00000838   BB48               LDR      R0,??ADE7753_test_function_96  ;; 0xfffff43c
   \   0000083A   0068               LDR      R0,[R0, #+0]
   \   0000083C   8021               MOVS     R1,#+128
   \   0000083E   0903               LSLS     R1,R1,#+12       ;; #+524288
   \   00000840   0140               ANDS     R1,R1,R0
   \   00000842   C80C               LSRS     R0,R1,#+19
   \   00000844   B863               STR      R0,[R7, #+56]
   1133              ZeroCross = iTemp;
   \   00000846   7870               STRB     R0,[R7, #+1]
   1134              if (ZeroCross != ZeroCross0) 
   \   00000848   B978               LDRB     R1,[R7, #+2]
   \   0000084A   8842               CMP      R0,R1
   \                     ??ADE7753_test_function_94:
   \   0000084C   ....               BNE      .+5
   \   0000084E   67E1               B        ??ADE7753_test_function_74
   1135              {
   1136                ZeroCross0 = ZeroCross;
   \   00000850   B870               STRB     R0,[R7, #+2]
   1137                iADEregistor[ADE_IRMS] = iADEregistor[ADE_IRMS] + ADE7753_registor_read(ADE_IRMS);
   \   00000852   756D               LDR      R5,[R6, #+84]
   \   00000854   1620               MOVS     R0,#+22
   \   00000856   ........           BL       ADE7753_registor_read
   \   0000085A   2818               ADDS     R0,R5,R0
   \   0000085C   7065               STR      R0,[R6, #+84]
   1138                iADEregistor[ADE_VRMS] = iADEregistor[ADE_VRMS] + ADE7753_registor_read(ADE_VRMS);
   \   0000085E   B56D               LDR      R5,[R6, #+88]
   \   00000860   1720               MOVS     R0,#+23
   \   00000862   ........           BL       ADE7753_registor_read
   \   00000866   2818               ADDS     R0,R5,R0
   \   00000868   B065               STR      R0,[R6, #+88]
   1139                sExecStep++;
   \   0000086A   2088               LDRH     R0,[R4, #+0]
   \   0000086C   401C               ADDS     R0,R0,#+1
   \   0000086E   56E1               B.N      ??ADE7753_test_function_77
   1140              }
   1141              return;
   1142           
   1143            case ADE_RMS_MONIT+3:
   1144              if (++ReadCount < 10) sExecStep = ADE_RMS_MONIT+2;
   \                     ??ADE7753_test_function_38:
   \   00000870   3878               LDRB     R0,[R7, #+0]
   \   00000872   401C               ADDS     R0,R0,#+1
   \   00000874   3870               STRB     R0,[R7, #+0]
   \   00000876   0006               LSLS     R0,R0,#+24
   \   00000878   000E               LSRS     R0,R0,#+24
   \   0000087A   0A28               CMP      R0,#+10
   \   0000087C   01D2               BCS      ??ADE7753_test_function_97
   \   0000087E   5220               MOVS     R0,#+82
   \   00000880   4DE1               B.N      ??ADE7753_test_function_77
   1145              else  sExecStep++;
   \                     ??ADE7753_test_function_97:
   \   00000882   6846               MOV      R0,SP
   \   00000884   0088               LDRH     R0,[R0, #+0]
   \   00000886   4AE1               B.N      ??ADE7753_test_function_77
   1146              return;
   1147              
   1148            case ADE_RMS_MONIT+4:
   1149               iADEregistor[ADE_AENERGY] = ADE7753_registor_read(ADE_AENERGY);
   \                     ??ADE7753_test_function_39:
   \   00000888   0220               MOVS     R0,#+2
   \   0000088A   ........           BL       ADE7753_registor_read
   \   0000088E   7060               STR      R0,[R6, #+4]
   1150               iADEregistor[ADE_RAENERGY] = ADE7753_registor_read(ADE_RAENERGY);
   \   00000890   0320               MOVS     R0,#+3
   \   00000892   ........           BL       ADE7753_registor_read
   \   00000896   B060               STR      R0,[R6, #+8]
   1151               iADEregistor[ADE_LAENERGY] = ADE7753_registor_read(ADE_LAENERGY);
   \   00000898   0420               MOVS     R0,#+4
   \   0000089A   ........           BL       ADE7753_registor_read
   \   0000089E   F060               STR      R0,[R6, #+12]
   1152               iADEregistor[ADE_VAENERGY] = ADE7753_registor_read(ADE_VAENERGY);
   \   000008A0   0520               MOVS     R0,#+5
   \   000008A2   ........           BL       ADE7753_registor_read
   \   000008A6   3061               STR      R0,[R6, #+16]
   1153               iADEregistor[ADE_RVAENERGY] = ADE7753_registor_read(ADE_RVAENERGY);
   \   000008A8   0620               MOVS     R0,#+6
   \   000008AA   ........           BL       ADE7753_registor_read
   \   000008AE   7061               STR      R0,[R6, #+20]
   1154               iADEregistor[ADE_LVAENERGY] = ADE7753_registor_read(ADE_LVAENERGY);
   \   000008B0   0720               MOVS     R0,#+7
   \   000008B2   ........           BL       ADE7753_registor_read
   \   000008B6   B061               STR      R0,[R6, #+24]
   1155               sExecStep++;
   \   000008B8   2088               LDRH     R0,[R4, #+0]
   \   000008BA   401C               ADDS     R0,R0,#+1
   \   000008BC   2FE1               B.N      ??ADE7753_test_function_77
   1156               return;
   1157               
   1158            case ADE_RMS_MONIT+5:
   1159              sCurPos = 0;
   \                     ??ADE7753_test_function_40:
   \   000008BE   9B48               LDR      R0,??ADE7753_test_function_96+0x4  ;; sCurPos
   \   000008C0   0021               MOVS     R1,#+0
   \   000008C2   0180               STRH     R1,[R0, #+0]
   1160              iADEregistor[ADE_IRMS] -= iIrmsOffset;
   \   000008C4   706D               LDR      R0,[R6, #+84]
   \   000008C6   7969               LDR      R1,[R7, #+20]
   \   000008C8   401A               SUBS     R0,R0,R1
   \   000008CA   7065               STR      R0,[R6, #+84]
   1161              iIrms = iADEregistor[ADE_IRMS] / iIrmsDivider;;
   \   000008CC   3969               LDR      R1,[R7, #+16]
   \   000008CE   ........           _BLF     ??div32_t,??rT??div32_t
   \   000008D2   0A00               MOVS     R2,R1
   1162              if (iIrms < 0) iIrms = 0; else if (iIrms > 9999) iIrms = 9999;
   \   000008D4   01D5               BPL      ??ADE7753_test_function_98
   \   000008D6   0022               MOVS     R2,#+0
   \   000008D8   03E0               B        ??ADE7753_test_function_99
   \                     ??ADE7753_test_function_98:
   \   000008DA   9548               LDR      R0,??ADE7753_test_function_96+0x8  ;; 0x2710
   \   000008DC   8242               CMP      R2,R0
   \   000008DE   00DB               BLT      ??ADE7753_test_function_99
   \   000008E0   421E               SUBS     R2,R0,#+1
   \                     ??ADE7753_test_function_99:
   \   000008E2   7A63               STR      R2,[R7, #+52]
   1163              iIrms1 = iIrms / 10;
   \   000008E4   1000               MOVS     R0,R2
   \   000008E6   0A21               MOVS     R1,#+10
   \   000008E8   ........           _BLF     ??div32_t,??rT??div32_t
   \   000008EC   0B00               MOVS     R3,R1
   \   000008EE   9148               LDR      R0,??ADE7753_test_function_96+0xC  ;; iIrms1
   \   000008F0   0360               STR      R3,[R0, #+0]
   1164              iIrms0 = iIrms % 10;
   \   000008F2   1000               MOVS     R0,R2
   \   000008F4   0A21               MOVS     R1,#+10
   \   000008F6   ........           _BLF     ??div32_t,??rT??div32_t
   \   000008FA   8F49               LDR      R1,??ADE7753_test_function_96+0x10  ;; iIrms1 + 4
   \   000008FC   0860               STR      R0,[R1, #+0]
   1165              printf("\nCurrent RMS:%3d.%01dA", iIrms1, iIrms0);
   \   000008FE   0200               MOVS     R2,R0
   \   00000900   1900               MOVS     R1,R3
   \   00000902   A520               MOVS     R0,#+165
   \   00000904   8000               LSLS     R0,R0,#+2        ;; #+660
   \   00000906   2818               ADDS     R0,R5,R0
   \   00000908   ........           _BLF     printf,??printf??rT
   1166              //printf("\nCurrent RMS:%8d", ADEregistor[ADE_IRMS]);
   1167              iVrms = iADEregistor[ADE_VRMS] / VRMS_DIVIDER;
   \   0000090C   B06D               LDR      R0,[R6, #+88]
   \   0000090E   8B49               LDR      R1,??ADE7753_test_function_96+0x14  ;; 0x2260
   \   00000910   ........           _BLF     ??div32_t,??rT??div32_t
   \   00000914   0A00               MOVS     R2,R1
   \   00000916   BA62               STR      R2,[R7, #+40]
   1168              iVrms1 = iVrms / 10;
   \   00000918   1000               MOVS     R0,R2
   \   0000091A   0A21               MOVS     R1,#+10
   \   0000091C   ........           _BLF     ??div32_t,??rT??div32_t
   \   00000920   0B00               MOVS     R3,R1
   \   00000922   FB62               STR      R3,[R7, #+44]
   1169              iVrms0 = iVrms % 10;
   \   00000924   1000               MOVS     R0,R2
   \   00000926   0A21               MOVS     R1,#+10
   \   00000928   ........           _BLF     ??div32_t,??rT??div32_t
   \   0000092C   3863               STR      R0,[R7, #+48]
   1170              printf("\nVoltage RMS:%3d.%01dV", iVrms1, iVrms0);
   \   0000092E   0200               MOVS     R2,R0
   \   00000930   1900               MOVS     R1,R3
   \   00000932   E020               MOVS     R0,#+224
   \   00000934   C000               LSLS     R0,R0,#+3        ;; #+1792
   \   00000936   2818               ADDS     R0,R5,R0
   \   00000938   ........           _BLF     printf,??printf??rT
   1171              //printf("\nVoltage RMS:%6X", ADEregistor[ADE_VRMS]);
   1172              iPa = iADEregistor[ADE_AENERGY] / PW_DIVIDER;
   \   0000093C   7068               LDR      R0,[R6, #+4]
   \   0000093E   0B21               MOVS     R1,#+11
   \   00000940   ........           _BLF     ??div32_t,??rT??div32_t
   \   00000944   0A00               MOVS     R2,R1
   \   00000946   7E48               LDR      R0,??ADE7753_test_function_96+0x18  ;; iIrms1 + 8
   \   00000948   0260               STR      R2,[R0, #+0]
   1173              iPa1 = iPa / 100;
   \   0000094A   1000               MOVS     R0,R2
   \   0000094C   6421               MOVS     R1,#+100
   \   0000094E   ........           _BLF     ??div32_t,??rT??div32_t
   \   00000952   0B00               MOVS     R3,R1
   \   00000954   7B48               LDR      R0,??ADE7753_test_function_96+0x1C  ;; iIrms1 + 12
   \   00000956   0360               STR      R3,[R0, #+0]
   1174              iPa0 = iPa % 100;
   \   00000958   1000               MOVS     R0,R2
   \   0000095A   6421               MOVS     R1,#+100
   \   0000095C   ........           _BLF     ??div32_t,??rT??div32_t
   \   00000960   0200               MOVS     R2,R0
   \   00000962   7948               LDR      R0,??ADE7753_test_function_96+0x20  ;; iIrms1 + 16
   \   00000964   0260               STR      R2,[R0, #+0]
   1175              iPra = iADEregistor[ADE_RAENERGY];
   \   00000966   7948               LDR      R0,??ADE7753_test_function_96+0x24  ;; iIrms1 + 32
   \   00000968   B168               LDR      R1,[R6, #+8]
   \   0000096A   0160               STR      R1,[R0, #+0]
   1176              iPla = iADEregistor[ADE_LAENERGY];
   \   0000096C   7848               LDR      R0,??ADE7753_test_function_96+0x28  ;; iIrms1 + 36
   \   0000096E   F168               LDR      R1,[R6, #+12]
   \   00000970   0160               STR      R1,[R0, #+0]
   1177              iPva = iADEregistor[ADE_VAENERGY] / PW_DIVIDER;
   \   00000972   3069               LDR      R0,[R6, #+16]
   \   00000974   0B21               MOVS     R1,#+11
   \   00000976   ........           _BLF     ??div32_t,??rT??div32_t
   \   0000097A   0F00               MOVS     R7,R1
   \   0000097C   7548               LDR      R0,??ADE7753_test_function_96+0x2C  ;; iIrms1 + 20
   \   0000097E   0760               STR      R7,[R0, #+0]
   1178              iPva1 = iPva / 100;
   \   00000980   7548               LDR      R0,??ADE7753_test_function_96+0x30  ;; iIrms1 + 24
   \   00000982   01B4               PUSH     {R0}
   \   00000984   3800               MOVS     R0,R7
   \   00000986   6421               MOVS     R1,#+100
   \   00000988   ........           _BLF     ??div32_t,??rT??div32_t
   \   0000098C   01BC               POP      {R0}
   \   0000098E   0160               STR      R1,[R0, #+0]
   1179              iPva0 = iPva % 100;
   \   00000990   7249               LDR      R1,??ADE7753_test_function_96+0x34  ;; iIrms1 + 28
   \   00000992   02B4               PUSH     {R1}
   \   00000994   3800               MOVS     R0,R7
   \   00000996   6421               MOVS     R1,#+100
   \   00000998   ........           _BLF     ??div32_t,??rT??div32_t
   \   0000099C   02BC               POP      {R1}
   \   0000099E   0860               STR      R0,[R1, #+0]
   1180              iPrva = iADEregistor[ADE_RVAENERGY];
   \   000009A0   6F48               LDR      R0,??ADE7753_test_function_96+0x38  ;; iIrms1 + 40
   \   000009A2   7169               LDR      R1,[R6, #+20]
   \   000009A4   0160               STR      R1,[R0, #+0]
   1181              iPlva = iADEregistor[ADE_LVAENERGY];
   \   000009A6   6F48               LDR      R0,??ADE7753_test_function_96+0x3C  ;; iIrms1 + 44
   \   000009A8   B169               LDR      R1,[R6, #+24]
   \   000009AA   0160               STR      R1,[R0, #+0]
   1182            
   1183              printf("\nActive  :%3d.%02dkW ", iPa1, iPa0);
   \   000009AC   1900               MOVS     R1,R3
   \   000009AE   AB20               MOVS     R0,#+171
   \   000009B0   8000               LSLS     R0,R0,#+2        ;; #+684
   \   000009B2   2818               ADDS     R0,R5,R0
   \   000009B4   ........           _BLF     printf,??printf??rT
   1184              printf("\nPra     :%8d ", iPra);
   \   000009B8   6448               LDR      R0,??ADE7753_test_function_96+0x24  ;; iIrms1 + 32
   \   000009BA   0168               LDR      R1,[R0, #+0]
   \   000009BC   B120               MOVS     R0,#+177
   \   000009BE   8000               LSLS     R0,R0,#+2        ;; #+708
   \   000009C0   2818               ADDS     R0,R5,R0
   \   000009C2   ........           _BLF     printf,??printf??rT
   1185              printf("\nPla     :%8d ", iPla);
   \   000009C6   6248               LDR      R0,??ADE7753_test_function_96+0x28  ;; iIrms1 + 36
   \   000009C8   0168               LDR      R1,[R0, #+0]
   \   000009CA   B520               MOVS     R0,#+181
   \   000009CC   8000               LSLS     R0,R0,#+2        ;; #+724
   \   000009CE   2818               ADDS     R0,R5,R0
   \   000009D0   ........           _BLF     printf,??printf??rT
   1186              printf("\nApparent:%3d.%02dkVA", iPva1, iPva0);
   \   000009D4   6148               LDR      R0,??ADE7753_test_function_96+0x34  ;; iIrms1 + 28
   \   000009D6   0268               LDR      R2,[R0, #+0]
   \   000009D8   5F48               LDR      R0,??ADE7753_test_function_96+0x30  ;; iIrms1 + 24
   \   000009DA   0168               LDR      R1,[R0, #+0]
   \   000009DC   B920               MOVS     R0,#+185
   \   000009DE   8000               LSLS     R0,R0,#+2        ;; #+740
   \   000009E0   2818               ADDS     R0,R5,R0
   \   000009E2   ........           _BLF     printf,??printf??rT
   1187              //printf("\nPva  :%8d", Pva);
   1188              printf("\nPrva    :%8d ", iPrva);
   \   000009E6   5E48               LDR      R0,??ADE7753_test_function_96+0x38  ;; iIrms1 + 40
   \   000009E8   0168               LDR      R1,[R0, #+0]
   \   000009EA   BF20               MOVS     R0,#+191
   \   000009EC   8000               LSLS     R0,R0,#+2        ;; #+764
   \   000009EE   2818               ADDS     R0,R5,R0
   \   000009F0   ........           _BLF     printf,??printf??rT
   1189              printf("\nPlva    :%8d ", iPlva);
   \   000009F4   5B48               LDR      R0,??ADE7753_test_function_96+0x3C  ;; iIrms1 + 44
   \   000009F6   0168               LDR      R1,[R0, #+0]
   \   000009F8   C320               MOVS     R0,#+195
   \   000009FA   8000               LSLS     R0,R0,#+2        ;; #+780
   \   000009FC   2818               ADDS     R0,R5,R0
   \   000009FE   ........           _BLF     printf,??printf??rT
   1190              //printf("\nActive Energy:%6d", ADEregistor[ADE_AENERGY]);
   1191              //printf("\nLine Active E:%6d", ADEregistor[ADE_LAENERGY]);
   1192              //printf("\nApparent Eneg:%6d", ADEregistor[ADE_VAENERGY]);
   1193              //printf("\nLine App Eneg:%6d", ADEregistor[ADE_LVAENERGY]);
   1194              //printf("\nLine Reactive:%6d", ADEregistor[ADE_LVARENERGY]);
   1195              sExecStep++;
   \   00000A02   2088               LDRH     R0,[R4, #+0]
   \   00000A04   401C               ADDS     R0,R0,#+1
   \   00000A06   8AE0               B.N      ??ADE7753_test_function_77
   1196              return;
   1197           
   1198            case ADE_RMS_MONIT+6:
   1199              if (bPushKey != 0) sExecStep = 1;
   \                     ??ADE7753_test_function_41:
   \   00000A08   0029               CMP      R1,#+0
   \   00000A0A   01D0               BEQ      ??ADE7753_test_function_100
   \   00000A0C   0120               MOVS     R0,#+1
   \   00000A0E   86E0               B.N      ??ADE7753_test_function_77
   1200              else if (step_delay(SEC_1)) sExecStep = ADE_RMS_MONIT+1; 
   \                     ??ADE7753_test_function_100:
   \   00000A10   FA20               MOVS     R0,#+250
   \   00000A12   4000               LSLS     R0,R0,#+1        ;; #+500
   \   00000A14   ........           _BLF     step_delay,??step_delay??rT
   \   00000A18   0028               CMP      R0,#+0
   \   00000A1A   77D0               BEQ      ??ADE7753_test_function_101
   \   00000A1C   5120               MOVS     R0,#+81
   \   00000A1E   7EE0               B.N      ??ADE7753_test_function_77
   1201              return;
   1202          
   1203            case ADE_RMS_MONIT+7:
   1204              sExecStep = 1;
   \                     ??ADE7753_test_function_42:
   \   00000A20   0120               MOVS     R0,#+1
   \   00000A22   7CE0               B.N      ??ADE7753_test_function_77
   1205              return;
   1206              
   1207           
   1208            case ADE_INIT:
   1209              ADE7753_init();
   \                     ??ADE7753_test_function_44:
   \   00000A24   ........           BL       ADE7753_init
   \   00000A28   29E4               B        ??ADE7753_test_function_43
   1210              sExecStep = ADE_MONIT;
   1211              return;  
   1212            
   1213            case 90:
   1214              sExecStep = ADE_MONIT;
   1215              return;  
   1216              
   1217            case ADE_MONIT: 
   1218              screen_clear();
   \                     ??ADE7753_test_function_45:
   \   00000A2A   ........           _BLF     screen_clear,??screen_clear??rT
   1219              printf("<ADE7753 status>");
   \   00000A2E   C720               MOVS     R0,#+199
   \   00000A30   8000               LSLS     R0,R0,#+2        ;; #+796
   \   00000A32   2818               ADDS     R0,R5,R0
   \   00000A34   ........           _BLF     printf,??printf??rT
   1220              printf("\nPM_SAG: ");
   \   00000A38   CC20               MOVS     R0,#+204
   \   00000A3A   8000               LSLS     R0,R0,#+2        ;; #+816
   \   00000A3C   2818               ADDS     R0,R5,R0
   \   00000A3E   ........           _BLF     printf,??printf??rT
   1221              printf("\nPM_IRQ: ");
   \   00000A42   CF20               MOVS     R0,#+207
   \   00000A44   8000               LSLS     R0,R0,#+2        ;; #+828
   \   00000A46   2818               ADDS     R0,R5,R0
   \   00000A48   ........           _BLF     printf,??printf??rT
   1222              printf("\nPM_CF : ");
   \   00000A4C   D220               MOVS     R0,#+210
   \   00000A4E   8000               LSLS     R0,R0,#+2        ;; #+840
   \   00000A50   2818               ADDS     R0,R5,R0
   \   00000A52   ........           _BLF     printf,??printf??rT
   1223              printf("\nPM_DIN: ");
   \   00000A56   D520               MOVS     R0,#+213
   \   00000A58   8000               LSLS     R0,R0,#+2        ;; #+852
   \   00000A5A   2818               ADDS     R0,R5,R0
   \   00000A5C   ........           _BLF     printf,??printf??rT
   1224              printf("\nPM_ZX : ");
   \   00000A60   D820               MOVS     R0,#+216
   \   00000A62   8000               LSLS     R0,R0,#+2        ;; #+864
   \   00000A64   2818               ADDS     R0,R5,R0
   \   00000A66   ........           _BLF     printf,??printf??rT
   1225              printf("\nPress key:Monit END");
   \   00000A6A   DB20               MOVS     R0,#+219
   \   00000A6C   8000               LSLS     R0,R0,#+2        ;; #+876
   \   00000A6E   2818               ADDS     R0,R5,R0
   \   00000A70   ........           _BLF     printf,??printf??rT
   1226              sExecStep++; 
   \   00000A74   2088               LDRH     R0,[R4, #+0]
   \   00000A76   401C               ADDS     R0,R0,#+1
   \   00000A78   51E0               B.N      ??ADE7753_test_function_77
   1227              return;
   1228              
   1229            case ADE_MONIT+1:  
   1230              goto_cursor(7,1);
   \                     ??ADE7753_test_function_46:
   \   00000A7A   0121               MOVS     R1,#+1
   \   00000A7C   0720               MOVS     R0,#+7
   \   00000A7E   ........           _BLF     goto_cursor,??goto_cursor??rT
   1231              if (pio_read(PIOA) & PM_SAG) 
   \   00000A82   2948               LDR      R0,??ADE7753_test_function_96  ;; 0xfffff43c
   \   00000A84   0068               LDR      R0,[R0, #+0]
   \   00000A86   38A5               ADR      R5,??ADE7753_test_function_96+0x40  ;; "L"
   \   00000A88   38A6               ADR      R6,??ADE7753_test_function_96+0x44  ;; "H"
   \   00000A8A   8004               LSLS     R0,R0,#+18
   \   00000A8C   01D5               BPL      ??ADE7753_test_function_102
   1232                printf("H"); else printf("L");
   \   00000A8E   3000               MOVS     R0,R6
   \   00000A90   00E0               B.N      ??ADE7753_test_function_103
   \                     ??ADE7753_test_function_102:
   \   00000A92   2800               MOVS     R0,R5
   \                     ??ADE7753_test_function_103:
   \   00000A94   ........           _BLF     printf,??printf??rT
   1233              goto_cursor(7,2);
   \   00000A98   0221               MOVS     R1,#+2
   \   00000A9A   0720               MOVS     R0,#+7
   \   00000A9C   ........           _BLF     goto_cursor,??goto_cursor??rT
   1234              if (pio_read(PIOA) & PM_IRQ) 
   \   00000AA0   2148               LDR      R0,??ADE7753_test_function_96  ;; 0xfffff43c
   \   00000AA2   0068               LDR      R0,[R0, #+0]
   \   00000AA4   4004               LSLS     R0,R0,#+17
   \   00000AA6   01D5               BPL      ??ADE7753_test_function_104
   1235                printf("H"); else printf("L");
   \   00000AA8   3000               MOVS     R0,R6
   \   00000AAA   00E0               B.N      ??ADE7753_test_function_105
   \                     ??ADE7753_test_function_104:
   \   00000AAC   2800               MOVS     R0,R5
   \                     ??ADE7753_test_function_105:
   \   00000AAE   ........           _BLF     printf,??printf??rT
   1236              goto_cursor(7,3);
   \   00000AB2   0321               MOVS     R1,#+3
   \   00000AB4   0720               MOVS     R0,#+7
   \   00000AB6   ........           _BLF     goto_cursor,??goto_cursor??rT
   1237              if (pio_read(PIOA) & PM_CF) 
   \   00000ABA   1B48               LDR      R0,??ADE7753_test_function_96  ;; 0xfffff43c
   \   00000ABC   0068               LDR      R0,[R0, #+0]
   \   00000ABE   0004               LSLS     R0,R0,#+16
   \   00000AC0   01D5               BPL      ??ADE7753_test_function_106
   1238                printf("H"); else printf("L");
   \   00000AC2   3000               MOVS     R0,R6
   \   00000AC4   00E0               B.N      ??ADE7753_test_function_107
   \                     ??ADE7753_test_function_106:
   \   00000AC6   2800               MOVS     R0,R5
   \                     ??ADE7753_test_function_107:
   \   00000AC8   ........           _BLF     printf,??printf??rT
   1239              goto_cursor(7,4);
   \   00000ACC   0421               MOVS     R1,#+4
   \   00000ACE   0720               MOVS     R0,#+7
   \   00000AD0   ........           _BLF     goto_cursor,??goto_cursor??rT
   1240              if (pio_read(PIOA) & PM_DIN) 
   \   00000AD4   1448               LDR      R0,??ADE7753_test_function_96  ;; 0xfffff43c
   \   00000AD6   0068               LDR      R0,[R0, #+0]
   \   00000AD8   8003               LSLS     R0,R0,#+14
   \   00000ADA   01D5               BPL      ??ADE7753_test_function_108
   1241                printf("H"); else printf("L");
   \   00000ADC   3000               MOVS     R0,R6
   \   00000ADE   00E0               B.N      ??ADE7753_test_function_109
   \                     ??ADE7753_test_function_108:
   \   00000AE0   2800               MOVS     R0,R5
   \                     ??ADE7753_test_function_109:
   \   00000AE2   ........           _BLF     printf,??printf??rT
   1242              goto_cursor(7,5);
   \   00000AE6   0521               MOVS     R1,#+5
   \   00000AE8   0720               MOVS     R0,#+7
   \   00000AEA   ........           _BLF     goto_cursor,??goto_cursor??rT
   1243              if (pio_read(PIOA) & PM_ZX) 
   \   00000AEE   0E48               LDR      R0,??ADE7753_test_function_96  ;; 0xfffff43c
   \   00000AF0   0068               LDR      R0,[R0, #+0]
   \   00000AF2   0003               LSLS     R0,R0,#+12
   \   00000AF4   04D5               BPL      ??ADE7753_test_function_110
   1244                printf("H"); else printf("L");
   \   00000AF6   3000               MOVS     R0,R6
   \   00000AF8   03E0               B.N      ??ADE7753_test_function_111
   \   00000AFA   C046               Nop      
   \                     ??ADE7753_test_function_95:
   \   00000AFC   ........           DC32     iADEregistor + 132
   \                     ??ADE7753_test_function_110:
   \   00000B00   2800               MOVS     R0,R5
   \                     ??ADE7753_test_function_111:
   \   00000B02   ........           _BLF     printf,??printf??rT
   1245              if (bPushKey) sExecStep = 1;
   \   00000B06   ....               LDR      R0,??DataTable10  ;; bPushKey
   \   00000B08   0078               LDRB     R0,[R0, #+0]
   \   00000B0A   0028               CMP      R0,#+0
   \                     ??ADE7753_test_function_101:
   \   00000B0C   08D0               BEQ      ??ADE7753_test_function_74
   \   00000B0E   0120               MOVS     R0,#+1
   \   00000B10   05E0               B.N      ??ADE7753_test_function_77
   1246              return;
   1247              
   1248            default:
   1249              printf("\n?Error:ADE_TEST");
   \                     ??ADE7753_test_function_47:
   \   00000B12   E120               MOVS     R0,#+225
   \   00000B14   8000               LSLS     R0,R0,#+2        ;; #+900
   \   00000B16   2818               ADDS     R0,R5,R0
   \   00000B18   ........           _BLF     printf,??printf??rT
   1250              sExecStep = 1;
   \   00000B1C   0120               MOVS     R0,#+1
   \                     ??ADE7753_test_function_77:
   \   00000B1E   2080               STRH     R0,[R4, #+0]
   1251              return;     
   \                     ??ADE7753_test_function_74:
   \   00000B20   FCBC               POP      {R2-R7}
   \   00000B22   01BC               POP      {R0}
   \   00000B24   0047               BX       R0               ;; return
   \   00000B26   C046               Nop      
   \                     ??ADE7753_test_function_96:
   \   00000B28   3CF4FFFF           DC32     0xfffff43c
   \   00000B2C   ........           DC32     sCurPos
   \   00000B30   10270000           DC32     0x2710
   \   00000B34   ........           DC32     iIrms1
   \   00000B38   ........           DC32     iIrms1 + 4
   \   00000B3C   60220000           DC32     0x2260
   \   00000B40   ........           DC32     iIrms1 + 8
   \   00000B44   ........           DC32     iIrms1 + 12
   \   00000B48   ........           DC32     iIrms1 + 16
   \   00000B4C   ........           DC32     iIrms1 + 32
   \   00000B50   ........           DC32     iIrms1 + 36
   \   00000B54   ........           DC32     iIrms1 + 20
   \   00000B58   ........           DC32     iIrms1 + 24
   \   00000B5C   ........           DC32     iIrms1 + 28
   \   00000B60   ........           DC32     iIrms1 + 40
   \   00000B64   ........           DC32     iIrms1 + 44
   \   00000B68   4C000000           DC8      "L",+0,+0
   \   00000B6C   48000000           DC8      "H",+0,+0
   1252           };
   1253          }

   \                                 In segment DATA_Z, align 4, align-sorted
   \                     ReadCount:
   \   00000000                      DS8 1
   \                     ZeroCross:
   \   00000001                      DS8 1
   \                     ZeroCross0:
   \   00000002                      DS8 1
   \                     AdjEnable:
   \   00000003                      DS8 1
   \                     ADEadd:
   \   00000004                      DS8 1
   \                     Error:
   \   00000005                      DS8 1
   1254          
   1255          char Vpole, Vpole0;
   1256          char CycleCount, CycleCount0;
   \                     CycleCount:
   \   00000006                      DS8 1
   \                     CycleCount0:
   \   00000007                      DS8 1
   1257          char SampleCount;
   \                     SampleCount:
   \   00000008                      DS8 1
   1258          char MeasureStep;
   \                     MeasureStep:
   \   00000009                      DS8 1
   \                     sADEmode:
   \   0000000A                      DS8 2
   \                     iSecretCode:
   \   0000000C                      DS8 4
   \                     iIrmsDivider:
   \   00000010                      DS8 4
   \                     iIrmsOffset:
   \   00000014                      DS8 4
   \                     iVrmsDivider:
   \   00000018                      DS8 4
   \                     iVrmsOffset:
   \   0000001C                      DS8 4
   \                     iActiveDivider:
   \   00000020                      DS8 4
   \                     iADEdata:
   \   00000024                      DS8 4
   \                     iVrms:
   \   00000028                      DS8 4
   \                     iVrms1:
   \   0000002C                      DS8 4
   \                     iVrms0:
   \   00000030                      DS8 4
   \                     iIrms:
   \   00000034                      DS8 4
   \                     iTemp:
   \   00000038                      DS8 4
   \                     iAdj:
   \   0000003C                      DS8 4
   \                     iAdj1:
   \   00000040                      DS8 4
   \                     iAdj0:
   \   00000044                      DS8 4
   \                     iRef:
   \   00000048                      DS8 4
   \                     iRef1:
   \   0000004C                      DS8 4
   \                     iRef0:
   \   00000050                      DS8 4
   1259          int iIread, iVread;
   \                     iIread:
   \   00000054                      DS8 4
   \                     iVread:
   \   00000058                      DS8 4
   1260          int iAMPrms, iAMPrms1, iAMPrms0;
   \                     iAMPrms:
   \   0000005C                      DS8 4
   \                     iAMPrms1:
   \   00000060                      DS8 4
   \                     iAMPrms0:
   \   00000064                      DS8 4
   1261          int iVOLTrms, iVOLTrms1, iVOLTrms0;
   \                     iVOLTrms:
   \   00000068                      DS8 4
   \                     iVOLTrms1:
   \   0000006C                      DS8 4
   \                     iVOLTrms0:
   \   00000070                      DS8 4
   1262          int iActivePower, iActivePower1, iActivePower0;
   \                     iActivePower:
   \   00000074                      DS8 4
   \                     iActivePower1:
   \   00000078                      DS8 4
   \                     iActivePower0:
   \   0000007C                      DS8 4

   \                                 In segment DATA_Z, align 4, align-sorted
   \                     iActiveOffset:
   \   00000000                      DS8 4

   \                                 In segment DATA_Z, align 4, align-sorted
   \                     iADEregistor:
   \   00000000                      DS8 256

   \                                 In segment DATA_Z, align 4, align-sorted
   \                     iIrms1:
   \   00000000                      DS8 4
   \                     iIrms0:
   \   00000004                      DS8 4
   \                     iPa:
   \   00000008                      DS8 4
   \                     iPa1:
   \   0000000C                      DS8 4
   \                     iPa0:
   \   00000010                      DS8 4
   \                     iPva:
   \   00000014                      DS8 4
   \                     iPva1:
   \   00000018                      DS8 4
   \                     iPva0:
   \   0000001C                      DS8 4
   \                     iPra:
   \   00000020                      DS8 4
   \                     iPla:
   \   00000024                      DS8 4
   \                     iPrva:
   \   00000028                      DS8 4
   \                     iPlva:
   \   0000002C                      DS8 4

   \                                 In segment DATA_Z, align 4, align-sorted
   \                     iPArms:
   \   00000000                      DS8 4

   \                                 In segment DATA_Z, align 4, align-sorted
   \                     iPVrms:
   \   00000000                      DS8 4

   \                                 In segment DATA_Z, align 4, align-sorted
   \                     iPRrms:
   \   00000000                      DS8 4

   \                                 In segment DATA_Z, align 1, align-sorted
   \                     PanelMode:
   \   00000000                      DS8 1

   \                                 In segment DATA_Z, align 2, align-sorted
   \                     sPowerUpdate:
   \   00000000                      DS8 2

   \                                 In segment DATA_Z, align 4, align-sorted
   \                     Vpole:
   \   00000000                      DS8 1
   \                     Vpole0:
   \   00000001                      DS8 1
   \   00000002                      DS8 2
   1263          int iAccumlPower, iAccumlPower0, iAccumlPower1;
   \                     iAccumlPower:
   \   00000004                      DS8 4

   \                                 In segment DATA_Z, align 4, align-sorted
   \                     iAccumlPower0:
   \   00000000                      DS8 4

   \                                 In segment DATA_Z, align 4, align-sorted
   \                     iAccumlPower1:
   \   00000000                      DS8 4
   1264          
   1265          // 전력량 계측

   \                                 In segment CODE, align 4, keep-with-next
   1266          void power_measure_ADE7753(void)
   1267          {
   \                     power_measure_ADE7753:
   \   00000000   70B5               PUSH     {R4-R6,LR}
   1268            iTemp = (pio_read(PIOA) & PM_ZX) >> 19;
   \   00000002   ....               LDR      R0,??DataTable11  ;; 0xfffff43c
   \   00000004   0068               LDR      R0,[R0, #+0]
   \   00000006   ....               LDR      R4,??DataTable32  ;; ReadCount
   \   00000008   8021               MOVS     R1,#+128
   \   0000000A   0903               LSLS     R1,R1,#+12       ;; #+524288
   \   0000000C   0140               ANDS     R1,R1,R0
   \   0000000E   C80C               LSRS     R0,R1,#+19
   \   00000010   A063               STR      R0,[R4, #+56]
   1269            Vpole = iTemp;
   \   00000012   ....               LDR      R5,??Subroutine18_0  ;; Vpole
   \   00000014   2870               STRB     R0,[R5, #+0]
   1270            if ((Vpole)&(Vpole != Vpole0)) 
   \   00000016   0026               MOVS     R6,#+0
   \   00000018   6978               LDRB     R1,[R5, #+1]
   \   0000001A   8842               CMP      R0,R1
   \   0000001C   01D0               BEQ      ??power_measure_ADE7753_0
   \   0000001E   0121               MOVS     R1,#+1
   \   00000020   00E0               B        ??power_measure_ADE7753_1
   \                     ??power_measure_ADE7753_0:
   \   00000022   0021               MOVS     R1,#+0
   \                     ??power_measure_ADE7753_1:
   \   00000024   0122               MOVS     R2,#+1
   \   00000026   0240               ANDS     R2,R2,R0
   \   00000028   0A42               TST      R2,R1
   \   0000002A   2ED0               BEQ      ??power_measure_ADE7753_2
   1271            {
   1272              CycleCount++;
   \   0000002C   A079               LDRB     R0,[R4, #+6]
   \   0000002E   401C               ADDS     R0,R0,#+1
   \   00000030   A071               STRB     R0,[R4, #+6]
   1273              if (CycleCount >= 60)
   \   00000032   0006               LSLS     R0,R0,#+24
   \   00000034   000E               LSRS     R0,R0,#+24
   \   00000036   3C28               CMP      R0,#+60
   \   00000038   16D3               BCC      ??power_measure_ADE7753_3
   1274              {
   1275                CycleCount = 0;
   \   0000003A   A671               STRB     R6,[R4, #+6]
   1276                iActivePower = ADE7753_registor_read(ADE_RAENERGY) / PW_DIVIDER;
   \   0000003C   0320               MOVS     R0,#+3
   \   0000003E   ........           BL       ADE7753_registor_read
   \   00000042   0B21               MOVS     R1,#+11
   \   00000044   ........           _BLF     ??div32_t,??rT??div32_t
   \   00000048   6167               STR      R1,[R4, #+116]
   1277                iActivePower = iActivePower * iActiveDivider / ACTIVE_DIVIDER;
   \   0000004A   0800               MOVS     R0,R1
   \   0000004C   216A               LDR      R1,[R4, #+32]
   \   0000004E   4843               MULS     R0,R1,R0
   \   00000050   FA21               MOVS     R1,#+250
   \   00000052   8900               LSLS     R1,R1,#+2        ;; #+1000
   \   00000054   ........           _BLF     ??div32_t,??rT??div32_t
   \   00000058   6167               STR      R1,[R4, #+116]
   1278                iAccumlPower = ADE7753_registor_read(ADE_RAENERGY) / PW_DIVIDER;
   \   0000005A   0320               MOVS     R0,#+3
   \   0000005C   ........           BL       ADE7753_registor_read
   \   00000060   0B21               MOVS     R1,#+11
   \   00000062   ........           _BLF     ??div32_t,??rT??div32_t
   \   00000066   6960               STR      R1,[R5, #+4]
   1279              }
   1280              if (iActivePower < 0) iActivePower = 0;
   \                     ??power_measure_ADE7753_3:
   \   00000068   606F               LDR      R0,[R4, #+116]
   \   0000006A   0028               CMP      R0,#+0
   \   0000006C   02D4               BMI      ??power_measure_ADE7753_4
   1281              else if (iActivePower > 9999) iActivePower = 0;
   \   0000006E   ....               LDR      R1,??DataTable15  ;; 0x2710
   \   00000070   8842               CMP      R0,R1
   \   00000072   00DB               BLT      ??power_measure_ADE7753_5
   \                     ??power_measure_ADE7753_4:
   \   00000074   6667               STR      R6,[R4, #+116]
   1282              iActivSum += iActivePower;
   \                     ??power_measure_ADE7753_5:
   \   00000076   ....               LDR      R0,??Subroutine18_0+0x4  ;; iActivSum
   \   00000078   0168               LDR      R1,[R0, #+0]
   \   0000007A   626F               LDR      R2,[R4, #+116]
   \   0000007C   8918               ADDS     R1,R1,R2
   \   0000007E   0160               STR      R1,[R0, #+0]
   1283              sActiveCount++;
   \   00000080   ....               LDR      R0,??Subroutine18_0+0x8  ;; sActiveCount
   \   00000082   0021               MOVS     R1,#+0
   \   00000084   415E               LDRSH    R1,[R0, R1]
   \   00000086   491C               ADDS     R1,R1,#+1
   \   00000088   0180               STRH     R1,[R0, #+0]
   1284            }
   1285            Vpole0 = Vpole;
   \                     ??power_measure_ADE7753_2:
   \   0000008A   2878               LDRB     R0,[R5, #+0]
   \   0000008C   6870               STRB     R0,[R5, #+1]
   \   0000008E   C046               Nop      
   1286          }
   \   00000090                      REQUIRE ?Subroutine18
   \   00000090                      ;; // Fall through to label ?Subroutine18
   1287          
   1288          // 전압 및 전력 계측

   \                                 In segment CODE, align 4, keep-with-next
   1289          void AV_measure_ADE7753(void)
   1290          {
   \                     AV_measure_ADE7753:
   \   00000000   30B5               PUSH     {R4,R5,LR}
   1291            switch(MeasureStep)
   \   00000002   ....               LDR      R4,??DataTable32  ;; ReadCount
   \   00000004   617A               LDRB     R1,[R4, #+9]
   \   00000006   481C               ADDS     R0,R1,#+1
   \   00000008   A379               LDRB     R3,[R4, #+6]
   \   0000000A   0022               MOVS     R2,#+0
   \   0000000C   0329               CMP      R1,#+3
   \   0000000E   4BD8               BHI      ??AV_measure_ADE7753_1
   \   00000010   01A5               ADR      R5,??AV_measure_ADE7753_0
   \   00000012   6D5C               LDRB     R5,[R5, R1]
   \   00000014   AF44               ADD      PC,PC,R5
   \   00000016   C046               Nop      
   \                     ??AV_measure_ADE7753_0:
   \   00000018   040C164A           DC8      +4,+12,+22,+74
   1292            {
   1293            case 0:
   1294              iAMPrms = 0;
   \                     ??AV_measure_ADE7753_2:
   \   0000001C   E265               STR      R2,[R4, #+92]
   1295              iVOLTrms = 0;
   \   0000001E   A266               STR      R2,[R4, #+104]
   1296              MeasureStep++;
   \                     ??AV_measure_ADE7753_3:
   \   00000020   6072               STRB     R0,[R4, #+9]
   1297              return;
   \   00000022   42E0               B        ??AV_measure_ADE7753_4
   1298              
   1299            case 1:
   1300              SampleCount = 0;
   \                     ??AV_measure_ADE7753_5:
   \   00000024   2272               STRB     R2,[R4, #+8]
   1301              iIread = 0;
   \   00000026   6265               STR      R2,[R4, #+84]
   1302              iVread = 0;
   \   00000028   A265               STR      R2,[R4, #+88]
   1303              CycleCount0 = CycleCount;
   \   0000002A   E371               STRB     R3,[R4, #+7]
   1304              MeasureStep++;
   \   0000002C   F8E7               B.N      ??AV_measure_ADE7753_3
   1305              return;
   1306              
   1307            case 2:
   1308              if (CycleCount != CycleCount0) 
   \                     ??AV_measure_ADE7753_6:
   \   0000002E   E079               LDRB     R0,[R4, #+7]
   \   00000030   8342               CMP      R3,R0
   \   00000032   3AD0               BEQ      ??AV_measure_ADE7753_4
   1309              {
   1310                //RUNlamp(TOGLE);
   1311                CycleCount0 = CycleCount;
   \   00000034   E371               STRB     R3,[R4, #+7]
   1312                iIread = iIread + ADE7753_registor_read(ADE_IRMS);
   \   00000036   1620               MOVS     R0,#+22
   \   00000038   ........           BL       ADE7753_registor_read
   \   0000003C   616D               LDR      R1,[R4, #+84]
   \   0000003E   0818               ADDS     R0,R1,R0
   \   00000040   6065               STR      R0,[R4, #+84]
   1313                iVread = iVread + ADE7753_registor_read(ADE_VRMS);
   \   00000042   1720               MOVS     R0,#+23
   \   00000044   ........           BL       ADE7753_registor_read
   \   00000048   A16D               LDR      R1,[R4, #+88]
   \   0000004A   0818               ADDS     R0,R1,R0
   \   0000004C   A065               STR      R0,[R4, #+88]
   1314                if (++SampleCount >= RMS_SAMPLE_COUNT) MeasureStep++;
   \   0000004E   207A               LDRB     R0,[R4, #+8]
   \   00000050   401C               ADDS     R0,R0,#+1
   \   00000052   2072               STRB     R0,[R4, #+8]
   \   00000054   0006               LSLS     R0,R0,#+24
   \   00000056   000E               LSRS     R0,R0,#+24
   \   00000058   0A28               CMP      R0,#+10
   \   0000005A   26D3               BCC      ??AV_measure_ADE7753_4
   \   0000005C   607A               LDRB     R0,[R4, #+9]
   \   0000005E   401C               ADDS     R0,R0,#+1
   \   00000060   DEE7               B.N      ??AV_measure_ADE7753_3
   1315              } 
   1316              return;
   1317              
   1318            case 3:
   1319              iIread -= iIrmsOffset;
   \                     ??AV_measure_ADE7753_7:
   \   00000062   606D               LDR      R0,[R4, #+84]
   \   00000064   6169               LDR      R1,[R4, #+20]
   \   00000066   401A               SUBS     R0,R0,R1
   \   00000068   6065               STR      R0,[R4, #+84]
   1320              iAMPrms = iIread / iIrmsDivider;
   \   0000006A   2169               LDR      R1,[R4, #+16]
   \   0000006C   ........           _BLF     ??div32_t,??rT??div32_t
   \   00000070   0B00               MOVS     R3,R1
   1321              if (iAMPrms < 0) iAMPrms = 0; else if (iAMPrms > 9999) iAMPrms = 0;
   \   00000072   02D4               BMI      ??AV_measure_ADE7753_8
   \   00000074   ....               LDR      R0,??DataTable15  ;; 0x2710
   \   00000076   8342               CMP      R3,R0
   \   00000078   00DB               BLT      ??AV_measure_ADE7753_9
   \                     ??AV_measure_ADE7753_8:
   \   0000007A   0023               MOVS     R3,#+0
   \                     ??AV_measure_ADE7753_9:
   \   0000007C   E365               STR      R3,[R4, #+92]
   1322              iVOLTrms = iVread / iVrmsDivider;
   \   0000007E   A06D               LDR      R0,[R4, #+88]
   \   00000080   A169               LDR      R1,[R4, #+24]
   \   00000082   ........           _BLF     ??div32_t,??rT??div32_t
   \   00000086   A166               STR      R1,[R4, #+104]
   1323              
   1324              iVoltSum += iVOLTrms;
   \   00000088   0948               LDR      R0,??AV_measure_ADE7753_10  ;; iVoltSum
   \   0000008A   0268               LDR      R2,[R0, #+0]
   \   0000008C   5118               ADDS     R1,R2,R1
   \   0000008E   0160               STR      R1,[R0, #+0]
   1325              iAmpSum += iAMPrms;
   \   00000090   0848               LDR      R0,??AV_measure_ADE7753_10+0x4  ;; iAmpSum
   \   00000092   0168               LDR      R1,[R0, #+0]
   \   00000094   C918               ADDS     R1,R1,R3
   \   00000096   0160               STR      R1,[R0, #+0]
   1326              sVACount++;
   \   00000098   0748               LDR      R0,??AV_measure_ADE7753_10+0x8  ;; sVACount
   \   0000009A   0021               MOVS     R1,#+0
   \   0000009C   415E               LDRSH    R1,[R0, R1]
   \   0000009E   491C               ADDS     R1,R1,#+1
   \   000000A0   0180               STRH     R1,[R0, #+0]
   1327              MeasureStep = 1;
   \   000000A2   0120               MOVS     R0,#+1
   \   000000A4   6072               STRB     R0,[R4, #+9]
   1328              //RUNlamp(TOGLE);
   1329              return;
   \   000000A6   00E0               B        ??AV_measure_ADE7753_4
   1330              
   1331            default: MeasureStep = 0; return;
   \                     ??AV_measure_ADE7753_1:
   \   000000A8   6272               STRB     R2,[R4, #+9]
   \                     ??AV_measure_ADE7753_4:
   \   000000AA   ........           BL       ?Subroutine17
   \   000000AE   C046               Nop      
   \                     ??AV_measure_ADE7753_10:
   \   000000B0   ........           DC32     iVoltSum
   \   000000B4   ........           DC32     iAmpSum
   \   000000B8   ........           DC32     sVACount
   1332            }
   1333          }
   1334          

   \                                 In segment DATA_Z, align 4, align-sorted
   1335          unsigned short sVolt, sAmp, sVolt0, sAmp0;
   \                     sVolt:
   \   00000000                      DS8 2
   \                     sAmp:
   \   00000002                      DS8 2
   \                     sAmp0:
   \   00000004                      DS8 2
   1336          unsigned short skWatt, skWattH, skWatt0, skWattH0;
   \                     skWatt:
   \   00000006                      DS8 2
   \                     skWattH:
   \   00000008                      DS8 2
   \                     skWatt0:
   \   0000000A                      DS8 2
   \                     skWattH0:
   \   0000000C                      DS8 2
   \   0000000E                      DS8 2
   1337          unsigned int iTkwh;
   \                     iTkwh:
   \   00000010                      DS8 4

   \                                 In segment DATA_Z, align 2, align-sorted
   \                     sVolt0:
   \   00000000                      DS8 2

   \                                 In segment CODE, align 4, keep-with-next
   1338          void power_simulate(void)
   1339          {
   \                     power_simulate:
   \   00000000   10B5               PUSH     {R4,LR}
   1340            unsigned int volt;
   1341            unsigned int  kw;
   1342            if (iExecTime < 0) volt = -iExecTime;
   \   00000002   2448               LDR      R0,??power_simulate_0  ;; iExecTime
   \   00000004   0068               LDR      R0,[R0, #+0]
   \   00000006   0028               CMP      R0,#+0
   \   00000008   00D5               BPL      ??power_simulate_1
   \   0000000A   4342               RSBS     R3,R0,#+0
   1343            sVolt = 205 + (volt % 20);
   \                     ??power_simulate_1:
   \   0000000C   1800               MOVS     R0,R3
   \   0000000E   1421               MOVS     R1,#+20
   \   00000010   ........           _BLF     ??divu32_t,??rT??divu32_t
   \   00000014   0400               MOVS     R4,R0
   \   00000016   CD34               ADDS     R4,R4,#+205
   \   00000018   ....               LDR      R2,??DataTable33  ;; sVolt
   \   0000001A   1480               STRH     R4,[R2, #+0]
   1344            //sVolt0 =  volt % 10;
   1345            sAmp = volt / 100;
   \   0000001C   1800               MOVS     R0,R3
   \   0000001E   6421               MOVS     R1,#+100
   \   00000020   ........           _BLF     ??divu32_t,??rT??divu32_t
   \   00000024   5180               STRH     R1,[R2, #+2]
   1346            sAmp0 = (volt % 10) / 2;
   \   00000026   1800               MOVS     R0,R3
   \   00000028   0A21               MOVS     R1,#+10
   \   0000002A   ........           _BLF     ??divu32_t,??rT??divu32_t
   \   0000002E   4008               LSRS     R0,R0,#+1
   \   00000030   9080               STRH     R0,[R2, #+4]
   1347            kw = ( sVolt *  sAmp * 10 ) / 1000;
   \   00000032   2404               LSLS     R4,R4,#+16
   \   00000034   240C               LSRS     R4,R4,#+16
   \   00000036   5088               LDRH     R0,[R2, #+2]
   \   00000038   4443               MULS     R4,R0,R4
   \   0000003A   0A20               MOVS     R0,#+10
   \   0000003C   4443               MULS     R4,R0,R4
   \   0000003E   2000               MOVS     R0,R4
   \   00000040   FA21               MOVS     R1,#+250
   \   00000042   8900               LSLS     R1,R1,#+2        ;; #+1000
   \   00000044   ........           _BLF     ??div32_t,??rT??div32_t
   \   00000048   0B00               MOVS     R3,R1
   1348            skWatt = kw / 10;
   \   0000004A   1800               MOVS     R0,R3
   \   0000004C   0A21               MOVS     R1,#+10
   \   0000004E   ........           _BLF     ??divu32_t,??rT??divu32_t
   \   00000052   D180               STRH     R1,[R2, #+6]
   1349            skWatt0 = kw % 100;
   \   00000054   1800               MOVS     R0,R3
   \   00000056   6421               MOVS     R1,#+100
   \   00000058   ........           _BLF     ??divu32_t,??rT??divu32_t
   \   0000005C   5081               STRH     R0,[R2, #+10]
   1350            iTkwh = iTkwh +  (skWatt * 10)  + skWatt0; 
   \   0000005E   1069               LDR      R0,[R2, #+16]
   \   00000060   D188               LDRH     R1,[R2, #+6]
   \   00000062   0A23               MOVS     R3,#+10
   \   00000064   5943               MULS     R1,R3,R1
   \   00000066   5389               LDRH     R3,[R2, #+10]
   \   00000068   C918               ADDS     R1,R1,R3
   \   0000006A   4018               ADDS     R0,R0,R1
   \   0000006C   1061               STR      R0,[R2, #+16]
   1351            skWattH = iTkwh / 360;
   \   0000006E   B421               MOVS     R1,#+180
   \   00000070   4900               LSLS     R1,R1,#+1        ;; #+360
   \   00000072   ........           _BLF     ??divu32_t,??rT??divu32_t
   \   00000076   1181               STRH     R1,[R2, #+8]
   \   00000078   1389               LDRH     R3,[R2, #+8]
   \   0000007A   1800               MOVS     R0,R3
   \   0000007C   0A21               MOVS     R1,#+10
   \   0000007E   ........           _BLF     ??div32_t,??rT??div32_t
   \   00000082   9081               STRH     R0,[R2, #+12]
   1352            skWattH0 = skWattH % 10;
   1353            skWattH = skWattH / 10;
   \   00000084   1800               MOVS     R0,R3
   \   00000086   0A21               MOVS     R1,#+10
   \   00000088   ........           _BLF     ??div32_t,??rT??div32_t
   \   0000008C   1181               STRH     R1,[R2, #+8]
   1354          }
   \   0000008E   10BC               POP      {R4}
   \   00000090   01BC               POP      {R0}
   \   00000092   0047               BX       R0               ;; return
   \                     ??power_simulate_0:
   \   00000094   ........           DC32     iExecTime
   1355          /*  
   1356          void print_title_korean(void)
   1357          {
   1358            //if (!FontStyle) display_mode(2); else screen_clear();
   1359            sCurPos = 0;
   1360            printf("<부하상태표시기>");
   1361            //printf("E-PIA TECH CO\n");
   1362            //if (Irms0 < 0) Irms0 = 0;
   1363            AMPrms1 = AMPrms / 10;
   1364            AMPrms0 = AMPrms % 10;
   1365            VOLTrms1 = VOLTrms / 10;
   1366            VOLTrms0 = VOLTrms % 10;
   1367            if (VOLTrms0 >= 5) VOLTrms++;	// 반올림
   1368            ActivePower = ActivePower / 10;
   1369            ActivePower1 = ActivePower / 10;
   1370            ActivePower0 = ActivePower % 10;
   1371            printf("입력:%3dV/%2d.%01dA", VOLTrms1, AMPrms1, AMPrms0);
   1372            printf("\n전력: %2d.%01dkW", ActivePower1, ActivePower0);
   1373            printf("\n누계:%4d.%01dkWH", skWattH, skWattH0); 
   1374          }
   1375          */

   \                                 In segment CODE, align 4, keep-with-next
   1376          void print_title_korean(void)
   1377          {
   \                     print_title_korean:
   \   00000000   30B5               PUSH     {R4,R5,LR}
   1378            sCurPos = 0;
   \   00000002   ....               LDR      R0,??DataTable37  ;; sCurPos
   \   00000004   0021               MOVS     R1,#+0
   \   00000006   0180               STRH     R1,[R0, #+0]
   1379            printf("%2X월%02X일%2X:%02X:%02X", Month, Date, Hour, Minute, Sec);
   \   00000008   ....               LDR      R4,??DataTable26  ;; `?<Constant "%2X\\277\\371%02X\\300\\317%2X:%02X:%0`
   \   0000000A   ....               LDR      R0,??DataTable27  ;; Sec
   \   0000000C   0178               LDRB     R1,[R0, #+0]
   \   0000000E   ....               LDR      R0,??DataTable28  ;; Minute
   \   00000010   0078               LDRB     R0,[R0, #+0]
   \   00000012   03B4               PUSH     {R0,R1}
   \   00000014   ....               LDR      R0,??DataTable29  ;; Hour
   \   00000016   0378               LDRB     R3,[R0, #+0]
   \   00000018   ....               LDR      R0,??DataTable30  ;; `Date`
   \   0000001A   0278               LDRB     R2,[R0, #+0]
   \   0000001C   ....               LDR      R0,??DataTable31  ;; Month
   \   0000001E   0178               LDRB     R1,[R0, #+0]
   \   00000020   2000               MOVS     R0,R4
   \   00000022   ........           _BLF     printf,??printf??rT
   1380            printf(" <전력사용현황>");
   \   00000026   2000               MOVS     R0,R4
   \   00000028   1C30               ADDS     R0,R0,#+28
   \   0000002A   ........           _BLF     printf,??printf??rT
   1381            iAMPrms1 = iAMPrms / 10;
   \   0000002E   ....               LDR      R5,??DataTable32  ;; ReadCount
   \   00000030   EA6D               LDR      R2,[R5, #+92]
   \   00000032   1000               MOVS     R0,R2
   \   00000034   0A21               MOVS     R1,#+10
   \   00000036   ........           _BLF     ??div32_t,??rT??div32_t
   \   0000003A   2966               STR      R1,[R5, #+96]
   1382            iAMPrms0 = iAMPrms % 10;
   \   0000003C   1000               MOVS     R0,R2
   \   0000003E   0A21               MOVS     R1,#+10
   \   00000040   ........           _BLF     ??div32_t,??rT??div32_t
   \   00000044   6866               STR      R0,[R5, #+100]
   1383            iVOLTrms1 = iVOLTrms / 10;
   \   00000046   AA6E               LDR      R2,[R5, #+104]
   \   00000048   1000               MOVS     R0,R2
   \   0000004A   0A21               MOVS     R1,#+10
   \   0000004C   ........           _BLF     ??div32_t,??rT??div32_t
   \   00000050   0B00               MOVS     R3,R1
   \   00000052   EB66               STR      R3,[R5, #+108]
   1384            iVOLTrms0 = iVOLTrms % 10;
   \   00000054   1000               MOVS     R0,R2
   \   00000056   0A21               MOVS     R1,#+10
   \   00000058   ........           _BLF     ??div32_t,??rT??div32_t
   \   0000005C   2867               STR      R0,[R5, #+112]
   1385            iActivePower1 = iActivePower / 100;
   \   0000005E   6A6F               LDR      R2,[R5, #+116]
   \   00000060   1000               MOVS     R0,R2
   \   00000062   6421               MOVS     R1,#+100
   \   00000064   ........           _BLF     ??div32_t,??rT??div32_t
   \   00000068   A967               STR      R1,[R5, #+120]
   1386            iActivePower0 = iActivePower % 100;
   \   0000006A   1000               MOVS     R0,R2
   \   0000006C   6421               MOVS     R1,#+100
   \   0000006E   ........           _BLF     ??div32_t,??rT??div32_t
   \   00000072   E867               STR      R0,[R5, #+124]
   1387            //printf("\n전압:%3d.%01d[V]", VOLTrms1, VOLTrms0);
   1388            //printf("\n전류:%3d.%01d[A]", AMPrms1, AMPrms0);
   1389            printf("\n입력:%3dV", iVOLTrms1);
   \   00000074   1900               MOVS     R1,R3
   \   00000076   2000               MOVS     R0,R4
   \   00000078   2C30               ADDS     R0,R0,#+44
   \   0000007A   ........           _BLF     printf,??printf??rT
   1390            printf("%3d.%01dA", iAMPrms1, iAMPrms0);
   \   0000007E   6A6E               LDR      R2,[R5, #+100]
   \   00000080   296E               LDR      R1,[R5, #+96]
   \   00000082   2000               MOVS     R0,R4
   \   00000084   3830               ADDS     R0,R0,#+56
   \   00000086   ........           _BLF     printf,??printf??rT
   1391            printf("\n전력:%3d.%02d[kW]", iActivePower1, iActivePower0);
   \   0000008A   EA6F               LDR      R2,[R5, #+124]
   \   0000008C   A96F               LDR      R1,[R5, #+120]
   \   0000008E   4434               ADDS     R4,R4,#+68
   \   00000090   2000               MOVS     R0,R4
   \   00000092   ........           _BLF     printf,??printf??rT
   1392          }
   \   00000096   3CBC               POP      {R2-R5}
   \   00000098   01BC               POP      {R0}
   \   0000009A   0047               BX       R0               ;; return
   1393          

   \                                 In segment CODE, align 4, keep-with-next
   1394          void print_title_korean1(void)
   1395          {
   \                     print_title_korean1:
   \   00000000   70B5               PUSH     {R4-R6,LR}
   1396            sCurPos = 0;
   \   00000002   ....               LDR      R0,??DataTable37  ;; sCurPos
   \   00000004   0021               MOVS     R1,#+0
   \   00000006   0180               STRH     R1,[R0, #+0]
   1397            printf("%2X월%02X일%2X:%02X:%02X", Month, Date, Hour, Minute, Sec);
   \   00000008   ....               LDR      R4,??DataTable26  ;; `?<Constant "%2X\\277\\371%02X\\300\\317%2X:%02X:%0`
   \   0000000A   ....               LDR      R0,??DataTable27  ;; Sec
   \   0000000C   0178               LDRB     R1,[R0, #+0]
   \   0000000E   ....               LDR      R0,??DataTable28  ;; Minute
   \   00000010   0078               LDRB     R0,[R0, #+0]
   \   00000012   03B4               PUSH     {R0,R1}
   \   00000014   ....               LDR      R0,??DataTable29  ;; Hour
   \   00000016   0378               LDRB     R3,[R0, #+0]
   \   00000018   ....               LDR      R0,??DataTable30  ;; `Date`
   \   0000001A   0278               LDRB     R2,[R0, #+0]
   \   0000001C   ....               LDR      R0,??DataTable31  ;; Month
   \   0000001E   0178               LDRB     R1,[R0, #+0]
   \   00000020   2000               MOVS     R0,R4
   \   00000022   ........           _BLF     printf,??printf??rT
   1398            iAMPrms1 = iAMPrms / 10;
   \   00000026   ....               LDR      R5,??DataTable32  ;; ReadCount
   \   00000028   EA6D               LDR      R2,[R5, #+92]
   \   0000002A   1000               MOVS     R0,R2
   \   0000002C   0A21               MOVS     R1,#+10
   \   0000002E   ........           _BLF     ??div32_t,??rT??div32_t
   \   00000032   2966               STR      R1,[R5, #+96]
   1399            iAMPrms0 = iAMPrms % 10;
   \   00000034   1000               MOVS     R0,R2
   \   00000036   0A21               MOVS     R1,#+10
   \   00000038   ........           _BLF     ??div32_t,??rT??div32_t
   \   0000003C   6866               STR      R0,[R5, #+100]
   1400            iVOLTrms1 = iVOLTrms / 10;
   \   0000003E   AA6E               LDR      R2,[R5, #+104]
   \   00000040   1000               MOVS     R0,R2
   \   00000042   0A21               MOVS     R1,#+10
   \   00000044   ........           _BLF     ??div32_t,??rT??div32_t
   \   00000048   0B00               MOVS     R3,R1
   \   0000004A   EB66               STR      R3,[R5, #+108]
   1401            iVOLTrms0 = iVOLTrms % 10;
   \   0000004C   1000               MOVS     R0,R2
   \   0000004E   0A21               MOVS     R1,#+10
   \   00000050   ........           _BLF     ??div32_t,??rT??div32_t
   \   00000054   0200               MOVS     R2,R0
   \   00000056   2A67               STR      R2,[R5, #+112]
   1402            iActivePower1 = iActivePower / 100;
   \   00000058   6E6F               LDR      R6,[R5, #+116]
   \   0000005A   3000               MOVS     R0,R6
   \   0000005C   6421               MOVS     R1,#+100
   \   0000005E   ........           _BLF     ??div32_t,??rT??div32_t
   \   00000062   A967               STR      R1,[R5, #+120]
   1403            iActivePower0 = iActivePower % 100;
   \   00000064   3000               MOVS     R0,R6
   \   00000066   6421               MOVS     R1,#+100
   \   00000068   ........           _BLF     ??div32_t,??rT??div32_t
   \   0000006C   E867               STR      R0,[R5, #+124]
   1404            printf("전압: %3d.%01d[V]", iVOLTrms1, iVOLTrms0);
   \   0000006E   1900               MOVS     R1,R3
   \   00000070   2000               MOVS     R0,R4
   \   00000072   5830               ADDS     R0,R0,#+88
   \   00000074   ........           _BLF     printf,??printf??rT
   1405            printf("\n전류: %3d.%01d[A]", iAMPrms1, iAMPrms0);
   \   00000078   6A6E               LDR      R2,[R5, #+100]
   \   0000007A   296E               LDR      R1,[R5, #+96]
   \   0000007C   2000               MOVS     R0,R4
   \   0000007E   6C30               ADDS     R0,R0,#+108
   \   00000080   ........           _BLF     printf,??printf??rT
   1406            printf("\n전력:%3d.%02d[kW]", iActivePower1, iActivePower0);
   \   00000084   EA6F               LDR      R2,[R5, #+124]
   \   00000086   A96F               LDR      R1,[R5, #+120]
   \   00000088   4434               ADDS     R4,R4,#+68
   \   0000008A   2000               MOVS     R0,R4
   \   0000008C   ........           _BLF     printf,??printf??rT
   1407          }
   \   00000090   7CBC               POP      {R2-R6}
   \   00000092   01BC               POP      {R0}
   \   00000094   0047               BX       R0               ;; return
   1408          

   \                                 In segment CODE, align 4, keep-with-next
   1409          void print_title_english(void)
   1410          {
   \                     print_title_english:
   \   00000000   30B5               PUSH     {R4,R5,LR}
   1411            screen_clear();
   \   00000002   ........           _BLF     screen_clear,??screen_clear??rT
   1412            printf("<EpiaLoadMonit>");
   \   00000006   134C               LDR      R4,??print_title_english_0  ;; `?<Constant "<EpiaLoadMonit>">`
   \   00000008   2000               MOVS     R0,R4
   \   0000000A   ........           _BLF     printf,??printf??rT
   1413            //printf("E-PIA TECH CO\n");
   1414            if (sAmp > 99) sAmp = 99;
   \   0000000E   ....               LDR      R5,??DataTable33  ;; sVolt
   \   00000010   6888               LDRH     R0,[R5, #+2]
   \   00000012   6428               CMP      R0,#+100
   \   00000014   01D3               BCC      ??print_title_english_1
   \   00000016   6320               MOVS     R0,#+99
   \   00000018   6880               STRH     R0,[R5, #+2]
   1415            printf("\nInput:%3dV/%2d.%1dA", sVolt, sAmp, sAmp0);
   \                     ??print_title_english_1:
   \   0000001A   AB88               LDRH     R3,[R5, #+4]
   \   0000001C   6A88               LDRH     R2,[R5, #+2]
   \   0000001E   2988               LDRH     R1,[R5, #+0]
   \   00000020   2000               MOVS     R0,R4
   \   00000022   1030               ADDS     R0,R0,#+16
   \   00000024   ........           _BLF     printf,??printf??rT
   1416            if (!FontStyle) printf("\n");
   \   00000028   ....               LDR      R0,??DataTable36  ;; FontStyle
   \   0000002A   0078               LDRB     R0,[R0, #+0]
   \   0000002C   0028               CMP      R0,#+0
   \   0000002E   02D1               BNE      ??print_title_english_2
   \   00000030   09A0               ADR      R0,??print_title_english_0+0x4  ;; "\n"
   \   00000032   ........           _BLF     printf,??printf??rT
   1417            printf("Power: %2d.%02dkW", skWatt, skWatt0);
   \                     ??print_title_english_2:
   \   00000036   6A89               LDRH     R2,[R5, #+10]
   \   00000038   E988               LDRH     R1,[R5, #+6]
   \   0000003A   2000               MOVS     R0,R4
   \   0000003C   2830               ADDS     R0,R0,#+40
   \   0000003E   ........           _BLF     printf,??printf??rT
   1418            printf("\nToTal:%4d.%01dkWH", skWattH, skWattH0);  
   \   00000042   AA89               LDRH     R2,[R5, #+12]
   \   00000044   2989               LDRH     R1,[R5, #+8]
   \   00000046   3C34               ADDS     R4,R4,#+60
   \   00000048   2000               MOVS     R0,R4
   \   0000004A   ........           _BLF     printf,??printf??rT
   1419          }
   \   0000004E   ........           BL       ?Subroutine17
   \   00000052   C046               Nop      
   \                     ??print_title_english_0:
   \   00000054   ........           DC32     `?<Constant "<EpiaLoadMonit>">`
   \   00000058   0A000000           DC8      "\n",+0,+0
   1420          
   1421          /*************************/
   1422          /*  POWER Meter Display  */
   1423          /*************************/         

   \                                 In segment CODE, align 4, keep-with-next
   1424          void POWER_METER_function(void)
   1425          {
   \                     POWER_METER_function:
   \   00000000   70B5               PUSH     {R4-R6,LR}
   1426           switch (sExecStep)
   \   00000002   0026               MOVS     R6,#+0
   \   00000004   224C               LDR      R4,??POWER_METER_function_1  ;; PanelMode
   \   00000006   ....               LDR      R5,??DataTable35  ;; sExecStep
   \   00000008   2888               LDRH     R0,[R5, #+0]
   \   0000000A   0328               CMP      R0,#+3
   \   0000000C   3ED8               BHI      ??POWER_METER_function_2
   \   0000000E   01A1               ADR      R1,??POWER_METER_function_0
   \   00000010   095C               LDRB     R1,[R1, R0]
   \   00000012   8F44               ADD      PC,PC,R1
   \                     ??POWER_METER_function_0:
   \   00000014   02142E44           DC8      +2,+20,+46,+68
   1427           {   
   1428            case 0:
   1429              display_mode(2);
   \                     ??POWER_METER_function_3:
   \   00000018   0220               MOVS     R0,#+2
   \   0000001A   ........           _BLF     display_mode,??display_mode??rT
   1430              sExecStep++;
   \   0000001E   2888               LDRH     R0,[R5, #+0]
   \   00000020   401C               ADDS     R0,R0,#+1
   \   00000022   2880               STRH     R0,[R5, #+0]
   1431              CursorUse = 0;
   \   00000024   1B48               LDR      R0,??POWER_METER_function_1+0x4  ;; CursorUse
   \   00000026   0670               STRB     R6,[R0, #+0]
   1432              return;
   \   00000028   30E0               B        ??POWER_METER_function_2
   1433            case 1:
   1434              if (!FontStyle) display_mode(2); else screen_clear();
   \                     ??POWER_METER_function_4:
   \   0000002A   ....               LDR      R0,??DataTable36  ;; FontStyle
   \   0000002C   0078               LDRB     R0,[R0, #+0]
   \   0000002E   0028               CMP      R0,#+0
   \   00000030   03D1               BNE      ??POWER_METER_function_5
   \   00000032   0220               MOVS     R0,#+2
   \   00000034   ........           _BLF     display_mode,??display_mode??rT
   \   00000038   01E0               B        ??POWER_METER_function_6
   \                     ??POWER_METER_function_5:
   \   0000003A   ........           _BLF     screen_clear,??screen_clear??rT
   1435              sExecStep++;
   \                     ??POWER_METER_function_6:
   \   0000003E   2888               LDRH     R0,[R5, #+0]
   \   00000040   401C               ADDS     R0,R0,#+1
   \   00000042   22E0               B.N      ??POWER_METER_function_7
   1436              return;
   1437            case 2:
   1438              //power_simulate();
   1439              //screen_clear();
   1440              sCurPos = 0;
   \                     ??POWER_METER_function_8:
   \   00000044   ....               LDR      R0,??DataTable37  ;; sCurPos
   \   00000046   0680               STRH     R6,[R0, #+0]
   1441              if (PanelMode == 0) print_title_korean();
   \   00000048   2078               LDRB     R0,[R4, #+0]
   \   0000004A   0028               CMP      R0,#+0
   \   0000004C   02D1               BNE      ??POWER_METER_function_9
   \   0000004E   ........           BL       print_title_korean
   \   00000052   F4E7               B        ??POWER_METER_function_6
   1442               else print_title_korean1();
   \                     ??POWER_METER_function_9:
   \   00000054   ........           BL       print_title_korean1
   \   00000058   F1E7               B        ??POWER_METER_function_6
   1443              //print_title_english();
   1444              sExecStep++;
   1445              return;
   1446            case 3:
   1447              if (MENU_KEY) execmode_change(MAIN_MENU);
   \                     ??POWER_METER_function_10:
   \   0000005A   ....               LDR      R0,??DataTable38  ;; bPushKey
   \   0000005C   0078               LDRB     R0,[R0, #+0]
   \   0000005E   6128               CMP      R0,#+97
   \   00000060   03D1               BNE      ??POWER_METER_function_11
   \   00000062   0020               MOVS     R0,#+0
   \   00000064   ........           _BLF     execmode_change,??execmode_change??rT
   \   00000068   10E0               B        ??POWER_METER_function_2
   1448              else if (UP_KEY) {screen_clear(); PanelMode ^= 1;}
   \                     ??POWER_METER_function_11:
   \   0000006A   6228               CMP      R0,#+98
   \   0000006C   06D1               BNE      ??POWER_METER_function_12
   \   0000006E   ........           _BLF     screen_clear,??screen_clear??rT
   \   00000072   2078               LDRB     R0,[R4, #+0]
   \   00000074   0121               MOVS     R1,#+1
   \   00000076   4140               EORS     R1,R1,R0
   \   00000078   2170               STRB     R1,[R4, #+0]
   \   0000007A   07E0               B        ??POWER_METER_function_2
   1449              else  if (step_delay(SEC_1)) sExecStep = 2;
   \                     ??POWER_METER_function_12:
   \   0000007C   FA20               MOVS     R0,#+250
   \   0000007E   4000               LSLS     R0,R0,#+1        ;; #+500
   \   00000080   ........           _BLF     step_delay,??step_delay??rT
   \   00000084   0028               CMP      R0,#+0
   \   00000086   01D0               BEQ      ??POWER_METER_function_2
   \   00000088   0220               MOVS     R0,#+2
   \                     ??POWER_METER_function_7:
   \   0000008A   2880               STRH     R0,[R5, #+0]
   \                     ??POWER_METER_function_2:
   \   0000008C   ....               B.N      ?Subroutine18
   \   0000008E   C046               Nop      
   \                     ??POWER_METER_function_1:
   \   00000090   ........           DC32     PanelMode
   \   00000094   ........           DC32     CursorUse
   1450              return;
   1451           };
   1452          }  

   \                                 In segment CODE, align 4, keep-with-next
   \                     ??DataTable2:
   \   00000000   ........           DC32     ADE_WRITE_ENABLE

   \                                 In segment CODE, align 4, keep-with-next
   \                     ??DataTable3:
   \   00000000   3CF4FFFF           DC32     0xfffff43c

   \                                 In segment CODE, align 4, keep-with-next
   \                     ??DataTable5:
   \   00000000   ........           DC32     iADEregistor

   \                                 In segment CODE, align 4, keep-with-next
   \                     ??DataTable6:
   \   00000000   ........           DC32     ADE_REG_LENGTH

   \                                 In segment CODE, align 4, keep-with-next
   \                     ??DataTable7:
   \   00000000   ........           DC32     ReadCount

   \                                 In segment CODE, align 4, keep-with-next
   \                     ??DataTable8:
   \   00000000   60220000           DC32     0x2260

   \                                 In segment CODE, align 4, keep-with-next
   \                     ??DataTable9:
   \   00000000   ........           DC32     KeyValue

   \                                 In segment CODE, align 4, keep-with-next
   \                     ??DataTable10:
   \   00000000   ........           DC32     bPushKey

   \                                 In segment CODE, align 4, keep-with-next
   \                     ??DataTable11:
   \   00000000   3CF4FFFF           DC32     0xfffff43c

   \                                 In segment CODE, align 4, keep-with-next
   \                     ??DataTable15:
   \   00000000   10270000           DC32     0x2710

   \                                 In segment CODE, align 4, keep-with-next
   \                     ??DataTable26:
   \   00000000   ........           DC32     `?<Constant "%2X\\277\\371%02X\\300\\317%2X:%02X:%0`

   \                                 In segment CODE, align 4, keep-with-next
   \                     ??DataTable27:
   \   00000000   ........           DC32     Sec

   \                                 In segment CODE, align 4, keep-with-next
   \                     ??DataTable28:
   \   00000000   ........           DC32     Minute

   \                                 In segment CODE, align 4, keep-with-next
   \                     ??DataTable29:
   \   00000000   ........           DC32     Hour

   \                                 In segment CODE, align 4, keep-with-next
   \                     ??DataTable30:
   \   00000000   ........           DC32     `Date`

   \                                 In segment CODE, align 4, keep-with-next
   \                     ??DataTable31:
   \   00000000   ........           DC32     Month

   \                                 In segment CODE, align 4, keep-with-next
   \                     ??DataTable32:
   \   00000000   ........           DC32     ReadCount

   \                                 In segment CODE, align 4, keep-with-next
   \                     ??DataTable33:
   \   00000000   ........           DC32     sVolt

   \                                 In segment CODE, align 4, keep-with-next
   \                     ??DataTable35:
   \   00000000   ........           DC32     sExecStep

   \                                 In segment CODE, align 4, keep-with-next
   \                     ??DataTable36:
   \   00000000   ........           DC32     FontStyle

   \                                 In segment CODE, align 4, keep-with-next
   \                     ??DataTable37:
   \   00000000   ........           DC32     sCurPos

   \                                 In segment CODE, align 4, keep-with-next
   \                     ??DataTable38:
   \   00000000   ........           DC32     bPushKey

   \                                 In segment DATA_C, align 1, align-sorted
   \   00000000   4800               DC8 "H"

   \                                 In segment DATA_C, align 1, align-sorted
   \   00000000   4C00               DC8 "L"

   \                                 In segment DATA_C, align 4, align-sorted
   \                     `?<Constant "%2X\\277\\371%02X\\300\\317%2X:%02X:%0`:
   \   00000000   253258BFF925       DC8 "%2X\277\371%02X\300\317%2X:%02X:%02X"
   \              303258C0CF25
   \              32583A253032
   \              583A25303258
   \              00          
   \   00000019   000000             DC8 0, 0, 0
   \   0000001C   203CC0FCB7C2       DC8 " <\300\374\267\302\273\347\277\353\307\366\310\262>"
   \              BBE7BFEBC7F6
   \              C8B23E00    
   \   0000002C   0AC0D4B7C23A       DC8 "\012\300\324\267\302:%3dV"
   \              2533645600  
   \   00000037   00                 DC8 0
   \   00000038   2533642E2530       DC8 "%3d.%01dA"
   \              31644100    
   \   00000042   0000               DC8 0, 0
   \   00000044   0AC0FCB7C23A       DC8 "\012\300\374\267\302:%3d.%02d[kW]"
   \              2533642E2530
   \              32645B6B575D
   \              00          
   \   00000057   00                 DC8 0
   \   00000058   C0FCBED03A20       DC8 "\300\374\276\320: %3d.%01d[V]"
   \              2533642E2530
   \              31645B565D00
   \   0000006A   0000               DC8 0, 0
   \   0000006C   0AC0FCB7F93A       DC8 "\012\300\374\267\371: %3d.%01d[A]"
   \              202533642E25
   \              3031645B415D
   \              00          
   \   0000007F   00                 DC8 0

   \                                 In segment DATA_C, align 4, align-sorted
   \                     `?<Constant "<EpiaLoadMonit>">`:
   \   00000000   3C457069614C       DC8 "<EpiaLoadMonit>"
   \              6F61644D6F6E
   \              69743E00    
   \   00000010   0A496E707574       DC8 "\012Input:%3dV/%2d.%1dA"
   \              3A253364562F
   \              2532642E2531
   \              644100      
   \   00000025   000000             DC8 0, 0, 0
   \   00000028   506F7765723A       DC8 "Power: %2d.%02dkW"
   \              202532642E25
   \              3032646B5700
   \   0000003A   0000               DC8 0, 0
   \   0000003C   0A546F54616C       DC8 "\012ToTal:%4d.%01dkWH"
   \              3A2534642E25
   \              3031646B5748
   \              00          
   \   0000004F   00                 DC8 0

   \                                 In segment DATA_C, align 1, align-sorted
   \   00000000   0A00               DC8 "\012"

   \                                 In segment DATA_C, align 1, align-sorted
   \   00000000   2A00               DC8 "*"

   \                                 In segment DATA_C, align 4, align-sorted
   \   00000000   25316300           DC8 "%1c"

   Maximum stack usage in bytes:

     Function                    CSTACK
     --------                    ------
     ADE7753_add_write              16
     ADE7753_buffer_clear           12
     ADE7753_data_write             20
     ADE7753_init                   12
     ADE7753_read                   20
     ADE7753_registor_block_read    24
     ADE7753_registor_read          16
     ADE7753_registor_write         20
     ADE7753_test_function          32
     AV_measure_ADE7753             12
     POWER_METER_function           16
     meter_calibrate_function       56
     power_measure_ADE7753          16
     power_simulate                  8
     print_title_english            12
     print_title_korean             20
     print_title_korean1            24


   Segment part sizes:

     Function/Label                 Bytes
     --------------                 -----
     ADE_REG_LENGTH                 2472
     ADE_WRITE_ENABLE                 64
     ADE7753_buffer_clear             32
     ?Subroutine17                    20
     ADE7753_add_write                58
     ?Subroutine18                    20
     ADE7753_data_write               84
     ?Subroutine19                    68
     ADE7753_registor_write           82
     ?Subroutine20                     6
     ADE7753_read                     80
     ADE7753_registor_read            68
     ADE7753_registor_block_read     106
     ADE7753_init                     76
     meter_calibrate_function       2696
     ADE7753_test_function          2928
     ReadCount                       128
     iActiveOffset                     4
     iADEregistor                    256
     iIrms1                           48
     iPArms                            4
     iPVrms                            4
     iPRrms                            4
     PanelMode                         1
     sPowerUpdate                      2
     Vpole                             8
     iAccumlPower0                     4
     iAccumlPower1                     4
     power_measure_ADE7753           144
     AV_measure_ADE7753              188
     sVolt                            20
     sVolt0                            2
     power_simulate                  152
     print_title_korean              156
     print_title_korean1             150
     print_title_english              92
     POWER_METER_function            152
     ??DataTable2                      4
     ??DataTable3                      4
     ??DataTable5                      4
     ??DataTable6                      4
     ??DataTable7                      4
     ??DataTable8                      4
     ??DataTable9                      4
     ??DataTable10                     4
     ??DataTable11                     4
     ??DataTable15                     4
     ??DataTable26                     4
     ??DataTable27                     4
     ??DataTable28                     4
     ??DataTable29                     4
     ??DataTable30                     4
     ??DataTable31                     4
     ??DataTable32                     4
     ??DataTable33                     4
     ??DataTable35                     4
     ??DataTable36                     4
     ??DataTable37                     4
     ??DataTable38                     4
     ?<Constant "H">                   2
     ?<Constant "L">                   2
     ?<Constant "%2X\277\371%02X\300\317%2X:%02X:%0
                                     128
     ?<Constant "<EpiaLoadMonit>">    80
     ?<Constant "\n">                  2
     ?<Constant "*">                   2
     ?<Constant "%1c">                 4
      Others                         340

 
 7 774 bytes in segment CODE
 2 756 bytes in segment DATA_C
   489 bytes in segment DATA_Z
    12 bytes in segment INITTAB
 
 7 446 bytes of CODE  memory (+ 340 bytes shared)
 2 756 bytes of CONST memory
   489 bytes of DATA  memory

Errors: none
Warnings: none
