##############################################################################
#                                                                            #
# IAR ARM ANSI C/C++ Compiler V4.40A/W32 EVALUATION    10/Jul/2007  17:53:05 #
# Copyright 1999-2005 IAR Systems. All rights reserved.                      #
#                                                                            #
#    Cpu mode        =  interwork                                            #
#    Endian          =  little                                               #
#    Stack alignment =  8                                                    #
#    Source file     =  C:\E-pia\EpiaLoadMonit_v01\EpiaLoadMonit\src\EpiaLoa #
#                       dMonit_LCD.c                                         #
#    Command line    =  C:\E-pia\EpiaLoadMonit_v01\EpiaLoadMonit\src\EpiaLoa #
#                       dMonit_LCD.c -D NDEBUG -lC                           #
#                       C:\E-pia\EpiaLoadMonit_v01\EpiaLoadMonit\compil\Debu #
#                       g\List\ -lB C:\E-pia\EpiaLoadMonit_v01\EpiaLoadMonit #
#                       \compil\Debug\List\ -o C:\E-pia\EpiaLoadMonit_v01\Ep #
#                       iaLoadMonit\compil\Debug\Obj\ -z9 --debug            #
#                       --cpu_mode thumb --endian little --cpu ARM7TDMI      #
#                       --stack_align 8 --interwork -e --fpu None            #
#                       --dlib_config "C:\Program Files\IAR                  #
#                       Systems\Embedded Workbench 4.0                       #
#                       Evaluation\ARM\LIB\dl4tptinl8n.h" -I                 #
#                       C:\E-pia\EpiaLoadMonit_v01\EpiaLoadMonit\compil\srcI #
#                       AR\ -I C:\E-pia\EpiaLoadMonit_v01\EpiaLoadMonit\comp #
#                       il\..\src\ -I C:\E-pia\EpiaLoadMonit_v01\EpiaLoadMon #
#                       it\compil\..\..\ -I "C:\Program Files\IAR            #
#                       Systems\Embedded Workbench 4.0 Evaluation\ARM\INC\"  #
#    List file       =  C:\E-pia\EpiaLoadMonit_v01\EpiaLoadMonit\compil\Debu #
#                       g\List\EpiaLoadMonit_LCD.lst                         #
#    Object file     =  C:\E-pia\EpiaLoadMonit_v01\EpiaLoadMonit\compil\Debu #
#                       g\Obj\EpiaLoadMonit_LCD.r79                          #
#                                                                            #
#                                                                            #
##############################################################################

C:\E-pia\EpiaLoadMonit_v01\EpiaLoadMonit\src\EpiaLoadMonit_LCD.c
      1          // ----------------------------------------------------------------------------
      2          //         Epiatech co,. LTD  -  Lee Y k  -
      3          // ----------------------------------------------------------------------------
      4          // File Name           : EpiaGate_LCD.c
      5          // Object              : EpiaGate Test Kit LCD display Function
      6          // LCD model           : GM123210xxx
      7          // Maker               : DATA IMAGE CO
      8          // Creation            : 2006-11-16
      9          // ----------------------------------------------------------------------------
     10          
     11          // Include Standard LIB  files
     12          #include "project.h"
     13          
     14          
     15          //#define GM123210	1
     16          //#define PG12864RU	1
     17          #define GM12641		1
     18          
     19          #ifdef GM123210
     20          // LCD GM12321 Command Listing
     21          #define LCD_ON        	0xAF  // LCD display ON
     22          #define LCD_OFF       	0xAE  // LCD display OFF
     23          #define LCD_DP_START  	0xC0  // 0 - 31 : RAM line corresponding to top line of display 
     24          #define LCD_PAGE_ADD  	0xB8  // 0 -  3 : Set RAM page address in page address register
     25          #define LCD_COL_ADD   	0x00  // 0-72 : Set display RAM column address in page column register
     26          #define LCD_ADC_CW    	0xA0  // CW out
     27          #define LCD_ADC_CCW   	0xA1  // CCW out
     28          #define LCD_DRV_STATIC  0xA5  // Static drive
     29          #define LCD_DRV_NORMAL  0xA4  // Normal drive
     30          #define LCD_DUTY16    	0xA8  // 1/16
     31          #define LCD_DUTY32    	0xA9  // 1/32
     32          #define LCD_MODI_ON   	0xE0  // Read? Modify? Write ON
     33          #define LCD_MODI_OFF  	0xEE  // Read? Modify? Write OFF
     34          #define LCD_SOFT_RST  	0xE2  // LCD software reset
     35          
     36          #define PAGE_SIZE       61	// LCD page size 
     37          #define LCD_LINE_SIZE   122	// LCD`line length
     38          #define LCD_BUF_SIZE    LCD_LINE_SIZE * 4
     39          #define DPBUF_SIZE      900     // 45 lines(font 0), 60 lines(font 1)
     40          #define DP_SCAN_TIME    16      // 1 page scan time : 16 x 2 = 32 ms
     41          // charactor q'ty per line
     42          #define FONT6_LINE	20
     43          #define FONT8_LINE	15
     44          #define FONT16_LINE	15//7
     45          // charactor q'ty per page
     46          #define FONT6_PAGE	80	
     47          #define FONT8_PAGE	30
     48          #define FONT16_PAGE	30//14
     49          #endif
     50          
     51          #ifdef PG12864RU
     52          // LCD PG12864RU Command Listing
     53          #define LCD_ON        	0x3F  // LCD display ON
     54          #define LCD_OFF       	0x3E  // LCD display OFF
     55          #define LCD_DP_START  	0xC0  // 0 - 63 : RAM line corresponding to top line of display 
     56          #define LCD_PAGE_ADD  	0xB8  // 0 -  7 : Set RAM page address in page address register
     57          #define LCD_COL_ADD   	0x40  // 0-63 : Set display RAM column address in page column register
     58          
     59          #define PAGE_SIZE       64	// LCD page size 
     60          #define LCD_LINE_SIZE   128	// LCD`line length
     61          #define LCD_BUF_SIZE    LCD_LINE_SIZE * 8
     62          #define DPBUF_SIZE      900   // 45 lines(font 0), 60 lines(font 1)
     63          #define DP_SCAN_TIME    32    // 1 page scan time : 32 x 2 = 64 ms
     64          // charactor q'ty per line
     65          #define FONT6_LINE	21
     66          #define FONT8_LINE	16
     67          #define FONT16_LINE	16
     68          // charactor q'ty per page
     69          #define FONT6_PAGE	168	
     70          #define FONT8_PAGE	64
     71          #define FONT16_PAGE	64
     72          #endif
     73          
     74          #ifdef GM12641
     75          // LCD GM12641 Command Listing
     76          #define LCD_ON        	0x3F  // LCD display ON
     77          #define LCD_OFF       	0x3E  // LCD display OFF
     78          #define LCD_DP_START  	0xC0  // 0 - 63 : RAM line corresponding to top line of display 
     79          #define LCD_PAGE_ADD  	0xB8  // 0 -  7 : Set RAM page address in page address register
     80          #define LCD_COL_ADD   	0x40  // 0-63 : Set display RAM column address in page column register
     81          
     82          #define PAGE_SIZE       64	// LCD page size 
     83          #define LCD_LINE_SIZE   128	// LCD`line length
     84          #define LCD_BUF_SIZE    LCD_LINE_SIZE * 8
     85          #define DPBUF_SIZE      336   // 16 lines(font 0), 21 lines(font 1)
     86          #define DP_SCAN_TIME    32    // 1 page scan time : 32 x 2 = 32 ms
     87          // charactor q'ty per line
     88          #define FONT6_LINE	21
     89          #define FONT8_LINE	16
     90          #define FONT16_LINE	16
     91          // charactor q'ty per page
     92          #define FONT6_PAGE	168	
     93          #define FONT8_PAGE	64
     94          #define FONT16_PAGE	64
     95          #endif
     96          

   \                                 In segment DATA_Z, align 4, align-sorted
     97          unsigned char  bLCDbuf[LCD_BUF_SIZE + 8];
   \                     bLCDbuf:
   \   00000000                      DS8 1032

   \                                 In segment DATA_Z, align 4, align-sorted
     98          unsigned short sDPbuf[DPBUF_SIZE];
   \                     sDPbuf:
   \   00000000                      DS8 672

   \                                 In segment DATA_Z, align 1, align-sorted
     99          char LCDpage;
   \                     LCDpage:
   \   00000000                      DS8 1
    100          short LcdLine;          // LCD line no
    101          char  LcdBlock;         // LCD block no
    102          unsigned char LoadIndex; // LCDbuf sacn index
    103          short sCurPos;      // cursor position
    104          BYTE  bCursorDP;    // cursor display on/off
    105          BYTE  bLCDpage;
    106          short sLCDpos;
    107          short sDPstart;
    108          char  FontWidth;
    109          char  DPcode;
    110          short sBlinkTime;
    111          BYTE  bDpStep;
    112          char  FontStyle;
    113          //char  DebugDP;
    114          char  DpUpdate;
    115          char  DpScanNo;
    116          char  CursorUse;
    117          char  Blink;
    118          char  DumpDisplay; // 1: if col = 0, space is not display
    119          char  ImageMode;
    120          char  ImageNo;
    121          unsigned short sOldCode;
    122          
    123          char LcdCol, LcdRow;
    124          
    125          // LCD module Reset by RESET signal

   \                                 In segment CODE, align 4, keep-with-next
    126          void LCD_hard_reset(void)
    127          {
   \                     LCD_hard_reset:
   \   00000000   31B5               PUSH     {R0,R4,R5,LR}
    128            pio_set( PIOB, LCD_A0|LCD_CS1|LCD_CS2|LCD_RW|LCD_RST ) ;
   \   00000002   ....               LDR      R4,??DataTable11  ;; 0xfffff630
   \   00000004   F820               MOVS     R0,#+248
   \   00000006   0003               LSLS     R0,R0,#+12       ;; #+1015808
   \   00000008   2060               STR      R0,[R4, #+0]
    129            pio_clear( PIOB, LCD_RST ) ;
   \   0000000A   8025               MOVS     R5,#+128
   \   0000000C   2D02               LSLS     R5,R5,#+8        ;; #+32768
   \   0000000E   ....               LDR      R0,??DataTable10  ;; 0xfffff634
   \   00000010   0560               STR      R5,[R0, #+0]
    130            delay_us(50);
   \   00000012   3220               MOVS     R0,#+50
   \   00000014   ........           _BLF     delay_us,??delay_us??rT
    131            pio_set( PIOB, LCD_RST ) ;
   \   00000018   2560               STR      R5,[R4, #+0]
    132          }
   \   0000001A   ....               B.N      ??Subroutine50_1

   \                                 In segment CODE, align 4, keep-with-next
   \                     ?Subroutine50:
   \   00000000   0160               STR      R1,[R0, #+0]
   \   00000002   0A20               MOVS     R0,#+10
   \                     ??Subroutine50_0:
   \   00000004   ........           BL       delay_lcd
   \   00000008   2000               MOVS     R0,R4
   \   0000000A   ........           BL       LCD_write
   \                     ??Subroutine50_1:
   \   0000000E   38BC               POP      {R3-R5}
   \   00000010   01BC               POP      {R0}
   \   00000012   0047               BX       R0               ;; return
    133          
    134          /********************************/
    135          /* LCD Data IN/OUT Functionc    */
    136          /* For DataImage GM123210       */
    137          /********************************/
    138          /********************************************/
    139          /*  1 byte write to LCD module              */
    140          /*  data : write date                       */
    141          /*  sel  : 0-display data, 1-command        */
    142          /*  ms   : 0-Master(CS1:1), 1-Slave(CS2:1)  */
    143          /********************************************/
    144          #ifdef GM123210
    145          // 1 byte write to LCD module master
    146          void LCD_write1(BYTE data)
    147          {
    148            data &= 0xFF;
    149            pio_set( PIOB, data );            // data out
    150            pio_clear( PIOB, data ^ 0xFF );   // data out
    151            pio_clear( PIOB, LCD_CS1);
    152            pio_set( PIOB, LCD_CS1);
    153            pio_clear( PIOB, LCD_CS1);
    154          }
    155          
    156          // 1 byte write to LCD module slave
    157          void LCD_write2(BYTE data)
    158          {
    159            data &= 0xFF;
    160            pio_set( PIOB, data );            // data out
    161            pio_clear( PIOB, data ^ 0xFF );   // data out
    162            pio_clear( PIOB, LCD_CS2);
    163            pio_set( PIOB, LCD_CS2);
    164            pio_clear( PIOB, LCD_CS2);
    165          }
    166          
    167          // 1 byte CMD write to LCD module master
    168          void LCD_cmd_write1(BYTE cmd)
    169          {
    170            pio_clear( PIOB, LCD_A0);
    171            LCD_write1(cmd);
    172            pio_set( PIOB, LCD_A0);
    173          }
    174          
    175          // 1 byte CMD write to LCD module slave
    176          void LCD_cmd_write2(BYTE cmd)
    177          {
    178            pio_clear( PIOB, LCD_A0);
    179            LCD_write2(cmd);
    180            pio_set( PIOB, LCD_A0);
    181          }
    182          
    183          // 1 byte data write to LCD module master
    184          void LCD_data_write1(unsigned char data)
    185          {
    186            pio_set( PIOB, LCD_A0);
    187            pio_set( PIOB, data );            // data out
    188            pio_clear( PIOB, data ^ 0xFF );   // data out
    189            pio_set( PIOB, LCD_CS1);
    190            pio_clear( PIOB, LCD_CS1);
    191          }
    192          
    193          // 1 byte data write to LCD module slave
    194          void LCD_data_write2(unsigned char data)
    195          {
    196            //data &= 0xFF;
    197            pio_set( PIOB, LCD_A0);
    198            pio_set( PIOB, data );            // data out
    199            pio_clear( PIOB, data ^ 0xFF );   // data out
    200            pio_set( PIOB, LCD_CS2);
    201            pio_clear( PIOB, LCD_CS2);
    202          }
    203          
    204          // LCD module를 data로 채우기
    205          // Test code
    206          void LCD_fill(BYTE data)
    207          {
    208            char page, lp;
    209            for (page = 0; page < 4; page++)
    210             {
    211               LCD_cmd_write1(LCD_PAGE_ADD+page);
    212               LCD_cmd_write1(LCD_COL_ADD);
    213               LCD_cmd_write2(LCD_PAGE_ADD+page);
    214               LCD_cmd_write2(LCD_COL_ADD);
    215               for (lp = 0; lp < 61; lp++)
    216                {
    217                  LCD_data_write1(data);
    218                  LCD_data_write2(data);
    219                }
    220             }
    221          }
    222          #endif
    223          
    224          

   \                                 In segment CODE, align 4, keep-with-next
    225          void delay_lcd (short time )
    226          {
   \                     delay_lcd:
   \   00000000   00B5               PUSH     {LR}
    227              short    i ;
    228          //* loop delay
    229              for ( i = 0 ;(i < time );i++ ) ;
   \   00000002   0021               MOVS     R1,#+0
   \   00000004   02E0               B        ??delay_lcd_0
   \                     ??delay_lcd_1:
   \   00000006   491C               ADDS     R1,R1,#+1
   \   00000008   0904               LSLS     R1,R1,#+16
   \   0000000A   0914               ASRS     R1,R1,#+16
   \                     ??delay_lcd_0:
   \   0000000C   8142               CMP      R1,R0
   \   0000000E   FADB               BLT      ??delay_lcd_1
    230          }
   \   00000010   01BC               POP      {R0}
   \   00000012   0047               BX       R0               ;; return
    231          
    232          /********************************/
    233          /* LCD Data IN/OUT Functionc    */
    234          /* For DataImage PG12864RU      */
    235          /* 미완성 code(Lee Y K)         */
    236          /********************************/
    237          #ifdef PG12864RU
    238          // 1 byte write to LCD module master
    239          void LCD_write1(BYTE data)
    240          {
    241            data &= 0xFF;
    242            pio_set( PIOB, data );            // data out
    243            pio_clear( PIOB, data ^ 0xFF );   // data out
    244            delay_lcd(3);
    245            pio_clear( PIOB, LCD_EN);
    246            delay_lcd(3);
    247            pio_set( PIOB, LCD_EN);
    248          }
    249          
    250          // 1 byte write to LCD module slave
    251          void LCD_write2(BYTE data)
    252          {
    253            data &= 0xFF;
    254            pio_set( PIOB, data );            // data out
    255            pio_clear( PIOB, data ^ 0xFF );   // data out
    256            delay_lcd(3);
    257            pio_clear( PIOB, LCD_EN);
    258            delay_lcd(3);
    259            pio_set( PIOB, LCD_EN);
    260          }
    261          
    262          // 1 byte CMD write to LCD module master
    263          void LCD_cmd_write1(BYTE cmd)
    264          {
    265            pio_clear( PIOB, LCD_EN);
    266            pio_set( PIOB, LCD_CS2);
    267            pio_clear( PIOB, LCD_CS1|LCD_A0|LCD_RW);
    268            delay_lcd(2);
    269            pio_set( PIOB, LCD_EN);
    270            LCD_write1(cmd);
    271            //pio_set( PIOB, LCD_A0);
    272          }
    273          
    274          // 1 byte CMD write to LCD module slave
    275          void LCD_cmd_write2(BYTE cmd)
    276          {
    277            pio_clear( PIOB, LCD_EN);
    278            pio_set( PIOB, LCD_CS1);
    279            pio_clear( PIOB, LCD_CS2|LCD_A0|LCD_RW|LCD_EN);
    280            delay_lcd(2);
    281            pio_set( PIOB, LCD_EN);
    282            LCD_write2(cmd);
    283            //pio_set( PIOB, LCD_A0);
    284          }
    285          
    286          // 1 byte data write to LCD module master
    287          void LCD_data_write1(unsigned char data)
    288          {
    289            pio_clear( PIOB, LCD_EN);
    290            pio_set( PIOB, LCD_CS2|LCD_A0);
    291            pio_clear( PIOB, LCD_CS1|LCD_RW);
    292            delay_lcd(2);
    293            pio_set( PIOB, LCD_EN);
    294            LCD_write1(data);
    295          }
    296          
    297          // 1 byte data write to LCD module slave
    298          void LCD_data_write2(unsigned char data)
    299          {
    300            pio_clear( PIOB, LCD_EN);
    301            pio_set( PIOB, LCD_CS1|LCD_A0);
    302            pio_clear( PIOB, LCD_CS2|LCD_RW);
    303            delay_lcd(2);
    304            pio_set( PIOB, LCD_EN);
    305            LCD_write2(data);
    306          }
    307          
    308          void LCD_test(char page)
    309          {
    310            unsigned char lp, data;
    311            data = 0x80;
    312            
    313            page &= 16;
    314            if (page < 8)
    315             {
    316               LCD_cmd_write1(LCD_DP_START);
    317               LCD_cmd_write1(LCD_PAGE_ADD+page);
    318               LCD_cmd_write1(LCD_COL_ADD);
    319               for (lp = 0; lp < 64; lp++) LCD_data_write1(data++);
    320             }
    321             else 
    322             {
    323               page &= 7;
    324               LCD_cmd_write2(LCD_DP_START);
    325               LCD_cmd_write2(LCD_PAGE_ADD+page);
    326               LCD_cmd_write2(LCD_COL_ADD);
    327               for (lp = 0; lp < 64; lp++) LCD_data_write2(data++);
    328             }
    329          }
    330          
    331          #endif
    332          
    333          /********************************/
    334          /* LCD Data IN/OUT Functionc    */
    335          /* For DataImage GM12641 series */
    336          /********************************/
    337          #ifdef GM12641
    338          // 1 byte write to LCD module

   \                                 In segment CODE, align 4, keep-with-next
    339          void LCD_write(BYTE data)
    340          {
   \                     LCD_write:
   \   00000000   70B5               PUSH     {R4-R6,LR}
    341            pio_set( PIOB, LCD_EN);
   \   00000002   ....               LDR      R4,??DataTable11  ;; 0xfffff630
   \   00000004   8025               MOVS     R5,#+128
   \   00000006   6D03               LSLS     R5,R5,#+13       ;; #+1048576
   \   00000008   2560               STR      R5,[R4, #+0]
    342            data &= 0xFF;
   \   0000000A   FF21               MOVS     R1,#+255
   \   0000000C   FF22               MOVS     R2,#+255
   \   0000000E   0240               ANDS     R2,R2,R0
    343            pio_set( PIOB, data );            // data out
   \   00000010   2260               STR      R2,[R4, #+0]
    344            pio_clear( PIOB, data ^ 0xFF );   // data out
   \   00000012   ....               LDR      R6,??DataTable10  ;; 0xfffff634
   \   00000014   5140               EORS     R1,R1,R2
   \   00000016   3160               STR      R1,[R6, #+0]
    345            delay_lcd(10);
   \   00000018   0A20               MOVS     R0,#+10
   \   0000001A   ........           BL       delay_lcd
    346            pio_clear( PIOB, LCD_EN|LCD_CS1|LCD_CS2);
   \   0000001E   B020               MOVS     R0,#+176
   \   00000020   4003               LSLS     R0,R0,#+13       ;; #+1441792
   \   00000022   3060               STR      R0,[R6, #+0]
    347            delay_lcd(10);
   \   00000024   0A20               MOVS     R0,#+10
   \   00000026   ........           BL       delay_lcd
    348            pio_set( PIOB, LCD_EN);
   \   0000002A   2560               STR      R5,[R4, #+0]
    349          }
   \   0000002C   ....               B.N      ?Subroutine51

   \                                 In segment CODE, align 4, keep-with-next
   \                     ?Subroutine51:
   \   00000000   70BC               POP      {R4-R6}
   \   00000002   01BC               POP      {R0}
   \   00000004   0047               BX       R0               ;; return
   \   00000006   C046               Nop      
   \                     ??Subroutine51_0:
   \   00000008   ........           DC32     LcdBlock + 16
    350          
    351          // 1 byte CMD write to LCD module master

   \                                 In segment CODE, align 4, keep-with-next
    352          void LCD_cmd_write1(BYTE cmd)
    353          {
   \                     LCD_cmd_write1:
   \   00000000   31B5               PUSH     {R0,R4,R5,LR}
   \   00000002   0400               MOVS     R4,R0
    354            pio_clear( PIOB, LCD_EN);
   \   00000004   ....               LDR      R5,??DataTable10  ;; 0xfffff634
   \   00000006   8020               MOVS     R0,#+128
   \   00000008   4003               LSLS     R0,R0,#+13       ;; #+1048576
   \   0000000A   2860               STR      R0,[R5, #+0]
    355            delay_lcd(10);
   \   0000000C   0A20               MOVS     R0,#+10
   \   0000000E   ........           BL       delay_lcd
    356            pio_clear( PIOB, LCD_CS2|LCD_A0|LCD_RW);
   \   00000012   D020               MOVS     R0,#+208
   \   00000014   0003               LSLS     R0,R0,#+12       ;; #+851968
   \   00000016   2860               STR      R0,[R5, #+0]
    357            pio_set( PIOB, LCD_CS1);
   \   00000018   ....               LDR      R0,??DataTable11  ;; 0xfffff630
   \   0000001A   8021               MOVS     R1,#+128
   \   0000001C   8902               LSLS     R1,R1,#+10       ;; #+131072
   \   0000001E   ....               B.N      ?Subroutine50
    358            delay_lcd(10);
    359            LCD_write(cmd);
    360          }
    361          
    362          // 1 byte CMD write to LCD module slave

   \                                 In segment CODE, align 4, keep-with-next
    363          void LCD_cmd_write2(BYTE cmd)
    364          {
   \                     LCD_cmd_write2:
   \   00000000   31B5               PUSH     {R0,R4,R5,LR}
   \   00000002   0400               MOVS     R4,R0
    365            pio_clear( PIOB, LCD_EN);
   \   00000004   ....               LDR      R5,??DataTable10  ;; 0xfffff634
   \   00000006   8020               MOVS     R0,#+128
   \   00000008   4003               LSLS     R0,R0,#+13       ;; #+1048576
   \   0000000A   2860               STR      R0,[R5, #+0]
    366            delay_lcd(10);
   \   0000000C   0A20               MOVS     R0,#+10
   \   0000000E   ........           BL       delay_lcd
    367            pio_clear( PIOB, LCD_CS1|LCD_A0|LCD_RW|LCD_EN);
   \   00000012   D820               MOVS     R0,#+216
   \   00000014   4003               LSLS     R0,R0,#+13       ;; #+1769472
   \   00000016   2860               STR      R0,[R5, #+0]
    368            pio_set( PIOB, LCD_CS2);
   \   00000018   ....               LDR      R0,??DataTable11  ;; 0xfffff630
   \   0000001A   8021               MOVS     R1,#+128
   \   0000001C   C902               LSLS     R1,R1,#+11       ;; #+262144
   \   0000001E   C046               Nop      
   \   00000020                      REQUIRE ?Subroutine50
   \   00000020                      ;; // Fall through to label ?Subroutine50
    369            delay_lcd(10);
    370            LCD_write(cmd);
    371          }
    372          
    373          // 1 byte data write to LCD module master

   \                                 In segment CODE, align 4, keep-with-next
    374          void LCD_data_write1(unsigned char data)
    375          {
   \                     LCD_data_write1:
   \   00000000   31B5               PUSH     {R0,R4,R5,LR}
   \   00000002   0400               MOVS     R4,R0
    376            pio_clear( PIOB, LCD_EN);
   \   00000004   ....               LDR      R5,??DataTable10  ;; 0xfffff634
   \   00000006   8020               MOVS     R0,#+128
   \   00000008   4003               LSLS     R0,R0,#+13       ;; #+1048576
   \   0000000A   2860               STR      R0,[R5, #+0]
    377            delay_lcd(10);
   \   0000000C   0A20               MOVS     R0,#+10
   \   0000000E   ........           BL       delay_lcd
    378            pio_clear( PIOB, LCD_CS2|LCD_RW);
   \   00000012   C020               MOVS     R0,#+192
   \   00000014   0003               LSLS     R0,R0,#+12       ;; #+786432
   \   00000016   2860               STR      R0,[R5, #+0]
    379            pio_set( PIOB, LCD_CS1|LCD_A0);
   \   00000018   ....               LDR      R0,??DataTable11  ;; 0xfffff630
   \   0000001A   C021               MOVS     R1,#+192
   \   0000001C   8902               LSLS     R1,R1,#+10       ;; #+196608
   \   0000001E   0160               STR      R1,[R0, #+0]
    380            delay_lcd(1);
   \   00000020   0120               MOVS     R0,#+1
   \   00000022   ....               B.N      ??Subroutine50_0
    381            LCD_write(data);
    382          }
    383          
    384          // 1 byte data write to LCD module slave

   \                                 In segment CODE, align 4, keep-with-next
    385          void LCD_data_write2(unsigned char data)
    386          {
   \                     LCD_data_write2:
   \   00000000   31B5               PUSH     {R0,R4,R5,LR}
   \   00000002   0400               MOVS     R4,R0
    387            pio_clear( PIOB, LCD_EN);
   \   00000004   ....               LDR      R5,??DataTable10  ;; 0xfffff634
   \   00000006   8020               MOVS     R0,#+128
   \   00000008   4003               LSLS     R0,R0,#+13       ;; #+1048576
   \   0000000A   2860               STR      R0,[R5, #+0]
    388            delay_lcd(10);
   \   0000000C   0A20               MOVS     R0,#+10
   \   0000000E   ........           BL       delay_lcd
    389            pio_clear( PIOB, LCD_CS1|LCD_RW);
   \   00000012   A020               MOVS     R0,#+160
   \   00000014   0003               LSLS     R0,R0,#+12       ;; #+655360
   \   00000016   2860               STR      R0,[R5, #+0]
    390            pio_set( PIOB, LCD_CS2|LCD_A0);
   \   00000018   ....               LDR      R0,??DataTable11  ;; 0xfffff630
   \   0000001A   A021               MOVS     R1,#+160
   \   0000001C   C902               LSLS     R1,R1,#+11       ;; #+327680
   \   0000001E   0160               STR      R1,[R0, #+0]
    391            delay_lcd(1);
   \   00000020   0120               MOVS     R0,#+1
   \   00000022   ....               B.N      ??Subroutine50_0
    392            LCD_write(data);
    393          } 

   \                                 In segment CODE, align 4, keep-with-next
    394          void LCD_fill(char data)
    395          {
   \                     LCD_fill:
   \   00000000   F1B5               PUSH     {R0,R4-R7,LR}
   \   00000002   0400               MOVS     R4,R0
    396            unsigned char page, lp;
    397           
    398            LCD_cmd_write1(LCD_DP_START);  
   \   00000004   C020               MOVS     R0,#+192
   \   00000006   ........           BL       LCD_cmd_write1
   \   0000000A   0026               MOVS     R6,#+0
    399            for (page = 0; page < 8; page++)
    400             {
    401               LCD_cmd_write1(LCD_PAGE_ADD+page);
   \                     ??LCD_fill_0:
   \   0000000C   3000               MOVS     R0,R6
   \   0000000E   B830               ADDS     R0,R0,#+184
   \   00000010   0004               LSLS     R0,R0,#+16
   \   00000012   000C               LSRS     R0,R0,#+16
   \   00000014   ........           BL       LCD_cmd_write1
    402               LCD_cmd_write1(LCD_COL_ADD);
   \   00000018   4020               MOVS     R0,#+64
   \   0000001A   ........           BL       LCD_cmd_write1
    403               for (lp = 0; lp < 64; lp++) LCD_data_write1(data);
   \   0000001E   4027               MOVS     R7,#+64
   \                     ??LCD_fill_1:
   \   00000020   2000               MOVS     R0,R4
   \   00000022   ........           BL       LCD_data_write1
   \   00000026   7F1E               SUBS     R7,R7,#+1
   \   00000028   FAD1               BNE      ??LCD_fill_1
    404             }
   \   0000002A   761C               ADDS     R6,R6,#+1
   \   0000002C   3606               LSLS     R6,R6,#+24
   \   0000002E   360E               LSRS     R6,R6,#+24
   \   00000030   082E               CMP      R6,#+8
   \   00000032   EBD3               BCC      ??LCD_fill_0
    405            
    406            LCD_cmd_write2(LCD_DP_START);
   \   00000034   C020               MOVS     R0,#+192
   \   00000036   ........           BL       LCD_cmd_write2
    407            for (page = 0; page < 8; page++)
   \   0000003A   0026               MOVS     R6,#+0
    408             {
    409               LCD_cmd_write2(LCD_PAGE_ADD+page);
   \                     ??LCD_fill_2:
   \   0000003C   3000               MOVS     R0,R6
   \   0000003E   B830               ADDS     R0,R0,#+184
   \   00000040   0004               LSLS     R0,R0,#+16
   \   00000042   000C               LSRS     R0,R0,#+16
   \   00000044   ........           BL       LCD_cmd_write2
    410               LCD_cmd_write2(LCD_COL_ADD);
   \   00000048   4020               MOVS     R0,#+64
   \   0000004A   ........           BL       LCD_cmd_write2
    411               for (lp = 0; lp < 64; lp++) LCD_data_write2(data);
   \   0000004E   4027               MOVS     R7,#+64
   \                     ??LCD_fill_3:
   \   00000050   2000               MOVS     R0,R4
   \   00000052   ........           BL       LCD_data_write2
   \   00000056   7F1E               SUBS     R7,R7,#+1
   \   00000058   FAD1               BNE      ??LCD_fill_3
    412             }
   \   0000005A   761C               ADDS     R6,R6,#+1
   \   0000005C   3606               LSLS     R6,R6,#+24
   \   0000005E   360E               LSRS     R6,R6,#+24
   \   00000060   082E               CMP      R6,#+8
   \   00000062   EBD3               BCC      ??LCD_fill_2
    413          }
   \   00000064   ....               B.N      ??Subroutine52_0

   \                                 In segment CODE, align 4, keep-with-next
   \                     ?Subroutine52:
   \   00000000   0120               MOVS     R0,#+1
   \   00000002   E870               STRB     R0,[R5, #+3]
   \                     ??Subroutine52_0:
   \   00000004   F8BC               POP      {R3-R7}
   \   00000006   01BC               POP      {R0}
   \   00000008   0047               BX       R0               ;; return
    414          
    415          //LCD_GM12641_pagetest

   \                                 In segment CODE, align 4, keep-with-next
    416          void LCD_test(void)
    417          {
   \                     LCD_test:
   \   00000000   F1B5               PUSH     {R0,R4-R7,LR}
    418            unsigned char page, lp, data;
    419            page = LCDpage;
   \   00000002   234C               LDR      R4,??LCD_test_0  ;; LCDpage
   \   00000004   2578               LDRB     R5,[R4, #+0]
    420            
    421            if (page < 8)
   \   00000006   4027               MOVS     R7,#+64
   \   00000008   082D               CMP      R5,#+8
   \   0000000A   15D2               BCS      ??LCD_test_1
    422             {
    423               LCD_cmd_write1(LCD_DP_START);
   \   0000000C   C020               MOVS     R0,#+192
   \   0000000E   ........           BL       LCD_cmd_write1
    424               LCD_cmd_write1(LCD_PAGE_ADD+page);
   \   00000012   B835               ADDS     R5,R5,#+184
   \   00000014   2804               LSLS     R0,R5,#+16
   \   00000016   000C               LSRS     R0,R0,#+16
   \   00000018   ........           BL       LCD_cmd_write1
    425               LCD_cmd_write1(LCD_COL_ADD);
   \   0000001C   4020               MOVS     R0,#+64
   \   0000001E   ........           BL       LCD_cmd_write1
    426               data = 1;
   \   00000022   0126               MOVS     R6,#+1
    427               for (lp = 0; lp < 64; lp++) 
    428               {
    429                 LCD_data_write1(data);
   \                     ??LCD_test_2:
   \   00000024   3000               MOVS     R0,R6
   \   00000026   ........           BL       LCD_data_write1
    430                 data = data << 1;
   \   0000002A   7606               LSLS     R6,R6,#+25
   \   0000002C   360E               LSRS     R6,R6,#+24
    431                 if (data == 0) data = 1;
   \   0000002E   00D1               BNE      ??LCD_test_3
   \   00000030   0126               MOVS     R6,#+1
    432               }
   \                     ??LCD_test_3:
   \   00000032   7F1E               SUBS     R7,R7,#+1
   \   00000034   22D0               BEQ      ??LCD_test_4
   \   00000036   F5E7               B        ??LCD_test_2
    433             }
    434             else if (page < 16)
   \                     ??LCD_test_1:
   \   00000038   102D               CMP      R5,#+16
   \   0000003A   17D2               BCS      ??LCD_test_5
    435             {
    436               page &= 7;
    437               LCD_cmd_write2(LCD_DP_START);
   \   0000003C   C020               MOVS     R0,#+192
   \   0000003E   ........           BL       LCD_cmd_write2
    438               LCD_cmd_write2(LCD_PAGE_ADD+page);
   \   00000042   6807               LSLS     R0,R5,#+29
   \   00000044   400F               LSRS     R0,R0,#+29
   \   00000046   B830               ADDS     R0,R0,#+184
   \   00000048   0004               LSLS     R0,R0,#+16
   \   0000004A   000C               LSRS     R0,R0,#+16
   \   0000004C   ........           BL       LCD_cmd_write2
    439               LCD_cmd_write2(LCD_COL_ADD);
   \   00000050   4020               MOVS     R0,#+64
   \   00000052   ........           BL       LCD_cmd_write2
    440               data = 0x80;
   \   00000056   8026               MOVS     R6,#+128
    441               for (lp = 0; lp < 64; lp++) 
    442               {
    443                 LCD_data_write2(data);
   \                     ??LCD_test_6:
   \   00000058   3000               MOVS     R0,R6
   \   0000005A   ........           BL       LCD_data_write2
    444                 data = data >> 1;
   \   0000005E   F605               LSLS     R6,R6,#+23
   \   00000060   360E               LSRS     R6,R6,#+24
    445                 if (data == 0) data = 0x80;
   \   00000062   00D1               BNE      ??LCD_test_7
   \   00000064   8026               MOVS     R6,#+128
    446               }
   \                     ??LCD_test_7:
   \   00000066   7F1E               SUBS     R7,R7,#+1
   \   00000068   08D0               BEQ      ??LCD_test_4
   \   0000006A   F5E7               B        ??LCD_test_6
    447             }
    448             else if (page == 16)
   \                     ??LCD_test_5:
   \   0000006C   01D1               BNE      ??LCD_test_8
    449             {
    450               LCD_fill(0xFF);
   \   0000006E   FF20               MOVS     R0,#+255
   \   00000070   02E0               B.N      ??LCD_test_9
    451             }
    452             else if (page == 17)
   \                     ??LCD_test_8:
   \   00000072   112D               CMP      R5,#+17
   \   00000074   02D1               BNE      ??LCD_test_4
    453             {
    454               LCD_fill(0);
   \   00000076   0020               MOVS     R0,#+0
   \                     ??LCD_test_9:
   \   00000078   ........           BL       LCD_fill
    455             }
    456            if (++LCDpage > 17) LCDpage = 0;
   \                     ??LCD_test_4:
   \   0000007C   2078               LDRB     R0,[R4, #+0]
   \   0000007E   401C               ADDS     R0,R0,#+1
   \   00000080   2070               STRB     R0,[R4, #+0]
   \   00000082   0006               LSLS     R0,R0,#+24
   \   00000084   000E               LSRS     R0,R0,#+24
   \   00000086   1228               CMP      R0,#+18
   \   00000088   01D3               BCC      ??LCD_test_10
   \   0000008A   0020               MOVS     R0,#+0
   \   0000008C   2070               STRB     R0,[R4, #+0]
    457          }
   \                     ??LCD_test_10:
   \   0000008E   ....               B.N      ??Subroutine52_0
   \                     ??LCD_test_0:
   \   00000090   ........           DC32     LCDpage
    458          #endif
    459          
    460          // 1개의 6x7 font image를 bLCDbuf에 로드

   \                                 In segment CODE, align 4, keep-with-next
    461          void LCD_font6x7_load(short code, short curpos)
    462          {
   \                     LCD_font6x7_load:
   \   00000000   F0B5               PUSH     {R4-R7,LR}
   \   00000002   0300               MOVS     R3,R0
   \   00000004   0A00               MOVS     R2,R1
    463            short line, pos, pos_h, lp, dpsize, mask;
    464            dpsize = LCD_LINE_SIZE / 6;
    465            line = curpos / dpsize; 
   \   00000006   1000               MOVS     R0,R2
   \   00000008   1521               MOVS     R1,#+21
   \   0000000A   ........           _BLF     ??div32_t,??rT??div32_t
   \   0000000E   0C04               LSLS     R4,R1,#+16
   \   00000010   2414               ASRS     R4,R4,#+16
    466            pos = (curpos % dpsize) * 6;
    467            pos = line * LCD_LINE_SIZE + pos;
   \   00000012   E501               LSLS     R5,R4,#+7
   \   00000014   1000               MOVS     R0,R2
   \   00000016   1521               MOVS     R1,#+21
   \   00000018   ........           _BLF     ??div32_t,??rT??div32_t
   \   0000001C   0621               MOVS     R1,#+6
   \   0000001E   4843               MULS     R0,R1,R0
   \   00000020   2918               ADDS     R1,R5,R0
   \   00000022   0904               LSLS     R1,R1,#+16
   \   00000024   0914               ASRS     R1,R1,#+16
    468            pos_h = pos - (line * LCD_LINE_SIZE);
   \   00000026   4E1B               SUBS     R6,R1,R5
   \   00000028   3604               LSLS     R6,R6,#+16
   \   0000002A   3614               ASRS     R6,R6,#+16
    469            
    470            // 남은 LCD width가 font size 보다 작으면 다음 line의 처음으로 위치 변경
    471            if (pos_h > (LCD_LINE_SIZE - 6)) 
   \   0000002C   ....               LDR      R5,??DataTable16  ;; bLCDbuf
   \   0000002E   0020               MOVS     R0,#+0
   \   00000030   7B2E               CMP      R6,#+123
   \   00000032   12DB               BLT      ??LCD_font6x7_load_0
    472            {
    473             // LCD line 끝 부분 clear
    474              for (lp = pos_h; lp < LCD_LINE_SIZE; lp++) bLCDbuf[pos++] = 0;
   \   00000034   06E0               B        ??LCD_font6x7_load_1
   \                     ??LCD_font6x7_load_2:
   \   00000036   6854               STRB     R0,[R5, R1]
   \   00000038   491C               ADDS     R1,R1,#+1
   \   0000003A   0904               LSLS     R1,R1,#+16
   \   0000003C   0914               ASRS     R1,R1,#+16
   \   0000003E   761C               ADDS     R6,R6,#+1
   \   00000040   3604               LSLS     R6,R6,#+16
   \   00000042   3614               ASRS     R6,R6,#+16
   \                     ??LCD_font6x7_load_1:
   \   00000044   802E               CMP      R6,#+128
   \   00000046   F6DB               BLT      ??LCD_font6x7_load_2
    475              if (++line > 3) line = 0;
   \   00000048   641C               ADDS     R4,R4,#+1
   \   0000004A   2404               LSLS     R4,R4,#+16
   \   0000004C   2414               ASRS     R4,R4,#+16
   \   0000004E   042C               CMP      R4,#+4
   \   00000050   00DB               BLT      ??LCD_font6x7_load_3
   \   00000052   0024               MOVS     R4,#+0
    476              pos = line * LCD_LINE_SIZE;
   \                     ??LCD_font6x7_load_3:
   \   00000054   E101               LSLS     R1,R4,#+7
   \   00000056   0904               LSLS     R1,R1,#+16
   \   00000058   0914               ASRS     R1,R1,#+16
    477            }
    478            // LCD buffer에 1 font image를 copy
    479            mask = 0;
   \                     ??LCD_font6x7_load_0:
   \   0000005A   0024               MOVS     R4,#+0
    480            if (sCurPos == curpos) if (Blink) mask = 0xFF;
   \   0000005C   ....               LDR      R6,??DataTable22  ;; LcdBlock
   \   0000005E   1027               MOVS     R7,#+16
   \   00000060   F75F               LDRSH    R7,[R6, R7]
   \   00000062   9742               CMP      R7,R2
   \   00000064   03D1               BNE      ??LCD_font6x7_load_4
   \   00000066   B279               LDRB     R2,[R6, #+6]
   \   00000068   002A               CMP      R2,#+0
   \   0000006A   00D0               BEQ      ??LCD_font6x7_load_4
   \   0000006C   FF24               MOVS     R4,#+255
    481            for (lp = 0; lp < 6; lp++) 
    482              bLCDbuf[pos++] = ASCII_FONT6x7[code][lp] ^ mask;
   \                     ??LCD_font6x7_load_4:
   \   0000006E   0622               MOVS     R2,#+6
   \   00000070   5A43               MULS     R2,R3,R2
   \   00000072   084F               LDR      R7,??LCD_font6x7_load_5  ;; ASCII_FONT6x7
   \   00000074   BA18               ADDS     R2,R7,R2
   \   00000076   125C               LDRB     R2,[R2, R0]
   \   00000078   2700               MOVS     R7,R4
   \   0000007A   5740               EORS     R7,R7,R2
   \   0000007C   6F54               STRB     R7,[R5, R1]
   \   0000007E   491C               ADDS     R1,R1,#+1
   \   00000080   0904               LSLS     R1,R1,#+16
   \   00000082   0914               ASRS     R1,R1,#+16
   \   00000084   401C               ADDS     R0,R0,#+1
   \   00000086   0628               CMP      R0,#+6
   \   00000088   F1DB               BLT      ??LCD_font6x7_load_4
    483            sLCDpos = pos;
   \   0000008A   7182               STRH     R1,[R6, #+18]
    484          }
   \   0000008C   F0BC               POP      {R4-R7}
   \   0000008E   01BC               POP      {R0}
   \   00000090   0047               BX       R0               ;; return
   \   00000092   C046               Nop      
   \                     ??LCD_font6x7_load_5:
   \   00000094   ........           DC32     ASCII_FONT6x7
    485          
    486          // 1개의 8x16 font image를 bLCDbuf에 로드

   \                                 In segment CODE, align 4, keep-with-next
    487          void LCD_font8x16_load(short code, short curpos)
    488          {
   \                     LCD_font8x16_load:
   \   00000000   F2B5               PUSH     {R1,R4-R7,LR}
   \   00000002   0500               MOVS     R5,R0
    489            short line, pos, pos_h, lp, dpsize, mask;
    490            dpsize = LCD_LINE_SIZE >> 3;	// /8
    491            line = curpos / dpsize;
   \   00000004   6946               MOV      R1,SP
   \   00000006   0020               MOVS     R0,#+0
   \   00000008   0A5E               LDRSH    R2,[R1, R0]
   \   0000000A   D010               ASRS     R0,R2,#+3
   \   0000000C   000F               LSRS     R0,R0,#+28
   \   0000000E   8018               ADDS     R0,R0,R2
   \   00000010   0111               ASRS     R1,R0,#+4
   \   00000012   0B04               LSLS     R3,R1,#+16
   \   00000014   1B14               ASRS     R3,R3,#+16
    492            pos = (curpos % dpsize) * 8;
    493            pos = line * LCD_LINE_SIZE * 2 + pos;
   \   00000016   1802               LSLS     R0,R3,#+8
   \   00000018   0901               LSLS     R1,R1,#+4
   \   0000001A   511A               SUBS     R1,R2,R1
   \   0000001C   C900               LSLS     R1,R1,#+3
   \   0000001E   4118               ADDS     R1,R0,R1
   \   00000020   0904               LSLS     R1,R1,#+16
   \   00000022   0914               ASRS     R1,R1,#+16
    494            pos_h = pos - (line * LCD_LINE_SIZE * 2);
   \   00000024   0E1A               SUBS     R6,R1,R0
   \   00000026   3604               LSLS     R6,R6,#+16
   \   00000028   3614               ASRS     R6,R6,#+16
    495            
    496            // 남은 LCD width가 font size 보다 작으면 다음 line의 처음으로 위치 변경
    497            if (pos_h > (LCD_LINE_SIZE - 8)) 
   \   0000002A   ....               LDR      R0,??DataTable16  ;; bLCDbuf
   \   0000002C   0024               MOVS     R4,#+0
   \   0000002E   792E               CMP      R6,#+121
   \   00000030   15DB               BLT      ??LCD_font8x16_load_0
    498            {
    499              // LCD line 끝 부분 clear
    500              for (lp = pos_h; lp < LCD_LINE_SIZE; lp++) 
   \   00000032   09E0               B        ??LCD_font8x16_load_1
    501              {
    502                bLCDbuf[pos] = 0;
   \                     ??LCD_font8x16_load_2:
   \   00000034   4454               STRB     R4,[R0, R1]
    503                bLCDbuf[pos + LCD_LINE_SIZE] = 0;
   \   00000036   4218               ADDS     R2,R0,R1
   \   00000038   8032               ADDS     R2,R2,#+128
   \   0000003A   1470               STRB     R4,[R2, #+0]
    504                pos++;
   \   0000003C   491C               ADDS     R1,R1,#+1
   \   0000003E   0904               LSLS     R1,R1,#+16
   \   00000040   0914               ASRS     R1,R1,#+16
    505              }
   \   00000042   761C               ADDS     R6,R6,#+1
   \   00000044   3604               LSLS     R6,R6,#+16
   \   00000046   3614               ASRS     R6,R6,#+16
   \                     ??LCD_font8x16_load_1:
   \   00000048   802E               CMP      R6,#+128
   \   0000004A   F3DB               BLT      ??LCD_font8x16_load_2
    506              if (++line > 1) line = 0;
   \   0000004C   5B1C               ADDS     R3,R3,#+1
   \   0000004E   1B04               LSLS     R3,R3,#+16
   \   00000050   1B14               ASRS     R3,R3,#+16
   \   00000052   022B               CMP      R3,#+2
   \   00000054   00DB               BLT      ??LCD_font8x16_load_3
   \   00000056   0023               MOVS     R3,#+0
    507              pos = line * LCD_LINE_SIZE * 2;
   \                     ??LCD_font8x16_load_3:
   \   00000058   1902               LSLS     R1,R3,#+8
   \   0000005A   0904               LSLS     R1,R1,#+16
   \   0000005C   0914               ASRS     R1,R1,#+16
    508            }
    509          
    510           // LCD buffer에 1 font image를 copy
    511            mask = 0;
   \                     ??LCD_font8x16_load_0:
   \   0000005E   0023               MOVS     R3,#+0
    512            if (Blink) if (sCurPos == curpos)  mask = 0xFF; 
   \   00000060   ....               LDR      R2,??DataTable22  ;; LcdBlock
   \   00000062   9679               LDRB     R6,[R2, #+6]
   \   00000064   002E               CMP      R6,#+0
   \   00000066   07D0               BEQ      ??LCD_font8x16_load_4
   \   00000068   1026               MOVS     R6,#+16
   \   0000006A   975F               LDRSH    R7,[R2, R6]
   \   0000006C   BC46               MOV      R12,R7
   \   0000006E   6F46               MOV      R7,SP
   \   00000070   FE5E               LDRSH    R6,[R7, R3]
   \   00000072   B445               CMP      R12,R6
   \   00000074   00D1               BNE      ??LCD_font8x16_load_4
   \   00000076   FF23               MOVS     R3,#+255
    513            for (lp = 0; lp < 8; lp++) 
   \                     ??LCD_font8x16_load_4:
   \   00000078   2D01               LSLS     R5,R5,#+4
   \   0000007A   0C4E               LDR      R6,??LCD_font8x16_load_5  ;; ASCII_FONT8x16
   \   0000007C   7519               ADDS     R5,R6,R5
    514            {
    515              bLCDbuf[pos] = ASCII_FONT8x16[code][lp] ^ mask;
   \                     ??LCD_font8x16_load_6:
   \   0000007E   2E5D               LDRB     R6,[R5, R4]
   \   00000080   1F00               MOVS     R7,R3
   \   00000082   7740               EORS     R7,R7,R6
   \   00000084   4754               STRB     R7,[R0, R1]
    516              bLCDbuf[pos + LCD_LINE_SIZE] = ASCII_FONT8x16[code][lp + 8] ^ mask;
   \   00000086   0700               MOVS     R7,R0
   \   00000088   8037               ADDS     R7,R7,#+128
   \   0000008A   BC46               MOV      R12,R7
   \   0000008C   2E00               MOVS     R6,R5
   \   0000008E   0836               ADDS     R6,R6,#+8
   \   00000090   375D               LDRB     R7,[R6, R4]
   \   00000092   1E00               MOVS     R6,R3
   \   00000094   7E40               EORS     R6,R6,R7
   \   00000096   6746               MOV      R7,R12
   \   00000098   7E54               STRB     R6,[R7, R1]
    517              pos++;
   \   0000009A   491C               ADDS     R1,R1,#+1
   \   0000009C   0904               LSLS     R1,R1,#+16
   \   0000009E   0914               ASRS     R1,R1,#+16
    518            }
   \   000000A0   641C               ADDS     R4,R4,#+1
   \   000000A2   082C               CMP      R4,#+8
   \   000000A4   EBDB               BLT      ??LCD_font8x16_load_6
    519            sLCDpos = pos;
   \   000000A6   5182               STRH     R1,[R2, #+18]
    520          }
   \   000000A8   ....               B.N      ??Subroutine52_0
   \   000000AA   C046               Nop      
   \                     ??LCD_font8x16_load_5:
   \   000000AC   ........           DC32     ASCII_FONT8x16
    521          
    522          // 1개의 16x16 hangul font image를 bLCDbuf에 로드

   \                                 In segment CODE, align 4, keep-with-next
    523          void LCD_hangul_font16_load(unsigned short code, short curpos)
    524          {
   \                     LCD_hangul_font16_load:
   \   00000000   F1B5               PUSH     {R0,R4-R7,LR}
    525            short line, pos, pos_h, lp, dpsize, data , mask;
    526            
    527            dpsize = LCD_LINE_SIZE >> 3;
    528            line = curpos / dpsize;
   \   00000002   C810               ASRS     R0,R1,#+3
   \   00000004   000F               LSRS     R0,R0,#+28
   \   00000006   4018               ADDS     R0,R0,R1
   \   00000008   0211               ASRS     R2,R0,#+4
   \   0000000A   1404               LSLS     R4,R2,#+16
   \   0000000C   2414               ASRS     R4,R4,#+16
    529            pos = (curpos % dpsize) * 8;
    530            pos = line * LCD_LINE_SIZE * 2 + pos;
   \   0000000E   2002               LSLS     R0,R4,#+8
   \   00000010   1201               LSLS     R2,R2,#+4
   \   00000012   8A1A               SUBS     R2,R1,R2
   \   00000014   D200               LSLS     R2,R2,#+3
   \   00000016   8318               ADDS     R3,R0,R2
   \   00000018   1B04               LSLS     R3,R3,#+16
   \   0000001A   1B14               ASRS     R3,R3,#+16
    531            pos_h = pos - (line * LCD_LINE_SIZE * 2);
   \   0000001C   1D1A               SUBS     R5,R3,R0
   \   0000001E   2D04               LSLS     R5,R5,#+16
   \   00000020   2D14               ASRS     R5,R5,#+16
    532          
    533            // 남은 LCD width가 font size 보다 작으면 다음 line의 처음으로 위치 변경
    534            if (pos_h > (LCD_LINE_SIZE - 16)) 
   \   00000022   ....               LDR      R2,??DataTable16  ;; bLCDbuf
   \   00000024   0020               MOVS     R0,#+0
   \   00000026   712D               CMP      R5,#+113
   \   00000028   15DB               BLT      ??LCD_hangul_font16_load_0
    535            {
    536              // LCD line 끝 부분 clear
    537              for (lp = pos_h; lp < LCD_LINE_SIZE; lp++) 
   \   0000002A   09E0               B        ??LCD_hangul_font16_load_1
    538              {
    539                bLCDbuf[pos] = 0;
   \                     ??LCD_hangul_font16_load_2:
   \   0000002C   D054               STRB     R0,[R2, R3]
    540                bLCDbuf[pos + LCD_LINE_SIZE] = 0;
   \   0000002E   D618               ADDS     R6,R2,R3
   \   00000030   8036               ADDS     R6,R6,#+128
   \   00000032   3070               STRB     R0,[R6, #+0]
    541                pos++;
   \   00000034   5B1C               ADDS     R3,R3,#+1
   \   00000036   1B04               LSLS     R3,R3,#+16
   \   00000038   1B14               ASRS     R3,R3,#+16
    542              }
   \   0000003A   6D1C               ADDS     R5,R5,#+1
   \   0000003C   2D04               LSLS     R5,R5,#+16
   \   0000003E   2D14               ASRS     R5,R5,#+16
   \                     ??LCD_hangul_font16_load_1:
   \   00000040   802D               CMP      R5,#+128
   \   00000042   F3DB               BLT      ??LCD_hangul_font16_load_2
    543              if (++line > 1) line = 0;
   \   00000044   641C               ADDS     R4,R4,#+1
   \   00000046   2404               LSLS     R4,R4,#+16
   \   00000048   2414               ASRS     R4,R4,#+16
   \   0000004A   022C               CMP      R4,#+2
   \   0000004C   00DB               BLT      ??LCD_hangul_font16_load_3
   \   0000004E   0024               MOVS     R4,#+0
    544              pos = line * LCD_LINE_SIZE * 2;
   \                     ??LCD_hangul_font16_load_3:
   \   00000050   2302               LSLS     R3,R4,#+8
   \   00000052   1B04               LSLS     R3,R3,#+16
   \   00000054   1B14               ASRS     R3,R3,#+16
    545            }
    546            
    547            // LCD buffer에 1 font image를 copy
    548            mask = 0;
   \                     ??LCD_hangul_font16_load_0:
   \   00000056   0025               MOVS     R5,#+0
    549            if (Blink) if (sCurPos == curpos)  mask = 0xFFFF; 
   \   00000058   ....               LDR      R4,??DataTable22  ;; LcdBlock
   \   0000005A   A679               LDRB     R6,[R4, #+6]
   \   0000005C   002E               CMP      R6,#+0
   \   0000005E   04D0               BEQ      ??LCD_hangul_font16_load_4
   \   00000060   1026               MOVS     R6,#+16
   \   00000062   A65F               LDRSH    R6,[R4, R6]
   \   00000064   8E42               CMP      R6,R1
   \   00000066   00D1               BNE      ??LCD_hangul_font16_load_4
   \   00000068   ED43               MVNS     R5,R5            ;; #-1
    550            
    551            for (lp = 0; lp < 16; lp++) 
    552            {
    553              data = HANGUL_FONT16x16[code][lp] ^ mask;
   \                     ??LCD_hangul_font16_load_4:
   \   0000006A   4100               LSLS     R1,R0,#+1
   \   0000006C   6E46               MOV      R6,SP
   \   0000006E   3688               LDRH     R6,[R6, #+0]
   \   00000070   7601               LSLS     R6,R6,#+5
   \   00000072   094F               LDR      R7,??LCD_hangul_font16_load_5  ;; HANGUL_FONT16x16
   \   00000074   BE19               ADDS     R6,R7,R6
   \   00000076   715A               LDRH     R1,[R6, R1]
   \   00000078   6940               EORS     R1,R1,R5
   \   0000007A   0904               LSLS     R1,R1,#+16
   \   0000007C   0914               ASRS     R1,R1,#+16
    554              bLCDbuf[pos] = data & 0xFF;
   \   0000007E   D154               STRB     R1,[R2, R3]
    555              bLCDbuf[pos + LCD_LINE_SIZE] = data >> 8;
   \   00000080   1600               MOVS     R6,R2
   \   00000082   8036               ADDS     R6,R6,#+128
   \   00000084   0912               ASRS     R1,R1,#+8
   \   00000086   F154               STRB     R1,[R6, R3]
    556              pos++;
   \   00000088   5B1C               ADDS     R3,R3,#+1
   \   0000008A   1B04               LSLS     R3,R3,#+16
   \   0000008C   1B14               ASRS     R3,R3,#+16
    557            }
   \   0000008E   401C               ADDS     R0,R0,#+1
   \   00000090   1028               CMP      R0,#+16
   \   00000092   EADB               BLT      ??LCD_hangul_font16_load_4
    558            sLCDpos = pos;
   \   00000094   6382               STRH     R3,[R4, #+18]
    559          }
   \   00000096   ....               B.N      ??Subroutine52_0
   \                     ??LCD_hangul_font16_load_5:
   \   00000098   ........           DC32     HANGUL_FONT16x16
    560          

   \                                 In segment CODE, align 4, keep-with-next
    561          void LCD_hangul_font_load(unsigned short code, short curpos)
    562          {
   \                     LCD_hangul_font_load:
   \   00000000   10B5               PUSH     {R4,LR}
    563            unsigned short hcode;
    564            if (code < 0xA0) LCD_font8x16_load(code, curpos);
   \   00000002   A028               CMP      R0,#+160
   \   00000004   04D2               BCS      ??LCD_hangul_font_load_0
   \   00000006   0004               LSLS     R0,R0,#+16
   \   00000008   0014               ASRS     R0,R0,#+16
   \   0000000A   ........           BL       LCD_font8x16_load
   \   0000000E   13E0               B        ??LCD_hangul_font_load_1
    565             else if (sOldCode == 0) sOldCode = code;
   \                     ??LCD_hangul_font_load_0:
   \   00000010   ....               LDR      R2,??DataTable22  ;; LcdBlock
   \   00000012   138B               LDRH     R3,[R2, #+24]
   \   00000014   002B               CMP      R3,#+0
   \   00000016   01D1               BNE      ??LCD_hangul_font_load_2
   \   00000018   1083               STRH     R0,[R2, #+24]
   \   0000001A   0DE0               B        ??LCD_hangul_font_load_1
    566             else 
    567                {
    568                  hcode = (sOldCode - 0xB0) * 94 + (code - 0xA0);
   \                     ??LCD_hangul_font_load_2:
   \   0000001C   5E24               MOVS     R4,#+94
   \   0000001E   6343               MULS     R3,R4,R3
   \   00000020   1818               ADDS     R0,R3,R0
   \   00000022   064B               LDR      R3,??LCD_hangul_font_load_3  ;; 0xbec0
   \   00000024   C018               ADDS     R0,R0,R3
   \   00000026   0004               LSLS     R0,R0,#+16
   \   00000028   000C               LSRS     R0,R0,#+16
    569          	//code |= sOldCode;
    570          	//code -= 0xB0A0;
    571                  sOldCode = 0;
   \   0000002A   0023               MOVS     R3,#+0
   \   0000002C   1383               STRH     R3,[R2, #+24]
    572          	LCD_hangul_font16_load(hcode, curpos-1);
   \   0000002E   491E               SUBS     R1,R1,#+1
   \   00000030   0904               LSLS     R1,R1,#+16
   \   00000032   0914               ASRS     R1,R1,#+16
   \   00000034   ........           BL       LCD_hangul_font16_load
    573                }
    574          }
   \                     ??LCD_hangul_font_load_1:
   \   00000038   ....               B.N      ??Subroutine53_0
   \   0000003A   C046               Nop      
   \                     ??LCD_hangul_font_load_3:
   \   0000003C   C0BE0000           DC32     0xbec0

   \                                 In segment CODE, align 4, keep-with-next
   \                     ?Subroutine53:
   \   00000000   ........           BL       cursor_move_start
   \   00000004   ....               LDR      R0,??DataTable37  ;; LcdBlock
   \   00000006   0483               STRH     R4,[R0, #+24]
   \   00000008   8472               STRB     R4,[R0, #+10]
   \                     ??Subroutine53_0:
   \   0000000A   10BC               POP      {R4}
   \   0000000C   01BC               POP      {R0}
   \   0000000E   0047               BX       R0               ;; return
    575                   
    576          // if display buffer over, 1 line scroll

   \                                 In segment CODE, align 4, keep-with-next
    577          void display_buffer_scroll(char size)
    578          {
   \                     display_buffer_scroll:
   \   00000000   F1B5               PUSH     {R0,R4-R7,LR}
   \   00000002   0200               MOVS     R2,R0
   \   00000004   A820               MOVS     R0,#+168
   \   00000006   4000               LSLS     R0,R0,#+1        ;; #+336
   \   00000008   1100               MOVS     R1,R2
   \   0000000A   ........           _BLF     ??div32_t,??rT??div32_t
   \   0000000E   491E               SUBS     R1,R1,#+1
   \   00000010   0906               LSLS     R1,R1,#+24
   \   00000012   090E               LSRS     R1,R1,#+24
   \   00000014   0091               STR      R1,[SP, #+0]
   \   00000016   0020               MOVS     R0,#+0
   \   00000018   ....               LDR      R3,??DataTable19  ;; sDPbuf
   \   0000001A   0DE0               B        ??display_buffer_scroll_0
    579            char line, lp, lp0;
    580            short s_add, d_add;
    581            line = DPBUF_SIZE / size - 1;
    582            for (lp = 0; lp < line; lp++)
    583            {
    584              d_add = lp * size;
    585              s_add = d_add + size;
    586              for (lp0 = 0; lp0 < size; lp0++)
    587              {
    588                sDPbuf[d_add + lp0] = sDPbuf[s_add + lp0];
   \                     ??display_buffer_scroll_1:
   \   0000001C   6718               ADDS     R7,R4,R1
   \   0000001E   7F00               LSLS     R7,R7,#+1
   \   00000020   6E18               ADDS     R6,R5,R1
   \   00000022   7600               LSLS     R6,R6,#+1
   \   00000024   9E5B               LDRH     R6,[R3, R6]
   \   00000026   DE53               STRH     R6,[R3, R7]
    589              }
   \   00000028   491C               ADDS     R1,R1,#+1
   \   0000002A   0906               LSLS     R1,R1,#+24
   \   0000002C   090E               LSRS     R1,R1,#+24
   \                     ??display_buffer_scroll_2:
   \   0000002E   9142               CMP      R1,R2
   \   00000030   F4D3               BCC      ??display_buffer_scroll_1
   \   00000032   401C               ADDS     R0,R0,#+1
   \   00000034   0006               LSLS     R0,R0,#+24
   \   00000036   000E               LSRS     R0,R0,#+24
   \                     ??display_buffer_scroll_0:
   \   00000038   1100               MOVS     R1,R2
   \   0000003A   0400               MOVS     R4,R0
   \   0000003C   009D               LDR      R5,[SP, #+0]
   \   0000003E   2D06               LSLS     R5,R5,#+24
   \   00000040   2D0E               LSRS     R5,R5,#+24
   \   00000042   AC42               CMP      R4,R5
   \   00000044   07D2               BCS      ??display_buffer_scroll_3
   \   00000046   4C43               MULS     R4,R1,R4
   \   00000048   2404               LSLS     R4,R4,#+16
   \   0000004A   2414               ASRS     R4,R4,#+16
   \   0000004C   6518               ADDS     R5,R4,R1
   \   0000004E   2D04               LSLS     R5,R5,#+16
   \   00000050   2D14               ASRS     R5,R5,#+16
   \   00000052   0021               MOVS     R1,#+0
   \   00000054   EBE7               B        ??display_buffer_scroll_2
    590            }
    591            d_add = DPBUF_SIZE - size;
   \                     ??display_buffer_scroll_3:
   \   00000056   A820               MOVS     R0,#+168
   \   00000058   4000               LSLS     R0,R0,#+1        ;; #+336
   \   0000005A   401A               SUBS     R0,R0,R1
    592            for (lp = 0; lp < size; lp++) sDPbuf[d_add + lp] = 0;
   \   0000005C   0021               MOVS     R1,#+0
   \   0000005E   0025               MOVS     R5,#+0
   \   00000060   05E0               B        ??display_buffer_scroll_4
   \                     ??display_buffer_scroll_5:
   \   00000062   4418               ADDS     R4,R0,R1
   \   00000064   6400               LSLS     R4,R4,#+1
   \   00000066   1D53               STRH     R5,[R3, R4]
   \   00000068   491C               ADDS     R1,R1,#+1
   \   0000006A   0906               LSLS     R1,R1,#+24
   \   0000006C   090E               LSRS     R1,R1,#+24
   \                     ??display_buffer_scroll_4:
   \   0000006E   9142               CMP      R1,R2
   \   00000070   F7D3               BCC      ??display_buffer_scroll_5
    593          }
   \   00000072   ....               B.N      ??Subroutine52_0
    594          

   \                                 In segment CODE, align 4, keep-with-next
    595          unsigned char display_size(void)
    596          {
   \                     display_size:
   \   00000000   00B5               PUSH     {LR}
   \   00000002   ....               LDR      R1,??DataTable21  ;; LcdBlock + 2
   \   00000004   0978               LDRB     R1,[R1, #+0]
   \   00000006   0029               CMP      R1,#+0
   \   00000008   01D1               BNE      ??display_size_0
    597            unsigned char dpsize;
    598            if (FontStyle == 0) dpsize = FONT6_LINE; 
   \   0000000A   1520               MOVS     R0,#+21
   \   0000000C   04E0               B        ??display_size_1
    599             else  if (FontStyle == 1) dpsize = FONT8_LINE;
   \                     ??display_size_0:
   \   0000000E   0129               CMP      R1,#+1
   \   00000010   01D0               BEQ      ??display_size_2
    600             else  if (FontStyle == 2) dpsize = FONT16_LINE;
   \   00000012   0229               CMP      R1,#+2
   \   00000014   00D1               BNE      ??display_size_1
   \                     ??display_size_2:
   \   00000016   1020               MOVS     R0,#+16
    601           return dpsize;
   \                     ??display_size_1:
   \   00000018   ....               B.N      ?Subroutine54
    602          }

   \                                 In segment CODE, align 4, keep-with-next
   \                     ?Subroutine54:
   \   00000000   0006               LSLS     R0,R0,#+24
   \   00000002   000E               LSRS     R0,R0,#+24
   \   00000004   02BC               POP      {R1}
   \   00000006   0847               BX       R1               ;; return
    603          

   \                                 In segment CODE, align 4, keep-with-next
    604          unsigned char display_page(void)
    605          {
   \                     display_page:
   \   00000000   00B5               PUSH     {LR}
   \   00000002   ....               LDR      R1,??DataTable21  ;; LcdBlock + 2
   \   00000004   0978               LDRB     R1,[R1, #+0]
   \   00000006   0029               CMP      R1,#+0
   \   00000008   01D1               BNE      ??display_page_0
    606            unsigned char page;
    607            if (FontStyle == 0) page = FONT6_PAGE; 
   \   0000000A   A820               MOVS     R0,#+168
   \   0000000C   04E0               B        ??display_page_1
    608             else  if (FontStyle == 1) page = FONT8_PAGE;
   \                     ??display_page_0:
   \   0000000E   0129               CMP      R1,#+1
   \   00000010   01D0               BEQ      ??display_page_2
    609             else  if (FontStyle == 2) page = FONT16_PAGE;
   \   00000012   0229               CMP      R1,#+2
   \   00000014   00D1               BNE      ??display_page_1
   \                     ??display_page_2:
   \   00000016   4020               MOVS     R0,#+64
    610           return page;
   \                     ??display_page_1:
   \   00000018                      REQUIRE ?Subroutine54
   \   00000018                      ;; // Fall through to label ?Subroutine54
    611          }
    612          

   \                                 In segment CODE, align 4, keep-with-next
    613          void goto_cursor(unsigned char x,unsigned char y)
    614          {
   \                     goto_cursor:
   \   00000000   70B5               PUSH     {R4-R6,LR}
   \   00000002   0400               MOVS     R4,R0
   \   00000004   0D00               MOVS     R5,R1
    615            short pos, dpsize, dppage;
    616            dpsize = display_size();
   \   00000006   ........           BL       display_size
   \   0000000A   0600               MOVS     R6,R0
    617            dppage = display_page();
   \   0000000C   ........           BL       display_page
    618            pos = dpsize * y + x;
   \   00000010   6E43               MULS     R6,R5,R6
   \   00000012   3119               ADDS     R1,R6,R4
   \   00000014   0904               LSLS     R1,R1,#+16
   \   00000016   0914               ASRS     R1,R1,#+16
    619            if (pos > dppage) pos = dppage;
   \   00000018   8842               CMP      R0,R1
   \   0000001A   00DA               BGE      ??goto_cursor_0
   \   0000001C   0100               MOVS     R1,R0
    620            sCurPos = pos;
   \                     ??goto_cursor_0:
   \   0000001E   ....               LDR      R0,??Subroutine51_0  ;; LcdBlock + 16
   \   00000020   0180               STRH     R1,[R0, #+0]
   \   00000022   C046               Nop      
    621          }
   \   00000024                      REQUIRE ?Subroutine51
   \   00000024                      ;; // Fall through to label ?Subroutine51
    622          

   \                                 In segment CODE, align 4, keep-with-next
    623          void set_cursor_h(unsigned char x)
    624          {
   \                     set_cursor_h:
   \   00000000   10B5               PUSH     {R4,LR}
   \   00000002   0400               MOVS     R4,R0
    625            short pos, dpsize;
    626            dpsize = display_size();
   \   00000004   ........           BL       display_size
   \   00000008   0200               MOVS     R2,R0
    627            if (x >= dpsize) x = dpsize;
   \   0000000A   9442               CMP      R4,R2
   \   0000000C   00DB               BLT      ??set_cursor_h_0
   \   0000000E   1400               MOVS     R4,R2
    628            pos = sCurPos / dpsize;
    629            sCurPos = pos * dpsize + x;
   \                     ??set_cursor_h_0:
   \   00000010   ....               LDR      R3,??DataTable22  ;; LcdBlock
   \   00000012   1020               MOVS     R0,#+16
   \   00000014   185E               LDRSH    R0,[R3, R0]
   \   00000016   1100               MOVS     R1,R2
   \   00000018   ........           _BLF     ??div32_t,??rT??div32_t
   \   0000001C   0904               LSLS     R1,R1,#+16
   \   0000001E   0914               ASRS     R1,R1,#+16
   \   00000020   5143               MULS     R1,R2,R1
   \   00000022   0819               ADDS     R0,R1,R4
   \   00000024   1882               STRH     R0,[R3, #+16]
    630          }
   \   00000026   ....               B.N      ??Subroutine53_0
    631             

   \                                 In segment CODE, align 4, keep-with-next
    632          void cursor_move_left(void)
    633          {
   \                     cursor_move_left:
   \   00000000   01B5               PUSH     {R0,LR}
    634            char dpsize, remain;
    635            dpsize = display_size();
   \   00000002   ........           BL       display_size
   \   00000006   0100               MOVS     R1,R0
    636            remain = sCurPos % dpsize;
    637            if (remain) sCurPos--;
   \   00000008   ....               LDR      R2,??DataTable37  ;; LcdBlock
   \   0000000A   1020               MOVS     R0,#+16
   \   0000000C   135E               LDRSH    R3,[R2, R0]
   \   0000000E   1800               MOVS     R0,R3
   \   00000010   ........           _BLF     ??div32_t,??rT??div32_t
   \   00000014   0006               LSLS     R0,R0,#+24
   \   00000016   01D0               BEQ      ??cursor_move_left_0
   \   00000018   5B1E               SUBS     R3,R3,#+1
   \   0000001A   1382               STRH     R3,[R2, #+16]
    638            DpUpdate = 1;
   \                     ??cursor_move_left_0:
   \   0000001C   0120               MOVS     R0,#+1
   \   0000001E   D070               STRB     R0,[R2, #+3]
    639          }
   \   00000020   ....               B.N      ??Subroutine55_0

   \                                 In segment CODE, align 4, keep-with-next
   \                     ?Subroutine55:
   \   00000000   ........           BL       cursor_move_left
   \                     ??Subroutine55_0:
   \   00000004   08BC               POP      {R3}
   \   00000006   01BC               POP      {R0}
   \   00000008   0047               BX       R0               ;; return
    640          

   \                                 In segment CODE, align 4, keep-with-next
    641          void cursor_move_up(void)
    642          {
   \                     cursor_move_up:
   \   00000000   01B5               PUSH     {R0,LR}
    643            char dpsize;
    644            
    645            dpsize = display_size();
   \   00000002   ........           BL       display_size
    646            if (sCurPos < dpsize) 
   \   00000006   ....               LDR      R1,??DataTable37  ;; LcdBlock
   \   00000008   1022               MOVS     R2,#+16
   \   0000000A   8A5E               LDRSH    R2,[R1, R2]
   \   0000000C   8242               CMP      R2,R0
   \   0000000E   06DA               BGE      ??cursor_move_up_0
    647            {
    648              if (sDPstart >= dpsize) sDPstart = sDPstart - dpsize;
   \   00000010   1422               MOVS     R2,#+20
   \   00000012   8A5E               LDRSH    R2,[R1, R2]
   \   00000014   8242               CMP      R2,R0
   \   00000016   04DB               BLT      ??cursor_move_up_1
   \   00000018   101A               SUBS     R0,R2,R0
   \   0000001A   8882               STRH     R0,[R1, #+20]
   \   0000001C   01E0               B        ??cursor_move_up_1
    649            }
    650            else sCurPos = sCurPos - dpsize;
   \                     ??cursor_move_up_0:
   \   0000001E   101A               SUBS     R0,R2,R0
   \   00000020   0882               STRH     R0,[R1, #+16]
    651            DpUpdate = 1;
   \                     ??cursor_move_up_1:
   \   00000022   0120               MOVS     R0,#+1
   \   00000024   C870               STRB     R0,[R1, #+3]
    652          }
   \   00000026   ....               B.N      ??Subroutine55_0
    653          

   \                                 In segment CODE, align 4, keep-with-next
    654          void cursor_move_right(void)
    655          {
   \                     cursor_move_right:
   \   00000000   F1B5               PUSH     {R0,R4-R7,LR}
    656            char dpsize, page;
    657            
    658            dpsize = display_size();
   \   00000002   ........           BL       display_size
   \   00000006   0400               MOVS     R4,R0
    659            page = display_page();
   \   00000008   ........           BL       display_page
    660            
    661            if (++sCurPos >= page) 
   \   0000000C   ....               LDR      R5,??DataTable37  ;; LcdBlock
   \   0000000E   1021               MOVS     R1,#+16
   \   00000010   6A5E               LDRSH    R2,[R5, R1]
   \   00000012   521C               ADDS     R2,R2,#+1
   \   00000014   1421               MOVS     R1,#+20
   \   00000016   695E               LDRSH    R1,[R5, R1]
   \   00000018   0600               MOVS     R6,R0
   \   0000001A   1204               LSLS     R2,R2,#+16
   \   0000001C   1214               ASRS     R2,R2,#+16
   \   0000001E   B242               CMP      R2,R6
   \   00000020   0CDB               BLT      ??cursor_move_right_0
   \   00000022   0919               ADDS     R1,R1,R4
    662              {
    663                sDPstart = sDPstart + dpsize;
    664                //display buffer의 끝이라면, 모든 라인을 스크롤 업
    665                if (sDPstart >= (DPBUF_SIZE - page)) 
   \   00000024   A827               MOVS     R7,#+168
   \   00000026   7F00               LSLS     R7,R7,#+1        ;; #+336
   \   00000028   0904               LSLS     R1,R1,#+16
   \   0000002A   0914               ASRS     R1,R1,#+16
   \   0000002C   381A               SUBS     R0,R7,R0
   \   0000002E   8142               CMP      R1,R0
   \   00000030   03DB               BLT      ??cursor_move_right_1
    666                {
    667                  display_buffer_scroll(dpsize);
   \   00000032   2000               MOVS     R0,R4
   \   00000034   ........           BL       display_buffer_scroll
    668                  sDPstart = DPBUF_SIZE - page;
   \   00000038   B91B               SUBS     R1,R7,R6
    669                }
    670                sCurPos = page - dpsize;
   \                     ??cursor_move_right_1:
   \   0000003A   321B               SUBS     R2,R6,R4
   \                     ??cursor_move_right_0:
   \   0000003C   2A82               STRH     R2,[R5, #+16]
   \   0000003E   A982               STRH     R1,[R5, #+20]
    671              }
    672            DpUpdate = 1;
   \   00000040   ....               B.N      ?Subroutine52
    673          }
    674          
    675          // 커서를 한줄 아래로 내리기

   \                                 In segment CODE, align 4, keep-with-next
    676          void cursor_move_down(void)
    677          {
   \                     cursor_move_down:
   \   00000000   F1B5               PUSH     {R0,R4-R7,LR}
    678            char dpsize, page;
    679            
    680            dpsize = display_size();
   \   00000002   ........           BL       display_size
   \   00000006   0090               STR      R0,[SP, #+0]
    681            page = display_page();
   \   00000008   ........           BL       display_page
   \   0000000C   0400               MOVS     R4,R0
    682            
    683            sCurPos = sCurPos + dpsize;
   \   0000000E   0098               LDR      R0,[SP, #+0]
   \   00000010   0006               LSLS     R0,R0,#+24
   \   00000012   000E               LSRS     R0,R0,#+24
   \   00000014   ....               LDR      R5,??DataTable37  ;; LcdBlock
   \   00000016   1021               MOVS     R1,#+16
   \   00000018   695E               LDRSH    R1,[R5, R1]
   \   0000001A   0E18               ADDS     R6,R1,R0
    684            // 페이지 바닥이면, 페이지 전체를 한줄 아래로 이동
    685            if (sCurPos >= page) 
   \   0000001C   1421               MOVS     R1,#+20
   \   0000001E   695E               LDRSH    R1,[R5, R1]
   \   00000020   3604               LSLS     R6,R6,#+16
   \   00000022   3614               ASRS     R6,R6,#+16
   \   00000024   A642               CMP      R6,R4
   \   00000026   0EDB               BLT      ??cursor_move_down_0
    686            {
    687              sCurPos = sCurPos - dpsize;
   \   00000028   361A               SUBS     R6,R6,R0
    688              sDPstart = sDPstart + dpsize;
   \   0000002A   0918               ADDS     R1,R1,R0
    689              //display buffer의 끝이라면, 모든 라인을 스크롤 업
    690              if (sDPstart >= (DPBUF_SIZE - page)) 
   \   0000002C   A827               MOVS     R7,#+168
   \   0000002E   7F00               LSLS     R7,R7,#+1        ;; #+336
   \   00000030   0904               LSLS     R1,R1,#+16
   \   00000032   0914               ASRS     R1,R1,#+16
   \   00000034   381B               SUBS     R0,R7,R4
   \   00000036   8142               CMP      R1,R0
   \   00000038   05DB               BLT      ??cursor_move_down_0
    691              {
    692                display_buffer_scroll(dpsize);
   \   0000003A   0098               LDR      R0,[SP, #+0]
   \   0000003C   0006               LSLS     R0,R0,#+24
   \   0000003E   000E               LSRS     R0,R0,#+24
   \   00000040   ........           BL       display_buffer_scroll
    693                sDPstart = DPBUF_SIZE - page;
   \   00000044   391B               SUBS     R1,R7,R4
   \                     ??cursor_move_down_0:
   \   00000046   A982               STRH     R1,[R5, #+20]
   \   00000048   2E82               STRH     R6,[R5, #+16]
   \   0000004A   C046               Nop      
    694              }
    695            }
    696            DpUpdate = 1;
   \   0000004C                      REQUIRE ?Subroutine52
   \   0000004C                      ;; // Fall through to label ?Subroutine52
    697          }
    698          

   \                                 In segment CODE, align 4, keep-with-next
    699          void cursor_move_home(void)
    700          {
    701            sCurPos = 0;
   \                     cursor_move_home:
   \   00000000   ....               LDR      R0,??DataTable37  ;; LcdBlock
   \   00000002   0021               MOVS     R1,#+0
   \   00000004   0182               STRH     R1,[R0, #+16]
    702            DpUpdate = 1;
   \   00000006   ....               B.N      ?Subroutine56
    703          }

   \                                 In segment CODE, align 4, keep-with-next
   \                     ?Subroutine56:
   \   00000000   0121               MOVS     R1,#+1
   \   00000002   C170               STRB     R1,[R0, #+3]
   \   00000004   7047               BX       LR               ;; return
    704          

   \                                 In segment CODE, align 4, keep-with-next
    705          void cursor_move_start(void)
    706          {
    707            sCurPos = 0;
   \                     cursor_move_start:
   \   00000000   ....               LDR      R0,??DataTable37  ;; LcdBlock
   \   00000002   0021               MOVS     R1,#+0
   \   00000004   0182               STRH     R1,[R0, #+16]
    708            sDPstart = 0;
   \   00000006   8182               STRH     R1,[R0, #+20]
    709            DpUpdate = 1;
   \   00000008                      REQUIRE ?Subroutine56
   \   00000008                      ;; // Fall through to label ?Subroutine56
    710          }
    711             

   \                                 In segment CODE, align 4, keep-with-next
    712          void LCD_line_feed(void)
    713          {
   \                     LCD_line_feed:
   \   00000000   01B5               PUSH     {R0,LR}
    714            char line, dpsize;
    715            dpsize = display_size();
   \   00000002   ........           BL       display_size
   \   00000006   0200               MOVS     R2,R0
    716            line = sCurPos / dpsize;
    717            sCurPos = line * dpsize;
   \   00000008   ....               LDR      R3,??DataTable37  ;; LcdBlock
   \   0000000A   1020               MOVS     R0,#+16
   \   0000000C   185E               LDRSH    R0,[R3, R0]
   \   0000000E   1100               MOVS     R1,R2
   \   00000010   ........           _BLF     ??div32_t,??rT??div32_t
   \   00000014   0906               LSLS     R1,R1,#+24
   \   00000016   090E               LSRS     R1,R1,#+24
   \   00000018   5143               MULS     R1,R2,R1
   \   0000001A   1982               STRH     R1,[R3, #+16]
    718            cursor_move_down();
   \   0000001C   ........           BL       cursor_move_down
    719            cursor_move_left();
   \   00000020   ....               B.N      ?Subroutine55
    720          }
    721          

   \                                 In segment CODE, align 4, keep-with-next
    722          void LCD_carrige_return(void)
    723          {
   \                     LCD_carrige_return:
   \   00000000   01B5               PUSH     {R0,LR}
    724            char line, dpsize;
    725            dpsize = display_size();
   \   00000002   ........           BL       display_size
   \   00000006   0200               MOVS     R2,R0
    726            line = sCurPos / dpsize;
    727            sCurPos = line * dpsize;
   \   00000008   ....               LDR      R3,??DataTable37  ;; LcdBlock
   \   0000000A   1020               MOVS     R0,#+16
   \   0000000C   185E               LDRSH    R0,[R3, R0]
   \   0000000E   1100               MOVS     R1,R2
   \   00000010   ........           _BLF     ??div32_t,??rT??div32_t
   \   00000014   0906               LSLS     R1,R1,#+24
   \   00000016   090E               LSRS     R1,R1,#+24
   \   00000018   5143               MULS     R1,R2,R1
   \   0000001A   1982               STRH     R1,[R3, #+16]
    728            cursor_move_left();
   \   0000001C                      REQUIRE ?Subroutine55
   \   0000001C                      ;; // Fall through to label ?Subroutine55
    729          }
    730          
    731          /****************************************************/
    732          /*  Charactor store to Test display buffer(DPbuf[]) */
    733          /* b0-11: ASCII code                                */
    734          /* b12-15: Charactor attribute                      */
    735          /* 0: 8x6 ASCII FONT                                */
    736          /* 1: 16x8 ASCII FONT                               */
    737          /****************************************************/
    738          char CodeOdd, dpsize;

   \                                 In segment CODE, align 4, keep-with-next
    739          void putchar_dp(unsigned short code)
    740          {
   \                     putchar_dp:
   \   00000000   F1B5               PUSH     {R0,R4-R7,LR}
   \   00000002   0400               MOVS     R4,R0
    741            DpUpdate = 1;
   \   00000004   ....               LDR      R5,??DataTable37  ;; LcdBlock
   \   00000006   0120               MOVS     R0,#+1
   \   00000008   E870               STRB     R0,[R5, #+3]
    742            if (code == '\r')  //0x0D 
   \   0000000A   0020               MOVS     R0,#+0
   \   0000000C   0D2C               CMP      R4,#+13
   \   0000000E   03D1               BNE      ??putchar_dp_0
    743            {
    744              //sOldCode = 0;
    745              CodeOdd = 0;
   \   00000010   A872               STRB     R0,[R5, #+10]
    746              LCD_carrige_return();
   \   00000012   ........           BL       LCD_carrige_return
   \   00000016   48E0               B        ??putchar_dp_1
    747            }
    748            else if (code == '\n') 
   \                     ??putchar_dp_0:
   \   00000018   0A2C               CMP      R4,#+10
   \   0000001A   03D1               BNE      ??putchar_dp_2
    749            {
    750              //sOldCode = 0;
    751              CodeOdd = 0;
   \   0000001C   A872               STRB     R0,[R5, #+10]
    752              LCD_line_feed();
   \   0000001E   ........           BL       LCD_line_feed
   \   00000022   42E0               B        ??putchar_dp_1
    753            }
    754            else if (code < 0x20)		// control code 는 표시하지 않음
   \                     ??putchar_dp_2:
   \   00000024   202C               CMP      R4,#+32
   \   00000026   01D2               BCS      ??putchar_dp_3
    755            {
    756              //sOldCode = 0;
    757              CodeOdd = 0;
   \   00000028   A872               STRB     R0,[R5, #+10]
   \   0000002A   3EE0               B        ??putchar_dp_1
    758            }
   \                     ??putchar_dp_3:
   \   0000002C   ....               LDR      R6,??DataTable36  ;; sDPbuf
   \   0000002E   1421               MOVS     R1,#+20
   \   00000030   695E               LDRSH    R1,[R5, R1]
   \   00000032   1022               MOVS     R2,#+16
   \   00000034   AA5E               LDRSH    R2,[R5, R2]
   \   00000036   8918               ADDS     R1,R1,R2
   \   00000038   4900               LSLS     R1,R1,#+1
   \   0000003A   7718               ADDS     R7,R6,R1
   \   0000003C   202C               CMP      R4,#+32
   \   0000003E   10D1               BNE      ??putchar_dp_4
    759            else if (code == ' ')	// 스페이스 처리		 
    760            {
    761              // DumpDisplay 이면 첫 스페이스를 무시
    762              //sOldCode = 0;
    763              CodeOdd = 0;
   \   00000040   A872               STRB     R0,[R5, #+10]
    764              dpsize = display_size();
   \   00000042   ........           BL       display_size
   \   00000046   E872               STRB     R0,[R5, #+11]
    765              if ((!DumpDisplay)|(code != 0x20)|((sCurPos % dpsize)!= 0)) 
   \   00000048   E879               LDRB     R0,[R5, #+7]
   \   0000004A   0028               CMP      R0,#+0
   \   0000004C   06D0               BEQ      ??putchar_dp_5
   \   0000004E   1020               MOVS     R0,#+16
   \   00000050   285E               LDRSH    R0,[R5, R0]
   \   00000052   E97A               LDRB     R1,[R5, #+11]
   \   00000054   ........           _BLF     ??div32_t,??rT??div32_t
   \   00000058   0028               CMP      R0,#+0
   \   0000005A   26D0               BEQ      ??putchar_dp_1
    766              {
    767                sDPbuf[sDPstart + sCurPos] = code;
   \                     ??putchar_dp_5:
   \   0000005C   2020               MOVS     R0,#+32
   \   0000005E   3880               STRH     R0,[R7, #+0]
    768                cursor_move_right();
   \   00000060   21E0               B.N      ??putchar_dp_6
    769              }
    770            }   
    771            else if ((code < 0xA0)|(FontStyle != 2))
   \                     ??putchar_dp_4:
   \   00000062   A02C               CMP      R4,#+160
   \   00000064   02D3               BCC      ??putchar_dp_7
   \   00000066   A978               LDRB     R1,[R5, #+2]
   \   00000068   0229               CMP      R1,#+2
   \   0000006A   02D0               BEQ      ??putchar_dp_8
    772            { 
    773              //sOldCode = 0;
    774              CodeOdd = 0;
   \                     ??putchar_dp_7:
   \   0000006C   A872               STRB     R0,[R5, #+10]
    775              sDPbuf[sDPstart + sCurPos] = code;
   \   0000006E   3C80               STRH     R4,[R7, #+0]
    776              cursor_move_right();
   \   00000070   19E0               B.N      ??putchar_dp_6
    777            }
    778            // 한글모드이고 code가 한글 영역인 경우
    779            else if ((FontStyle == 2)&(code >= 0xA0))
    780            {
    781              if (CodeOdd == 0) 
   \                     ??putchar_dp_8:
   \   00000072   A97A               LDRB     R1,[R5, #+10]
   \   00000074   0029               CMP      R1,#+0
   \   00000076   F9D1               BNE      ??putchar_dp_7
    782              {
    783                // 한글전각/영문반각 표시모드일때 
    784                // 라인의 남은 칸이 반각 한칸뿐이면  스페이스를 삽입
    785                if ((sCurPos % FONT16_LINE) == (FONT16_LINE-1)) 
   \   00000078   1000               MOVS     R0,R2
   \   0000007A   0100               MOVS     R1,R0
   \   0000007C   C210               ASRS     R2,R0,#+3
   \   0000007E   120F               LSRS     R2,R2,#+28
   \   00000080   1018               ADDS     R0,R2,R0
   \   00000082   0011               ASRS     R0,R0,#+4
   \   00000084   0001               LSLS     R0,R0,#+4
   \   00000086   081A               SUBS     R0,R1,R0
   \   00000088   0F28               CMP      R0,#+15
   \   0000008A   03D1               BNE      ??putchar_dp_9
    786                {
    787          	sDPbuf[sDPstart + sCurPos] = 0x20;
   \   0000008C   2020               MOVS     R0,#+32
   \   0000008E   3880               STRH     R0,[R7, #+0]
    788          	cursor_move_right();
   \   00000090   ........           BL       cursor_move_right
    789                }
    790                CodeOdd = 1;
   \                     ??putchar_dp_9:
   \   00000094   0120               MOVS     R0,#+1
   \   00000096   A872               STRB     R0,[R5, #+10]
    791                sDPbuf[sDPstart + sCurPos] = code;
   \   00000098   1420               MOVS     R0,#+20
   \   0000009A   285E               LDRSH    R0,[R5, R0]
   \   0000009C   1021               MOVS     R1,#+16
   \   0000009E   695E               LDRSH    R1,[R5, R1]
   \   000000A0   4018               ADDS     R0,R0,R1
   \   000000A2   4000               LSLS     R0,R0,#+1
   \   000000A4   3452               STRH     R4,[R6, R0]
    792                cursor_move_right();
   \                     ??putchar_dp_6:
   \   000000A6   ........           BL       cursor_move_right
    793              }
    794              else 
    795              {
    796                CodeOdd = 0;
    797                sDPbuf[sDPstart + sCurPos] = code;
    798                //HanBuf[HanIndex++] = code;
    799                cursor_move_right();
    800              }
    801            }
    802          }
   \                     ??putchar_dp_1:
   \   000000AA   ....               B.N      ??Subroutine52_0
    803          
    804          // bLCDbuf[] clear

   \                                 In segment CODE, align 4, keep-with-next
    805          void LCDbuf_clear(void)
    806          {
   \                     LCDbuf_clear:
   \   00000000   00B5               PUSH     {LR}
    807            short lp;
    808            for (lp = 0; lp < LCD_BUF_SIZE; lp++) bLCDbuf[lp] = 0;
   \   00000002   0020               MOVS     R0,#+0
   \   00000004   0021               MOVS     R1,#+0
   \   00000006   0300               MOVS     R3,R0
   \                     ??LCDbuf_clear_0:
   \   00000008   ....               LDR      R2,??DataTable38  ;; bLCDbuf
   \   0000000A   5054               STRB     R0,[R2, R1]
   \   0000000C   491C               ADDS     R1,R1,#+1
   \   0000000E   0904               LSLS     R1,R1,#+16
   \   00000010   0914               ASRS     R1,R1,#+16
   \   00000012   8022               MOVS     R2,#+128
   \   00000014   D200               LSLS     R2,R2,#+3        ;; #+1024
   \   00000016   9142               CMP      R1,R2
   \   00000018   F6DB               BLT      ??LCDbuf_clear_0
    809            sLCDpos = 0;
   \   0000001A   ....               LDR      R1,??DataTable37  ;; LcdBlock
   \   0000001C   4882               STRH     R0,[R1, #+18]
    810            sCurPos = 0;
   \   0000001E   0882               STRH     R0,[R1, #+16]
    811          }
   \   00000020   01BC               POP      {R0}
   \   00000022   0047               BX       R0               ;; return
    812          
    813          // bLCDbuf[] & bDPbuf[] clear

   \                                 In segment CODE, align 4, keep-with-next
    814          void DPbuf_clear(void)
    815          {
   \                     DPbuf_clear:
   \   00000000   10B5               PUSH     {R4,LR}
    816            short lp;
    817            for (lp = 0; lp < DPBUF_SIZE; lp++) sDPbuf[lp] = 0;
   \   00000002   0024               MOVS     R4,#+0
   \   00000004   0020               MOVS     R0,#+0
   \   00000006   ....               LDR      R2,??DataTable36  ;; sDPbuf
   \   00000008   0300               MOVS     R3,R0
   \                     ??DPbuf_clear_0:
   \   0000000A   4100               LSLS     R1,R0,#+1
   \   0000000C   5352               STRH     R3,[R2, R1]
   \   0000000E   401C               ADDS     R0,R0,#+1
   \   00000010   0004               LSLS     R0,R0,#+16
   \   00000012   0014               ASRS     R0,R0,#+16
   \   00000014   A821               MOVS     R1,#+168
   \   00000016   4900               LSLS     R1,R1,#+1        ;; #+336
   \   00000018   8842               CMP      R0,R1
   \   0000001A   F6DB               BLT      ??DPbuf_clear_0
    818            LCDbuf_clear();
   \   0000001C   ........           BL       LCDbuf_clear
    819            cursor_move_start();
   \   00000020   ....               B.N      ?Subroutine53
    820            sOldCode = 0;
    821            CodeOdd = 0;
    822          }
    823          
    824          // bLCDbuf[] & bDPbuf[] clear

   \                                 In segment CODE, align 4, keep-with-next
    825          void screen_clear(void)
    826          {
   \                     screen_clear:
   \   00000000   10B5               PUSH     {R4,LR}
    827            short lp;
    828            for (lp = 0; lp < DPBUF_SIZE; lp++) sDPbuf[lp] = 0;
   \   00000002   0024               MOVS     R4,#+0
   \   00000004   0020               MOVS     R0,#+0
   \   00000006   ....               LDR      R2,??DataTable36  ;; sDPbuf
   \   00000008   0300               MOVS     R3,R0
   \                     ??screen_clear_0:
   \   0000000A   4100               LSLS     R1,R0,#+1
   \   0000000C   5352               STRH     R3,[R2, R1]
   \   0000000E   401C               ADDS     R0,R0,#+1
   \   00000010   0004               LSLS     R0,R0,#+16
   \   00000012   0014               ASRS     R0,R0,#+16
   \   00000014   A821               MOVS     R1,#+168
   \   00000016   4900               LSLS     R1,R1,#+1        ;; #+336
   \   00000018   8842               CMP      R0,R1
   \   0000001A   F6DB               BLT      ??screen_clear_0
    829            cursor_move_start();
   \   0000001C                      REQUIRE ?Subroutine53
   \   0000001C                      ;; // Fall through to label ?Subroutine53
    830            sOldCode = 0;
    831            CodeOdd = 0;
    832          }
    833          
    834          // Test code
    835          // 

   \                                 In segment CODE, align 4, keep-with-next
    836          void LCDbuf_test(void)
    837          {
   \                     LCDbuf_test:
   \   00000000   00B5               PUSH     {LR}
    838            short lp;
    839            for (lp = 0; lp < LCD_BUF_SIZE; lp++) bLCDbuf[lp] = lp & 0xFF;
   \   00000002   0020               MOVS     R0,#+0
   \                     ??LCDbuf_test_0:
   \   00000004   ....               LDR      R1,??DataTable38  ;; bLCDbuf
   \   00000006   0854               STRB     R0,[R1, R0]
   \   00000008   401C               ADDS     R0,R0,#+1
   \   0000000A   0004               LSLS     R0,R0,#+16
   \   0000000C   0014               ASRS     R0,R0,#+16
   \   0000000E   8021               MOVS     R1,#+128
   \   00000010   C900               LSLS     R1,R1,#+3        ;; #+1024
   \   00000012   8842               CMP      R0,R1
   \   00000014   F6DB               BLT      ??LCDbuf_test_0
    840          }
   \   00000016   01BC               POP      {R0}
   \   00000018   0047               BX       R0               ;; return
    841          
    842          // LCD module ON/OFF

   \                                 In segment CODE, align 4, keep-with-next
    843          void LCD_onoff(BYTE onoff)
    844          {
   \                     LCD_onoff:
   \   00000000   10B5               PUSH     {R4,LR}
    845            if (onoff == ON) onoff = LCD_ON; else onoff = LCD_OFF;
   \   00000002   0128               CMP      R0,#+1
   \   00000004   01D1               BNE      ??LCD_onoff_0
   \   00000006   3F24               MOVS     R4,#+63
   \   00000008   00E0               B        ??LCD_onoff_1
   \                     ??LCD_onoff_0:
   \   0000000A   3E24               MOVS     R4,#+62
    846            LCD_cmd_write1(onoff);
   \                     ??LCD_onoff_1:
   \   0000000C   2000               MOVS     R0,R4
   \   0000000E   ........           BL       LCD_cmd_write1
    847            LCD_cmd_write2(onoff);
   \   00000012   2000               MOVS     R0,R4
   \   00000014   ........           BL       LCD_cmd_write2
    848          }
   \   00000018   ....               B.N      ??Subroutine53_0
    849          
    850          // LCD module GM123210 초기화

   \                                 In segment CODE, align 4, keep-with-next
    851          void LCD_init(void)
    852          {
   \                     LCD_init:
   \   00000000   10B5               PUSH     {R4,LR}
    853            pio_set(PIOB, LCD_RW|LCD_EN|LCD_A0|LCD_LP);
   \   00000002   ....               LDR      R4,??DataTable39  ;; 0xfffff630
   \   00000004   CA20               MOVS     R0,#+202
   \   00000006   4003               LSLS     R0,R0,#+13       ;; #+1654784
   \   00000008   2060               STR      R0,[R4, #+0]
    854            pio_clear(PIOB, LCD_RST|LCD_CS1|LCD_CS2);
   \   0000000A   ....               LDR      R0,??DataTable40  ;; 0xfffff634
   \   0000000C   D021               MOVS     R1,#+208
   \   0000000E   C902               LSLS     R1,R1,#+11       ;; #+425984
   \   00000010   0160               STR      R1,[R0, #+0]
    855            delay_us(5000);
   \   00000012   0948               LDR      R0,??LCD_init_0  ;; 0x1388
   \   00000014   ........           _BLF     delay_us,??delay_us??rT
    856            pio_set(PIOB, LCD_RST);
   \   00000018   8020               MOVS     R0,#+128
   \   0000001A   0002               LSLS     R0,R0,#+8        ;; #+32768
   \   0000001C   2060               STR      R0,[R4, #+0]
    857            delay_us(1000);
   \   0000001E   FA20               MOVS     R0,#+250
   \   00000020   8000               LSLS     R0,R0,#+2        ;; #+1000
   \   00000022   ........           _BLF     delay_us,??delay_us??rT
    858            LCD_onoff(ON);
   \   00000026   0120               MOVS     R0,#+1
   \   00000028   ........           BL       LCD_onoff
    859            LCDbuf_clear();
   \   0000002C   ........           BL       LCDbuf_clear
    860            display_mode(0);
   \   00000030   0020               MOVS     R0,#+0
   \   00000032   ........           BL       display_mode
    861          }  
   \   00000036   ....               B.N      ??Subroutine53_0
   \                     ??LCD_init_0:
   \   00000038   88130000           DC32     0x1388
    862          

   \                                 In segment CODE, align 4, keep-with-next
    863          void display_mode(char mode)
    864          {
   \                     display_mode:
   \   00000000   10B5               PUSH     {R4,LR}
   \   00000002   0400               MOVS     R4,R0
    865            DPbuf_clear(); 
   \   00000004   ........           BL       DPbuf_clear
    866            FontStyle = mode; 
   \   00000008   ....               LDR      R0,??DataTable49  ;; LcdBlock
   \   0000000A   8470               STRB     R4,[R0, #+2]
    867            sOldCode = 0;
   \   0000000C   0021               MOVS     R1,#+0
   \   0000000E   0183               STRH     R1,[R0, #+24]
    868            CodeOdd = 0;
   \   00000010   8172               STRB     R1,[R0, #+10]
    869          }
   \   00000012   ....               B.N      ??Subroutine53_0
    870             

   \                                 In segment CODE, align 4, keep-with-next
    871          void print_byte2ascii(unsigned char code)
    872          {
   \                     print_byte2ascii:
   \   00000000   10B5               PUSH     {R4,LR}
   \   00000002   0400               MOVS     R4,R0
    873            putchar_dp(high2ascii(code));
   \   00000004   ........           _BLF     high2ascii,??high2ascii??rT
   \   00000008   ........           BL       putchar_dp
    874            putchar_dp(low2ascii(code));
   \   0000000C   2000               MOVS     R0,R4
   \   0000000E   ........           _BLF     low2ascii,??low2ascii??rT
   \   00000012   ........           BL       putchar_dp
    875            putchar_dp(' ');
   \   00000016   2020               MOVS     R0,#+32
   \   00000018   ........           BL       putchar_dp
    876          }
   \   0000001C   ....               B.N      ??Subroutine53_0
    877          

   \                                 In segment CODE, align 4, keep-with-next
    878          void print_short2ascii(short code)
    879          {
   \                     print_short2ascii:
   \   00000000   31B5               PUSH     {R0,R4,R5,LR}
   \   00000002   0400               MOVS     R4,R0
    880            putchar_dp(high2ascii(code>>8));
   \   00000004   0512               ASRS     R5,R0,#+8
   \   00000006   2806               LSLS     R0,R5,#+24
   \   00000008   000E               LSRS     R0,R0,#+24
   \   0000000A   ........           _BLF     high2ascii,??high2ascii??rT
   \   0000000E   ........           BL       putchar_dp
    881            putchar_dp(low2ascii(code>>8));
   \   00000012   2806               LSLS     R0,R5,#+24
   \   00000014   000E               LSRS     R0,R0,#+24
   \   00000016   ........           _BLF     low2ascii,??low2ascii??rT
   \   0000001A   ........           BL       putchar_dp
    882            putchar_dp(high2ascii(code));
   \   0000001E   2006               LSLS     R0,R4,#+24
   \   00000020   000E               LSRS     R0,R0,#+24
   \   00000022   ........           _BLF     high2ascii,??high2ascii??rT
   \   00000026   ........           BL       putchar_dp
    883            putchar_dp(low2ascii(code));
   \   0000002A   2006               LSLS     R0,R4,#+24
   \   0000002C   000E               LSRS     R0,R0,#+24
   \   0000002E   ........           _BLF     low2ascii,??low2ascii??rT
   \   00000032   ........           BL       putchar_dp
    884            putchar_dp(' ');
   \   00000036   2020               MOVS     R0,#+32
   \   00000038   ........           BL       putchar_dp
    885          }
   \   0000003C   ........           BL       ??Subroutine50_1
    886          

   \                                 In segment CODE, align 4, keep-with-next
    887          void print_int2ascii(unsigned int code)
    888          {
   \                     print_int2ascii:
   \   00000000   10B5               PUSH     {R4,LR}
   \   00000002   0400               MOVS     R4,R0
    889            print_short2ascii(code>>8);
   \   00000004   0002               LSLS     R0,R0,#+8
   \   00000006   0014               ASRS     R0,R0,#+16
   \   00000008   ........           BL       print_short2ascii
    890            print_short2ascii(code);
   \   0000000C   2004               LSLS     R0,R4,#+16
   \   0000000E   0014               ASRS     R0,R0,#+16
   \   00000010   ........           BL       print_short2ascii
    891            putchar_dp(' ');
   \   00000014   2020               MOVS     R0,#+32
   \   00000016   ........           BL       putchar_dp
    892          }
   \   0000001A   ....               B.N      ??Subroutine53_0
    893          

   \                                 In segment CODE, align 4, keep-with-next
    894          void print_int2bcdascii(int hex)
    895          {
   \                     print_int2bcdascii:
   \   00000000   F1B5               PUSH     {R0,R4-R7,LR}
   \   00000002   0200               MOVS     R2,R0
    896            int d5, d4, d3, d2, d1, d0;
    897            d5 = hex / 100000;
    898            hex = hex - (d5 * 100000);
   \   00000004   224B               LDR      R3,??print_int2bcdascii_0  ;; 0x186a0
   \   00000006   1900               MOVS     R1,R3
   \   00000008   ........           _BLF     ??div32_t,??rT??div32_t
   \   0000000C   5943               MULS     R1,R3,R1
   \   0000000E   531A               SUBS     R3,R2,R1
    899            d4 = hex / 10000;
   \   00000010   204C               LDR      R4,??print_int2bcdascii_0+0x4  ;; 0x2710
   \   00000012   1800               MOVS     R0,R3
   \   00000014   2100               MOVS     R1,R4
   \   00000016   ........           _BLF     ??div32_t,??rT??div32_t
   \   0000001A   0A00               MOVS     R2,R1
    900            hex = hex - (d4 * 10000);
   \   0000001C   5443               MULS     R4,R2,R4
   \   0000001E   1B1B               SUBS     R3,R3,R4
    901            d3 = hex / 1000;
   \   00000020   FA25               MOVS     R5,#+250
   \   00000022   AD00               LSLS     R5,R5,#+2        ;; #+1000
   \   00000024   1800               MOVS     R0,R3
   \   00000026   2900               MOVS     R1,R5
   \   00000028   ........           _BLF     ??div32_t,??rT??div32_t
   \   0000002C   0C00               MOVS     R4,R1
    902            hex = hex - (d3 * 1000);
   \   0000002E   6543               MULS     R5,R4,R5
   \   00000030   5B1B               SUBS     R3,R3,R5
    903            d2 = hex / 100;
   \   00000032   1800               MOVS     R0,R3
   \   00000034   6421               MOVS     R1,#+100
   \   00000036   ........           _BLF     ??div32_t,??rT??div32_t
   \   0000003A   0D00               MOVS     R5,R1
    904            hex = hex - (d2 * 100);
   \   0000003C   6420               MOVS     R0,#+100
   \   0000003E   6843               MULS     R0,R5,R0
   \   00000040   1E1A               SUBS     R6,R3,R0
    905            d1 = hex / 10;
   \   00000042   3000               MOVS     R0,R6
   \   00000044   0A21               MOVS     R1,#+10
   \   00000046   ........           _BLF     ??div32_t,??rT??div32_t
   \   0000004A   0F00               MOVS     R7,R1
   \   0000004C   3020               MOVS     R0,#+48
   \   0000004E   1043               ORRS     R0,R0,R2
   \   00000050   0004               LSLS     R0,R0,#+16
   \   00000052   000C               LSRS     R0,R0,#+16
    906            hex = hex - (d1 * 10);
    907            d0 = hex;
    908            putchar_dp(d4|0x30);
   \   00000054   ........           BL       putchar_dp
    909            putchar_dp(d3|0x30);
   \   00000058   3020               MOVS     R0,#+48
   \   0000005A   2043               ORRS     R0,R0,R4
   \   0000005C   0004               LSLS     R0,R0,#+16
   \   0000005E   000C               LSRS     R0,R0,#+16
   \   00000060   ........           BL       putchar_dp
    910            putchar_dp(d2|0x30);
   \   00000064   3020               MOVS     R0,#+48
   \   00000066   2843               ORRS     R0,R0,R5
   \   00000068   0004               LSLS     R0,R0,#+16
   \   0000006A   000C               LSRS     R0,R0,#+16
   \   0000006C   ........           BL       putchar_dp
    911            putchar_dp(d1|0x30);
   \   00000070   3020               MOVS     R0,#+48
   \   00000072   3843               ORRS     R0,R0,R7
   \   00000074   0004               LSLS     R0,R0,#+16
   \   00000076   000C               LSRS     R0,R0,#+16
   \   00000078   ........           BL       putchar_dp
    912            putchar_dp(d0|0x30);
   \   0000007C   0A20               MOVS     R0,#+10
   \   0000007E   4743               MULS     R7,R0,R7
   \   00000080   F11B               SUBS     R1,R6,R7
   \   00000082   3020               MOVS     R0,#+48
   \   00000084   0843               ORRS     R0,R0,R1
   \   00000086   0004               LSLS     R0,R0,#+16
   \   00000088   000C               LSRS     R0,R0,#+16
   \   0000008A   ........           BL       putchar_dp
    913          }
   \   0000008E   ....               B.N      ??Subroutine52_0
   \                     ??print_int2bcdascii_0:
   \   00000090   A0860100           DC32     0x186a0
   \   00000094   10270000           DC32     0x2710
    914          

   \                                 In segment CODE, align 4, keep-with-next
    915          void control_code_display(void)
    916          {
   \                     control_code_display:
   \   00000000   01B5               PUSH     {R0,LR}
    917               print_byte2ascii('\a');
   \   00000002   0720               MOVS     R0,#+7
   \   00000004   ........           BL       print_byte2ascii
    918               print_byte2ascii('\b');
   \   00000008   0820               MOVS     R0,#+8
   \   0000000A   ........           BL       print_byte2ascii
    919               print_byte2ascii('\f');
   \   0000000E   0C20               MOVS     R0,#+12
   \   00000010   ........           BL       print_byte2ascii
    920               print_byte2ascii('\n');
   \   00000014   0A20               MOVS     R0,#+10
   \   00000016   ........           BL       print_byte2ascii
    921               print_byte2ascii('\r');
   \   0000001A   0D20               MOVS     R0,#+13
   \   0000001C   ........           BL       print_byte2ascii
    922               print_byte2ascii('\t');
   \   00000020   0920               MOVS     R0,#+9
   \   00000022   ........           BL       print_byte2ascii
    923               print_byte2ascii('\v');
   \   00000026   0B20               MOVS     R0,#+11
   \   00000028   ........           BL       print_byte2ascii
    924               print_byte2ascii('\0');    
   \   0000002C   0020               MOVS     R0,#+0
   \   0000002E   ........           BL       print_byte2ascii
    925               print_byte2ascii('\1');
   \   00000032   0120               MOVS     R0,#+1
   \   00000034   ........           BL       print_byte2ascii
    926               print_byte2ascii('\2');
   \   00000038   0220               MOVS     R0,#+2
   \   0000003A   ........           BL       print_byte2ascii
    927               print_byte2ascii('\3');
   \   0000003E   0320               MOVS     R0,#+3
   \   00000040   ........           BL       print_byte2ascii
    928               print_byte2ascii('\4');
   \   00000044   0420               MOVS     R0,#+4
   \   00000046   ........           BL       print_byte2ascii
    929               print_byte2ascii('\5');
   \   0000004A   0520               MOVS     R0,#+5
   \   0000004C   ........           BL       print_byte2ascii
    930               print_byte2ascii('\6');
   \   00000050   0620               MOVS     R0,#+6
   \   00000052   ........           BL       print_byte2ascii
    931               print_byte2ascii('\7');   
   \   00000056   0720               MOVS     R0,#+7
   \   00000058   ........           BL       print_byte2ascii
    932          }
   \   0000005C   ....               B.N      ??Subroutine55_0
    933          
    934          /*****************************************/
    935          /* code에 해당하는 이미지를 LCD에 표시   */ 
    936          /* fonr 0: 8x6 ASCII FONT                */ 
    937          /* font 1: 16x8 ASCII FONT               */ 
    938          /*****************************************/
    939          //unsigned short testcode;

   \                                 In segment CODE, align 4, keep-with-next
    940          void putchar_lcd(unsigned short code, short curpos)
    941          {
   \                     putchar_lcd:
   \   00000000   01B5               PUSH     {R0,LR}
   \   00000002   ....               LDR      R2,??DataTable42  ;; LcdBlock + 2
   \   00000004   1278               LDRB     R2,[R2, #+0]
   \   00000006   002A               CMP      R2,#+0
   \   00000008   04D1               BNE      ??putchar_lcd_0
    942            if (FontStyle == 0) LCD_font6x7_load(code, curpos);
   \   0000000A   0004               LSLS     R0,R0,#+16
   \   0000000C   0014               ASRS     R0,R0,#+16
   \   0000000E   ........           BL       LCD_font6x7_load
   \   00000012   0AE0               B        ??putchar_lcd_1
    943             else if (FontStyle== 1) LCD_font8x16_load(code, curpos);
   \                     ??putchar_lcd_0:
   \   00000014   012A               CMP      R2,#+1
   \   00000016   04D1               BNE      ??putchar_lcd_2
   \   00000018   0004               LSLS     R0,R0,#+16
   \   0000001A   0014               ASRS     R0,R0,#+16
   \   0000001C   ........           BL       LCD_font8x16_load
   \   00000020   03E0               B        ??putchar_lcd_1
    944             else if (FontStyle== 2) LCD_hangul_font_load(code, curpos);
   \                     ??putchar_lcd_2:
   \   00000022   022A               CMP      R2,#+2
   \   00000024   01D1               BNE      ??putchar_lcd_1
   \   00000026   ........           BL       LCD_hangul_font_load
    945          }
   \                     ??putchar_lcd_1:
   \   0000002A   ....               B.N      ??Subroutine55_0
    946          
    947          // bDPbuf[]중 1line의 font image를 bLCDbuf에 로드

   \                                 In segment CODE, align 4, keep-with-next
    948          void LCD_line_load(char line, char font)
    949          {
   \                     LCD_line_load:
   \   00000000   31B5               PUSH     {R0,R4,R5,LR}
    950            short dpsize, add, start, end;
    951            unsigned short code;
    952            //  if font = 0 , 4 line load, else 2 line
    953            if (font != 0) line &= 1; else line &= 3;
   \   00000002   0029               CMP      R1,#+0
   \   00000004   02D0               BEQ      ??LCD_line_load_0
   \   00000006   0125               MOVS     R5,#+1
   \   00000008   0540               ANDS     R5,R5,R0
   \   0000000A   01E0               B        ??LCD_line_load_1
   \                     ??LCD_line_load_0:
   \   0000000C   8507               LSLS     R5,R0,#+30
   \   0000000E   AD0F               LSRS     R5,R5,#+30
    954            dpsize = display_size();
   \                     ??LCD_line_load_1:
   \   00000010   ........           BL       display_size
    955           
    956            start = dpsize * line;
   \   00000014   0400               MOVS     R4,R0
   \   00000016   6C43               MULS     R4,R5,R4
   \   00000018   2404               LSLS     R4,R4,#+16
   \   0000001A   2414               ASRS     R4,R4,#+16
    957            end = start + dpsize;
   \   0000001C   2518               ADDS     R5,R4,R0
   \   0000001E   2D04               LSLS     R5,R5,#+16
   \   00000020   2D14               ASRS     R5,R5,#+16
    958            
    959            for (add = start; add < end; add++)
   \   00000022   0CE0               B        ??LCD_line_load_2
    960            { 
    961              code = sDPbuf[sDPstart + add];
    962              //font = code >> 12;
    963              //code &= 0xFF;
    964              putchar_lcd(code, add);
   \                     ??LCD_line_load_3:
   \   00000024   2100               MOVS     R1,R4
   \   00000026   1420               MOVS     R0,#+20
   \   00000028   ....               LDR      R2,??DataTable49  ;; LcdBlock
   \   0000002A   105E               LDRSH    R0,[R2, R0]
   \   0000002C   0019               ADDS     R0,R0,R4
   \   0000002E   4000               LSLS     R0,R0,#+1
   \   00000030   ....               LDR      R2,??DataTable48  ;; sDPbuf
   \   00000032   105A               LDRH     R0,[R2, R0]
   \   00000034   ........           BL       putchar_lcd
    965            }
   \   00000038   641C               ADDS     R4,R4,#+1
   \   0000003A   2404               LSLS     R4,R4,#+16
   \   0000003C   2414               ASRS     R4,R4,#+16
   \                     ??LCD_line_load_2:
   \   0000003E   AC42               CMP      R4,R5
   \   00000040   F0DB               BLT      ??LCD_line_load_3
    966          }
   \   00000042   ........           BL       ??Subroutine50_1
    967          
    968          /********************************************/
    969          /* 1/16 page의 font image를 bLCDbuf에 로드  */
    970          /* For 6x8 font only(FontStyle = 0)         */
    971          /********************************************/

   \                                 In segment CODE, align 4, keep-with-next
    972          void LCD_line_load_6x8(void)
    973          {
   \                     LCD_line_load_6x8:
   \   00000000   70B5               PUSH     {R4-R6,LR}
    974            short add, start, end;
    975            
    976            if (!LcdBlock) 
   \   00000002   ....               LDR      R5,??DataTable54  ;; LcdBlock
   \   00000004   0E20               MOVS     R0,#+14
   \   00000006   285E               LDRSH    R0,[R5, R0]
   \   00000008   1521               MOVS     R1,#+21
   \   0000000A   4843               MULS     R0,R1,R0
   \   0000000C   2978               LDRB     R1,[R5, #+0]
   \   0000000E   0029               CMP      R1,#+0
   \   00000010   04D1               BNE      ??LCD_line_load_6x8_0
    977             {
    978              start = LcdLine * FONT6_LINE;
   \   00000012   0604               LSLS     R6,R0,#+16
   \   00000014   3614               ASRS     R6,R6,#+16
    979              end = start + 11;
   \   00000016   3400               MOVS     R4,R6
   \   00000018   0B34               ADDS     R4,R4,#+11
   \   0000001A   15E0               B        ??LCD_line_load_6x8_1
    980             }
    981             else if (LcdBlock == 1) 
   \                     ??LCD_line_load_6x8_0:
   \   0000001C   0129               CMP      R1,#+1
   \   0000001E   13D1               BNE      ??LCD_line_load_6x8_1
    982             {
    983              start = (LcdLine * FONT6_LINE) + 11;
   \   00000020   0600               MOVS     R6,R0
   \   00000022   0B36               ADDS     R6,R6,#+11
   \   00000024   3604               LSLS     R6,R6,#+16
   \   00000026   3614               ASRS     R6,R6,#+16
    984              end = start + 10;
   \   00000028   3400               MOVS     R4,R6
   \   0000002A   0A34               ADDS     R4,R4,#+10
    985             }
    986            
    987            for (add = start; add < end; add++) 
   \   0000002C   0CE0               B        ??LCD_line_load_6x8_1
    988              putchar_lcd(sDPbuf[sDPstart + add], add);
   \                     ??LCD_line_load_6x8_2:
   \   0000002E   3104               LSLS     R1,R6,#+16
   \   00000030   0914               ASRS     R1,R1,#+16
   \   00000032   1420               MOVS     R0,#+20
   \   00000034   285E               LDRSH    R0,[R5, R0]
   \   00000036   8019               ADDS     R0,R0,R6
   \   00000038   4000               LSLS     R0,R0,#+1
   \   0000003A   ....               LDR      R2,??DataTable48  ;; sDPbuf
   \   0000003C   105A               LDRH     R0,[R2, R0]
   \   0000003E   ........           BL       putchar_lcd
   \   00000042   761C               ADDS     R6,R6,#+1
   \   00000044   3604               LSLS     R6,R6,#+16
   \   00000046   3614               ASRS     R6,R6,#+16
   \                     ??LCD_line_load_6x8_1:
   \   00000048   2404               LSLS     R4,R4,#+16
   \   0000004A   2414               ASRS     R4,R4,#+16
   \   0000004C   A642               CMP      R6,R4
   \   0000004E   EEDB               BLT      ??LCD_line_load_6x8_2
    989          }
   \   00000050   ....               B.N      ?Subroutine51
    990          
    991          /**********************************************/
    992          /* 1/16 page의 font image를 bLCDbuf에 로드    */
    993          /* For 8x16 & 16x16 font (FontStyle = 1 or 2) */
    994          /**********************************************/ 

   \                                 In segment CODE, align 4, keep-with-next
    995          void LCD_line_load_8x16(void)
    996          {
   \                     LCD_line_load_8x16:
   \   00000000   F1B5               PUSH     {R0,R4-R7,LR}
    997            unsigned char add;
    998            
    999            add = LoadIndex;
   \   00000002   ....               LDR      R4,??DataTable49  ;; LcdBlock
   \   00000004   6778               LDRB     R7,[R4, #+1]
   \   00000006   1420               MOVS     R0,#+20
   \   00000008   255E               LDRSH    R5,[R4, R0]
   \   0000000A   ....               LDR      R6,??DataTable48  ;; sDPbuf
   \   0000000C   3900               MOVS     R1,R7
   \   0000000E   E819               ADDS     R0,R5,R7
   \   00000010   4000               LSLS     R0,R0,#+1
   \   00000012   305A               LDRH     R0,[R6, R0]
   1000            
   1001            putchar_lcd(sDPbuf[sDPstart + add], add);
   \   00000014   ........           BL       putchar_lcd
   1002            if (++add < FONT8_PAGE) 
   \   00000018   7F1C               ADDS     R7,R7,#+1
   \   0000001A   3F06               LSLS     R7,R7,#+24
   \   0000001C   3F0E               LSRS     R7,R7,#+24
   \   0000001E   402F               CMP      R7,#+64
   \   00000020   05D2               BCS      ??LCD_line_load_8x16_0
   1003                  putchar_lcd(sDPbuf[sDPstart + add], add);
   \   00000022   3900               MOVS     R1,R7
   \   00000024   E819               ADDS     R0,R5,R7
   \   00000026   4000               LSLS     R0,R0,#+1
   \   00000028   305A               LDRH     R0,[R6, R0]
   \   0000002A   ........           BL       putchar_lcd
   1004            if (++add < FONT8_PAGE) 
   \                     ??LCD_line_load_8x16_0:
   \   0000002E   7F1C               ADDS     R7,R7,#+1
   \   00000030   3F06               LSLS     R7,R7,#+24
   \   00000032   3F0E               LSRS     R7,R7,#+24
   \   00000034   402F               CMP      R7,#+64
   \   00000036   05D2               BCS      ??LCD_line_load_8x16_1
   1005                  putchar_lcd(sDPbuf[sDPstart + add], add);
   \   00000038   3900               MOVS     R1,R7
   \   0000003A   E819               ADDS     R0,R5,R7
   \   0000003C   4000               LSLS     R0,R0,#+1
   \   0000003E   305A               LDRH     R0,[R6, R0]
   \   00000040   ........           BL       putchar_lcd
   1006            if (++add < FONT8_PAGE) 
   \                     ??LCD_line_load_8x16_1:
   \   00000044   7F1C               ADDS     R7,R7,#+1
   \   00000046   3F06               LSLS     R7,R7,#+24
   \   00000048   3F0E               LSRS     R7,R7,#+24
   \   0000004A   402F               CMP      R7,#+64
   \   0000004C   05D2               BCS      ??LCD_line_load_8x16_2
   1007                  putchar_lcd(sDPbuf[sDPstart + add], add);
   \   0000004E   3900               MOVS     R1,R7
   \   00000050   E819               ADDS     R0,R5,R7
   \   00000052   4000               LSLS     R0,R0,#+1
   \   00000054   305A               LDRH     R0,[R6, R0]
   \   00000056   ........           BL       putchar_lcd
   1008            add++;
   1009            LoadIndex = add;
   \                     ??LCD_line_load_8x16_2:
   \   0000005A   7F1C               ADDS     R7,R7,#+1
   \   0000005C   6770               STRB     R7,[R4, #+1]
   1010          }
   \   0000005E   ....               B.N      ??Subroutine52_0
   1011          

   \                                 In segment CODE, align 4, keep-with-next
   1012          void cursor_blink_control(void)
   1013          {
   \                     cursor_blink_control:
   \   00000000   10B5               PUSH     {R4,LR}
   1014            if (++sBlinkTime > SEC_1/2) 
   \   00000002   ....               LDR      R0,??DataTable49  ;; LcdBlock
   \   00000004   1621               MOVS     R1,#+22
   \   00000006   415E               LDRSH    R1,[R0, R1]
   \   00000008   491C               ADDS     R1,R1,#+1
   \   0000000A   0904               LSLS     R1,R1,#+16
   \   0000000C   0914               ASRS     R1,R1,#+16
   \   0000000E   FB29               CMP      R1,#+251
   \   00000010   09DB               BLT      ??cursor_blink_control_0
   1015            {
   1016              sBlinkTime = 0;
   \   00000012   0021               MOVS     R1,#+0
   1017              Blink ^= 1;
   \   00000014   0122               MOVS     R2,#+1
   \   00000016   8379               LDRB     R3,[R0, #+6]
   \   00000018   0124               MOVS     R4,#+1
   \   0000001A   5C40               EORS     R4,R4,R3
   \   0000001C   8471               STRB     R4,[R0, #+6]
   1018              if (!ImageMode) DpUpdate = 1;
   \   0000001E   037A               LDRB     R3,[R0, #+8]
   \   00000020   002B               CMP      R3,#+0
   \   00000022   00D1               BNE      ??cursor_blink_control_0
   \   00000024   C270               STRB     R2,[R0, #+3]
   \                     ??cursor_blink_control_0:
   \   00000026   C182               STRH     R1,[R0, #+22]
   1019            }
   1020          }
   \   00000028   ....               B.N      ??Subroutine53_0

   \                                 In segment DATA_Z, align 2, align-sorted
   \                     LcdBlock:
   \   00000000                      DS8 1
   \                     LoadIndex:
   \   00000001                      DS8 1
   \                     FontStyle:
   \   00000002                      DS8 1
   \                     DpUpdate:
   \   00000003                      DS8 1
   \                     DpScanNo:
   \   00000004                      DS8 1
   \                     CursorUse:
   \   00000005                      DS8 1
   \                     Blink:
   \   00000006                      DS8 1
   \                     DumpDisplay:
   \   00000007                      DS8 1
   \                     ImageMode:
   \   00000008                      DS8 1
   \                     ImageNo:
   \   00000009                      DS8 1
   \                     CodeOdd:
   \   0000000A                      DS8 1
   \                     dpsize:
   \   0000000B                      DS8 1
   1021          
   1022          /********************************************/
   1023          /*  LCD module control Functions            */
   1024          /*  For 128x64 Graphic LCD Module GM12641   */
   1025          /********************************************/
   1026          #ifdef GM12641
   1027          unsigned char ImageWidth;
   \                     ImageWidth:
   \   0000000C                      DS8 1
   1028          unsigned char ImageHeight;
   \                     ImageHeight:
   \   0000000D                      DS8 1
   \                     LcdLine:
   \   0000000E                      DS8 2
   \                     sCurPos:
   \   00000010                      DS8 2
   \                     sLCDpos:
   \   00000012                      DS8 2
   \                     sDPstart:
   \   00000014                      DS8 2
   \                     sBlinkTime:
   \   00000016                      DS8 2
   \                     sOldCode:
   \   00000018                      DS8 2

   \                                 In segment DATA_Z, align 2, align-sorted
   \                     bCursorDP:
   \   00000000                      DS8 2

   \                                 In segment DATA_Z, align 2, align-sorted
   \                     bLCDpage:
   \   00000000                      DS8 2

   \                                 In segment DATA_Z, align 1, align-sorted
   \                     FontWidth:
   \   00000000                      DS8 1

   \                                 In segment DATA_Z, align 1, align-sorted
   \                     DPcode:
   \   00000000                      DS8 1

   \                                 In segment DATA_Z, align 2, align-sorted
   \                     bDpStep:
   \   00000000                      DS8 2

   \                                 In segment DATA_Z, align 1, align-sorted
   \                     LcdCol:
   \   00000000                      DS8 1

   \                                 In segment DATA_Z, align 1, align-sorted
   \                     LcdRow:
   \   00000000                      DS8 1
   1029          /**********************************************/
   1030          /* 1/16 page의 graphic image를 bLCDbuf에 로드 */
   1031          /* For Graphic Image only                     */
   1032          /**********************************************/

   \                                 In segment CODE, align 4, keep-with-next
   1033          void LCD_image_scan(char image)
   1034          {
   \                     LCD_image_scan:
   \   00000000   30B5               PUSH     {R4,R5,LR}
   1035            short add, start, end, imsi;
   1036            const unsigned char* ptr = 0;
   1037            
   1038            ImageWidth = 122;
   \   00000002   ....               LDR      R2,??DataTable54  ;; LcdBlock
   \   00000004   7A21               MOVS     R1,#+122
   \   00000006   1173               STRB     R1,[R2, #+12]
   1039            ImageHeight = 4;
   \   00000008   0421               MOVS     R1,#+4
   \   0000000A   5173               STRB     R1,[R2, #+13]
   1040            if (LcdBlock < 2)
   \   0000000C   1178               LDRB     R1,[R2, #+0]
   \   0000000E   0229               CMP      R1,#+2
   \   00000010   25D2               BCS      ??LCD_image_scan_0
   1041            {
   1042             if (LcdBlock) start = 61; else start = 0;
   \   00000012   0029               CMP      R1,#+0
   \   00000014   01D0               BEQ      ??LCD_image_scan_1
   \   00000016   3D23               MOVS     R3,#+61
   \   00000018   00E0               B        ??LCD_image_scan_2
   \                     ??LCD_image_scan_1:
   \   0000001A   0023               MOVS     R3,#+0
   1043             start = start + (LcdLine * LCD_LINE_SIZE);
   \                     ??LCD_image_scan_2:
   \   0000001C   0E24               MOVS     R4,#+14
   \   0000001E   125F               LDRSH    R2,[R2, R4]
   \   00000020   D401               LSLS     R4,R2,#+7
   \   00000022   1B19               ADDS     R3,R3,R4
   \   00000024   1B04               LSLS     R3,R3,#+16
   \   00000026   1B14               ASRS     R3,R3,#+16
   1044             end = start + 61;
   \   00000028   1C00               MOVS     R4,R3
   \   0000002A   3D34               ADDS     R4,R4,#+61
   \   0000002C   2404               LSLS     R4,R4,#+16
   \   0000002E   2414               ASRS     R4,R4,#+16
   1045             
   1046             imsi = LcdLine * ImageWidth;
   \   00000030   7A25               MOVS     R5,#+122
   \   00000032   6A43               MULS     R2,R5,R2
   \   00000034   1204               LSLS     R2,R2,#+16
   \   00000036   1214               ASRS     R2,R2,#+16
   1047             if (LcdBlock) imsi = imsi + 61;
   \   00000038   0029               CMP      R1,#+0
   \   0000003A   02D0               BEQ      ??LCD_image_scan_3
   \   0000003C   3D32               ADDS     R2,R2,#+61
   \   0000003E   1204               LSLS     R2,R2,#+16
   \   00000040   1214               ASRS     R2,R2,#+16
   1048             ptr = pImagePtr[image];
   1049             ptr = ptr + imsi;
   \                     ??LCD_image_scan_3:
   \   00000042   8000               LSLS     R0,R0,#+2
   \   00000044   0749               LDR      R1,??LCD_image_scan_4  ;; pImagePtr
   \   00000046   0858               LDR      R0,[R1, R0]
   \   00000048   8018               ADDS     R0,R0,R2
   1050            
   1051             for (add = start; add < end; add++) bLCDbuf[add] = *ptr++;
   \   0000004A   ....               LDR      R1,??DataTable53  ;; bLCDbuf
   \   0000004C   05E0               B        ??LCD_image_scan_5
   \                     ??LCD_image_scan_6:
   \   0000004E   0278               LDRB     R2,[R0, #+0]
   \   00000050   CA54               STRB     R2,[R1, R3]
   \   00000052   401C               ADDS     R0,R0,#+1
   \   00000054   5B1C               ADDS     R3,R3,#+1
   \   00000056   1B04               LSLS     R3,R3,#+16
   \   00000058   1B14               ASRS     R3,R3,#+16
   \                     ??LCD_image_scan_5:
   \   0000005A   A342               CMP      R3,R4
   \   0000005C   F7DB               BLT      ??LCD_image_scan_6
   1052            };
   1053          }
   \                     ??LCD_image_scan_0:
   \   0000005E   30BC               POP      {R4,R5}
   \   00000060   01BC               POP      {R0}
   \   00000062   0047               BX       R0               ;; return
   \                     ??LCD_image_scan_4:
   \   00000064   ........           DC32     pImagePtr
   1054          
   1055          /********************************************/
   1056          /*  Trasnfer video data for LCD scan        */
   1057          /*  Data transfer to LCD module from LCDbuf */
   1058          /*  For 128x64 Graphic LCD Module GM12641   */
   1059          /*  1/16 page transfer per one execute      */
   1060          /*  Scaning duration = 16 x 2 = 32 ms       */
   1061          /********************************************/ 

   \                                 In segment CODE, align 4, keep-with-next
   1062          void LCD_GM12641_scan(void)
   1063          {
   \                     LCD_GM12641_scan:
   \   00000000   F1B5               PUSH     {R0,R4-R7,LR}
   1064            short pos, lp;
   1065            unsigned char page;
   1066            
   1067            page = (unsigned char)(LCD_PAGE_ADD + LcdLine);  
   \   00000002   ....               LDR      R0,??DataTable54  ;; LcdBlock
   \   00000004   0E21               MOVS     R1,#+14
   \   00000006   415E               LDRSH    R1,[R0, R1]
   \   00000008   0C00               MOVS     R4,R1
   \   0000000A   B834               ADDS     R4,R4,#+184
   \   0000000C   2406               LSLS     R4,R4,#+24
   \   0000000E   240E               LSRS     R4,R4,#+24
   1068            
   1069            if (LcdBlock == 0)
   \   00000010   CD01               LSLS     R5,R1,#+7
   \   00000012   0078               LDRB     R0,[R0, #+0]
   \   00000014   ....               LDR      R6,??DataTable53  ;; bLCDbuf
   \   00000016   4027               MOVS     R7,#+64
   \   00000018   0028               CMP      R0,#+0
   \   0000001A   13D1               BNE      ??LCD_GM12641_scan_0
   1070             {
   1071                pos = LcdLine * LCD_LINE_SIZE;
   \   0000001C   2D04               LSLS     R5,R5,#+16
   \   0000001E   2D14               ASRS     R5,R5,#+16
   1072                LCD_cmd_write1(LCD_DP_START);
   \   00000020   C020               MOVS     R0,#+192
   \   00000022   ........           BL       LCD_cmd_write1
   1073                LCD_cmd_write1(page);
   \   00000026   2000               MOVS     R0,R4
   \   00000028   ........           BL       LCD_cmd_write1
   1074                LCD_cmd_write1(LCD_COL_ADD);	        // column = 0
   \   0000002C   4020               MOVS     R0,#+64
   \   0000002E   ........           BL       LCD_cmd_write1
   1075                for (lp = 0; lp < 64; lp++) LCD_data_write1(bLCDbuf[pos++]);
   \                     ??LCD_GM12641_scan_1:
   \   00000032   705D               LDRB     R0,[R6, R5]
   \   00000034   ........           BL       LCD_data_write1
   \   00000038   6D1C               ADDS     R5,R5,#+1
   \   0000003A   2D04               LSLS     R5,R5,#+16
   \   0000003C   2D14               ASRS     R5,R5,#+16
   \   0000003E   7F1E               SUBS     R7,R7,#+1
   \   00000040   16D0               BEQ      ??LCD_GM12641_scan_2
   \   00000042   F6E7               B        ??LCD_GM12641_scan_1
   1076              }
   1077              else if (LcdBlock == 1)
   \                     ??LCD_GM12641_scan_0:
   \   00000044   0128               CMP      R0,#+1
   \   00000046   13D1               BNE      ??LCD_GM12641_scan_2
   1078              { 
   1079                 pos = LcdLine * LCD_LINE_SIZE + 64;
   \   00000048   4035               ADDS     R5,R5,#+64
   \   0000004A   2D04               LSLS     R5,R5,#+16
   \   0000004C   2D14               ASRS     R5,R5,#+16
   1080                 LCD_cmd_write2(LCD_DP_START);
   \   0000004E   C020               MOVS     R0,#+192
   \   00000050   ........           BL       LCD_cmd_write2
   1081                 LCD_cmd_write2(page);
   \   00000054   2000               MOVS     R0,R4
   \   00000056   ........           BL       LCD_cmd_write2
   1082                 LCD_cmd_write2(LCD_COL_ADD);
   \   0000005A   4020               MOVS     R0,#+64
   \   0000005C   ........           BL       LCD_cmd_write2
   1083                 for (lp = 0; lp < 64; lp++) LCD_data_write2(bLCDbuf[pos++]);
   \                     ??LCD_GM12641_scan_3:
   \   00000060   705D               LDRB     R0,[R6, R5]
   \   00000062   ........           BL       LCD_data_write2
   \   00000066   6D1C               ADDS     R5,R5,#+1
   \   00000068   2D04               LSLS     R5,R5,#+16
   \   0000006A   2D14               ASRS     R5,R5,#+16
   \   0000006C   7F1E               SUBS     R7,R7,#+1
   \   0000006E   F7D1               BNE      ??LCD_GM12641_scan_3
   1084               }
   1085          }
   \                     ??LCD_GM12641_scan_2:
   \   00000070   ....               B.N      ??Subroutine52_0
   1086          
   1087          /**********************************************/
   1088          /*  Display Scanning Control                  */
   1089          /*  For 128x64 Graphic LCD Module GM12641     */
   1090          /*  DpScanNo(17-32): 1/4 page) LCD font load  */
   1091          /*   DpScanNo(1-16): 1/4 page data transfer   */
   1092          /*                             to LCD module  */
   1093          /*  1 page scan time : 16 x 2 = 32 ms         */
   1094          /*  Scan per one sec : 1000 / 32 = 31.25 Hz  */
   1095          /*  This function must located in main loop   */ 
   1096          /**********************************************/
   1097          /*
   1098          void display_scan(void)
   1099          { 
   1100            if (CursorUse) cursor_blink_control(); else Blink = 0;
   1101           
   1102              if (--DpScanNo == 0) DpScanNo = 16;
   1103              if (ImageMode) LCD_image_scan(ImageNo); 
   1104               else if (!FontStyle) LCD_line_load_6x8();
   1105               else LCD_line_load_8x16();
   1106          
   1107            LCD_GM12641_scan();
   1108            if (++LcdBlock > 1) 
   1109            {
   1110              LcdBlock = 0;
   1111              if (++LcdLine > 7) LcdLine = 0;
   1112             };
   1113          }
   1114          */
   1115          

   \                                 In segment CODE, align 4, keep-with-next
   1116          void display_scan(void)
   1117          { 
   \                     display_scan:
   \   00000000   31B5               PUSH     {R0,R4,R5,LR}
   1118           if (CursorUse) cursor_blink_control(); else Blink = 0;
   \   00000002   0024               MOVS     R4,#+0
   \   00000004   ....               LDR      R5,??DataTable54  ;; LcdBlock
   \   00000006   6879               LDRB     R0,[R5, #+5]
   \   00000008   0028               CMP      R0,#+0
   \   0000000A   02D0               BEQ      ??display_scan_0
   \   0000000C   ........           BL       cursor_blink_control
   \   00000010   00E0               B        ??display_scan_1
   \                     ??display_scan_0:
   \   00000012   AC71               STRB     R4,[R5, #+6]
   1119           
   1120           //if ((DpScanNo == 0)&(DpUpdate != 0))
   1121           //if (DpUpdate)
   1122           if (DpScanNo == 0)
   \                     ??display_scan_1:
   \   00000014   2979               LDRB     R1,[R5, #+4]
   \   00000016   0029               CMP      R1,#+0
   \   00000018   07D1               BNE      ??display_scan_2
   1123            {
   1124             DpUpdate = 0;
   \   0000001A   EC70               STRB     R4,[R5, #+3]
   1125             LcdBlock = 0;
   \   0000001C   2C70               STRB     R4,[R5, #+0]
   1126             LcdLine = 0; 
   \   0000001E   EC81               STRH     R4,[R5, #+14]
   1127             DpScanNo = 32;
   \   00000020   2020               MOVS     R0,#+32
   \   00000022   2871               STRB     R0,[R5, #+4]
   1128             LoadIndex = 0;
   \   00000024   6C70               STRB     R4,[R5, #+1]
   1129             sOldCode = 0;
   \   00000026   2C83               STRH     R4,[R5, #+24]
   \   00000028   26E0               B        ??display_scan_3
   1130            }  
   1131            else 
   1132            {
   1133             if (DpScanNo > 16)
   \                     ??display_scan_2:
   \   0000002A   481E               SUBS     R0,R1,#+1
   \   0000002C   1129               CMP      R1,#+17
   \   0000002E   2871               STRB     R0,[R5, #+4]
   \   00000030   0FD3               BCC      ??display_scan_4
   1134             {
   1135              DpScanNo--;
   1136              if (ImageMode) LCD_image_scan(ImageNo); 
   \   00000032   287A               LDRB     R0,[R5, #+8]
   \   00000034   0028               CMP      R0,#+0
   \   00000036   03D0               BEQ      ??display_scan_5
   \   00000038   687A               LDRB     R0,[R5, #+9]
   \   0000003A   ........           BL       LCD_image_scan
   \   0000003E   0AE0               B        ??display_scan_6
   1137               else if (!FontStyle) LCD_line_load_6x8();
   \                     ??display_scan_5:
   \   00000040   A878               LDRB     R0,[R5, #+2]
   \   00000042   0028               CMP      R0,#+0
   \   00000044   02D1               BNE      ??display_scan_7
   \   00000046   ........           BL       LCD_line_load_6x8
   \   0000004A   04E0               B        ??display_scan_6
   1138               else LCD_line_load_8x16();
   \                     ??display_scan_7:
   \   0000004C   ........           BL       LCD_line_load_8x16
   \   00000050   01E0               B        ??display_scan_6
   1139              }
   1140             else if (DpScanNo > 0)
   1141             {
   1142               DpScanNo--;
   1143               LCD_GM12641_scan();   
   \                     ??display_scan_4:
   \   00000052   ........           BL       LCD_GM12641_scan
   1144             }
   1145             if (++LcdBlock > 1) 
   \                     ??display_scan_6:
   \   00000056   2878               LDRB     R0,[R5, #+0]
   \   00000058   401C               ADDS     R0,R0,#+1
   \   0000005A   2870               STRB     R0,[R5, #+0]
   \   0000005C   0006               LSLS     R0,R0,#+24
   \   0000005E   000E               LSRS     R0,R0,#+24
   \   00000060   0228               CMP      R0,#+2
   \   00000062   09D3               BCC      ??display_scan_3
   1146              {
   1147               LcdBlock = 0;
   \   00000064   2C70               STRB     R4,[R5, #+0]
   1148               if (++LcdLine > 7) LcdLine = 0;
   \   00000066   0E20               MOVS     R0,#+14
   \   00000068   285E               LDRSH    R0,[R5, R0]
   \   0000006A   401C               ADDS     R0,R0,#+1
   \   0000006C   E881               STRH     R0,[R5, #+14]
   \   0000006E   0004               LSLS     R0,R0,#+16
   \   00000070   0014               ASRS     R0,R0,#+16
   \   00000072   0828               CMP      R0,#+8
   \   00000074   00DB               BLT      ??display_scan_3
   \   00000076   EC81               STRH     R4,[R5, #+14]
   1149              };
   1150            };
   1151          }
   \                     ??display_scan_3:
   \   00000078   ........           BL       ??Subroutine50_1
   1152          
   1153          #endif
   1154          
   1155          /********************************************/
   1156          /*  LCD module control Functions            */
   1157          /*  For 128x64 Graphic LCD Module GM123210  */
   1158          /********************************************/
   1159          #ifdef GM123210
   1160          /**********************************************/
   1161          /*  Display Scanning Control                  */
   1162          /*  For 122x32 Graphic LCD Module GM123210    */
   1163          /*  x0: 1 line(1/4 page) LCD font load        */
   1164          /*  x1: skip                                  */
   1165          /*  x2: 1/8 page data transfer to LCD module  */
   1166          /*  x3: skip                                  */
   1167          /*  1 page scan time : 16 x 2 = 32 ms         */
   1168          /*  Page Scan : 1000 / 32 = 31.25 Hz          */
   1169          /* This function must locate in main loop     */ 
   1170          /**********************************************/
   1171          // bDPbuf[]중 1line의 graphic image를 bLCDbuf에 로드
   1172          void LCD_image_load(char line, char image)
   1173          {
   1174            short add, start, end;
   1175            unsigned const char* ptr = 0;
   1176            line &= 0x03;
   1177            start = line * LCD_LINE_SIZE;
   1178            end = start + LCD_LINE_SIZE;
   1179          
   1180            ptr = pImagePtr[image];
   1181            ptr = ptr + start;
   1182            for (add = start; add < end; add++) bLCDbuf[add] = *ptr++;
   1183          }
   1184          
   1185          void LCD_GM12321_scan(void)
   1186          {
   1187            BYTE pos, page, ms, end, lp;
   1188            pos = bLCDpage * PAGE_SIZE;
   1189            end = pos + PAGE_SIZE;
   1190            ms = bLCDpage & 1;
   1191            page = (bLCDpage >> 1) + LCD_PAGE_ADD;
   1192            if (!ms) 
   1193               {
   1194                LCD_cmd_write1(page);
   1195                LCD_cmd_write1(0);
   1196                for (lp = pos; lp < end; lp++) LCD_data_write1(bLCDbuf[lp]);
   1197               }
   1198               else 
   1199                {
   1200                 LCD_cmd_write2(page);
   1201                 LCD_cmd_write2(0);
   1202                 for (lp = pos; lp < end; lp++) LCD_data_write2(bLCDbuf[lp]);
   1203                }
   1204            if (++bLCDpage >= 8) bLCDpage = 0;
   1205          }
   1206          
   1207          void display_scan(void)
   1208          {
   1209            if (CursorUse) cursor_blink_control(); else Blink = 0;
   1210            if (DpScanNo < DP_SCAN_TIME)
   1211            {
   1212              DpScanNo++;
   1213              if ((DpScanNo & 3) > 1) LCD_GM12321_scan();
   1214               else if ((DpScanNo & 3) == 0) 
   1215                if (ImageMode) LCD_image_load(DpScanNo >> 2, ImageNo);
   1216                 else LCD_line_load(DpScanNo >> 2, FontStyle);
   1217            } 
   1218            else 
   1219            {
   1220              if (DpUpdate) DpScanNo = 0;
   1221              if (DpUpdate == 1) DpUpdate++; else DpUpdate = 0;
   1222            }   
   1223          }
   1224          #endif
   1225          
   1226          /********************************************/
   1227          /*  LCD module control Functions            */
   1228          /*  For 128x64 Graphic LCD Module PG12864RU */
   1229          /********************************************/
   1230          #ifdef PG12864RU
   1231          /********************************************/
   1232          /*  Trasnfer video data for LCD scan        */
   1233          /*  For 128x64 Graphic LCD Module PG12864RU */
   1234          /*  Data transfer to LCD module from LCDbuf */
   1235          /*  1/16 page transfer per one execute      */
   1236          /*  Scaning duration = 16 x 2 = 32 ms       */
   1237          /********************************************/ 
   1238          void LCD_PG12864RU_scan(void)
   1239          {
   1240            short pos, lp;
   1241            unsigned char page;
   1242            
   1243            page = (unsigned char)(LCD_PAGE_ADD + LcdLine);  
   1244            
   1245            if (LcdBlock == 0)
   1246             {
   1247                pos = LcdLine * LCD_LINE_SIZE;
   1248                LCD_cmd_write1(page);
   1249                LCD_cmd_write1(LCD_COL_ADD);	        // column = 0
   1250                for (lp = 0; lp < 64; lp++) LCD_data_write1(bLCDbuf[pos++]);
   1251              }
   1252              else if (LcdBlock == 1)
   1253              { 
   1254                 pos = LcdLine * LCD_LINE_SIZE + 64;
   1255                 LCD_cmd_write2(page);
   1256                 LCD_cmd_write2(LCD_COL_ADD);
   1257                 for (lp = 0; lp < 64; lp++) LCD_data_write2(bLCDbuf[pos++]);
   1258               }
   1259          }
   1260          
   1261          /**********************************************/
   1262          /*  Display Scanning Control                  */
   1263          /*  For 128x64 Graphic LCD Module PG12864RU   */
   1264          /*  x0: 1 line(1/4 page) LCD font load        */
   1265          /*  x1: skip                                  */
   1266          /*  x2: 1/8 page data transfer to LCD module  */
   1267          /*  x3: skip                                  */
   1268          /*  1 page scan time : 12 x 4 = 48 ms         */
   1269          /*  Scan per one sec : 1000 / 48 = 20.83 Hz   */
   1270          /* This function must locate in main loop     */ 
   1271          /**********************************************/
   1272          void display_scan(void)
   1273          { 
   1274           //if (CursorUse) cursor_blink_control(); else Blink = 0;
   1275           
   1276            if (DpUpdate)
   1277            {
   1278             DpUpdate = 0;
   1279             LcdBlock = 0;
   1280             LcdLine = 0; 
   1281             DpScanNo = 16;
   1282             LoadIndex = 0;
   1283             //OldCode = 0;
   1284            }  
   1285            else 
   1286            {
   1287             if (DpScanNo > 16)
   1288             {
   1289              DpScanNo--;
   1290              if (ImageMode) LCD_image_scan(ImageNo); 
   1291               else if (!FontStyle) LCD_line_load_6x8();
   1292               else LCD_line_load_8x16();
   1293              }
   1294              //else if (DpScanNo)
   1295              //{
   1296              // DpScanNo--;
   1297              // LCD_PG12864RU_scan();
   1298              //};
   1299              LCD_PG12864RU_scan();
   1300              if (++LcdBlock > 1) 
   1301               {
   1302                LcdBlock = 0;
   1303                if (++LcdLine > 7) LcdLine = 0;
   1304               };
   1305            };    
   1306          }
   1307          #endif
   1308          
   1309          /********************************************/
   1310          /*  1 byte read to LCD module               */
   1311          /*  data : read date return                 */
   1312          /*  sel  : 1-display data, 0-command        */
   1313          /*  ms   : 1-Master(CS1:1), 0-Slave(CS2:1)  */
   1314          /********************************************/

   \                                 In segment CODE, align 4, keep-with-next
   1315          BYTE LCD_byte_read(BYTE sel, BYTE ms)
   1316          {
   \                     LCD_byte_read:
   \   00000000   F1B5               PUSH     {R0,R4-R7,LR}
   1317            BYTE data;
   1318            unsigned int pioms, piosel;
   1319            pio_set( PIOB, LCD_A0|LCD_CS1|LCD_CS2|LCD_RW|LCD_RST ) ;
   \   00000002   ....               LDR      R4,??DataTable55  ;; 0xfffff630
   \   00000004   F825               MOVS     R5,#+248
   \   00000006   2D03               LSLS     R5,R5,#+12       ;; #+1015808
   \   00000008   2560               STR      R5,[R4, #+0]
   1320            if (ms) pioms = LCD_CS1; else pioms = LCD_CS2;
   \   0000000A   0029               CMP      R1,#+0
   \   0000000C   02D0               BEQ      ??LCD_byte_read_0
   \   0000000E   8026               MOVS     R6,#+128
   \   00000010   B602               LSLS     R6,R6,#+10       ;; #+131072
   \   00000012   01E0               B        ??LCD_byte_read_1
   \                     ??LCD_byte_read_0:
   \   00000014   8026               MOVS     R6,#+128
   \   00000016   F602               LSLS     R6,R6,#+11       ;; #+262144
   1321            pio_clear( PIOB, pioms ) ;    // E : low
   \                     ??LCD_byte_read_1:
   \   00000018   ....               LDR      R7,??DataTable56  ;; 0xfffff634
   \   0000001A   3E60               STR      R6,[R7, #+0]
   1322            if (sel) piosel = LCD_A0|LCD_RW; else piosel = LCD_RW;
   \   0000001C   0028               CMP      R0,#+0
   \   0000001E   01D0               BEQ      ??LCD_byte_read_2
   \   00000020   9020               MOVS     R0,#+144
   \   00000022   00E0               B.N      ??LCD_byte_read_3
   \                     ??LCD_byte_read_2:
   \   00000024   8020               MOVS     R0,#+128
   \                     ??LCD_byte_read_3:
   \   00000026   0003               LSLS     R0,R0,#+12       ;; #+524288
   1323            pio_clear( PIOB, piosel ) ;   // RW : low
   \   00000028   3860               STR      R0,[R7, #+0]
   1324            delay_us(1);
   \   0000002A   0120               MOVS     R0,#+1
   \   0000002C   ........           _BLF     delay_us,??delay_us??rT
   1325            pio_set( PIOB, pioms );       // E : High
   \   00000030   2660               STR      R6,[R4, #+0]
   1326            delay_us(1);
   \   00000032   0120               MOVS     R0,#+1
   \   00000034   ........           _BLF     delay_us,??delay_us??rT
   1327            data = AT91F_PIO_GetInput( PIOB );        // data read
   \   00000038   0448               LDR      R0,??LCD_byte_read_4  ;; 0xfffff63c
   \   0000003A   0068               LDR      R0,[R0, #+0]
   \   0000003C   0004               LSLS     R0,R0,#+16
   \   0000003E   000C               LSRS     R0,R0,#+16
   1328            pio_clear( PIOB, pioms ) ;    // E : low
   \   00000040   3E60               STR      R6,[R7, #+0]
   1329            pio_set( PIOB, LCD_A0|LCD_CS1|LCD_CS2|LCD_RW|LCD_RST ) ;
   \   00000042   2560               STR      R5,[R4, #+0]
   1330            return data;
   \   00000044   F8BC               POP      {R3-R7}
   \   00000046   02BC               POP      {R1}
   \   00000048   0847               BX       R1               ;; return
   \   0000004A   C046               Nop      
   \                     ??LCD_byte_read_4:
   \   0000004C   3CF6FFFF           DC32     0xfffff63c
   1331          }
   1332          
   1333          
   1334          /********************************************/
   1335          /*     LCD module status read               */
   1336          /*  b7- BUSY  1:Busy, 0:Ready               */
   1337          /*  b6- ADC   1:CW out, 0:CCW out           */
   1338          /*  b5- ONOFF 1:LCD OFF 0:LCD ON            */
   1339          /*  b4- RESER 1:Being Reset 0:Normal        */
   1340          /*  b3- b0: Not use                         */
   1341          /*  ms   : 1-Master(CS1:1), 0-Slave(CS2:1)  */
   1342          /********************************************/

   \                                 In segment CODE, align 4, keep-with-next
   1343          BYTE LCD_status_read(BYTE ms)
   1344          {
   \                     LCD_status_read:
   \   00000000   01B5               PUSH     {R0,LR}
   1345            BYTE status;
   1346            status = LCD_byte_read(0,ms);
   \   00000002   0100               MOVS     R1,R0
   \   00000004   0020               MOVS     R0,#+0
   \   00000006   ....               B.N      ?Subroutine57
   1347            return status;
   1348          }

   \                                 In segment CODE, align 4, keep-with-next
   \                     ?Subroutine57:
   \   00000000   ........           BL       LCD_byte_read
   \   00000004   08BC               POP      {R3}
   \   00000006   02BC               POP      {R1}
   \   00000008   0847               BX       R1               ;; return
   1349          
   1350          // LCD module display data read

   \                                 In segment CODE, align 4, keep-with-next
   1351          BYTE LCD_data_read(BYTE ms)
   1352          {
   \                     LCD_data_read:
   \   00000000   01B5               PUSH     {R0,LR}
   1353            BYTE status;
   1354            status = LCD_byte_read(1,ms);
   \   00000002   0100               MOVS     R1,R0
   \   00000004   0120               MOVS     R0,#+1
   \   00000006   C046               Nop      
   \   00000008                      REQUIRE ?Subroutine57
   \   00000008                      ;; // Fall through to label ?Subroutine57
   1355            return status;
   1356          }

   \                                 In segment CODE, align 4, keep-with-next
   \                     ??DataTable10:
   \   00000000   34F6FFFF           DC32     0xfffff634

   \                                 In segment CODE, align 4, keep-with-next
   \                     ??DataTable11:
   \   00000000   30F6FFFF           DC32     0xfffff630

   \                                 In segment CODE, align 4, keep-with-next
   \                     ??DataTable16:
   \   00000000   ........           DC32     bLCDbuf

   \                                 In segment CODE, align 4, keep-with-next
   \                     ??DataTable19:
   \   00000000   ........           DC32     sDPbuf

   \                                 In segment CODE, align 4, keep-with-next
   \                     ??DataTable21:
   \   00000000   ........           DC32     LcdBlock + 2

   \                                 In segment CODE, align 4, keep-with-next
   \                     ??DataTable22:
   \   00000000   ........           DC32     LcdBlock

   \                                 In segment CODE, align 4, keep-with-next
   \                     ??DataTable36:
   \   00000000   ........           DC32     sDPbuf

   \                                 In segment CODE, align 4, keep-with-next
   \                     ??DataTable37:
   \   00000000   ........           DC32     LcdBlock

   \                                 In segment CODE, align 4, keep-with-next
   \                     ??DataTable38:
   \   00000000   ........           DC32     bLCDbuf

   \                                 In segment CODE, align 4, keep-with-next
   \                     ??DataTable39:
   \   00000000   30F6FFFF           DC32     0xfffff630

   \                                 In segment CODE, align 4, keep-with-next
   \                     ??DataTable40:
   \   00000000   34F6FFFF           DC32     0xfffff634

   \                                 In segment CODE, align 4, keep-with-next
   \                     ??DataTable42:
   \   00000000   ........           DC32     LcdBlock + 2

   \                                 In segment CODE, align 4, keep-with-next
   \                     ??DataTable48:
   \   00000000   ........           DC32     sDPbuf

   \                                 In segment CODE, align 4, keep-with-next
   \                     ??DataTable49:
   \   00000000   ........           DC32     LcdBlock

   \                                 In segment CODE, align 4, keep-with-next
   \                     ??DataTable53:
   \   00000000   ........           DC32     bLCDbuf

   \                                 In segment CODE, align 4, keep-with-next
   \                     ??DataTable54:
   \   00000000   ........           DC32     LcdBlock

   \                                 In segment CODE, align 4, keep-with-next
   \                     ??DataTable55:
   \   00000000   30F6FFFF           DC32     0xfffff630

   \                                 In segment CODE, align 4, keep-with-next
   \                     ??DataTable56:
   \   00000000   34F6FFFF           DC32     0xfffff634

   Maximum stack usage in bytes:

     Function               CSTACK
     --------               ------
     DPbuf_clear                8
     LCD_GM12641_scan          24
     LCD_byte_read             24
     LCD_carrige_return         8
     LCD_cmd_write1            16
     LCD_cmd_write2            16
     LCD_data_read              8
     LCD_data_write1           16
     LCD_data_write2           16
     LCD_fill                  24
     LCD_font6x7_load          20
     LCD_font8x16_load         24
     LCD_hangul_font16_load    24
     LCD_hangul_font_load       8
     LCD_hard_reset            16
     LCD_image_scan            12
     LCD_init                   8
     LCD_line_feed              8
     LCD_line_load             16
     LCD_line_load_6x8         16
     LCD_line_load_8x16        24
     LCD_onoff                  8
     LCD_status_read            8
     LCD_test                  24
     LCD_write                 16
     LCDbuf_clear               4
     LCDbuf_test                4
     control_code_display       8
     cursor_blink_control       8
     cursor_move_down          24
     cursor_move_home           0
     cursor_move_left           8
     cursor_move_right         24
     cursor_move_start          0
     cursor_move_up             8
     delay_lcd                  4
     display_buffer_scroll     24
     display_mode               8
     display_page               4
     display_scan              16
     display_size               4
     goto_cursor               16
     print_byte2ascii           8
     print_int2ascii            8
     print_int2bcdascii        24
     print_short2ascii         16
     putchar_dp                24
     putchar_lcd                8
     screen_clear               8
     set_cursor_h               8


   Segment part sizes:

     Function/Label         Bytes
     --------------         -----
     bLCDbuf                1032
     sDPbuf                  672
     LCDpage                   1
     LCD_hard_reset           28
     ?Subroutine50            20
     delay_lcd                20
     LCD_write                46
     ?Subroutine51            12
     LCD_cmd_write1           32
     LCD_cmd_write2           32
     LCD_data_write1          36
     LCD_data_write2          36
     LCD_fill                102
     ?Subroutine52            10
     LCD_test                148
     LCD_font6x7_load        152
     LCD_font8x16_load       176
     LCD_hangul_font16_load  156
     LCD_hangul_font_load     64
     ?Subroutine53            16
     display_buffer_scroll   116
     display_size             26
     ?Subroutine54             8
     display_page             24
     goto_cursor              36
     set_cursor_h             40
     cursor_move_left         34
     ?Subroutine55            10
     cursor_move_up           40
     cursor_move_right        66
     cursor_move_down         76
     cursor_move_home          8
     ?Subroutine56             6
     cursor_move_start         8
     LCD_line_feed            34
     LCD_carrige_return       28
     putchar_dp              172
     LCDbuf_clear             36
     DPbuf_clear              34
     screen_clear             28
     LCDbuf_test              26
     LCD_onoff                26
     LCD_init                 60
     display_mode             20
     print_byte2ascii         30
     print_short2ascii        64
     print_int2ascii          28
     print_int2bcdascii      152
     control_code_display     94
     putchar_lcd              44
     LCD_line_load            70
     LCD_line_load_6x8        82
     LCD_line_load_8x16       96
     cursor_blink_control     42
     LcdBlock                 26
     bCursorDP                 2
     bLCDpage                  2
     FontWidth                 1
     DPcode                    1
     bDpStep                   2
     LcdCol                    1
     LcdRow                    1
     LCD_image_scan          104
     LCD_GM12641_scan        114
     display_scan            124
     LCD_byte_read            80
     LCD_status_read           8
     ?Subroutine57            10
     LCD_data_read             8
     ??DataTable10             4
     ??DataTable11             4
     ??DataTable16             4
     ??DataTable19             4
     ??DataTable21             4
     ??DataTable22             4
     ??DataTable36             4
     ??DataTable37             4
     ??DataTable38             4
     ??DataTable39             4
     ??DataTable40             4
     ??DataTable42             4
     ??DataTable48             4
     ??DataTable49             4
     ??DataTable53             4
     ??DataTable54             4
     ??DataTable55             4
     ??DataTable56             4
      Others                 452

 
 3 710 bytes in segment CODE
 1 741 bytes in segment DATA_Z
    12 bytes in segment INITTAB
 
 3 270 bytes of CODE memory (+ 452 bytes shared)
 1 741 bytes of DATA memory

Errors: none
Warnings: none
