##############################################################################
#                                                                            #
# IAR ARM ANSI C/C++ Compiler V4.40A/W32 EVALUATION    29/May/2007  12:00:12 #
# Copyright 1999-2005 IAR Systems. All rights reserved.                      #
#                                                                            #
#    Cpu mode        =  interwork                                            #
#    Endian          =  little                                               #
#    Stack alignment =  4                                                    #
#    Source file     =  C:\E-pia\EpiaLoadMonit_v01\EpiaLoadMonit\src\EpiaGat #
#                       e_ZigBee.c                                           #
#    Command line    =  C:\E-pia\EpiaLoadMonit_v01\EpiaLoadMonit\src\EpiaGat #
#                       e_ZigBee.c -lC C:\E-pia\EpiaLoadMonit_v01\EpiaLoadMo #
#                       nit\compil\Debug\List\ -o                            #
#                       C:\E-pia\EpiaLoadMonit_v01\EpiaLoadMonit\compil\Debu #
#                       g\Obj\ -z9 --debug --cpu_mode thumb --endian little  #
#                       --cpu ARM7TDMI --stack_align 4 --interwork -e --fpu  #
#                       None --dlib_config "C:\Program Files\IAR             #
#                       Systems\Embedded Workbench 4.0                       #
#                       Evaluation\ARM\LIB\dl4tptinl8n.h" -I                 #
#                       C:\E-pia\EpiaLoadMonit_v01\EpiaLoadMonit\compil\srcI #
#                       AR\ -I C:\E-pia\EpiaLoadMonit_v01\EpiaLoadMonit\comp #
#                       il\..\src\ -I C:\E-pia\EpiaLoadMonit_v01\EpiaLoadMon #
#                       it\compil\..\..\ -I "C:\Program Files\IAR            #
#                       Systems\Embedded Workbench 4.0 Evaluation\ARM\INC\"  #
#    List file       =  C:\E-pia\EpiaLoadMonit_v01\EpiaLoadMonit\compil\Debu #
#                       g\List\EpiaGate_ZigBee.lst                           #
#    Object file     =  C:\E-pia\EpiaLoadMonit_v01\EpiaLoadMonit\compil\Debu #
#                       g\Obj\EpiaGate_ZigBee.r79                            #
#                                                                            #
#                                                                            #
##############################################################################

C:\E-pia\EpiaLoadMonit_v01\EpiaLoadMonit\src\EpiaGate_ZigBee.c
      1          // ----------------------------------------------------------------------------
      2          //         Epiatech co,. LTD  -  Lee Y k  -
      3          // ----------------------------------------------------------------------------
      4          // File Name           : EpiaGate_ZigBee.c
      5          // Object              : EpiaGate Test Kit ZigBee Coordinator Module link Function
      6          // Creation            : 2006-12-22
      7          // ----------------------------------------------------------------------------
      8          
      9          // Include Standard LIB  files
     10          #include "project.h"
     11          
     12          #define RX_SIZE_PC        35
     13          #define DATA_SIZE_PC      16
     14          //#define MAX_TX_PROCESS    10    // Max Tx Process no for PC
     15          //#define PACKET_BUF_SIZE   64    // packet buffer size per Tx Process
     16          
     17          #define STX_ZB      0xAA
     18          #define ETX_ZB      0x55
     19          // LAYER: ZigBee Layer Identifier
     20          #define APP_LAYER   0x80    // Application layer
     21          #define APS_LAYER   0x10    // Application Support layer
     22          #define NWK_LAYER   0x20    // Network layer
     23          #define MAC_LAYER   0x30    // MAC layer
     24          #define PHY_LAYER   0x40    // Physical layer
     25          #define COMM_LAYER  0x01    // Communication layer
     26          // OPCADE: Primitive function identifier for each layer
     27          // TYPE: Packet Type Identifier
     28          #define REQUEST     0x10    // Request Packet
     29          #define CONFIRM     0x11    // Confirm packet for Request packet
     30          #define INDICATION  0x12    // Indication Packet
     31          #define RESPONSE    0x13    // Response packet, Not Use
     32          
     33          // Default ZigBee Parameter 
     34          #define SCAN_CHANNEL		0x0B
     35          #define SCAN_DURATION		0x02
     36          #define BEACON_ORDER		0x0F
     37          #define SUPERFRAME_ORDER	0x0F
     38          #define BATTERY_LIFE		0
     39          #define PANID			0x1234
     40          #define BATTERY_LIFE		0
     41          #define	ZCM_VERSION		0x20
     42          
     43          NLDME_PACKET  P_NWK;
     44          API_SERIAL_PACKET TxSerialPkt;
     45          API_SERIAL_PACKET *pOutPkt = &TxSerialPkt;
     46            
     47          UINT8	ScanChannel;
     48          UINT8	ScanDuration;
     49          UINT8	BeaconOrder;
     50          UINT8	SuperframeOrder;
     51          UINT8	BatteryLife;
     52          UINT8	ZEDaddress[8] = {0x0B, 0, 0, 0xA0, 0, 0x51, 0x15, 0};
     53          UINT8	ZEDaddress16[8] = {0x01, 0, 0, 0, 0, 0, 0, 0};
     54          UINT16	sPanID;
     55          UINT8	BatteryLife;
     56          UINT8	ZCMversion;
     57          UINT8	PermitDuration;
     58          
     59          char	ZCMerr;
     60          char	ZCMdebug;
     61          
     62          unsigned short sStepZBrx;
     63          

   \                                 In segment CODE, align 4, keep-with-next
     64          void ZigBee_parameter_init(void)
     65          {
   \                     ZigBee_parameter_init:
   \   00000000   10B4               PUSH     {R4}
     66            UINT32	ui;
     67            ScanChannel = SCAN_CHANNEL;
   \   00000002   0F4A               LDR      R2,??ZigBee_parameter_init_0  ;; ScanChannel
   \   00000004   0B20               MOVS     R0,#+11
   \   00000006   1070               STRB     R0,[R2, #+0]
     68            BeaconOrder = BEACON_ORDER;
   \   00000008   0F20               MOVS     R0,#+15
   \   0000000A   9070               STRB     R0,[R2, #+2]
     69            ScanDuration = SCAN_DURATION;
   \   0000000C   0221               MOVS     R1,#+2
   \   0000000E   5170               STRB     R1,[R2, #+1]
     70            SuperframeOrder = SUPERFRAME_ORDER;
   \   00000010   D070               STRB     R0,[R2, #+3]
     71            sPanID = 	PANID;
   \   00000012   0C4B               LDR      R3,??ZigBee_parameter_init_0+0x4  ;; 0x1234
   \   00000014   D381               STRH     R3,[R2, #+14]
     72            BatteryLife = BATTERY_LIFE;
   \   00000016   0023               MOVS     R3,#+0
   \   00000018   1371               STRB     R3,[R2, #+4]
     73            ZCMversion = ZCM_VERSION;
   \   0000001A   2024               MOVS     R4,#+32
   \   0000001C   5471               STRB     R4,[R2, #+5]
     74            PermitDuration = 0xFF;
   \   0000001E   FF24               MOVS     R4,#+255
   \   00000020   9471               STRB     R4,[R2, #+6]
     75            ui = (UINT32)0x01 << 11;
     76            P_NWK.NLME_NETWORK_FORMATION_req.ScanChannels[0] = ui;
   \   00000022   ....               LDR      R2,??DataTable16  ;; P_NWK
   \   00000024   1370               STRB     R3,[R2, #+0]
     77            P_NWK.NLME_NETWORK_FORMATION_req.ScanChannels[1] = ui>>8;
   \   00000026   0824               MOVS     R4,#+8
   \   00000028   5470               STRB     R4,[R2, #+1]
     78            P_NWK.NLME_NETWORK_FORMATION_req.ScanChannels[2] = ui>>16;
   \   0000002A   5380               STRH     R3,[R2, #+2]
     79            P_NWK.NLME_NETWORK_FORMATION_req.ScanChannels[3] = ui>>24;
     80            P_NWK.NLME_NETWORK_FORMATION_req.ScanDuration = 2;
   \   0000002C   1171               STRB     R1,[R2, #+4]
     81            P_NWK.NLME_NETWORK_FORMATION_req.BeaconOrder = 0x0F;
   \   0000002E   5071               STRB     R0,[R2, #+5]
     82            P_NWK.NLME_NETWORK_FORMATION_req.SuperframeOrder = 0x0F;
   \   00000030   9071               STRB     R0,[R2, #+6]
     83            P_NWK.NLME_NETWORK_FORMATION_req.PANId[0] = 0x34;
   \   00000032   3420               MOVS     R0,#+52
   \   00000034   D071               STRB     R0,[R2, #+7]
     84            P_NWK.NLME_NETWORK_FORMATION_req.PANId[1] = 0x12;
   \   00000036   1220               MOVS     R0,#+18
   \   00000038   1072               STRB     R0,[R2, #+8]
     85            P_NWK.NLME_NETWORK_FORMATION_req.BatteryLifeExtension = 0;
   \   0000003A   5372               STRB     R3,[R2, #+9]
     86          }
   \   0000003C   10BC               POP      {R4}
   \   0000003E   7047               BX       LR               ;; return
   \                     ??ZigBee_parameter_init_0:
   \   00000040   ........           DC32     ScanChannel
   \   00000044   34120000           DC32     0x1234
     87            

   \                                 In segment CODE, align 4, keep-with-next
     88          void ZCM_reset(void)
     89          {
   \                     ZCM_reset:
   \   00000000   10B5               PUSH     {R4,LR}
     90            com0_mode_set(38400,'N',8,1);
   \   00000002   0123               MOVS     R3,#+1
   \   00000004   0822               MOVS     R2,#+8
   \   00000006   4E21               MOVS     R1,#+78
   \   00000008   9620               MOVS     R0,#+150
   \   0000000A   0002               LSLS     R0,R0,#+8        ;; #+38400
   \   0000000C   ........           _BLF     com0_mode_set,??com0_mode_set??rT
     91            pio_clear(PIOB, RF_ISP);
   \   00000010   ....               LDR      R0,??DataTable1  ;; 0xfffff634
   \   00000012   8021               MOVS     R1,#+128
   \   00000014   C900               LSLS     R1,R1,#+3        ;; #+1024
   \   00000016   0160               STR      R1,[R0, #+0]
     92            pio_clear(PIOA, RF_RST);
   \   00000018   0424               MOVS     R4,#+4
   \   0000001A   ....               LDR      R0,??DataTable4  ;; 0xfffff434
   \   0000001C   0460               STR      R4,[R0, #+0]
     93            delay_us(1000);
   \   0000001E   FA20               MOVS     R0,#+250
   \   00000020   8000               LSLS     R0,R0,#+2        ;; #+1000
   \   00000022   ....               B.N      ?Subroutine20
     94            pio_set( PIOA, RF_RST);
     95          }

   \                                 In segment CODE, align 4, keep-with-next
   \                     ?Subroutine20:
   \   00000000   ........           _BLF     delay_us,??delay_us??rT
   \   00000004   ....               LDR      R0,??DataTable5  ;; 0xfffff430
   \   00000006   0460               STR      R4,[R0, #+0]
   \                     ??Subroutine20_0:
   \   00000008   10BC               POP      {R4}
   \   0000000A   01BC               POP      {R0}
   \   0000000C   0047               BX       R0               ;; return
   \   0000000E   C046               Nop      
   \                     ??Subroutine20_1:
   \   00000010   B80B0000           DC32     0xbb8
     96          

   \                                 In segment CODE, align 4, keep-with-next
     97          void ZCM_isp_reset(void)
     98          {
   \                     ZCM_isp_reset:
   \   00000000   10B5               PUSH     {R4,LR}
     99            com0_mode_set(115200,'N',8,2);
   \   00000002   0223               MOVS     R3,#+2
   \   00000004   0822               MOVS     R2,#+8
   \   00000006   4E21               MOVS     R1,#+78
   \   00000008   E120               MOVS     R0,#+225
   \   0000000A   4002               LSLS     R0,R0,#+9        ;; #+115200
   \   0000000C   ........           _BLF     com0_mode_set,??com0_mode_set??rT
    100            pio_set(PIOB, RF_ISP);
   \   00000010   ....               LDR      R0,??DataTable3  ;; 0xfffff630
   \   00000012   8021               MOVS     R1,#+128
   \   00000014   C900               LSLS     R1,R1,#+3        ;; #+1024
   \   00000016   0160               STR      R1,[R0, #+0]
    101            pio_clear(PIOA, RF_RST);
   \   00000018   0424               MOVS     R4,#+4
   \   0000001A   ....               LDR      R0,??DataTable4  ;; 0xfffff434
   \   0000001C   0460               STR      R4,[R0, #+0]
    102            delay_us(3000);
   \   0000001E   ....               LDR      R0,??Subroutine20_1  ;; 0xbb8
   \   00000020                      REQUIRE ?Subroutine20
   \   00000020                      ;; // Fall through to label ?Subroutine20
    103            pio_set( PIOA, RF_RST);
    104          }
    105          

   \                                 In segment CODE, align 4, keep-with-next
    106          void put_serial_write(char *Ptr, char size)
    107          {
   \                     put_serial_write:
   \   00000000   F2B5               PUSH     {R1,R4-R7,LR}
   \   00000002   0400               MOVS     R4,R0
    108            char csum = 0;
   \   00000004   0025               MOVS     R5,#+0
    109            char i;
    110            //
    111            // Serial Write
    112            //
    113            putchar0(STX_ZB);       printf("\n%02X ",STX_ZB);
   \   00000006   AA20               MOVS     R0,#+170
   \   00000008   ........           _BLF     putchar0,??putchar0??rT
   \   0000000C   ....               LDR      R6,??DataTable6  ;; `?<Constant "\\nED>Rx:%02dbyte Err:%02d">`
   \   0000000E   AA21               MOVS     R1,#+170
   \   00000010   9E20               MOVS     R0,#+158
   \   00000012   8000               LSLS     R0,R0,#+2        ;; #+632
   \   00000014   3018               ADDS     R0,R6,R0
   \   00000016   ........           _BLF     printf,??printf??rT
    114            putchar0(size); printf("%02X ", size);
   \   0000001A   6846               MOV      R0,SP
   \   0000001C   0078               LDRB     R0,[R0, #+0]
   \   0000001E   ........           _BLF     putchar0,??putchar0??rT
   \   00000022   6846               MOV      R0,SP
   \   00000024   0178               LDRB     R1,[R0, #+0]
   \   00000026   3000               MOVS     R0,R6
   \   00000028   2C30               ADDS     R0,R0,#+44
   \   0000002A   ........           _BLF     printf,??printf??rT
    115            for (i = 0; i < size; i++)
   \   0000002E   0027               MOVS     R7,#+0
   \   00000030   0FE0               B        ??put_serial_write_0
    116            {
    117              putchar0(*Ptr);       printf("%02X ", *Ptr);
   \                     ??put_serial_write_1:
   \   00000032   2078               LDRB     R0,[R4, #+0]
   \   00000034   ........           _BLF     putchar0,??putchar0??rT
   \   00000038   2178               LDRB     R1,[R4, #+0]
   \   0000003A   3000               MOVS     R0,R6
   \   0000003C   2C30               ADDS     R0,R0,#+44
   \   0000003E   ........           _BLF     printf,??printf??rT
    118              csum += *Ptr;
   \   00000042   2078               LDRB     R0,[R4, #+0]
   \   00000044   2D18               ADDS     R5,R5,R0
   \   00000046   2D06               LSLS     R5,R5,#+24
   \   00000048   2D0E               LSRS     R5,R5,#+24
    119              Ptr++;
   \   0000004A   641C               ADDS     R4,R4,#+1
    120            }
   \   0000004C   7F1C               ADDS     R7,R7,#+1
   \   0000004E   3F06               LSLS     R7,R7,#+24
   \   00000050   3F0E               LSRS     R7,R7,#+24
   \                     ??put_serial_write_0:
   \   00000052   6946               MOV      R1,SP
   \   00000054   0978               LDRB     R1,[R1, #+0]
   \   00000056   8F42               CMP      R7,R1
   \   00000058   EBD3               BCC      ??put_serial_write_1
    121            putchar0(csum);         printf("%02X ", csum);
   \   0000005A   2800               MOVS     R0,R5
   \   0000005C   ........           _BLF     putchar0,??putchar0??rT
   \   00000060   2900               MOVS     R1,R5
   \   00000062   3000               MOVS     R0,R6
   \   00000064   2C30               ADDS     R0,R0,#+44
   \   00000066   ........           _BLF     printf,??printf??rT
    122            putchar0(ETX_ZB);       printf("%02X ",ETX_ZB);
   \   0000006A   5520               MOVS     R0,#+85
   \   0000006C   ........           _BLF     putchar0,??putchar0??rT
   \   00000070   5521               MOVS     R1,#+85
   \   00000072   2C36               ADDS     R6,R6,#+44
   \   00000074   3000               MOVS     R0,R6
   \   00000076   ........           _BLF     printf,??printf??rT
    123          }
   \   0000007A   ....               B.N      ?Subroutine21

   \                                 In segment CODE, align 4, keep-with-next
   \                     ?Subroutine21:
   \   00000000   F8BC               POP      {R3-R7}
   \   00000002   01BC               POP      {R0}
   \   00000004   0047               BX       R0               ;; return
   \   00000006   C046               Nop      
   \                     ??Subroutine21_0:
   \   00000008   ........           DC32     ScanChannel + 8
   \   0000000C   ........           DC32     ScanChannel + 8
   \   00000010   ........           DC32     ScanChannel + 8
   \   00000014   ........           DC32     ScanChannel + 8
   \   00000018   ........           DC32     ScanChannel + 8
    124          

   \                                 In segment CODE, align 4, keep-with-next
    125          void int2byte(char *Ptr, unsigned int i)
    126          {
    127            *Ptr++ = i;
   \                     int2byte:
   \   00000000   0170               STRB     R1,[R0, #+0]
   \   00000002   090A               LSRS     R1,R1,#+8
   \   00000004   4170               STRB     R1,[R0, #+1]
   \   00000006   801C               ADDS     R0,R0,#+2
    128            *Ptr++ = i>>8;
    129            *Ptr++ = i>>8;
   \   00000008   0170               STRB     R1,[R0, #+0]
    130            *Ptr++ = i>>8;
   \   0000000A   4170               STRB     R1,[R0, #+1]
    131          }
   \   0000000C   7047               BX       LR               ;; return
    132          

   \                                 In segment CODE, align 4, keep-with-next
    133          void put_packet0(UINT8 *ps, char size)
    134          {
   \                     put_packet0:
   \   00000000   F2B5               PUSH     {R1,R4-R7,LR}
   \   00000002   0400               MOVS     R4,R0
    135            unsigned char lp, sum, data;
    136            sum = 0;
   \   00000004   0025               MOVS     R5,#+0
   \   00000006   0026               MOVS     R6,#+0
    137            putchar0(STX_ZB); if (ZCMdebug) printf("%02X ", STX_ZB);
   \   00000008   AA20               MOVS     R0,#+170
   \   0000000A   ........           _BLF     putchar0,??putchar0??rT
   \   0000000E   ....               LDR      R0,??Subroutine21_0  ;; ScanChannel + 8
   \   00000010   0078               LDRB     R0,[R0, #+0]
   \   00000012   0028               CMP      R0,#+0
   \   00000014   03D0               BEQ      ??put_packet0_0
   \   00000016   AA21               MOVS     R1,#+170
   \   00000018   ....               LDR      R0,??DataTable22  ;; `?<Constant "\\nED>Rx:%02dbyte Err:%02d">` + 44
   \   0000001A   ........           _BLF     printf,??printf??rT
    138            putchar0(size);   if (ZCMdebug) printf("%02X ", size);
   \                     ??put_packet0_0:
   \   0000001E   6846               MOV      R0,SP
   \   00000020   0078               LDRB     R0,[R0, #+0]
   \   00000022   ........           _BLF     putchar0,??putchar0??rT
   \   00000026   ....               LDR      R0,??Subroutine21_0+0x4  ;; ScanChannel + 8
   \   00000028   0078               LDRB     R0,[R0, #+0]
   \   0000002A   0028               CMP      R0,#+0
   \   0000002C   18D0               BEQ      ??put_packet0_1
   \   0000002E   6846               MOV      R0,SP
   \   00000030   0178               LDRB     R1,[R0, #+0]
   \   00000032   ....               LDR      R0,??DataTable22  ;; `?<Constant "\\nED>Rx:%02dbyte Err:%02d">` + 44
   \   00000034   ........           _BLF     printf,??printf??rT
    139            for (lp = 0; lp < size; lp++) 
   \   00000038   12E0               B        ??put_packet0_1
    140            {
    141              data = *ps++;
   \                     ??put_packet0_2:
   \   0000003A   2778               LDRB     R7,[R4, #+0]
   \   0000003C   641C               ADDS     R4,R4,#+1
    142              putchar0(data); if (ZCMdebug) printf("%02X ",data);
   \   0000003E   3800               MOVS     R0,R7
   \   00000040   ........           _BLF     putchar0,??putchar0??rT
   \   00000044   ....               LDR      R0,??Subroutine21_0+0x8  ;; ScanChannel + 8
   \   00000046   0078               LDRB     R0,[R0, #+0]
   \   00000048   0028               CMP      R0,#+0
   \   0000004A   03D0               BEQ      ??put_packet0_3
   \   0000004C   3900               MOVS     R1,R7
   \   0000004E   ....               LDR      R0,??DataTable22  ;; `?<Constant "\\nED>Rx:%02dbyte Err:%02d">` + 44
   \   00000050   ........           _BLF     printf,??printf??rT
    143              sum = sum + data;
   \                     ??put_packet0_3:
   \   00000054   F619               ADDS     R6,R6,R7
   \   00000056   3606               LSLS     R6,R6,#+24
   \   00000058   360E               LSRS     R6,R6,#+24
    144            } 
   \   0000005A   6D1C               ADDS     R5,R5,#+1
   \   0000005C   2D06               LSLS     R5,R5,#+24
   \   0000005E   2D0E               LSRS     R5,R5,#+24
   \                     ??put_packet0_1:
   \   00000060   6946               MOV      R1,SP
   \   00000062   0978               LDRB     R1,[R1, #+0]
   \   00000064   8D42               CMP      R5,R1
   \   00000066   E8D3               BCC      ??put_packet0_2
    145            putchar0(sum);    if (ZCMdebug) printf("%02X ", sum);  
   \   00000068   3000               MOVS     R0,R6
   \   0000006A   ........           _BLF     putchar0,??putchar0??rT
   \   0000006E   ....               LDR      R0,??Subroutine21_0+0xC  ;; ScanChannel + 8
   \   00000070   0078               LDRB     R0,[R0, #+0]
   \   00000072   0028               CMP      R0,#+0
   \   00000074   03D0               BEQ      ??put_packet0_4
   \   00000076   3100               MOVS     R1,R6
   \   00000078   ....               LDR      R0,??DataTable22  ;; `?<Constant "\\nED>Rx:%02dbyte Err:%02d">` + 44
   \   0000007A   ........           _BLF     printf,??printf??rT
    146            putchar0(ETX_ZB); if (ZCMdebug) printf("%02X ", ETX_ZB);
   \                     ??put_packet0_4:
   \   0000007E   5520               MOVS     R0,#+85
   \   00000080   ........           _BLF     putchar0,??putchar0??rT
   \   00000084   ....               LDR      R0,??Subroutine21_0+0x10  ;; ScanChannel + 8
   \   00000086   0078               LDRB     R0,[R0, #+0]
   \   00000088   0028               CMP      R0,#+0
   \   0000008A   03D0               BEQ      ??put_packet0_5
   \   0000008C   5521               MOVS     R1,#+85
   \   0000008E   ....               LDR      R0,??DataTable22  ;; `?<Constant "\\nED>Rx:%02dbyte Err:%02d">` + 44
   \   00000090   ........           _BLF     printf,??printf??rT
    147          }
   \                     ??put_packet0_5:
   \   00000094                      REQUIRE ?Subroutine21
   \   00000094                      ;; // Fall through to label ?Subroutine21

   \                                 In segment DATA_I, align 4, align-sorted
   \                     P_NWK:
   \   00000000                      DS8 88
   \   00000058                      REQUIRE `?<Initializer for P_NWK>`
   \                     pOutPkt:
   \   00000058                      DS8 4
   \   0000005C                      REQUIRE `?<Initializer for pOutPkt>`
   \                     TxSerialPkt:
   \   0000005C                      DS8 92
   \   000000B8                      REQUIRE `?<Initializer for TxSerialPkt>`
   \                     ZEDaddress16:
   \   000000B8                      DS8 8
   \   000000C0                      REQUIRE `?<Initializer for ZEDaddress16>`
    148          
    149          UINT8 TxkMessage[] = {
    150            APP_MAX_DATA_SIZE,
    151            1, 2, 3, 4, 5, 6, 7, 8, 9,
    152            10, 11, 12, 13, 14, 15, 16, 17, 18, 19, 
    153            20, 21, 22, 23, 24, 25, 26, 27, 28, 29,
    154            30, 31, 32, 33, 34, 35, 36, 37, 38, 39, 
    155            40, 41, 42, 43, 44, 45, 46, 47, 48, 49,
    156            50, 51, 52, 53, 54, 55, 56, 57, 58, 59,
    157            60, 61, 62, 63
    158          };
    159          UINT8 TxmMessage[] = {
   \                     TxmMessage:
   \   000000C0                      DS8 64
   \   00000100                      REQUIRE `?<Initializer for TxmMessage>`
    160            0, 1, 2, 3, 4, 5, 6, 7, 8, 9,
    161            10, 11, 12, 13, 14, 15, 16, 17, 18, 19, 
    162            20, 21, 22, 23, 24, 25, 26, 27, 28, 29,
    163            30, 31, 32, 33, 34, 35, 36, 37, 38, 39, 
    164            40, 41, 42, 43, 44, 45, 46, 47, 48, 49,
    165            50, 51, 52, 53, 54, 55, 56, 57, 58, 59,
    166            60, 61, 62, 63
    167          };
    168          //  0x55,			// ASCII display 
    169          //  'ZigBee Coordinator System Test Sample Packet to ZigBee END device'
    170          //  };
    171          /****************************/
    172          /*  MSG packet send to ZCM  */
    173          /****************************/

   \                                 In segment CODE, align 4, keep-with-next
    174          void send_API_MSG_packet(void)
    175          {
   \                     send_API_MSG_packet:
   \   00000000   F0B5               PUSH     {R4-R7,LR}
   \   00000002   94B0               SUB      SP,SP,#+80
    176            MSG_HANDLE TxMsg;
    177            MSG_HANDLE *pMsg = &TxMsg;
    178          
    179            char  *Ptr = (char*)&TxSerialPkt;
    180            Ptr += 2;
    181            
    182            pMsg->ProfileId_L = 1;
   \   00000004   0126               MOVS     R6,#+1
   \   00000006   6D46               MOV      R5,SP
   \   00000008   2E70               STRB     R6,[R5, #+0]
    183            pMsg->ProfileId_H = 0;
   \   0000000A   0027               MOVS     R7,#+0
   \   0000000C   6F70               STRB     R7,[R5, #+1]
    184            pMsg->ClusterId = 0x13;
   \   0000000E   1320               MOVS     R0,#+19
   \   00000010   A870               STRB     R0,[R5, #+2]
    185            pMsg->AddrMode = 0x01;
   \   00000012   EE70               STRB     R6,[R5, #+3]
    186            memcpy(pMsg->Address, &ZEDaddress16, 8);
   \   00000014   ....               LDR      R4,??DataTable17  ;; P_NWK
   \   00000016   0822               MOVS     R2,#+8
   \   00000018   2100               MOVS     R1,R4
   \   0000001A   B831               ADDS     R1,R1,#+184
   \   0000001C   281D               ADDS     R0,R5,#+4
   \   0000001E   ........           _BLF     memcpy,??memcpy??rT
    187            pMsg->DstEndPoint = 1;
   \   00000022   2E73               STRB     R6,[R5, #+12]
    188            pMsg->SrcEndPoint = 1;
   \   00000024   6E73               STRB     R6,[R5, #+13]
    189            pMsg->Reserved = 0;
   \   00000026   AF73               STRB     R7,[R5, #+14]
    190            pMsg->MessageLength = APP_MAX_DATA_SIZE;
   \   00000028   4020               MOVS     R0,#+64
   \   0000002A   E873               STRB     R0,[R5, #+15]
    191            memcpy(pMsg->Message, &TxmMessage, pMsg->MessageLength);
   \   0000002C   4022               MOVS     R2,#+64
   \   0000002E   2100               MOVS     R1,R4
   \   00000030   C031               ADDS     R1,R1,#+192
   \   00000032   2800               MOVS     R0,R5
   \   00000034   1030               ADDS     R0,R0,#+16
   \   00000036   ........           _BLF     memcpy,??memcpy??rT
    192            
    193            pOutPkt->PKT.layer = APP_LAYER;               // 0x80
   \   0000003A   A06D               LDR      R0,[R4, #+88]
   \   0000003C   8021               MOVS     R1,#+128
   \   0000003E   8170               STRB     R1,[R0, #+2]
    194            pOutPkt->PKT.Opcode = APP_MSG;		// 0x01	
   \   00000040   A06D               LDR      R0,[R4, #+88]
   \   00000042   C670               STRB     R6,[R0, #+3]
    195            pOutPkt->PKT.Type = REQUEST;			// 0x10
   \   00000044   A06D               LDR      R0,[R4, #+88]
   \   00000046   1021               MOVS     R1,#+16
   \   00000048   0171               STRB     R1,[R0, #+4]
    196            pOutPkt->PKT.Size = sizeof(MSG_HANDLE) + pMsg->MessageLength - APP_MAX_DATA_SIZE;
   \   0000004A   A06D               LDR      R0,[R4, #+88]
   \   0000004C   E97B               LDRB     R1,[R5, #+15]
   \   0000004E   1031               ADDS     R1,R1,#+16
   \   00000050   4171               STRB     R1,[R0, #+5]
    197            printf("\nSIZE:%02X",pOutPkt->PKT.Size);
   \   00000052   A06D               LDR      R0,[R4, #+88]
   \   00000054   4179               LDRB     R1,[R0, #+5]
   \   00000056   ....               LDR      R0,??DataTable15  ;; `?<Constant "\\nSIZE:%02X">`
   \   00000058   ........           _BLF     printf,??printf??rT
    198            
    199            memcpy(pOutPkt->PKT.Arguments, &TxMsg, pOutPkt->PKT.Size);
   \   0000005C   A06D               LDR      R0,[R4, #+88]
   \   0000005E   4279               LDRB     R2,[R0, #+5]
   \   00000060   6946               MOV      R1,SP
   \   00000062   801D               ADDS     R0,R0,#+6
   \   00000064   ........           _BLF     memcpy,??memcpy??rT
    200            pOutPkt->LEN = pOutPkt->PKT.Size + 4;
   \   00000068   A06D               LDR      R0,[R4, #+88]
   \   0000006A   4179               LDRB     R1,[R0, #+5]
   \   0000006C   091D               ADDS     R1,R1,#+4
   \   0000006E   4170               STRB     R1,[R0, #+1]
    201            put_serial_write(Ptr, pOutPkt->LEN); 
   \   00000070   A06D               LDR      R0,[R4, #+88]
   \   00000072   4178               LDRB     R1,[R0, #+1]
   \   00000074   5E34               ADDS     R4,R4,#+94
   \   00000076   2000               MOVS     R0,R4
   \   00000078   ........           BL       put_serial_write
    202          }
   \   0000007C   14B0               ADD      SP,SP,#+80
   \   0000007E   ....               B.N      ?Subroutine22

   \                                 In segment CODE, align 4, keep-with-next
   \                     ?Subroutine22:
   \   00000000   F0BC               POP      {R4-R7}
   \   00000002   01BC               POP      {R0}
   \   00000004   0047               BX       R0               ;; return
   \   00000006   C046               Nop      
   \                     ??Subroutine22_0:
   \   00000008   ........           DC32     TxkMessage
    203          
    204          /****************************/
    205          /*  KVP packet send to ZCM  */
    206          /****************************/

   \                                 In segment CODE, align 4, keep-with-next
    207          void send_API_KVP_packet(void)
    208          {
   \                     send_API_KVP_packet:
   \   00000000   F0B5               PUSH     {R4-R7,LR}
   \   00000002   95B0               SUB      SP,SP,#+84
    209            KVP_HANDLE TxKVP;
    210            KVP_HANDLE *pKvp = &TxKVP;
    211          
    212            char  size;
    213            char  *Ptr = (char*)&TxSerialPkt;
    214            Ptr += 2;
    215            
    216            pKvp->ProfileId_L = 1;
   \   00000004   0127               MOVS     R7,#+1
   \   00000006   6C46               MOV      R4,SP
   \   00000008   2770               STRB     R7,[R4, #+0]
    217            pKvp->ProfileId_H = 0;
   \   0000000A   0025               MOVS     R5,#+0
   \   0000000C   6570               STRB     R5,[R4, #+1]
    218            pKvp->ClusterId = 0x13;
   \   0000000E   1320               MOVS     R0,#+19
   \   00000010   A070               STRB     R0,[R4, #+2]
    219            pKvp->AddrMode = 0x01;
   \   00000012   E770               STRB     R7,[R4, #+3]
    220            memcpy(pKvp->Address, &ZEDaddress16, 8);
   \   00000014   ....               LDR      R6,??DataTable17  ;; P_NWK
   \   00000016   0822               MOVS     R2,#+8
   \   00000018   3100               MOVS     R1,R6
   \   0000001A   B831               ADDS     R1,R1,#+184
   \   0000001C   201D               ADDS     R0,R4,#+4
   \   0000001E   ........           _BLF     memcpy,??memcpy??rT
    221            pKvp->DstEndPoint = 1;
   \   00000022   2773               STRB     R7,[R4, #+12]
    222            pKvp->SrcEndPoint = 1;
   \   00000024   6773               STRB     R7,[R4, #+13]
    223            pKvp->CmdType = 2;
   \   00000026   0220               MOVS     R0,#+2
   \   00000028   A073               STRB     R0,[R4, #+14]
    224            pKvp->AttrId_L = 0;
   \   0000002A   E573               STRB     R5,[R4, #+15]
    225            pKvp->AttrId_H = 0; 
   \   0000002C   2574               STRB     R5,[R4, #+16]
    226            pKvp->DataType = KVP_DTYPE_CHARACTER_STRING;
   \   0000002E   0E20               MOVS     R0,#+14
   \   00000030   6074               STRB     R0,[R4, #+17]
    227            pKvp->ErrorCode = 0;
   \   00000032   6582               STRH     R5,[R4, #+18]
    228            size = TxkMessage[0];
   \   00000034   ....               LDR      R1,??Subroutine22_0  ;; TxkMessage
   \   00000036   0F78               LDRB     R7,[R1, #+0]
    229            pKvp->Reserved =  0;
    230           
    231            memcpy(pKvp->AttributeData, &TxkMessage, size);
   \   00000038   3A00               MOVS     R2,R7
   \   0000003A   1434               ADDS     R4,R4,#+20
   \   0000003C   2000               MOVS     R0,R4
   \   0000003E   ........           _BLF     memcpy,??memcpy??rT
    232            
    233            pOutPkt->PKT.layer = APP_LAYER;               // 0x80
   \   00000042   B06D               LDR      R0,[R6, #+88]
   \   00000044   8021               MOVS     R1,#+128
   \   00000046   8170               STRB     R1,[R0, #+2]
    234            pOutPkt->PKT.Opcode = APP_KVP;		// 0x00	
   \   00000048   B06D               LDR      R0,[R6, #+88]
   \   0000004A   C570               STRB     R5,[R0, #+3]
    235            pOutPkt->PKT.Type = REQUEST;	                // 0x10
   \   0000004C   B06D               LDR      R0,[R6, #+88]
   \   0000004E   1021               MOVS     R1,#+16
   \   00000050   0171               STRB     R1,[R0, #+4]
    236            pOutPkt->PKT.Size = sizeof(KVP_HANDLE) + size - APP_MAX_DATA_SIZE;
   \   00000052   B06D               LDR      R0,[R6, #+88]
   \   00000054   1437               ADDS     R7,R7,#+20
   \   00000056   4771               STRB     R7,[R0, #+5]
    237            printf("\nSIZE:%02X",pOutPkt->PKT.Size);
   \   00000058   B06D               LDR      R0,[R6, #+88]
   \   0000005A   4179               LDRB     R1,[R0, #+5]
   \   0000005C   ....               LDR      R0,??DataTable15  ;; `?<Constant "\\nSIZE:%02X">`
   \   0000005E   ........           _BLF     printf,??printf??rT
    238            
    239            memcpy(pOutPkt->PKT.Arguments, &TxKVP, pOutPkt->PKT.Size);
   \   00000062   B06D               LDR      R0,[R6, #+88]
   \   00000064   4279               LDRB     R2,[R0, #+5]
   \   00000066   6946               MOV      R1,SP
   \   00000068   801D               ADDS     R0,R0,#+6
   \   0000006A   ........           _BLF     memcpy,??memcpy??rT
    240            pOutPkt->LEN = pOutPkt->PKT.Size + 4;
   \   0000006E   B06D               LDR      R0,[R6, #+88]
   \   00000070   4179               LDRB     R1,[R0, #+5]
   \   00000072   091D               ADDS     R1,R1,#+4
   \   00000074   4170               STRB     R1,[R0, #+1]
    241            put_serial_write(Ptr, pOutPkt->LEN); 
   \   00000076   B06D               LDR      R0,[R6, #+88]
   \   00000078   4178               LDRB     R1,[R0, #+1]
   \   0000007A   5E36               ADDS     R6,R6,#+94
   \   0000007C   3000               MOVS     R0,R6
   \   0000007E   ........           BL       put_serial_write
    242          }
   \   00000082   15B0               ADD      SP,SP,#+84
   \   00000084                      REQUIRE ?Subroutine22
   \   00000084                      ;; // Fall through to label ?Subroutine22
    243          

   \                                 In segment CODE, align 4, keep-with-next
    244          void send_NLME_REQ_packet(void)
    245          {
   \                     send_NLME_REQ_packet:
   \   00000000   10B5               PUSH     {R4,LR}
    246            char  *Ptr = (char*)&TxSerialPkt;
    247            Ptr += 2;
    248           
    249            pOutPkt->PKT.layer = NWK_LAYER;               // 0x20
   \   00000002   ....               LDR      R4,??DataTable16  ;; P_NWK
   \   00000004   A06D               LDR      R0,[R4, #+88]
   \   00000006   2021               MOVS     R1,#+32
   \   00000008   8170               STRB     R1,[R0, #+2]
    250            pOutPkt->PKT.Type = REQUEST;                  // 0x10
   \   0000000A   A06D               LDR      R0,[R4, #+88]
   \   0000000C   1021               MOVS     R1,#+16
   \   0000000E   0171               STRB     R1,[R0, #+4]
    251            
    252            memcpy(pOutPkt->PKT.Arguments, &P_NWK, pOutPkt->PKT.Size);
   \   00000010   A06D               LDR      R0,[R4, #+88]
   \   00000012   4279               LDRB     R2,[R0, #+5]
   \   00000014   2100               MOVS     R1,R4
   \   00000016   801D               ADDS     R0,R0,#+6
   \   00000018   ........           _BLF     memcpy,??memcpy??rT
    253            pOutPkt->LEN = pOutPkt->PKT.Size + 4;
   \   0000001C   A06D               LDR      R0,[R4, #+88]
   \   0000001E   4179               LDRB     R1,[R0, #+5]
   \   00000020   091D               ADDS     R1,R1,#+4
   \   00000022   4170               STRB     R1,[R0, #+1]
    254            put_serial_write(Ptr, pOutPkt->LEN); 
   \   00000024   A06D               LDR      R0,[R4, #+88]
   \   00000026   4178               LDRB     R1,[R0, #+1]
   \   00000028   5E34               ADDS     R4,R4,#+94
   \   0000002A   2000               MOVS     R0,R4
   \   0000002C   ........           BL       put_serial_write
    255          }
   \   00000030   ....               B.N      ??Subroutine20_0
    256          

   \                                 In segment CODE, align 4, keep-with-next
    257          void send_NLME_NETWORK_FORMATION_req(void)
    258          {
   \                     send_NLME_NETWORK_FORMATION_req:
   \   00000000   00B5               PUSH     {LR}
    259            ZigBee_parameter_init();
   \   00000002   ........           BL       ZigBee_parameter_init
    260            pOutPkt->PKT.Opcode = NLME_NETWORK_FORMATION; // 0x12
   \   00000006   ....               LDR      R0,??DataTable17  ;; P_NWK
   \   00000008   816D               LDR      R1,[R0, #+88]
   \   0000000A   1222               MOVS     R2,#+18
   \   0000000C   CA70               STRB     R2,[R1, #+3]
    261            pOutPkt->PKT.Size = sizeof(NLME_NETWORK_FORMATION_REQ);
   \   0000000E   806D               LDR      R0,[R0, #+88]
   \   00000010   0A21               MOVS     R1,#+10
   \   00000012   ....               B.N      ??Subroutine23_0
    262            
    263            send_NLME_REQ_packet(); 
    264          }

   \                                 In segment CODE, align 4, keep-with-next
   \                     ?Subroutine23:
   \   00000000   0121               MOVS     R1,#+1
   \                     ??Subroutine23_0:
   \   00000002   4171               STRB     R1,[R0, #+5]
   \                     ??Subroutine23_1:
   \   00000004   ........           BL       send_NLME_REQ_packet
   \   00000008   01BC               POP      {R0}
   \   0000000A   0047               BX       R0               ;; return
    265          

   \                                 In segment CODE, align 4, keep-with-next
    266          void send_NLME_GET_req(char Attribute)
    267          {
   \                     send_NLME_GET_req:
   \   00000000   00B5               PUSH     {LR}
    268            P_NWK.NLME_GET_req.NIBAttribute = Attribute;
   \   00000002   ....               LDR      R1,??DataTable21  ;; P_NWK
   \   00000004   0870               STRB     R0,[R1, #+0]
    269            pOutPkt->PKT.Opcode = NLME_GET;		// 0x20
   \   00000006   886D               LDR      R0,[R1, #+88]
   \   00000008   2022               MOVS     R2,#+32
   \   0000000A   C270               STRB     R2,[R0, #+3]
    270            pOutPkt->PKT.Size = sizeof(NLME_GET_REQ);
   \   0000000C   886D               LDR      R0,[R1, #+88]
   \   0000000E   ....               B.N      ?Subroutine23
    271            
    272            send_NLME_REQ_packet();
    273          }
    274          

   \                                 In segment CODE, align 4, keep-with-next
    275          void send_NLME_RESET_req(void)
    276          { 
   \                     send_NLME_RESET_req:
   \   00000000   00B5               PUSH     {LR}
    277            P_NWK.NLME_RESET_req.NullData = 0;
   \   00000002   ....               LDR      R0,??DataTable21  ;; P_NWK
   \   00000004   0021               MOVS     R1,#+0
   \   00000006   0170               STRB     R1,[R0, #+0]
    278            pOutPkt->PKT.Opcode = NLME_RESET;		// 0x18	
   \   00000008   816D               LDR      R1,[R0, #+88]
   \   0000000A   1822               MOVS     R2,#+24
   \   0000000C   CA70               STRB     R2,[R1, #+3]
    279            pOutPkt->PKT.Size = sizeof(NLME_RESET_REQ);
   \   0000000E   806D               LDR      R0,[R0, #+88]
   \   00000010                      REQUIRE ?Subroutine23
   \   00000010                      ;; // Fall through to label ?Subroutine23
    280            
    281            send_NLME_REQ_packet();
    282          }
    283          

   \                                 In segment CODE, align 4, keep-with-next
    284          void send_NLME_PERMIT_JOINING_req(char duration)
    285          {
   \                     send_NLME_PERMIT_JOINING_req:
   \   00000000   00B5               PUSH     {LR}
    286            P_NWK.NLME_PERMIT_JOINING_req.PermitDuration = duration;
   \   00000002   ....               LDR      R1,??DataTable21  ;; P_NWK
   \   00000004   0870               STRB     R0,[R1, #+0]
    287            pOutPkt->PKT.Size = sizeof(NLME_PERMIT_JOINING_REQ);
   \   00000006   886D               LDR      R0,[R1, #+88]
   \   00000008   0122               MOVS     R2,#+1
   \   0000000A   4271               STRB     R2,[R0, #+5]
    288            //printf("\nSIZE:%02X",pOutPkt->PKT.Size);
    289            pOutPkt->PKT.Opcode = NLME_PERMIT_JOINING;	// 0x13	
   \   0000000C   886D               LDR      R0,[R1, #+88]
   \   0000000E   1321               MOVS     R1,#+19
   \   00000010   C170               STRB     R1,[R0, #+3]
    290            
    291            send_NLME_REQ_packet();
   \   00000012   ....               B.N      ??Subroutine23_1
    292          }
    293          

   \                                 In segment CODE, align 4, keep-with-next
    294          void send_NLME_START_ROUTER_req(UINT8 beacon, UINT8 superframe, UINT8 battery)
    295          {
   \                     send_NLME_START_ROUTER_req:
   \   00000000   00B5               PUSH     {LR}
    296            P_NWK.NLME_START_ROUTER_req.BeaconOrder = beacon;
   \   00000002   ....               LDR      R3,??DataTable21  ;; P_NWK
   \   00000004   1870               STRB     R0,[R3, #+0]
    297            P_NWK.NLME_START_ROUTER_req.SuperframeOrder = superframe;
   \   00000006   5970               STRB     R1,[R3, #+1]
    298            P_NWK.NLME_START_ROUTER_req.BatteryLifeExtension = battery;
   \   00000008   9A70               STRB     R2,[R3, #+2]
    299            
    300            pOutPkt->PKT.Size = sizeof(NLME_START_ROUTER_REQ);
   \   0000000A   986D               LDR      R0,[R3, #+88]
   \   0000000C   0321               MOVS     R1,#+3
   \   0000000E   4171               STRB     R1,[R0, #+5]
    301            //printf("\nSIZE:%02X",pOutPkt->PKT.Size);
    302            pOutPkt->PKT.Opcode = NLME_START_ROUTER;	// 0x14	
   \   00000010   986D               LDR      R0,[R3, #+88]
   \   00000012   1421               MOVS     R1,#+20
   \   00000014   C170               STRB     R1,[R0, #+3]
    303            
    304            send_NLME_REQ_packet();
   \   00000016   ....               B.N      ??Subroutine23_1
    305          }
    306          

   \                                 In segment CODE, align 4, keep-with-next
    307          void putcharZ(char c)
    308          {
   \                     putcharZ:
   \   00000000   10B5               PUSH     {R4,LR}
   \   00000002   0400               MOVS     R4,R0
    309            putchar0(c);
   \   00000004   ........           _BLF     putchar0,??putchar0??rT
    310            printf("%02X ", c);
   \   00000008   2100               MOVS     R1,R4
   \   0000000A   ....               LDR      R0,??DataTable22  ;; `?<Constant "\\nED>Rx:%02dbyte Err:%02d">` + 44
   \   0000000C   ........           _BLF     printf,??printf??rT
    311            //delay_us(500);
    312          }
   \   00000010   ....               B.N      ??Subroutine20_0
    313               
    314          #define CFG_TOP_LAYER          0x00
    315          #define CFG_NWK_INFO           0x01
    316          #define CFG_SYS_VERSION        0x7F
    317          #define CFG_SYS_BACKUP         0x0f
    318          #define CFG_TOP_LAYER_GET      0x80
    319          #define CFG_NWK_INFO_GET       0x81
    320          
    321          #define	NO_ERR		0
    322          #define	STX_ERR		1
    323          #define	ETX_ERR		2
    324          #define	SUM_ERR		3
    325          #define	LEN_ERR		4
    326          #define	NAK_ERR		5
    327          /******************************/
    328          /* 	Packet Verify         */
    329          /*    STX, ETX, SUM check     */
    330          /******************************/

   \                                 In segment CODE, align 4, keep-with-next
    331          char packet_verify(char *Ptr)
    332          { 
   \                     packet_verify:
   \   00000000   70B5               PUSH     {R4-R6,LR}
   \   00000002   0100               MOVS     R1,R0
    333            char no, size; 
    334            char err = NO_ERR;
   \   00000004   0023               MOVS     R3,#+0
   \   00000006   0020               MOVS     R0,#+0
    335            char sum = 0;
   \   00000008   0200               MOVS     R2,R0
    336            
    337            if (*Ptr != STX_ZB) err = STX_ERR;
   \   0000000A   0C78               LDRB     R4,[R1, #+0]
   \   0000000C   AA2C               CMP      R4,#+170
   \   0000000E   00D0               BEQ      ??packet_verify_0
   \   00000010   0120               MOVS     R0,#+1
    338            Ptr++;
   \                     ??packet_verify_0:
   \   00000012   491C               ADDS     R1,R1,#+1
    339            size = *Ptr;
   \   00000014   0C78               LDRB     R4,[R1, #+0]
    340            if (size >= 128) err = LEN_ERR;
   \   00000016   802C               CMP      R4,#+128
   \   00000018   00D3               BCC      ??packet_verify_1
   \   0000001A   0420               MOVS     R0,#+4
    341            Ptr++;
   \                     ??packet_verify_1:
   \   0000001C   491C               ADDS     R1,R1,#+1
    342            for (no = 0; no < size; no++) sum += *Ptr++;
   \   0000001E   2600               MOVS     R6,R4
   \   00000020   07E0               B        ??packet_verify_2
   \                     ??packet_verify_3:
   \   00000022   0D78               LDRB     R5,[R1, #+0]
   \   00000024   5219               ADDS     R2,R2,R5
   \   00000026   1206               LSLS     R2,R2,#+24
   \   00000028   120E               LSRS     R2,R2,#+24
   \   0000002A   491C               ADDS     R1,R1,#+1
   \   0000002C   5B1C               ADDS     R3,R3,#+1
   \   0000002E   1B06               LSLS     R3,R3,#+24
   \   00000030   1B0E               LSRS     R3,R3,#+24
   \                     ??packet_verify_2:
   \   00000032   A342               CMP      R3,R4
   \   00000034   F5D3               BCC      ??packet_verify_3
    343            if (*Ptr != sum) err = SUM_ERR;
   \   00000036   0B78               LDRB     R3,[R1, #+0]
   \   00000038   9342               CMP      R3,R2
   \   0000003A   01D0               BEQ      ??packet_verify_4
   \   0000003C   0320               MOVS     R0,#+3
   \   0000003E   03E0               B        ??packet_verify_5
    344             else if (*++Ptr != ETX_ZB) err = ETX_ERR; 
   \                     ??packet_verify_4:
   \   00000040   4978               LDRB     R1,[R1, #+1]
   \   00000042   5529               CMP      R1,#+85
   \   00000044   00D0               BEQ      ??packet_verify_5
   \   00000046   0220               MOVS     R0,#+2
    345            //printf("\nErr:%1d size:%2x sum:%2x ptr:%2x", err, size, sum, *Ptr);  
    346            return err;
   \                     ??packet_verify_5:
   \   00000048   70BC               POP      {R4-R6}
   \   0000004A   02BC               POP      {R1}
   \   0000004C   0847               BX       R1               ;; return
    347          }
    348          
    349          UINT8 TestRx1[] = {0xaa, 0x08, 0x80, 0x80, 0x11, 0x04, 0x7f, 0x02, 0x00, 0x20, 0xb6, 0x55};
    350          UINT8 TestRx2[] = {0xaa, 0x08, 0x80, 0x80, 0x11, 0x04, 0x80, 0x02, 0x00, 0x80, 0x17, 0x55};
    351          UINT8 TestRx3[] = {
    352          0xaa, 0x46, 0x80, 0x80, 0x11, 0x42, 0x81, 0x40,
    353          0x00, 0x62, 0x56, 0x34, 0x12, 0x12, 0x51, 0x15,
    354          0x00, 0x00, 0x00, 0x00, 0x00, 0x00, 0x00, 0x00,
    355          0x03, 0x08, 0x03, 0x08, 0x00, 0x00, 0x00, 0x00,
    356          0x00, 0x00, 0x00, 0x00, 0x00, 0x00, 0x00, 0x00,
    357          0x0b, 0x34, 0x12, 0xff, 0xff, 0x00, 0x00, 0x00,
    358          0x00, 0x00, 0x00, 0x00, 0x00, 0x00, 0x00, 0x00,
    359          0x00, 0x00, 0x00, 0x00, 0x00, 0x00, 0x00, 0x00,
    360          0x00, 0x00, 0x00, 0x00, 0x00, 0x00, 0x00, 0x00,
    361          0xef, 0x55};
    362          
    363          UINT8 ZCMversionReq[] = {APP_LAYER, APP_MGR, REQUEST, 
    364          			0x02,			// Size 
    365          			CFG_SYS_VERSION,	// 0x7F 
    366          			0x00};                  // ?
    367          UINT8 ConnectRcv1[] = {	APP_LAYER, APP_MGR, CONFIRM, 
    368          			0x04,                   // Size
    369          			CFG_SYS_VERSION, 
    370          			0x02,			// Size?                   
    371          			0x00,			// Status(0:cNWKS_SUCCESS) 
    372          			0x20};			// version 2.0
    373          
    374          UINT8 ZCMtopLayerReq[] = {APP_LAYER, APP_MGR, REQUEST, 
    375          			0x02,                   // Size
    376          			CFG_TOP_LAYER_GET,	// 0x80 
    377          			0x00};
    378          UINT8 ZCM_toplayer_Rcv2[] = {	APP_LAYER, APP_MGR, CONFIRM,
    379          			0x04,                   // Size
    380          			CFG_TOP_LAYER_GET,	// 0x80  
    381          			0x02,                   // Size?
    382          			0x00,			// Status(0:cNWKS_SUCCESS) 
    383          			0x80};
    384          
    385          UINT8 ZCMnetworkInfoReq[] = {APP_LAYER, APP_MGR, REQUEST, 
    386          			0x02,                   // Size
    387          			CFG_NWK_INFO_GET,	// 0x81
    388          			0x00};			// ?
    389          // 01 12 23 34 45 56 67 78 89 9A AB BC CD DE EF F2
    390          UINT8 ZCM_network_info[] = {APP_LAYER, APP_MGR, CONFIRM, 
    391          			0x42,                   // Size
    392          			CFG_NWK_INFO_GET,	// 0x81
    393          			0x40,                   // Size?
    394          			0x00,			// Status(0:cNWKS_SUCCESS)
    395          			0x62, 0x56, 0x34, 0x12, 0x12, 0x51, 0x15, 0x00,	// IEEE address
    396          			0x00, 0x00, 0x00, 0x00, 0x00, 0x00, 0x00, 
    397          			0x03,           	// Depth
    398          			0x08,			// Children 
    399          			0x03, 0x08, 
    400          			0x00, 0x00, 0x00, 0x00, 0x00, 0x00, 0x00, 0x00, 0x00, 
    401          			0x00, 0x00, 0x00, 
    402          			0x0B,			// channel NO 
    403          			0x34, 0x12,		// PAD ID 
    404          			0xFF,           	// Beacon Order
    405          			0xFF,			// SuperframeOrder             
    406          			0x00, 0x00, 0x00, 0x00, 0x00, 0x00, 0x00, 0x00, 0x00, 
    407          			0x00, 0x00, 0x00, 0x00, 0x00, 0x00, 0x00, 0x00, 0x00, 
    408          			0x00, 0x00, 0x00, 0x00, 0x00, 0x00, 0x00, 0x00, 0x00};
    409          
    410          
    411          #define	GET_IEEEADD	0x7F
    412          #define	GET_85		0x85
    413          #define	GET_84		0x84
    414          
    415          // aa 05 20 20 10 01 7f d0 55
    416          UINT8 FormingReq1[] = {	NWK_LAYER, NLME_GET, REQUEST, 
    417          			0x01,                   // Size
    418          			0x7F};			// Get IEEE_Extend_Addr
    419          // aa 0f 20 20 11 0b 00 7f 08 62 56 34 12 12 51 15 00 59 55
    420          UINT8 FormingRcv1[] = {	NWK_LAYER, NLME_GET, CONFIRM, 
    421          			0x0B,                   // Size
    422          			0x00,                   // Status(0:cNWKS_SUCCESS)
    423          			0x7F,                   // Get IEEE_Extend_Addr
    424          			0x08,                   // NIBAttributeLength;
    425          			0x62, 0x56, 0x34, 0x12, 0x12, 0x51, 0x15, 0x00};	// IEEE address
    426          
    427          // aa 05 20 20 10 01 85 d6 55
    428          UINT8 FormingReq2[] = {	NWK_LAYER, NLME_GET, REQUEST, 
    429          			0x01,                   // Size
    430          			0x85};			// NIBAttribute;
    431          // aa 08 20 20 11 04 00 85 01 03 de 55
    432          UINT8 FormingRcv2[] = {	NWK_LAYER, NLME_GET, CONFIRM, 
    433          			0x04,                   // Size
    434          			0x00,                   // Status(0:cNWKS_SUCCESS) 
    435          			0x85,                   // Get nwkMaxDepth;
    436          			0x01,                   // NIBAttributeLength;
    437          			0x03};			// CurrentMaxDepth
    438          // aa 05 20 20 10 01 84 d5 55
    439          UINT8 FormingReq3[] = {	NWK_LAYER, NLME_GET, REQUEST, 
    440          			0x01,                   // Size
    441          			0x84};			// Get nwkMaxChildren
    442          // aa 08 20 20 11 04 00 84 01 08 e2 55
    443          UINT8 FormingRcv3[] = {	NWK_LAYER, NLME_GET, CONFIRM, 
    444          			0x04,                   // Size
    445          			0x00,			// Status(0:cNWKS_SUCCESS)
    446          			0x84,                   // nwkMaxChildren
    447          			0x01,                   // NIBAttributeLength
    448          			0x08};                  // nwkMaxChildren
    449          // aa 05 20 18 10 01 00 49 55 
    450          UINT8 FormingReq4[] = {	NWK_LAYER, NLME_RESET, REQUEST, 
    451          			0x01, 
    452          			0x00};			// NullData;
    453          // aa 05 20 18 11 01 00 4a 55
    454          UINT8 FormingRcv4[] = {	NWK_LAYER, NLME_RESET, CONFIRM, 
    455          			0x01,                   // Size
    456          			0x00};			// Status(0:cNWKS_SUCCESS)
    457          
    458          // aa 0e 20 12 10 0a 00 08 00 00 02 0f 0f 34 12 00 ba 55 
    459          UINT8 FormingReq5[] = {	NWK_LAYER, NLME_NETWORK_FORMATION, REQUEST, 
    460          			0x0A,                   // Size
    461          			0x00, 0x08, 0x00, 0x00,	// ScanChannels; 
    462          		       	0x02,			// ScanDuration; 
    463          		       	0x0F,			// BeaconOrder; 
    464          		       	0x0F,			// SuperframeOrder; 
    465          		       	0x34, 0x12,		// PANId; 
    466          		       	0x00};			// BatteryLifeExtension;
    467          // aa 05 20 12 11 01 00 44 55
    468          UINT8 FormingRcv5[] = {	NWK_LAYER, NLME_NETWORK_FORMATION, CONFIRM, 
    469          			0x01,                   // Size
    470          			0x00};			// Status(0:cNWKS_SUCCESS)		
    471          
    472          // aa 05 20 13 10 01 ff 43 55
    473          UINT8 FormingReq6[] = {	NWK_LAYER, NLME_PERMIT_JOINING, REQUEST, 
    474          			0x01,			// Size
    475          			0xFF};                  // PermitDuration; 
    476          // aa 05 20 13 11 01 00 45 55
    477          UINT8 FormingRcv6[] = {	NWK_LAYER, NLME_PERMIT_JOINING, CONFIRM, 
    478          			0x01,                   // Size
    479          			0x00};			// Status(0:cNWKS_SUCCESS)
    480          
    481          // Tx> aa 07 20 14 10 03 0f 0f 00 65 55
    482          UINT8 FormingReq7[] = {	NWK_LAYER, NLME_START_ROUTER, REQUEST, 
    483          			0x03,                   // Size
    484          			0x0F,			// BeaconOrder; 
    485          			0x0F,			// SuperframeOrder; 
    486          			0x00};			// BatteryLifeExtension;
    487          // Rx> aa 05 20 14 11 01 00 46 55
    488          UINT8 FormingRcv7[] = {	NWK_LAYER, NLME_START_ROUTER, CONFIRM, 
    489          			0x01,                   // Size
    490          			0x00};			// Status(0:cNWKS_SUCCESS)
    491          
    492          UINT8  EndDeviceAnnounce[] = {				// 0xAA, 0x1E, 
    493            			APP_LAYER, APP_MSG, INDICATION,	// 0x80, 0x01, 0x12 	
    494          			0x1A,				// Size
    495          			0x00, 0x00, 
    496          			CID_END_DEVICE_ANNCE_REQ,	// 0x13, 
    497          			0x01, 0x01, 
    498          			0x00, 0x00, 0x00, 0x00, 0x00, 0x00, 0x00, 0x00, 0x00, 
    499          			0x60, 
    500          			0x0A,			// size? 
    501          			0x01, 0x00,		// network add 
    502          			0x0A, 0x00, 0x00, 0xA0, 0x12, 0x51, 0x15, 0x00	// IEEE address
    503          			};			// 0x4F, 0x55
    504          UINT8 EndDeviceReq[] = {			// AA 16 
    505            			APP_LAYER, APP_MSG, REQUEST,	// 0x80, 0x01, 0x10, 
    506          			0x12,			// Size 
    507          			0x00, 0x00, 
    508          			CID_ACTIVE_EP_REQ, 	// 0x05  
    509          			0x01, 0x01, 
    510          			0x00, 0x00, 0x00, 0x00, 0x00, 0x00, 0x00, 0x00, 0x00, 0x00, 
    511          			0x02,			// size?  
    512          			0x01, 0x00,		// network add  
    513          			};			// AD 55
    514          UINT8 ZCMConfirm[] =  { 			// 0xAA, 0x05 	
    515            			APP_LAYER, APP_MSG, CONFIRM,	// 0x80, 0x01, 0x11, 
    516          			0x01,                   // size?
    517          			0x00,			// Success 
    518          			};			// 0x93, 0x55
    519          UINT8 EndDeviceRsp[] = { 
    520            			APP_LAYER, APP_MSG, INDICATION,// 0x80, 0x01, 0x12, 
    521          			0x18, 			// size
    522          			0x00, 0x00, 
    523          			CID_ACTIVE_EP_RSP,	// 0x85 
    524          			0x01, 0x01, 
    525          			0x00, 0x00, 0x00, 0x00, 0x00, 0x00, 0x00, 0x00, 0x00, 
    526          			0x58, 
    527          			0x08,			// size? 
    528          			0x00, 0x01,		// network add 
    529          			0x00, 
    530          			0x04,			// ActiveEPCount; //max 24까지 
    531          			0x01, 0x02, 0x03, 0x04,	// ActiveEPList[PROFILE_MAX_SIZE - 4];
    532          			};			// 0xA1, 0x55
    533          
    534          // Simple Descriptor request
    535          UINT8 SimpleDescriptReq[] = {
    536          			APP_LAYER, APP_MSG, REQUEST,	// 0x80, 0x01, 0x10, 
    537          			0x13,			// size 
    538          			0x00, 0x00, 
    539          			CID_SIMPLE_DESC_REQ,	// 0x04, 
    540          			0x01, 0x01, 
    541          			0x00, 0x00, 0x00, 0x00, 0x00, 0x00, 0x00, 0x00, 0x00, 0x00, 
    542          			0x03,                   // Length
    543          			0x01, 0x00,		// NWKAddrOfInterest 
    544          			0x01                    // endpoint
    545          			};			// 0xAF, 0x55};              
    546          // UINT8 ZCMConfirm[]
    547          UINT8 SimpleDescriptRsp[] = {
    548           			APP_LAYER, APP_MSG, INDICATION,	// 0x80, 0x01, 0x12, 
    549          			0x1E,                   // size 
    550          			0x00, 0x00, 
    551          			CID_SIMPLE_DESC_RSP,	// 0x84, 
    552          			0x01, 0x01, 
    553          			0x00, 0x00, 0x00, 0x00, 0x00, 0x00, 0x00, 0x00, 0x00, 
    554          			0x64, 
    555          			0x0E,			// size 
    556          			0x00,			// status: cMACS_SUCCESS = 0x00 
    557          			0x01, 0x00,		// NWKAddrOfInterest 
    558          			0x0A,			// Length 
    559          			0x01,			// Endpoint
    560          			0x00, 0x15,             // App_Profile_ID
    561          			0x01, 0x00,             // App_Device_ID
    562          			0x00,                   // App_Device_version(4) | App_Device_flags(4)<<4
    563          			0x01,                   // App_input_cluster_cnt
    564          			0x13,			// input_cluster_list[MAX_CLUSTERID_SIZE] 
    565          			0x01,			// App_output_cluster_cnt; 
    566          			0x13			// output_cluster_list[MAX_CLUSTERID_SIZE]
    567          			};			// 0xF3, 0x55};
    568          UINT8 KVPsample0[] = 	{			// 0xAA, 0x19, 
    569          			APP_LAYER, APP_KVP, INDICATION,	// 0x80, 0x00, 0x12,
    570          			0x15,			// Length 
    571          			0x01, 0x00,		// ProfileId 
    572          			0x13,			// ClusterId 
    573          			0x01,			// AddrMode: UINT16_ADDRESS_PRESENT
    574          			0x01, 0x00, 0x00, 0x00, 0x00, 0x00, 0x00, 0x00,	// Address[4] 
    575          			0x01,			// DstEndPoint 
    576          			0x01,			// SrcEndPoint: [P0_7] 
    577          			0x02,			// CmdType: KVP_CMD_EVENT  
    578          			0x00, 0x00,		// AttrId 
    579          			0x01,			// DataType: KVP_DTYPE_UINT8 
    580          			0x00,			// ErrorCode 
    581          			0x5A,			// Reserved 
    582          			0x00 			// AttributeData[64]			 
    583          			};			// 0x1C, 0x55
    584          
    585          /*
    586          typedef struct
    587          {
    588              UINT16 	ProfileId;
    589              UINT8 	ClusterId;
    590              UINT8 	AddrMode;
    591              UINT16 	Address[4];
    592              UINT8 	DstEndPoint;
    593              UINT8 	SrcEndPoint;
    594          
    595              UINT8 	CmdType;
    596              UINT16 	AttrId;
    597              UINT8 	DataType;
    598              UINT8 	ErrorCode;
    599              UINT8 	Reserved;
    600              UINT8 	AttributeData[64];
    601          } KVP_HANDLE;
    602          typedef struct _SIMPLE_DESC_RSP
    603          {
    604          UINT8 Status; 
    605          //cMACS_SUCCESS = 0x00
    606          //INVALID_EP = 0x01
    607          //NOT_ACTIVE = 0x02
    608          //DEVICE_NOT_FOUND = 0x03
    609          //Reserved = 0x04-0xff
    610          UINT16 	NWKAddrOfInterest;
    611          UINT8 	Length;
    612          T_SIMPLE_DESCRIPTOR SimpleDesc;
    613          } SIMPLE_DESC_RSP, *LPSIMPLE_DESC_RSP;
    614          
    615          typedef struct
    616          {
    617              UINT8 	Endpoint;
    618              UINT16 	App_Profile_ID;
    619              UINT16 	App_Device_ID;
    620              UINT8   	App_Device_version : 4;
    621              UINT8   	App_Device_flags : 4;
    622              UINT8 	App_input_cluster_cnt;
    623              UINT8 	input_cluster_list[MAX_CLUSTERID_SIZE];
    624              UINT8 	App_output_cluster_cnt;
    625              UINT8 	output_cluster_list[MAX_CLUSTERID_SIZE];
    626          } T_SIMPLE_DESCRIPTOR;
    627          */
    628          
    629          UINT8 MACdataReq[]  = { MAC_LAYER, MCPS_DATA, REQUEST, 0x1B, 0x02, 
    630          			0xCD, 0xAB, 		// Source PAN ID
    631          			0x34, 0x12, 0, 0, 0, 0, 0, 0,	// Source address 
    632          			0x02,			// Destination Address Mode
    633          			0xCD, 0xAB,		// Destination PAN ID
    634          			0xFE, 0xCA, 0, 0, 0, 0, 0, 0,	// Destination address
    635          			0x02,			// MSDU Length 
    636          			0x00,			// MSDU  Handle
    637          			0x01,                   // Tx Option
    638          			0x22, 0x11};		// MSDU
    639          
    640          /*******************************/
    641          /* ZCM debug print             */
    642          /* ZigBee Packet : HEX print   */
    643          /* Other message : ASCII print */
    644          /*******************************/

   \                                 In segment DATA_Z, align 1, align-sorted
    645          char ZCMdpMode;
   \                     ZCMdpMode:
   \   00000000                      DS8 1
    646          char PacketLength;
   \                     PacketLength:
   \   00000001                      DS8 1

   \                                 In segment CODE, align 4, keep-with-next
    647          void ZCM_debug_print(char c)
    648          {
   \                     ZCM_debug_print:
   \   00000000   70B5               PUSH     {R4-R6,LR}
    649            switch (ZCMdpMode)  
   \   00000002   0100               MOVS     R1,R0
   \   00000004   ....               LDR      R4,??DataTable23  ;; `?<Constant "\\nED>Rx:%02dbyte Err:%02d">`
   \   00000006   0022               MOVS     R2,#+0
   \   00000008   174D               LDR      R5,??ZCM_debug_print_0  ;; ZCMdpMode
   \   0000000A   2B78               LDRB     R3,[R5, #+0]
   \   0000000C   002B               CMP      R3,#+0
   \   0000000E   04D0               BEQ      ??ZCM_debug_print_1
   \   00000010   012B               CMP      R3,#+1
   \   00000012   12D0               BEQ      ??ZCM_debug_print_2
   \   00000014   022B               CMP      R3,#+2
   \   00000016   19D0               BEQ      ??ZCM_debug_print_3
   \   00000018   24E0               B        ??ZCM_debug_print_4
    650            {
    651              
    652              case 0:     
    653                if (c == 0xAA) 
   \                     ??ZCM_debug_print_1:
   \   0000001A   AA28               CMP      R0,#+170
   \   0000001C   0BD1               BNE      ??ZCM_debug_print_5
    654                {
    655          	ZCMdpMode = 1;
   \   0000001E   0120               MOVS     R0,#+1
   \   00000020   2870               STRB     R0,[R5, #+0]
    656          	printf("\nZCM Packet: ");
   \   00000022   2000               MOVS     R0,R4
   \   00000024   1C30               ADDS     R0,R0,#+28
   \   00000026   ........           _BLF     printf,??printf??rT
    657          	printf("%02X ",c);
   \   0000002A   AA21               MOVS     R1,#+170
   \   0000002C   2C34               ADDS     R4,R4,#+44
   \   0000002E   2000               MOVS     R0,R4
   \                     ??ZCM_debug_print_6:
   \   00000030   ........           _BLF     printf,??printf??rT
   \   00000034   17E0               B        ??ZCM_debug_print_7
    658                } else printf("%c",c);
   \                     ??ZCM_debug_print_5:
   \   00000036   ....               ADR      R0,??DataTable24  ;; "%c"
   \   00000038   FAE7               B.N      ??ZCM_debug_print_6
    659                return;
    660                
    661              case 1:
    662                PacketLength = c + 1;
   \                     ??ZCM_debug_print_2:
   \   0000003A   401C               ADDS     R0,R0,#+1
   \   0000003C   6870               STRB     R0,[R5, #+1]
    663                ZCMdpMode = 2;
   \   0000003E   0220               MOVS     R0,#+2
   \   00000040   2870               STRB     R0,[R5, #+0]
    664                printf("%02X ",c);
   \   00000042   2C34               ADDS     R4,R4,#+44
   \   00000044   2000               MOVS     R0,R4
   \   00000046   ........           _BLF     printf,??printf??rT
    665                return;
   \   0000004A   0CE0               B        ??ZCM_debug_print_7
    666                
    667              case 2:
    668                if (!PacketLength) ZCMdpMode = 0; 
   \                     ??ZCM_debug_print_3:
   \   0000004C   6878               LDRB     R0,[R5, #+1]
   \   0000004E   0028               CMP      R0,#+0
   \   00000050   00D1               BNE      ??ZCM_debug_print_8
   \   00000052   2A70               STRB     R2,[R5, #+0]
    669                printf("%02X ",c);
   \                     ??ZCM_debug_print_8:
   \   00000054   2C34               ADDS     R4,R4,#+44
   \   00000056   2000               MOVS     R0,R4
   \   00000058   ........           _BLF     printf,??printf??rT
    670                PacketLength--;
   \   0000005C   6878               LDRB     R0,[R5, #+1]
   \   0000005E   401E               SUBS     R0,R0,#+1
   \   00000060   6870               STRB     R0,[R5, #+1]
    671                return;
   \   00000062   00E0               B        ??ZCM_debug_print_7
    672                
    673              default:
    674                ZCMdpMode = 0;
   \                     ??ZCM_debug_print_4:
   \   00000064   2A70               STRB     R2,[R5, #+0]
    675                return;
   \                     ??ZCM_debug_print_7:
   \   00000066   ....               B.N      ?Subroutine24
   \                     ??ZCM_debug_print_0:
   \   00000068   ........           DC32     ZCMdpMode
    676            }
    677          }

   \                                 In segment CODE, align 4, keep-with-next
   \                     ?Subroutine24:
   \   00000000   70BC               POP      {R4-R6}
   \   00000002   01BC               POP      {R0}
   \   00000004   0047               BX       R0               ;; return
    678          
    679          short  sZBrxDelay, sZBmaxDelay;
    680          char  ZCMpass;
    681          char  ZBerr;
    682          char  no;
    683          int  iZCMcount;
    684          int  iRxPCcount, iRxZCMcount;
    685          char ZCMrxCount;

   \                                 In segment DATA_Z, align 4, align-sorted
    686          char ZCMrxBuffer[256];
   \                     ZCMrxBuffer:
   \   00000000                      DS8 256

   \                                 In segment DATA_Z, align 4, align-sorted
    687          UINT16 sEndDevice[32];
   \                     sEndDevice:
   \   00000000                      DS8 64
    688          /**************************************/
    689          /* ZCM resoponse receive from usart0  */
    690          /**************************************/

   \                                 In segment CODE, align 4, keep-with-next
    691          void ZCM_rsp_receive(void)
    692          {
   \                     ZCM_rsp_receive:
   \   00000000   70B5               PUSH     {R4-R6,LR}
    693            char data;
    694              if (RxUSART0) 
   \   00000002   0024               MOVS     R4,#+0
   \   00000004   ....               LDR      R5,??DataTable25  ;; ScanChannel
   \   00000006   ....               LDR      R0,??DataTable26  ;; rx_rd_index0
   \   00000008   0021               MOVS     R1,#+0
   \   0000000A   405E               LDRSH    R0,[R0, R1]
   \   0000000C   ....               LDR      R1,??DataTable27  ;; rx_wr_index0
   \   0000000E   0022               MOVS     R2,#+0
   \   00000010   895E               LDRSH    R1,[R1, R2]
   \   00000012   8842               CMP      R0,R1
   \   00000014   1BD0               BEQ      ??ZCM_rsp_receive_0
    695              {
    696                data = getchar0();
   \   00000016   ........           _BLF     getchar0,??getchar0??rT
   \   0000001A   0600               MOVS     R6,R0
    697                if (ZCMdebug) ZCM_debug_print(data);	//printf("%02X ",data);
   \   0000001C   287A               LDRB     R0,[R5, #+8]
   \   0000001E   0028               CMP      R0,#+0
   \   00000020   02D0               BEQ      ??ZCM_rsp_receive_1
   \   00000022   3000               MOVS     R0,R6
   \   00000024   ........           BL       ZCM_debug_print
    698                iZCMcount++;
   \                     ??ZCM_rsp_receive_1:
   \   00000028   A869               LDR      R0,[R5, #+24]
   \   0000002A   401C               ADDS     R0,R0,#+1
   \   0000002C   A861               STR      R0,[R5, #+24]
    699                ZCMrxCount++;
   \   0000002E   287B               LDRB     R0,[R5, #+12]
   \   00000030   401C               ADDS     R0,R0,#+1
   \   00000032   2873               STRB     R0,[R5, #+12]
    700                if (data == STX_ZB) ZCMrxCount = 0;
   \   00000034   AA2E               CMP      R6,#+170
   \   00000036   01D1               BNE      ??ZCM_rsp_receive_2
   \   00000038   2C73               STRB     R4,[R5, #+12]
   \   0000003A   04E0               B        ??ZCM_rsp_receive_3
    701                if (data == ETX_ZB) sStepZBrx++;
   \                     ??ZCM_rsp_receive_2:
   \   0000003C   552E               CMP      R6,#+85
   \   0000003E   02D1               BNE      ??ZCM_rsp_receive_3
   \   00000040   288A               LDRH     R0,[R5, #+16]
   \   00000042   401C               ADDS     R0,R0,#+1
   \   00000044   2882               STRH     R0,[R5, #+16]
    702                ZCMrxBuffer[ZCMrxCount] = data;
   \                     ??ZCM_rsp_receive_3:
   \   00000046   287B               LDRB     R0,[R5, #+12]
   \   00000048   ....               LDR      R1,??DataTable30  ;; ZCMrxBuffer
   \   0000004A   0E54               STRB     R6,[R1, R0]
   \   0000004C   0FE0               B        ??ZCM_rsp_receive_4
    703              }
    704              else if (++sZBrxDelay > sZBmaxDelay) 
   \                     ??ZCM_rsp_receive_0:
   \   0000004E   1220               MOVS     R0,#+18
   \   00000050   285E               LDRSH    R0,[R5, R0]
   \   00000052   401C               ADDS     R0,R0,#+1
   \   00000054   6882               STRH     R0,[R5, #+18]
   \   00000056   1421               MOVS     R1,#+20
   \   00000058   695E               LDRSH    R1,[R5, R1]
   \   0000005A   0004               LSLS     R0,R0,#+16
   \   0000005C   0014               ASRS     R0,R0,#+16
   \   0000005E   8142               CMP      R1,R0
   \   00000060   05DA               BGE      ??ZCM_rsp_receive_4
    705              {
    706                ZBerr++;
   \   00000062   A87A               LDRB     R0,[R5, #+10]
   \   00000064   401C               ADDS     R0,R0,#+1
   \   00000066   A872               STRB     R0,[R5, #+10]
    707                sStepZBrx++;
   \   00000068   288A               LDRH     R0,[R5, #+16]
   \   0000006A   401C               ADDS     R0,R0,#+1
   \   0000006C   2882               STRH     R0,[R5, #+16]
    708              }
    709              
    710              if (ErrUsart != 0) 
   \                     ??ZCM_rsp_receive_4:
   \   0000006E   ....               LDR      R0,??DataTable29  ;; ErrUsart
   \   00000070   0178               LDRB     R1,[R0, #+0]
   \   00000072   0029               CMP      R1,#+0
   \   00000074   03D0               BEQ      ??ZCM_rsp_receive_5
    711              {
    712                ZBerr++;
   \   00000076   A97A               LDRB     R1,[R5, #+10]
   \   00000078   491C               ADDS     R1,R1,#+1
   \   0000007A   A972               STRB     R1,[R5, #+10]
    713                ErrUsart = 0;
   \   0000007C   0470               STRB     R4,[R0, #+0]
   \                     ??ZCM_rsp_receive_5:
   \   0000007E   C046               Nop      
    714              }
    715          }
   \   00000080                      REQUIRE ?Subroutine24
   \   00000080                      ;; // Fall through to label ?Subroutine24
    716          
    717          // rx packet를 해석

   \                                 In segment CODE, align 4, keep-with-next
    718          void rxpacket_parser(void)
    719          {
   \                     rxpacket_parser:
   \   00000000   30B5               PUSH     {R4,R5,LR}
    720            if (ZCMrxBuffer[3] == 0)  	// APP_KVP packet
   \   00000002   ....               LDR      R4,??DataTable30  ;; ZCMrxBuffer
   \   00000004   E178               LDRB     R1,[R4, #+3]
   \   00000006   174D               LDR      R5,??rxpacket_parser_0  ;; `?<Constant "\\nDev:%02X Packet:%01x">`
   \   00000008   1748               LDR      R0,??rxpacket_parser_0+0x4  ;; sEndDevice
   \   0000000A   0029               CMP      R1,#+0
   \   0000000C   11D1               BNE      ??rxpacket_parser_1
    721            {
    722               sEndDevice[0] = ZCMrxBuffer[10] + (ZCMrxBuffer[11]<<8);
   \   0000000E   A17A               LDRB     R1,[R4, #+10]
   \   00000010   E27A               LDRB     R2,[R4, #+11]
   \   00000012   1202               LSLS     R2,R2,#+8
   \   00000014   8918               ADDS     R1,R1,R2
   \   00000016   0180               STRH     R1,[R0, #+0]
    723               printf("\nDev:%02X Packet:%01x", sEndDevice[0], ZCMrxBuffer[19]);
   \   00000018   E27C               LDRB     R2,[R4, #+19]
   \   0000001A   0188               LDRH     R1,[R0, #+0]
   \   0000001C   2800               MOVS     R0,R5
   \   0000001E   ........           _BLF     printf,??printf??rT
    724               if (ZCMrxBuffer[20] == 2) printf("[OK]");
   \   00000022   207D               LDRB     R0,[R4, #+20]
   \   00000024   0228               CMP      R0,#+2
   \   00000026   1AD1               BNE      ??rxpacket_parser_2
   \   00000028   3C35               ADDS     R5,R5,#+60
   \   0000002A   2800               MOVS     R0,R5
   \   0000002C   ........           _BLF     printf,??printf??rT
   \   00000030   15E0               B        ??rxpacket_parser_2
    725            }
    726            else if (ZCMrxBuffer[3] == 1)	// APP_MSG packet
   \                     ??rxpacket_parser_1:
   \   00000032   0129               CMP      R1,#+1
   \   00000034   13D1               BNE      ??rxpacket_parser_2
    727            {
    728              sEndDevice[0] = ZCMrxBuffer[10] + (ZCMrxBuffer[11]<<8);
   \   00000036   A17A               LDRB     R1,[R4, #+10]
   \   00000038   E27A               LDRB     R2,[R4, #+11]
   \   0000003A   1202               LSLS     R2,R2,#+8
   \   0000003C   8918               ADDS     R1,R1,R2
   \   0000003E   0180               STRH     R1,[R0, #+0]
    729              printf("\nJoin:%02X", sEndDevice[0]);
   \   00000040   0188               LDRH     R1,[R0, #+0]
   \   00000042   2800               MOVS     R0,R5
   \   00000044   3030               ADDS     R0,R0,#+48
   \   00000046   ........           _BLF     printf,??printf??rT
    730              printf(" AD:%02X%02X%02X%02X", ZCMrxBuffer[21], ZCMrxBuffer[22], ZCMrxBuffer[23], ZCMrxBuffer[24]);
   \   0000004A   207E               LDRB     R0,[R4, #+24]
   \   0000004C   01B4               PUSH     {R0}
   \   0000004E   E37D               LDRB     R3,[R4, #+23]
   \   00000050   A27D               LDRB     R2,[R4, #+22]
   \   00000052   617D               LDRB     R1,[R4, #+21]
   \   00000054   1835               ADDS     R5,R5,#+24
   \   00000056   2800               MOVS     R0,R5
   \   00000058   ........           _BLF     printf,??printf??rT
   \   0000005C   01B0               ADD      SP,SP,#+4
    731            }
    732          }
   \                     ??rxpacket_parser_2:
   \   0000005E   30BC               POP      {R4,R5}
   \   00000060   01BC               POP      {R0}
   \   00000062   0047               BX       R0               ;; return
   \                     ??rxpacket_parser_0:
   \   00000064   ........           DC32     `?<Constant "\\nDev:%02X Packet:%01x">`
   \   00000068   ........           DC32     sEndDevice

   \                                 In segment DATA_I, align 4, align-sorted
   \                     ScanChannel:
   \   00000000                      DS8 1
   \   00000001                      REQUIRE `?<Initializer for ScanChannel>`
   \                     ScanDuration:
   \   00000001                      DS8 1
   \   00000002                      REQUIRE `?<Initializer for ScanDuration>`
   \                     BeaconOrder:
   \   00000002                      DS8 1
   \   00000003                      REQUIRE `?<Initializer for BeaconOrder>`
   \                     SuperframeOrder:
   \   00000003                      DS8 1
   \   00000004                      REQUIRE `?<Initializer for SuperframeOrder>`
   \                     BatteryLife:
   \   00000004                      DS8 1
   \   00000005                      REQUIRE `?<Initializer for BatteryLife>`
   \                     ZCMversion:
   \   00000005                      DS8 1
   \   00000006                      REQUIRE `?<Initializer for ZCMversion>`
   \                     PermitDuration:
   \   00000006                      DS8 1
   \   00000007                      REQUIRE `?<Initializer for PermitDuration>`
   \                     ZCMerr:
   \   00000007                      DS8 1
   \   00000008                      REQUIRE `?<Initializer for ZCMerr>`
   \                     ZCMdebug:
   \   00000008                      DS8 1
   \   00000009                      REQUIRE `?<Initializer for ZCMdebug>`
   \                     ZCMpass:
   \   00000009                      DS8 1
   \   0000000A                      REQUIRE `?<Initializer for ZCMpass>`
   \                     ZBerr:
   \   0000000A                      DS8 1
   \   0000000B                      REQUIRE `?<Initializer for ZBerr>`
   \                     no:
   \   0000000B                      DS8 1
   \   0000000C                      REQUIRE `?<Initializer for no>`
   \                     ZCMrxCount:
   \   0000000C                      DS8 1
   \   0000000D                      REQUIRE `?<Initializer for ZCMrxCount>`
   \   0000000D                      DS8 1
   \                     sPanID:
   \   0000000E                      DS8 2
   \   00000010                      REQUIRE `?<Initializer for sPanID>`
   \                     sStepZBrx:
   \   00000010                      DS8 2
   \   00000012                      REQUIRE `?<Initializer for sStepZBrx>`
   \                     sZBrxDelay:
   \   00000012                      DS8 2
   \   00000014                      REQUIRE `?<Initializer for sZBrxDelay>`
   \                     sZBmaxDelay:
   \   00000014                      DS8 2
   \   00000016                      REQUIRE `?<Initializer for sZBmaxDelay>`
    733          	
    734          short PacketCount;
   \                     PacketCount:
   \   00000016                      DS8 2
   \   00000018                      REQUIRE `?<Initializer for PacketCount>`
   \                     iZCMcount:
   \   00000018                      DS8 4
   \   0000001C                      REQUIRE `?<Initializer for iZCMcount>`
   \                     iRxPCcount:
   \   0000001C                      DS8 4
   \   00000020                      REQUIRE `?<Initializer for iRxPCcount>`
   \                     iRxZCMcount:
   \   00000020                      DS8 4
   \   00000024                      REQUIRE `?<Initializer for iRxZCMcount>`
   \                     TestRx1:
   \   00000024                      DS8 12
   \   00000030                      REQUIRE `?<Initializer for TestRx1>`
   \                     TestRx2:
   \   00000030                      DS8 12
   \   0000003C                      REQUIRE `?<Initializer for TestRx2>`
   \                     TestRx3:
   \   0000003C                      DS8 76
   \   00000088                      REQUIRE `?<Initializer for TestRx3>`
   \                     ZCMversionReq:
   \   00000088                      DS8 8
   \   00000090                      REQUIRE `?<Initializer for ZCMversionReq>`
   \                     ZCMtopLayerReq:
   \   00000090                      DS8 8
   \   00000098                      REQUIRE `?<Initializer for ZCMtopLayerReq>`
   \                     ZCMnetworkInfoReq:
   \   00000098                      DS8 8
   \   000000A0                      REQUIRE `?<Initializer for ZCMnetworkInfoReq>`

   \                                 In segment DATA_I, align 4, align-sorted
   \                     ZEDaddress:
   \   00000000                      DS8 8
   \   00000008                      REQUIRE `?<Initializer for ZEDaddress>`

   \                                 In segment DATA_I, align 4, align-sorted
   \                     TxkMessage:
   \   00000000                      DS8 64
   \   00000040                      REQUIRE `?<Initializer for TxkMessage>`

   \                                 In segment DATA_I, align 4, align-sorted
   \                     ConnectRcv1:
   \   00000000                      DS8 8
   \   00000008                      REQUIRE `?<Initializer for ConnectRcv1>`

   \                                 In segment DATA_I, align 4, align-sorted
   \                     ZCM_toplayer_Rcv2:
   \   00000000                      DS8 8
   \   00000008                      REQUIRE `?<Initializer for ZCM_toplayer_Rcv2>`

   \                                 In segment DATA_I, align 4, align-sorted
   \                     ZCM_network_info:
   \   00000000                      DS8 72
   \   00000048                      REQUIRE `?<Initializer for ZCM_network_info>`

   \                                 In segment DATA_I, align 4, align-sorted
   \                     FormingReq1:
   \   00000000                      DS8 8
   \   00000008                      REQUIRE `?<Initializer for FormingReq1>`

   \                                 In segment DATA_I, align 4, align-sorted
   \                     FormingRcv1:
   \   00000000                      DS8 16
   \   00000010                      REQUIRE `?<Initializer for FormingRcv1>`

   \                                 In segment DATA_I, align 4, align-sorted
   \                     FormingReq2:
   \   00000000                      DS8 8
   \   00000008                      REQUIRE `?<Initializer for FormingReq2>`

   \                                 In segment DATA_I, align 4, align-sorted
   \                     FormingRcv2:
   \   00000000                      DS8 8
   \   00000008                      REQUIRE `?<Initializer for FormingRcv2>`

   \                                 In segment DATA_I, align 4, align-sorted
   \                     FormingReq3:
   \   00000000                      DS8 8
   \   00000008                      REQUIRE `?<Initializer for FormingReq3>`

   \                                 In segment DATA_I, align 4, align-sorted
   \                     FormingRcv3:
   \   00000000                      DS8 8
   \   00000008                      REQUIRE `?<Initializer for FormingRcv3>`

   \                                 In segment DATA_I, align 4, align-sorted
   \                     FormingReq4:
   \   00000000                      DS8 8
   \   00000008                      REQUIRE `?<Initializer for FormingReq4>`

   \                                 In segment DATA_I, align 4, align-sorted
   \                     FormingRcv4:
   \   00000000                      DS8 8
   \   00000008                      REQUIRE `?<Initializer for FormingRcv4>`

   \                                 In segment DATA_I, align 4, align-sorted
   \                     FormingReq5:
   \   00000000                      DS8 16
   \   00000010                      REQUIRE `?<Initializer for FormingReq5>`

   \                                 In segment DATA_I, align 4, align-sorted
   \                     FormingRcv5:
   \   00000000                      DS8 8
   \   00000008                      REQUIRE `?<Initializer for FormingRcv5>`

   \                                 In segment DATA_I, align 4, align-sorted
   \                     FormingReq6:
   \   00000000                      DS8 8
   \   00000008                      REQUIRE `?<Initializer for FormingReq6>`

   \                                 In segment DATA_I, align 4, align-sorted
   \                     FormingRcv6:
   \   00000000                      DS8 8
   \   00000008                      REQUIRE `?<Initializer for FormingRcv6>`

   \                                 In segment DATA_I, align 4, align-sorted
   \                     FormingReq7:
   \   00000000                      DS8 8
   \   00000008                      REQUIRE `?<Initializer for FormingReq7>`

   \                                 In segment DATA_I, align 4, align-sorted
   \                     FormingRcv7:
   \   00000000                      DS8 8
   \   00000008                      REQUIRE `?<Initializer for FormingRcv7>`

   \                                 In segment DATA_I, align 4, align-sorted
   \                     EndDeviceAnnounce:
   \   00000000                      DS8 32
   \   00000020                      REQUIRE `?<Initializer for EndDeviceAnnounce>`

   \                                 In segment DATA_I, align 4, align-sorted
   \                     EndDeviceReq:
   \   00000000                      DS8 24
   \   00000018                      REQUIRE `?<Initializer for EndDeviceReq>`

   \                                 In segment DATA_I, align 4, align-sorted
   \                     ZCMConfirm:
   \   00000000                      DS8 8
   \   00000008                      REQUIRE `?<Initializer for ZCMConfirm>`

   \                                 In segment DATA_I, align 4, align-sorted
   \                     EndDeviceRsp:
   \   00000000                      DS8 28
   \   0000001C                      REQUIRE `?<Initializer for EndDeviceRsp>`

   \                                 In segment DATA_I, align 4, align-sorted
   \                     SimpleDescriptReq:
   \   00000000                      DS8 24
   \   00000018                      REQUIRE `?<Initializer for SimpleDescriptReq>`

   \                                 In segment DATA_I, align 4, align-sorted
   \                     SimpleDescriptRsp:
   \   00000000                      DS8 36
   \   00000024                      REQUIRE `?<Initializer for SimpleDescriptRsp>`

   \                                 In segment DATA_I, align 4, align-sorted
   \                     KVPsample0:
   \   00000000                      DS8 28
   \   0000001C                      REQUIRE `?<Initializer for KVPsample0>`

   \                                 In segment DATA_I, align 4, align-sorted
   \                     MACdataReq:
   \   00000000                      DS8 32
   \   00000020                      REQUIRE `?<Initializer for MACdataReq>`
    735          /******************************************/
    736          /*    ZigBee Network control with ZCM     */
    737          /* This function must locate in main loop */ 
    738          /******************************************/

   \                                 In segment CODE, align 4, keep-with-next
    739          void link_receive_ZigBee(void)
    740          {
   \                     link_receive_ZigBee:
   \   00000000   F0B5               PUSH     {R4-R7,LR}
   \   00000002   8AB0               SUB      SP,SP,#+40
    741            char data;
    742            //char  *Ptr = (char*)&ConnectRcv1[0];
    743            
    744            switch (sStepZBrx) 
   \   00000004   B74C               LDR      R4,??link_receive_ZigBee_0  ;; ScanChannel
   \   00000006   1220               MOVS     R0,#+18
   \   00000008   205E               LDRSH    R0,[R4, R0]
   \   0000000A   4100               LSLS     R1,R0,#+1
   \   0000000C   0391               STR      R1,[SP, #+12]
   \   0000000E   B649               LDR      R1,??link_receive_ZigBee_0+0x4  ;; ZCMrxBuffer + 4
   \   00000010   0591               STR      R1,[SP, #+20]
   \   00000012   6946               MOV      R1,SP
   \   00000014   059A               LDR      R2,[SP, #+20]
   \   00000016   1278               LDRB     R2,[R2, #+0]
   \   00000018   4A70               STRB     R2,[R1, #+1]
   \   0000001A   0792               STR      R2,[SP, #+28]
   \   0000001C   A27A               LDRB     R2,[R4, #+10]
   \   0000001E   521C               ADDS     R2,R2,#+1
   \   00000020   0A70               STRB     R2,[R1, #+0]
   \   00000022   218A               LDRH     R1,[R4, #+16]
   \   00000024   491C               ADDS     R1,R1,#+1
   \   00000026   6A46               MOV      R2,SP
   \   00000028   401C               ADDS     R0,R0,#+1
   \   0000002A   1082               STRH     R0,[R2, #+16]
   \   0000002C   AF4D               LDR      R5,??link_receive_ZigBee_0+0x8  ;; `?<Constant "\\nED>Rx:%02dbyte Err:%02d">`
   \   0000002E   BD20               MOVS     R0,#+189
   \   00000030   8000               LSLS     R0,R0,#+2        ;; #+756
   \   00000032   2818               ADDS     R0,R5,R0
   \   00000034   0890               STR      R0,[SP, #+32]
   \   00000036   C920               MOVS     R0,#+201
   \   00000038   8000               LSLS     R0,R0,#+2        ;; #+804
   \   0000003A   2818               ADDS     R0,R5,R0
   \   0000003C   0690               STR      R0,[SP, #+24]
   \   0000003E   B720               MOVS     R0,#+183
   \   00000040   8000               LSLS     R0,R0,#+2        ;; #+732
   \   00000042   2818               ADDS     R0,R5,R0
   \   00000044   0990               STR      R0,[SP, #+36]
   \   00000046   C720               MOVS     R0,#+199
   \   00000048   8000               LSLS     R0,R0,#+2        ;; #+796
   \   0000004A   2818               ADDS     R0,R5,R0
   \   0000004C   0290               STR      R0,[SP, #+8]
   \   0000004E   C520               MOVS     R0,#+197
   \   00000050   8000               LSLS     R0,R0,#+2        ;; #+788
   \   00000052   2818               ADDS     R0,R5,R0
   \   00000054   0190               STR      R0,[SP, #+4]
   \   00000056   6846               MOV      R0,SP
   \   00000058   A54A               LDR      R2,??link_receive_ZigBee_0+0xC  ;; rx_wr_index0
   \   0000005A   1288               LDRH     R2,[R2, #+0]
   \   0000005C   4280               STRH     R2,[R0, #+2]
   \   0000005E   A548               LDR      R0,??link_receive_ZigBee_0+0x10  ;; rx_rd_index0
   \   00000060   0022               MOVS     R2,#+0
   \   00000062   805E               LDRSH    R0,[R0, R2]
   \   00000064   0026               MOVS     R6,#+0
   \   00000066   A44F               LDR      R7,??link_receive_ZigBee_0+0x14  ;; DumpDisplay
   \   00000068   228A               LDRH     R2,[R4, #+16]
   \   0000006A   002A               CMP      R2,#+0
   \   0000006C   ....               BNE      .+5
   \   0000006E   CFE0               B        ??link_receive_ZigBee_1
   \   00000070   521E               SUBS     R2,R2,#+1
   \   00000072   ....               BNE      .+5
   \   00000074   D1E0               B        ??link_receive_ZigBee_2
   \   00000076   521E               SUBS     R2,R2,#+1
   \   00000078   ....               BNE      .+5
   \   0000007A   E7E0               B        ??link_receive_ZigBee_3
   \   0000007C   521E               SUBS     R2,R2,#+1
   \   0000007E   ....               BNE      .+5
   \   00000080   E6E0               B        ??link_receive_ZigBee_4
   \   00000082   521E               SUBS     R2,R2,#+1
   \   00000084   ....               BNE      .+5
   \   00000086   0CE1               B        ??link_receive_ZigBee_5
   \   00000088   603A               SUBS     R2,R2,#+96
   \   0000008A   ....               BNE      .+5
   \   0000008C   0AE1               B        ??link_receive_ZigBee_6
   \   0000008E   521E               SUBS     R2,R2,#+1
   \   00000090   ....               BNE      .+5
   \   00000092   3BE1               B        ??link_receive_ZigBee_7
   \   00000094   521E               SUBS     R2,R2,#+1
   \   00000096   ....               BNE      .+5
   \   00000098   47E1               B        ??link_receive_ZigBee_8
   \   0000009A   521E               SUBS     R2,R2,#+1
   \   0000009C   ....               BNE      .+5
   \   0000009E   5BE1               B        ??link_receive_ZigBee_9
   \   000000A0   613A               SUBS     R2,R2,#+97
   \   000000A2   ....               BNE      .+5
   \   000000A4   5EE1               B        ??link_receive_ZigBee_10
   \   000000A6   521E               SUBS     R2,R2,#+1
   \   000000A8   49D0               BEQ      ??link_receive_ZigBee_11
   \   000000AA   521E               SUBS     R2,R2,#+1
   \   000000AC   ....               BNE      .+5
   \   000000AE   73E1               B        ??link_receive_ZigBee_12
   \   000000B0   521E               SUBS     R2,R2,#+1
   \   000000B2   44D0               BEQ      ??link_receive_ZigBee_11
   \   000000B4   521E               SUBS     R2,R2,#+1
   \   000000B6   ....               BNE      .+5
   \   000000B8   97E1               B        ??link_receive_ZigBee_13
   \   000000BA   521E               SUBS     R2,R2,#+1
   \   000000BC   3FD0               BEQ      ??link_receive_ZigBee_11
   \   000000BE   521E               SUBS     R2,R2,#+1
   \   000000C0   ....               BNE      .+5
   \   000000C2   C6E1               B        ??link_receive_ZigBee_14
   \   000000C4   521E               SUBS     R2,R2,#+1
   \   000000C6   3AD0               BEQ      ??link_receive_ZigBee_11
   \   000000C8   521E               SUBS     R2,R2,#+1
   \   000000CA   ....               BNE      .+5
   \   000000CC   F4E1               B        ??link_receive_ZigBee_15
   \   000000CE   521E               SUBS     R2,R2,#+1
   \   000000D0   4DD0               BEQ      ??link_receive_ZigBee_16
   \   000000D2   521E               SUBS     R2,R2,#+1
   \   000000D4   4ED0               BEQ      ??link_receive_ZigBee_17
   \   000000D6   521E               SUBS     R2,R2,#+1
   \   000000D8   ....               BNE      .+5
   \   000000DA   3FE2               B        ??link_receive_ZigBee_18
   \   000000DC   593A               SUBS     R2,R2,#+89
   \   000000DE   ....               BNE      .+5
   \   000000E0   4DE2               B        ??link_receive_ZigBee_19
   \   000000E2   521E               SUBS     R2,R2,#+1
   \   000000E4   2BD0               BEQ      ??link_receive_ZigBee_11
   \   000000E6   521E               SUBS     R2,R2,#+1
   \   000000E8   ....               BNE      .+5
   \   000000EA   67E2               B        ??link_receive_ZigBee_20
   \   000000EC   521E               SUBS     R2,R2,#+1
   \   000000EE   26D0               BEQ      ??link_receive_ZigBee_11
   \   000000F0   521E               SUBS     R2,R2,#+1
   \   000000F2   ....               BNE      .+5
   \   000000F4   7FE2               B        ??link_receive_ZigBee_21
   \   000000F6   521E               SUBS     R2,R2,#+1
   \   000000F8   21D0               BEQ      ??link_receive_ZigBee_11
   \   000000FA   521E               SUBS     R2,R2,#+1
   \   000000FC   ....               BNE      .+5
   \   000000FE   99E2               B        ??link_receive_ZigBee_22
   \   00000100   521E               SUBS     R2,R2,#+1
   \   00000102   1CD0               BEQ      ??link_receive_ZigBee_11
   \   00000104   521E               SUBS     R2,R2,#+1
   \   00000106   ....               BNE      .+5
   \   00000108   C0E2               B        ??link_receive_ZigBee_23
   \   0000010A   521E               SUBS     R2,R2,#+1
   \   0000010C   17D0               BEQ      ??link_receive_ZigBee_11
   \   0000010E   521E               SUBS     R2,R2,#+1
   \   00000110   ....               BNE      .+5
   \   00000112   D9E2               B        ??link_receive_ZigBee_24
   \   00000114   521E               SUBS     R2,R2,#+1
   \   00000116   12D0               BEQ      ??link_receive_ZigBee_11
   \   00000118   521E               SUBS     R2,R2,#+1
   \   0000011A   ....               BNE      .+5
   \   0000011C   F1E2               B        ??link_receive_ZigBee_25
   \   0000011E   521E               SUBS     R2,R2,#+1
   \   00000120   0DD0               BEQ      ??link_receive_ZigBee_11
   \   00000122   521E               SUBS     R2,R2,#+1
   \   00000124   ....               BNE      .+5
   \   00000126   0DE3               B        ??link_receive_ZigBee_26
   \   00000128   521E               SUBS     R2,R2,#+1
   \   0000012A   20D0               BEQ      ??link_receive_ZigBee_16
   \   0000012C   521E               SUBS     R2,R2,#+1
   \   0000012E   21D0               BEQ      ??link_receive_ZigBee_17
   \   00000130   521E               SUBS     R2,R2,#+1
   \   00000132   ....               BNE      .+5
   \   00000134   19E3               B        ??link_receive_ZigBee_27
   \   00000136   533A               SUBS     R2,R2,#+83
   \   00000138   ....               BNE      .+5
   \   0000013A   95E3               B        ??link_receive_ZigBee_28
   \   0000013C   521E               SUBS     R2,R2,#+1
   \                     ??link_receive_ZigBee_11:
   \   0000013E   ....               BNE      .+5
   \   00000140   27E1               B        ??link_receive_ZigBee_29
   \   00000142   521E               SUBS     R2,R2,#+1
   \   00000144   ....               BNE      .+5
   \   00000146   A9E3               B        ??link_receive_ZigBee_30
   \   00000148   521E               SUBS     R2,R2,#+1
   \   0000014A   ....               BNE      .+5
   \   0000014C   B8E3               B        ??link_receive_ZigBee_31
   \   0000014E   521E               SUBS     R2,R2,#+1
   \   00000150   10D0               BEQ      ??link_receive_ZigBee_17
   \   00000152   521E               SUBS     R2,R2,#+1
   \   00000154   0BD0               BEQ      ??link_receive_ZigBee_16
   \   00000156   521E               SUBS     R2,R2,#+1
   \   00000158   06D0               BEQ      ??link_receive_ZigBee_32
   \   0000015A   521E               SUBS     R2,R2,#+1
   \   0000015C   07D0               BEQ      ??link_receive_ZigBee_16
   \   0000015E   521E               SUBS     R2,R2,#+1
   \   00000160   08D0               BEQ      ??link_receive_ZigBee_17
   \   00000162   521E               SUBS     R2,R2,#+1
   \   00000164   03D0               BEQ      ??link_receive_ZigBee_16
   \   00000166   521E               SUBS     R2,R2,#+1
   \                     ??link_receive_ZigBee_32:
   \   00000168   ....               BNE      .+5
   \   0000016A   AEE3               B        ??link_receive_ZigBee_33
   \   0000016C   521E               SUBS     R2,R2,#+1
   \                     ??link_receive_ZigBee_16:
   \   0000016E   ....               BNE      .+5
   \   00000170   D9E0               B        ??link_receive_ZigBee_34
   \   00000172   521E               SUBS     R2,R2,#+1
   \                     ??link_receive_ZigBee_17:
   \   00000174   ....               BNE      .+5
   \   00000176   EFE1               B        ??link_receive_ZigBee_35
   \   00000178   521E               SUBS     R2,R2,#+1
   \   0000017A   ....               BNE      .+5
   \   0000017C   A7E3               B        ??link_receive_ZigBee_36
   \   0000017E   573A               SUBS     R2,R2,#+87
   \   00000180   ....               BNE      .+5
   \   00000182   FFE2               B        ??link_receive_ZigBee_37
   \   00000184   521E               SUBS     R2,R2,#+1
   \   00000186   ....               BNE      .+5
   \   00000188   0CE3               B        ??link_receive_ZigBee_38
   \   0000018A   521E               SUBS     R2,R2,#+1
   \   0000018C   ....               BNE      .+5
   \   0000018E   16E3               B        ??link_receive_ZigBee_39
   \   00000190   521E               SUBS     R2,R2,#+1
   \   00000192   D4D0               BEQ      ??link_receive_ZigBee_11
   \   00000194   521E               SUBS     R2,R2,#+1
   \   00000196   ....               BNE      .+5
   \   00000198   31E3               B        ??link_receive_ZigBee_40
   \   0000019A   521E               SUBS     R2,R2,#+1
   \   0000019C   ....               BNE      .+5
   \   0000019E   5BE3               B        ??link_receive_ZigBee_41
   \   000001A0   5F3A               SUBS     R2,R2,#+95
   \   000001A2   ....               BNE      .+5
   \   000001A4   7EE0               B        ??link_receive_ZigBee_6
   \   000001A6   521E               SUBS     R2,R2,#+1
   \   000001A8   27D0               BEQ      ??link_receive_ZigBee_42
   \   000001AA   521E               SUBS     R2,R2,#+1
   \   000001AC   ....               BNE      .+5
   \   000001AE   94E3               B        ??link_receive_ZigBee_43
   \   000001B0   521E               SUBS     R2,R2,#+1
   \   000001B2   ....               BNE      .+5
   \   000001B4   97E3               B        ??link_receive_ZigBee_44
   \   000001B6   521E               SUBS     R2,R2,#+1
   \   000001B8   ....               BNE      .+5
   \   000001BA   9FE3               B        ??link_receive_ZigBee_45
   \   000001BC   521E               SUBS     R2,R2,#+1
   \   000001BE   ....               BNE      .+5
   \   000001C0   BEE3               B        ??link_receive_ZigBee_46
   \   000001C2   5F3A               SUBS     R2,R2,#+95
   \   000001C4   ....               BNE      .+5
   \   000001C6   C1E3               B        ??link_receive_ZigBee_47
   \   000001C8   521E               SUBS     R2,R2,#+1
   \   000001CA   16D0               BEQ      ??link_receive_ZigBee_42
   \   000001CC   521E               SUBS     R2,R2,#+1
   \   000001CE   ....               BNE      .+5
   \   000001D0   DAE3               B        ??link_receive_ZigBee_48
   \   000001D2   521E               SUBS     R2,R2,#+1
   \   000001D4   ....               BNE      .+5
   \   000001D6   E3E3               B        ??link_receive_ZigBee_49
   \   000001D8   521E               SUBS     R2,R2,#+1
   \   000001DA   ....               BNE      .+7
   \   000001DC   00F0EBFB           BL       ??link_receive_ZigBee_50
   \   000001E0   521E               SUBS     R2,R2,#+1
   \   000001E2   ....               BNE      .+7
   \   000001E4   00F0F2FB           BL       ??link_receive_ZigBee_51
   \   000001E8   521E               SUBS     R2,R2,#+1
   \   000001EA   ....               BNE      .+7
   \   000001EC   00F001FC           BL       ??link_receive_ZigBee_52
   \   000001F0   521E               SUBS     R2,R2,#+1
   \   000001F2   ....               BNE      .+7
   \   000001F4   00F003FC           BL       ??link_receive_ZigBee_53
   \   000001F8   521E               SUBS     R2,R2,#+1
   \                     ??link_receive_ZigBee_42:
   \   000001FA   ....               BNE      .+5
   \   000001FC   86E0               B        ??link_receive_ZigBee_7
   \   000001FE   521E               SUBS     R2,R2,#+1
   \   00000200   ....               BNE      .+7
   \   00000202   00F012FC           BL       ??link_receive_ZigBee_54
   \   00000206   521E               SUBS     R2,R2,#+1
   \   00000208   4BD0               BEQ      ??link_receive_ZigBee_5
   \   0000020A   5A3A               SUBS     R2,R2,#+90
   \   0000020C   37D0               BEQ      ??link_receive_ZigBee_55
   \   0000020E   48E0               B        ??link_receive_ZigBee_5
    745            {
    746            case 0:
    747              ZCMpass = 0;
   \                     ??link_receive_ZigBee_1:
   \   00000210   6672               STRB     R6,[R4, #+9]
    748              sZBrxDelay = 0;
   \   00000212   6682               STRH     R6,[R4, #+18]
    749              sZBmaxDelay = 20;
   \   00000214   1420               MOVS     R0,#+20
   \   00000216   A082               STRH     R0,[R4, #+20]
    750              return;
   \   00000218   62E0               B        ??link_receive_ZigBee_56
    751              
    752            case 1:   // Receive status   
    753             if (RxUSART0)
   \                     ??link_receive_ZigBee_2:
   \   0000021A   6A46               MOV      R2,SP
   \   0000021C   0221               MOVS     R1,#+2
   \   0000021E   515E               LDRSH    R1,[R2, R1]
   \   00000220   8842               CMP      R0,R1
   \   00000222   07D0               BEQ      ??link_receive_ZigBee_57
    754             {
    755                data = getchar0();
   \   00000224   ........           _BLF     getchar0,??getchar0??rT
   \   00000228   0700               MOVS     R7,R0
    756                putchar2(data);  
   \   0000022A   ........           _BLF     putchar2,??putchar2??rT
    757                //printf("%02X ",data);
    758                putchar_dp(data);
   \   0000022E   3800               MOVS     R0,R7
   \   00000230   ........           _BLF     putchar_dp,??putchar_dp??rT
    759             }
    760                
    761             if (ErrUsart != 0) 
   \                     ??link_receive_ZigBee_57:
   \   00000234   3148               LDR      R0,??link_receive_ZigBee_0+0x18  ;; ErrUsart
   \   00000236   0178               LDRB     R1,[R0, #+0]
   \   00000238   0029               CMP      R1,#+0
   \   0000023A   51D0               BEQ      ??link_receive_ZigBee_56
    762             {
    763                printf("E%02X ", ErrUsart);
   \   0000023C   D420               MOVS     R0,#+212
   \   0000023E   8000               LSLS     R0,R0,#+2        ;; #+848
   \   00000240   2818               ADDS     R0,R5,R0
   \   00000242   ........           _BLF     printf,??printf??rT
    764                ErrUsart = 0;
   \   00000246   2D48               LDR      R0,??link_receive_ZigBee_0+0x18  ;; ErrUsart
   \   00000248   0670               STRB     R6,[R0, #+0]
   \   0000024A   49E0               B        ??link_receive_ZigBee_56
    765             }  
    766             return;
    767             
    768            case 2:
    769              //put_packet0(ZCMversionReq, sizeof(ZCMversionReq));
    770              sZBrxDelay = 0;
   \                     ??link_receive_ZigBee_3:
   \   0000024C   6682               STRH     R6,[R4, #+18]
    771              sStepZBrx = 0;
   \   0000024E   28E0               B.N      ??link_receive_ZigBee_5
    772              return;
    773              
    774            case 3:
    775              if (RxUSART0) 
   \                     ??link_receive_ZigBee_4:
   \   00000250   6B46               MOV      R3,SP
   \   00000252   0222               MOVS     R2,#+2
   \   00000254   9A5E               LDRSH    R2,[R3, R2]
   \   00000256   9042               CMP      R0,R2
   \   00000258   08D0               BEQ      ??link_receive_ZigBee_58
    776              {
    777                printf("%02X ",getchar0());
   \   0000025A   ........           _BLF     getchar0,??getchar0??rT
   \   0000025E   0100               MOVS     R1,R0
   \   00000260   2800               MOVS     R0,R5
   \   00000262   2C30               ADDS     R0,R0,#+44
   \   00000264   ........           _BLF     printf,??printf??rT
    778                sZBrxDelay = 0;
   \   00000268   6682               STRH     R6,[R4, #+18]
   \   0000026A   E3E7               B        ??link_receive_ZigBee_57
    779              }
    780              else if (++sZBrxDelay > 20) sStepZBrx++;
   \                     ??link_receive_ZigBee_58:
   \   0000026C   6846               MOV      R0,SP
   \   0000026E   008A               LDRH     R0,[R0, #+16]
   \   00000270   6082               STRH     R0,[R4, #+18]
   \   00000272   1220               MOVS     R0,#+18
   \   00000274   205E               LDRSH    R0,[R4, R0]
   \   00000276   1528               CMP      R0,#+21
   \   00000278   DCDB               BLT      ??link_receive_ZigBee_57
   \   0000027A   2182               STRH     R1,[R4, #+16]
   \   0000027C   DAE7               B        ??link_receive_ZigBee_57
    781              if (ErrUsart != 0) 
    782              {
    783                printf("E%02X ",ErrUsart);
    784                ErrUsart = 0;
    785              }
    786              return;
    787              
    788            case 4:
    789              sStepZBrx = 0;
    790              return;
    791          
    792            case ZCM_TEST:
    793              debug_monit(3);
   \                     ??link_receive_ZigBee_55:
   \   0000027E   0320               MOVS     R0,#+3
   \   00000280   ........           _BLF     debug_monit,??debug_monit??rT
    794              ZCMerr = packet_verify((char*)&TestRx1[0]);
   \   00000284   2000               MOVS     R0,R4
   \   00000286   2430               ADDS     R0,R0,#+36
   \   00000288   ........           BL       packet_verify
   \   0000028C   E071               STRB     R0,[R4, #+7]
    795              ZCMerr = packet_verify((char*)&TestRx2[0]);
   \   0000028E   2000               MOVS     R0,R4
   \   00000290   3030               ADDS     R0,R0,#+48
   \   00000292   ........           BL       packet_verify
   \   00000296   E071               STRB     R0,[R4, #+7]
    796              ZCMerr = packet_verify((char*)&TestRx3[0]);
   \   00000298   2000               MOVS     R0,R4
   \   0000029A   3C30               ADDS     R0,R0,#+60
   \   0000029C   ........           BL       packet_verify
   \   000002A0   E071               STRB     R0,[R4, #+7]
    797              sStepZBrx = 0;
   \                     ??link_receive_ZigBee_5:
   \   000002A2   CDE3               B.N      ??link_receive_ZigBee_59
    798              return;
    799          
    800          /**************************************************/  
    801          /* ZCM(ZigBee Coordinator Module) Power ON RESET  */
    802          /**************************************************/ 
    803            case ZCM_POWERON:
    804              com0_mode_set(38400,'N',8,1);
   \                     ??link_receive_ZigBee_6:
   \   000002A4   0123               MOVS     R3,#+1
   \   000002A6   0822               MOVS     R2,#+8
   \   000002A8   4E21               MOVS     R1,#+78
   \   000002AA   9620               MOVS     R0,#+150
   \   000002AC   0002               LSLS     R0,R0,#+8        ;; #+38400
   \   000002AE   ........           _BLF     com0_mode_set,??com0_mode_set??rT
    805              pio_clear(PIOB, RF_ISP);    // ZCM ISP(download) pin : 'L'
   \   000002B2   1348               LDR      R0,??link_receive_ZigBee_0+0x1C  ;; 0xfffff634
   \   000002B4   8021               MOVS     R1,#+128
   \   000002B6   C900               LSLS     R1,R1,#+3        ;; #+1024
   \   000002B8   0160               STR      R1,[R0, #+0]
    806              pio_clear(PIOA, RF_RST);    // ZCM RESET pin : 'L'
   \   000002BA   1248               LDR      R0,??link_receive_ZigBee_0+0x20  ;; 0xfffff434
   \   000002BC   0421               MOVS     R1,#+4
   \   000002BE   0160               STR      R1,[R0, #+0]
    807              com0_buffer_clear();	// Discard com0 rxbuffer 
   \   000002C0   ........           _BLF     com0_buffer_clear,??com0_buffer_clear??rT
    808              sZBrxDelay = 0;
   \   000002C4   6682               STRH     R6,[R4, #+18]
    809              sZBmaxDelay = 100;		// Max response delay : 200ms
   \   000002C6   6420               MOVS     R0,#+100
   \   000002C8   A082               STRH     R0,[R4, #+20]
    810              debug_monit(1);    
   \   000002CA   0120               MOVS     R0,#+1
   \   000002CC   ........           _BLF     debug_monit,??debug_monit??rT
    811              DumpDisplay = 1;
   \   000002D0   0120               MOVS     R0,#+1
   \   000002D2   3870               STRB     R0,[R7, #+0]
    812              printf("\n");		// lind feed
   \   000002D4   0CA0               ADR      R0,??link_receive_ZigBee_0+0x24  ;; "\n"
   \   000002D6   ........           _BLF     printf,??printf??rT
    813              sStepZBrx++;
   \   000002DA   208A               LDRH     R0,[R4, #+16]
   \   000002DC   401C               ADDS     R0,R0,#+1
   \                     ??link_receive_ZigBee_60:
   \   000002DE   2082               STRH     R0,[R4, #+16]
    814              return;
   \                     ??link_receive_ZigBee_56:
   \   000002E0   AFE3               B        ??link_receive_ZigBee_61
   \   000002E2   C046               Nop      
   \                     ??link_receive_ZigBee_0:
   \   000002E4   ........           DC32     ScanChannel
   \   000002E8   ........           DC32     ZCMrxBuffer + 4
   \   000002EC   ........           DC32     `?<Constant "\\nED>Rx:%02dbyte Err:%02d">`
   \   000002F0   ........           DC32     rx_wr_index0
   \   000002F4   ........           DC32     rx_rd_index0
   \   000002F8   ........           DC32     DumpDisplay
   \   000002FC   ........           DC32     ErrUsart
   \   00000300   34F6FFFF           DC32     0xfffff634
   \   00000304   34F4FFFF           DC32     0xfffff434
   \   00000308   0A000000           DC8      "\n",+0,+0
    815              
    816            case ZCM_POWERON+1:
    817              if (++sZBrxDelay > sZBmaxDelay) 
   \                     ??link_receive_ZigBee_7:
   \   0000030C   6846               MOV      R0,SP
   \   0000030E   008A               LDRH     R0,[R0, #+16]
   \   00000310   6082               STRH     R0,[R4, #+18]
   \   00000312   1420               MOVS     R0,#+20
   \   00000314   205E               LDRSH    R0,[R4, R0]
   \   00000316   1222               MOVS     R2,#+18
   \   00000318   A25E               LDRSH    R2,[R4, R2]
   \   0000031A   9042               CMP      R0,R2
   \   0000031C   04DA               BGE      ??link_receive_ZigBee_62
    818              {
    819                sZBrxDelay = 0;
   \   0000031E   6682               STRH     R6,[R4, #+18]
    820                pio_set( PIOA, RF_RST);   // ZCM RESET pin : 'H'
   \   00000320   D448               LDR      R0,??link_receive_ZigBee_63  ;; 0xfffff430
   \   00000322   0422               MOVS     R2,#+4
   \   00000324   0260               STR      R2,[R0, #+0]
    821                sStepZBrx++;
   \                     ??link_receive_ZigBee_34:
   \   00000326   2182               STRH     R1,[R4, #+16]
   \                     ??link_receive_ZigBee_62:
   \   00000328   8BE3               B        ??link_receive_ZigBee_61
    822              }
    823              return;
    824              
    825            case ZCM_POWERON+2:
    826              // if data receive at ZCM, display
    827              if (RxUSART0) 
   \                     ??link_receive_ZigBee_8:
   \   0000032A   6B46               MOV      R3,SP
   \   0000032C   0222               MOVS     R2,#+2
   \   0000032E   9A5E               LDRSH    R2,[R3, R2]
   \   00000330   9042               CMP      R0,R2
   \   00000332   07D0               BEQ      ??link_receive_ZigBee_64
    828              {     
    829                printf("%c",getchar0());
   \                     ??link_receive_ZigBee_65:
   \   00000334   ........           _BLF     getchar0,??getchar0??rT
   \   00000338   0100               MOVS     R1,R0
   \   0000033A   CFA0               ADR      R0,??link_receive_ZigBee_63+0x4  ;; "%c"
   \                     ??link_receive_ZigBee_66:
   \   0000033C   ........           _BLF     printf,??printf??rT
    830                sZBrxDelay = 0;
   \   00000340   6682               STRH     R6,[R4, #+18]
   \                     ??link_receive_ZigBee_67:
   \   00000342   7EE3               B        ??link_receive_ZigBee_61
    831              }
    832              else if (++sZBrxDelay > sZBmaxDelay) sStepZBrx++;
   \                     ??link_receive_ZigBee_64:
   \   00000344   6846               MOV      R0,SP
   \   00000346   008A               LDRH     R0,[R0, #+16]
   \   00000348   6082               STRH     R0,[R4, #+18]
   \   0000034A   1420               MOVS     R0,#+20
   \   0000034C   205E               LDRSH    R0,[R4, R0]
   \   0000034E   1222               MOVS     R2,#+18
   \   00000350   A25E               LDRSH    R2,[R4, R2]
   \   00000352   9042               CMP      R0,R2
   \   00000354   F5DA               BGE      ??link_receive_ZigBee_67
   \   00000356   E6E7               B.N      ??link_receive_ZigBee_34
    833              return;
    834              
    835            case ZCM_POWERON+3:
    836              if (AutoZigBee) sStepZBrx = ZCM_CONNECT; else sStepZBrx = 0;
   \                     ??link_receive_ZigBee_9:
   \   00000358   C848               LDR      R0,??link_receive_ZigBee_63+0x8  ;; AutoZigBee
   \   0000035A   0078               LDRB     R0,[R0, #+0]
   \   0000035C   0028               CMP      R0,#+0
   \   0000035E   A0D0               BEQ      ??link_receive_ZigBee_5
   \   00000360   C820               MOVS     R0,#+200
   \   00000362   BCE7               B.N      ??link_receive_ZigBee_60
    837              //sZBrxDelay = 0;
    838              //sStepZBrx = ZCM_CONNECT;
    839              return;
    840              
    841          /**************************************************/  
    842          /* ZCM(ZigBee Coordinator Module) Connecting      */
    843          /* Connecting between EpiaGate Main Unit and ZCM  */
    844          /**************************************************/    
    845            case ZCM_CONNECT:
    846              debug_monit(3);
   \                     ??link_receive_ZigBee_10:
   \   00000364   0320               MOVS     R0,#+3
   \   00000366   ........           _BLF     debug_monit,??debug_monit??rT
    847              ZCMdebug = 1;
   \   0000036A   0120               MOVS     R0,#+1
   \   0000036C   2072               STRB     R0,[R4, #+8]
    848              DumpDisplay = 1;
   \   0000036E   3870               STRB     R0,[R7, #+0]
    849              printf("\nZCM Connect start");
   \   00000370   CF20               MOVS     R0,#+207
   \   00000372   8000               LSLS     R0,R0,#+2        ;; #+828
   \   00000374   2818               ADDS     R0,R5,R0
   \   00000376   ........           _BLF     printf,??printf??rT
    850              iZCMcount = 0;
   \   0000037A   A661               STR      R6,[R4, #+24]
    851              sZBrxDelay = 0;
   \   0000037C   6682               STRH     R6,[R4, #+18]
    852              sZBmaxDelay = 200;		// Max response delay : 400ms
   \   0000037E   C820               MOVS     R0,#+200
   \   00000380   A082               STRH     R0,[R4, #+20]
    853              ErrUsart = 0;
   \   00000382   BF48               LDR      R0,??link_receive_ZigBee_63+0xC  ;; ErrUsart
   \   00000384   0670               STRB     R6,[R0, #+0]
    854              ZBerr = 0;
   \   00000386   A672               STRB     R6,[R4, #+10]
    855              com0_buffer_clear();	// Discard com0 rxbuffer
   \   00000388   ........           _BLF     com0_buffer_clear,??com0_buffer_clear??rT
    856              //ZCM_reset();                // ZCM reset & com0 setting
    857              sStepZBrx++;
   \   0000038C   208A               LDRH     R0,[R4, #+16]
   \   0000038E   401C               ADDS     R0,R0,#+1
   \   00000390   A5E7               B.N      ??link_receive_ZigBee_60
    858              return;
    859          
    860            case ZCM_CONNECT+1:
    861              ZCM_rsp_receive();
   \                     ??link_receive_ZigBee_29:
   \   00000392   ........           BL       ZCM_rsp_receive
    862              return;
   \   00000396   54E3               B        ??link_receive_ZigBee_61
    863          
    864            // ZCM_version_req
    865            case ZCM_CONNECT+2:
    866              printf("\nZCM Rx:%02d ERR:%02d", iZCMcount, ZBerr);
   \                     ??link_receive_ZigBee_12:
   \   00000398   A27A               LDRB     R2,[R4, #+10]
   \   0000039A   A169               LDR      R1,[R4, #+24]
   \   0000039C   0698               LDR      R0,[SP, #+24]
   \   0000039E   ........           _BLF     printf,??printf??rT
    867              for (no = 0; no < ZCMrxCount; no++)
   \   000003A2   E672               STRB     R6,[R4, #+11]
   \   000003A4   07E0               B        ??link_receive_ZigBee_68
    868                printf("%c",ZCMrxBuffer[no]);
   \                     ??link_receive_ZigBee_69:
   \   000003A6   B749               LDR      R1,??link_receive_ZigBee_63+0x10  ;; ZCMrxBuffer
   \   000003A8   095C               LDRB     R1,[R1, R0]
   \   000003AA   B3A0               ADR      R0,??link_receive_ZigBee_63+0x4  ;; "%c"
   \   000003AC   ........           _BLF     printf,??printf??rT
   \   000003B0   E07A               LDRB     R0,[R4, #+11]
   \   000003B2   401C               ADDS     R0,R0,#+1
   \   000003B4   E072               STRB     R0,[R4, #+11]
   \                     ??link_receive_ZigBee_68:
   \   000003B6   E07A               LDRB     R0,[R4, #+11]
   \   000003B8   217B               LDRB     R1,[R4, #+12]
   \   000003BA   8842               CMP      R0,R1
   \   000003BC   F3D3               BCC      ??link_receive_ZigBee_69
    869                 //putchar_dp(ZCMrxBuffer[no]); 
    870              ZBerr = 0;
   \   000003BE   A672               STRB     R6,[R4, #+10]
    871              sZBrxDelay = 0;
   \   000003C0   6682               STRH     R6,[R4, #+18]
    872              if (ZCMdebug) printf("\nTx>");
   \   000003C2   207A               LDRB     R0,[R4, #+8]
   \   000003C4   0028               CMP      R0,#+0
   \   000003C6   02D0               BEQ      ??link_receive_ZigBee_70
   \   000003C8   0298               LDR      R0,[SP, #+8]
   \   000003CA   ........           _BLF     printf,??printf??rT
    873              put_packet0(ZCMversionReq, sizeof(ZCMversionReq));
   \                     ??link_receive_ZigBee_70:
   \   000003CE   0621               MOVS     R1,#+6
   \   000003D0   2000               MOVS     R0,R4
   \   000003D2   8830               ADDS     R0,R0,#+136
   \   000003D4   ........           BL       put_packet0
    874              if (ZCMdebug) printf("\nRx>");
   \   000003D8   207A               LDRB     R0,[R4, #+8]
   \   000003DA   0028               CMP      R0,#+0
   \   000003DC   02D0               BEQ      ??link_receive_ZigBee_71
   \   000003DE   0198               LDR      R0,[SP, #+4]
   \   000003E0   ........           _BLF     printf,??printf??rT
    875              sStepZBrx++;
   \                     ??link_receive_ZigBee_71:
   \   000003E4   208A               LDRH     R0,[R4, #+16]
   \   000003E6   401C               ADDS     R0,R0,#+1
   \   000003E8   79E7               B.N      ??link_receive_ZigBee_60
    876              return;
    877              
    878            case ZCM_CONNECT+3:
    879              ZCM_rsp_receive();
    880              return;
    881            
    882            // ZCM_toplayer_req
    883            case ZCM_CONNECT+4:
    884              ZCMerr = packet_verify((char*)&ZCMrxBuffer[0]);
   \                     ??link_receive_ZigBee_13:
   \   000003EA   A648               LDR      R0,??link_receive_ZigBee_63+0x10  ;; ZCMrxBuffer
   \   000003EC   ........           BL       packet_verify
   \   000003F0   E071               STRB     R0,[R4, #+7]
    885              if (ZCMerr == 0)
   \   000003F2   0028               CMP      R0,#+0
   \   000003F4   0ED1               BNE      ??link_receive_ZigBee_72
    886              {
    887                if (ZCMrxBuffer[4] == CONFIRM) printf("\nZCM version:%02X", ZCMrxBuffer[9]);
   \   000003F6   6846               MOV      R0,SP
   \   000003F8   4078               LDRB     R0,[R0, #+1]
   \   000003FA   1128               CMP      R0,#+17
   \   000003FC   07D1               BNE      ??link_receive_ZigBee_73
   \   000003FE   0598               LDR      R0,[SP, #+20]
   \   00000400   4179               LDRB     R1,[R0, #+5]
   \   00000402   C020               MOVS     R0,#+192
   \   00000404   8000               LSLS     R0,R0,#+2        ;; #+768
   \   00000406   2818               ADDS     R0,R5,R0
   \                     ??link_receive_ZigBee_74:
   \   00000408   ........           _BLF     printf,??printf??rT
   \   0000040C   0AE0               B        ??link_receive_ZigBee_75
    888                 else  printf("\nFail:%02X", ZCMrxBuffer[4] );
   \                     ??link_receive_ZigBee_73:
   \   0000040E   0799               LDR      R1,[SP, #+28]
   \   00000410   0898               LDR      R0,[SP, #+32]
   \   00000412   F9E7               B.N      ??link_receive_ZigBee_74
    889              } 
    890              else 
    891              {
    892                printf("\nPacket Verify Error");
   \                     ??link_receive_ZigBee_72:
   \   00000414   0998               LDR      R0,[SP, #+36]
   \   00000416   ........           _BLF     printf,??printf??rT
    893                printf("\nZCM Rx:%02d ERR:%02d", iZCMcount, ZBerr);
   \   0000041A   A27A               LDRB     R2,[R4, #+10]
   \   0000041C   A169               LDR      R1,[R4, #+24]
   \   0000041E   0698               LDR      R0,[SP, #+24]
   \   00000420   ........           _BLF     printf,??printf??rT
    894              }
    895              iZCMcount = 0;
   \                     ??link_receive_ZigBee_75:
   \   00000424   A661               STR      R6,[R4, #+24]
    896              sZBrxDelay = 0;
   \   00000426   6682               STRH     R6,[R4, #+18]
    897              if (ZCMdebug) printf("\nTx>");
   \   00000428   207A               LDRB     R0,[R4, #+8]
   \   0000042A   0028               CMP      R0,#+0
   \   0000042C   02D0               BEQ      ??link_receive_ZigBee_76
   \   0000042E   0298               LDR      R0,[SP, #+8]
   \   00000430   ........           _BLF     printf,??printf??rT
    898              put_packet0(ZCMtopLayerReq, sizeof(ZCMtopLayerReq));
   \                     ??link_receive_ZigBee_76:
   \   00000434   0621               MOVS     R1,#+6
   \   00000436   2000               MOVS     R0,R4
   \   00000438   9030               ADDS     R0,R0,#+144
   \   0000043A   ........           BL       put_packet0
    899              if (ZCMdebug) printf("\nRx>");
   \   0000043E   207A               LDRB     R0,[R4, #+8]
   \   00000440   0028               CMP      R0,#+0
   \   00000442   02D0               BEQ      ??link_receive_ZigBee_77
   \   00000444   0198               LDR      R0,[SP, #+4]
   \   00000446   ........           _BLF     printf,??printf??rT
    900              sStepZBrx++;
   \                     ??link_receive_ZigBee_77:
   \   0000044A   208A               LDRH     R0,[R4, #+16]
   \   0000044C   401C               ADDS     R0,R0,#+1
   \   0000044E   2082               STRH     R0,[R4, #+16]
    901              return;
   \   00000450   F7E2               B        ??link_receive_ZigBee_61
    902              
    903            case ZCM_CONNECT+5:
    904              ZCM_rsp_receive();
    905              return;
    906              
    907            // ZCM_network_info_req
    908            case ZCM_CONNECT+6:
    909              ZCMerr = packet_verify((char*)&ZCMrxBuffer[0]);
   \                     ??link_receive_ZigBee_14:
   \   00000452   8C48               LDR      R0,??link_receive_ZigBee_63+0x10  ;; ZCMrxBuffer
   \   00000454   ........           BL       packet_verify
   \   00000458   E071               STRB     R0,[R4, #+7]
    910              if (ZCMerr == 0)
   \   0000045A   0028               CMP      R0,#+0
   \   0000045C   0ED1               BNE      ??link_receive_ZigBee_78
    911              {
    912                if (ZCMrxBuffer[4] == CONFIRM) printf("\nZCM Top Layer:%02X", ZCMrxBuffer[9]);
   \   0000045E   6846               MOV      R0,SP
   \   00000460   4078               LDRB     R0,[R0, #+1]
   \   00000462   1128               CMP      R0,#+17
   \   00000464   07D1               BNE      ??link_receive_ZigBee_79
   \   00000466   0598               LDR      R0,[SP, #+20]
   \   00000468   4179               LDRB     R1,[R0, #+5]
   \   0000046A   B220               MOVS     R0,#+178
   \   0000046C   8000               LSLS     R0,R0,#+2        ;; #+712
   \   0000046E   2818               ADDS     R0,R5,R0
   \                     ??link_receive_ZigBee_80:
   \   00000470   ........           _BLF     printf,??printf??rT
   \   00000474   0AE0               B        ??link_receive_ZigBee_81
    913                 else  printf("\nFail:%02X", ZCMrxBuffer[4] );
   \                     ??link_receive_ZigBee_79:
   \   00000476   0799               LDR      R1,[SP, #+28]
   \   00000478   0898               LDR      R0,[SP, #+32]
   \   0000047A   F9E7               B.N      ??link_receive_ZigBee_80
    914              } 
    915              else 
    916              {
    917                printf("\nPacket Verify Error");
   \                     ??link_receive_ZigBee_78:
   \   0000047C   0998               LDR      R0,[SP, #+36]
   \   0000047E   ........           _BLF     printf,??printf??rT
    918                printf("\nZCM Rx:%02d ERR:%02d", iZCMcount, ZBerr);
   \   00000482   A27A               LDRB     R2,[R4, #+10]
   \   00000484   A169               LDR      R1,[R4, #+24]
   \   00000486   0698               LDR      R0,[SP, #+24]
   \   00000488   ........           _BLF     printf,??printf??rT
    919              }
    920              iZCMcount = 0;
   \                     ??link_receive_ZigBee_81:
   \   0000048C   A661               STR      R6,[R4, #+24]
    921              sZBrxDelay = 0;
   \   0000048E   6682               STRH     R6,[R4, #+18]
    922              if (ZCMdebug) printf("\nTx>");
   \   00000490   207A               LDRB     R0,[R4, #+8]
   \   00000492   0028               CMP      R0,#+0
   \   00000494   02D0               BEQ      ??link_receive_ZigBee_82
   \   00000496   0298               LDR      R0,[SP, #+8]
   \   00000498   ........           _BLF     printf,??printf??rT
    923              put_packet0(ZCMnetworkInfoReq, sizeof(ZCMnetworkInfoReq));
   \                     ??link_receive_ZigBee_82:
   \   0000049C   0621               MOVS     R1,#+6
   \   0000049E   2000               MOVS     R0,R4
   \   000004A0   9830               ADDS     R0,R0,#+152
   \   000004A2   ........           BL       put_packet0
    924              if (ZCMdebug) printf("\nRx>");
   \   000004A6   207A               LDRB     R0,[R4, #+8]
   \   000004A8   0028               CMP      R0,#+0
   \   000004AA   02D0               BEQ      ??link_receive_ZigBee_83
   \   000004AC   0198               LDR      R0,[SP, #+4]
   \   000004AE   ........           _BLF     printf,??printf??rT
    925              sStepZBrx++;
   \                     ??link_receive_ZigBee_83:
   \   000004B2   208A               LDRH     R0,[R4, #+16]
   \   000004B4   401C               ADDS     R0,R0,#+1
   \   000004B6   12E7               B.N      ??link_receive_ZigBee_60
    926              return;
    927              
    928            case ZCM_CONNECT+7:
    929              ZCM_rsp_receive();
    930              return;
    931              
    932            case ZCM_CONNECT+8:
    933              ZCMerr = packet_verify((char*)&ZCMrxBuffer[0]);
   \                     ??link_receive_ZigBee_15:
   \   000004B8   7248               LDR      R0,??link_receive_ZigBee_63+0x10  ;; ZCMrxBuffer
   \   000004BA   ........           BL       packet_verify
   \   000004BE   E071               STRB     R0,[R4, #+7]
    934              if (ZCMerr == 0)
   \   000004C0   0028               CMP      R0,#+0
   \   000004C2   3ED1               BNE      ??link_receive_ZigBee_84
    935              {
    936                if (ZCMrxBuffer[4] == CONFIRM)
   \   000004C4   6846               MOV      R0,SP
   \   000004C6   4078               LDRB     R0,[R0, #+1]
   \   000004C8   1128               CMP      R0,#+17
   \   000004CA   37D1               BNE      ??link_receive_ZigBee_85
    937                {
    938                  printf("\nZCM IEEEadd:");
   \   000004CC   AE20               MOVS     R0,#+174
   \   000004CE   8000               LSLS     R0,R0,#+2        ;; #+696
   \   000004D0   2818               ADDS     R0,R5,R0
   \   000004D2   ........           _BLF     printf,??printf??rT
    939                  for (no = 16; no > 8; no--) printf(" %02X", ZCMrxBuffer[no]);
   \   000004D6   1020               MOVS     R0,#+16
   \   000004D8   E072               STRB     R0,[R4, #+11]
   \                     ??link_receive_ZigBee_86:
   \   000004DA   E07A               LDRB     R0,[R4, #+11]
   \   000004DC   6949               LDR      R1,??link_receive_ZigBee_63+0x10  ;; ZCMrxBuffer
   \   000004DE   095C               LDRB     R1,[R1, R0]
   \   000004E0   AC20               MOVS     R0,#+172
   \   000004E2   8000               LSLS     R0,R0,#+2        ;; #+688
   \   000004E4   2818               ADDS     R0,R5,R0
   \   000004E6   ........           _BLF     printf,??printf??rT
   \   000004EA   E07A               LDRB     R0,[R4, #+11]
   \   000004EC   401E               SUBS     R0,R0,#+1
   \   000004EE   E072               STRB     R0,[R4, #+11]
   \   000004F0   0006               LSLS     R0,R0,#+24
   \   000004F2   000E               LSRS     R0,R0,#+24
   \   000004F4   0928               CMP      R0,#+9
   \   000004F6   F0D2               BCS      ??link_receive_ZigBee_86
    940                  printf("\nDepth:%02X", ZCMrxBuffer[24] );
   \   000004F8   0598               LDR      R0,[SP, #+20]
   \   000004FA   017D               LDRB     R1,[R0, #+20]
   \   000004FC   A920               MOVS     R0,#+169
   \   000004FE   8000               LSLS     R0,R0,#+2        ;; #+676
   \   00000500   2818               ADDS     R0,R5,R0
   \   00000502   ........           _BLF     printf,??printf??rT
    941                  printf("\nChildren:%02X", ZCMrxBuffer[25] );
   \   00000506   0598               LDR      R0,[SP, #+20]
   \   00000508   417D               LDRB     R1,[R0, #+21]
   \   0000050A   A520               MOVS     R0,#+165
   \   0000050C   8000               LSLS     R0,R0,#+2        ;; #+660
   \   0000050E   2818               ADDS     R0,R5,R0
   \   00000510   ........           _BLF     printf,??printf??rT
    942                  printf("\nRF Channel:%02X", ZCMrxBuffer[40] );
   \   00000514   5C4F               LDR      R7,??link_receive_ZigBee_63+0x14  ;; ZCMrxBuffer + 40
   \   00000516   3978               LDRB     R1,[R7, #+0]
   \   00000518   A020               MOVS     R0,#+160
   \   0000051A   8000               LSLS     R0,R0,#+2        ;; #+640
   \   0000051C   2818               ADDS     R0,R5,R0
   \   0000051E   ........           _BLF     printf,??printf??rT
    943                  printf("\nPANID:%02X%02X", ZCMrxBuffer[42], ZCMrxBuffer[41] );
   \   00000522   7A78               LDRB     R2,[R7, #+1]
   \   00000524   B978               LDRB     R1,[R7, #+2]
   \   00000526   2800               MOVS     R0,R5
   \   00000528   5C30               ADDS     R0,R0,#+92
   \   0000052A   ........           _BLF     printf,??printf??rT
    944                  printf("\nPermitDuration:%02X", ZCMrxBuffer[43] );
   \   0000052E   F978               LDRB     R1,[R7, #+3]
   \   00000530   9820               MOVS     R0,#+152
   \   00000532   8000               LSLS     R0,R0,#+2        ;; #+608
   \   00000534   2818               ADDS     R0,R5,R0
   \                     ??link_receive_ZigBee_87:
   \   00000536   ........           _BLF     printf,??printf??rT
   \   0000053A   0AE0               B        ??link_receive_ZigBee_88
    945                  //printf("\nSuperframeOrder:%02X", ZCMrxBuffer[44] );
    946                }
    947                else printf("\nFail:%02X", ZCMrxBuffer[4] );
   \                     ??link_receive_ZigBee_85:
   \   0000053C   0799               LDR      R1,[SP, #+28]
   \   0000053E   0898               LDR      R0,[SP, #+32]
   \   00000540   F9E7               B.N      ??link_receive_ZigBee_87
    948              } 
    949              else 
    950              {
    951                printf("\nPacket Verify Error");
   \                     ??link_receive_ZigBee_84:
   \   00000542   0998               LDR      R0,[SP, #+36]
   \   00000544   ........           _BLF     printf,??printf??rT
    952                printf("\nZCM Rx:%02d ERR:%02d", iZCMcount, ZBerr);
   \   00000548   A27A               LDRB     R2,[R4, #+10]
   \   0000054A   A169               LDR      R1,[R4, #+24]
   \   0000054C   0698               LDR      R0,[SP, #+24]
   \   0000054E   ........           _BLF     printf,??printf??rT
    953              }
    954              iZCMcount = 0;
   \                     ??link_receive_ZigBee_88:
   \   00000552   A661               STR      R6,[R4, #+24]
    955              sZBrxDelay = 0;
   \   00000554   6682               STRH     R6,[R4, #+18]
    956              sStepZBrx++;
   \   00000556   78E7               B.N      ??link_receive_ZigBee_77
    957              return;
    958              
    959            case ZCM_CONNECT+9:
    960              sStepZBrx++;
    961              return;
    962              
    963            case ZCM_CONNECT+10:
    964              sStepZBrx++;
   \                     ??link_receive_ZigBee_35:
   \   00000558   2182               STRH     R1,[R4, #+16]
    965              return;
   \   0000055A   72E2               B        ??link_receive_ZigBee_61
    966              
    967            case ZCM_CONNECT+11:
    968              printf("\nZCM Connect END");
   \                     ??link_receive_ZigBee_18:
   \   0000055C   9320               MOVS     R0,#+147
   \   0000055E   8000               LSLS     R0,R0,#+2        ;; #+588
   \   00000560   2818               ADDS     R0,R5,R0
   \   00000562   ........           _BLF     printf,??printf??rT
    969              DumpDisplay = 0;
   \   00000566   3E70               STRB     R6,[R7, #+0]
    970              debug_monit(1);
   \   00000568   0120               MOVS     R0,#+1
   \   0000056A   ........           _BLF     debug_monit,??debug_monit??rT
    971              if (AutoZigBee) sStepZBrx = NWK_FORMING; else sStepZBrx = 0;
   \   0000056E   4348               LDR      R0,??link_receive_ZigBee_63+0x8  ;; AutoZigBee
   \   00000570   0078               LDRB     R0,[R0, #+0]
   \   00000572   0028               CMP      R0,#+0
   \   00000574   ....               BNE      .+5
   \   00000576   63E2               B        ??link_receive_ZigBee_59
   \   00000578   9620               MOVS     R0,#+150
   \   0000057A   4000               LSLS     R0,R0,#+1        ;; #+300
   \   0000057C   AFE6               B.N      ??link_receive_ZigBee_60
    972              return;
    973          
    974          /*****************************************/  
    975          /* ZigBee NetWork Formation Request      */
    976          /*****************************************/       
    977            case NWK_FORMING:
    978              debug_monit(3);
   \                     ??link_receive_ZigBee_19:
   \   0000057E   0320               MOVS     R0,#+3
   \   00000580   ........           _BLF     debug_monit,??debug_monit??rT
    979              DumpDisplay = 1;
   \   00000584   0120               MOVS     R0,#+1
   \   00000586   3870               STRB     R0,[R7, #+0]
    980              //ZCM_reset();
    981              printf("\nNetWork Formation start");
   \   00000588   8C20               MOVS     R0,#+140
   \   0000058A   8000               LSLS     R0,R0,#+2        ;; #+560
   \   0000058C   2818               ADDS     R0,R5,R0
   \   0000058E   ........           _BLF     printf,??printf??rT
    982              iZCMcount = 0;
   \   00000592   A661               STR      R6,[R4, #+24]
    983              sZBrxDelay = 0;
   \   00000594   6682               STRH     R6,[R4, #+18]
    984              sZBmaxDelay = 200;		// Max response delay : 400ms
   \   00000596   C820               MOVS     R0,#+200
   \   00000598   A082               STRH     R0,[R4, #+20]
    985              ErrUsart = 0;
   \   0000059A   3948               LDR      R0,??link_receive_ZigBee_63+0xC  ;; ErrUsart
   \   0000059C   0670               STRB     R6,[R0, #+0]
    986              ZBerr = 0;
   \   0000059E   A672               STRB     R6,[R4, #+10]
    987              com0_buffer_clear();
   \   000005A0   ........           _BLF     com0_buffer_clear,??com0_buffer_clear??rT
    988              printf("\nTx>");
   \   000005A4   0298               LDR      R0,[SP, #+8]
   \   000005A6   ........           _BLF     printf,??printf??rT
    989              //put_packet0(FormingReq1, sizeof(FormingReq1));
    990              send_NLME_GET_req(GET_IEEEADD);
   \   000005AA   7F20               MOVS     R0,#+127
   \   000005AC   ........           BL       send_NLME_GET_req
    991              printf("\nRx>");
   \   000005B0   0198               LDR      R0,[SP, #+4]
   \   000005B2   ........           _BLF     printf,??printf??rT
    992              sStepZBrx++;
   \   000005B6   208A               LDRH     R0,[R4, #+16]
   \   000005B8   401C               ADDS     R0,R0,#+1
   \   000005BA   90E6               B.N      ??link_receive_ZigBee_60
    993              return;
    994          
    995            case NWK_FORMING+1:
    996              ZCM_rsp_receive();
    997              return;
    998          
    999            case NWK_FORMING+2:
   1000              ZCMerr = packet_verify((char*)&ZCMrxBuffer[0]);
   \                     ??link_receive_ZigBee_20:
   \   000005BC   3148               LDR      R0,??link_receive_ZigBee_63+0x10  ;; ZCMrxBuffer
   \   000005BE   ........           BL       packet_verify
   \   000005C2   E071               STRB     R0,[R4, #+7]
   1001              if (ZCMerr != 0) ZBerr++;
   \   000005C4   0028               CMP      R0,#+0
   \   000005C6   02D0               BEQ      ??link_receive_ZigBee_89
   \   000005C8   6846               MOV      R0,SP
   \   000005CA   0078               LDRB     R0,[R0, #+0]
   \   000005CC   A072               STRB     R0,[R4, #+10]
   1002              printf("\n1st Rx:%02d E:%02d T:%2d", iZCMcount, ZBerr, sZBrxDelay*2);
   \                     ??link_receive_ZigBee_89:
   \   000005CE   039B               LDR      R3,[SP, #+12]
   \   000005D0   A27A               LDRB     R2,[R4, #+10]
   \   000005D2   A169               LDR      R1,[R4, #+24]
   \   000005D4   8520               MOVS     R0,#+133
   \   000005D6   8000               LSLS     R0,R0,#+2        ;; #+532
   \   000005D8   2818               ADDS     R0,R5,R0
   \   000005DA   ........           _BLF     printf,??printf??rT
   1003              iZCMcount = 0;
   \   000005DE   A661               STR      R6,[R4, #+24]
   1004              sZBrxDelay = 0;
   \   000005E0   6682               STRH     R6,[R4, #+18]
   1005              printf("\nTx>");
   \   000005E2   0298               LDR      R0,[SP, #+8]
   \   000005E4   ........           _BLF     printf,??printf??rT
   1006              //put_packet0(FormingReq2, sizeof(FormingReq2));
   1007              send_NLME_GET_req(GET_85);
   \   000005E8   8520               MOVS     R0,#+133
   \   000005EA   ........           BL       send_NLME_GET_req
   1008              printf("\nRx>");
   \   000005EE   0198               LDR      R0,[SP, #+4]
   \   000005F0   ........           _BLF     printf,??printf??rT
   1009              sStepZBrx++;
   \   000005F4   29E7               B.N      ??link_receive_ZigBee_77
   1010              return;
   1011              
   1012            case NWK_FORMING+3:
   1013              ZCM_rsp_receive();
   1014              return;
   1015              
   1016            case NWK_FORMING+4:
   1017              ZCMerr = packet_verify((char*)&ZCMrxBuffer[0]);
   \                     ??link_receive_ZigBee_21:
   \   000005F6   2348               LDR      R0,??link_receive_ZigBee_63+0x10  ;; ZCMrxBuffer
   \   000005F8   ........           BL       packet_verify
   \   000005FC   E071               STRB     R0,[R4, #+7]
   1018              if (ZCMerr != 0) ZBerr++;
   \   000005FE   0028               CMP      R0,#+0
   \   00000600   02D0               BEQ      ??link_receive_ZigBee_90
   \   00000602   6846               MOV      R0,SP
   \   00000604   0078               LDRB     R0,[R0, #+0]
   \   00000606   A072               STRB     R0,[R4, #+10]
   1019              printf("\n2st Rx:%02d E:%02d T:%2d", iZCMcount, ZBerr, sZBrxDelay*2);
   \                     ??link_receive_ZigBee_90:
   \   00000608   039B               LDR      R3,[SP, #+12]
   \   0000060A   A27A               LDRB     R2,[R4, #+10]
   \   0000060C   A169               LDR      R1,[R4, #+24]
   \   0000060E   FC20               MOVS     R0,#+252
   \   00000610   4000               LSLS     R0,R0,#+1        ;; #+504
   \   00000612   2818               ADDS     R0,R5,R0
   \   00000614   ........           _BLF     printf,??printf??rT
   1020              iZCMcount = 0;
   \   00000618   A661               STR      R6,[R4, #+24]
   1021              sZBrxDelay = 0;
   \   0000061A   6682               STRH     R6,[R4, #+18]
   1022              printf("\nTx>");
   \   0000061C   0298               LDR      R0,[SP, #+8]
   \   0000061E   ........           _BLF     printf,??printf??rT
   1023              //put_packet0(FormingReq3, sizeof(FormingReq3));
   1024              send_NLME_GET_req(GET_84);
   \   00000622   8420               MOVS     R0,#+132
   \   00000624   ........           BL       send_NLME_GET_req
   1025              printf("\nRx>");
   \   00000628   0198               LDR      R0,[SP, #+4]
   \   0000062A   ........           _BLF     printf,??printf??rT
   1026              sStepZBrx++;
   \   0000062E   208A               LDRH     R0,[R4, #+16]
   \   00000630   401C               ADDS     R0,R0,#+1
   \   00000632   54E6               B.N      ??link_receive_ZigBee_60
   1027              return;
   1028              
   1029            case NWK_FORMING+5:
   1030              ZCM_rsp_receive();
   1031              return;
   1032          
   1033            case NWK_FORMING+6:
   1034              ZCMerr = packet_verify((char*)&ZCMrxBuffer[0]);
   \                     ??link_receive_ZigBee_22:
   \   00000634   1348               LDR      R0,??link_receive_ZigBee_63+0x10  ;; ZCMrxBuffer
   \   00000636   ........           BL       packet_verify
   \   0000063A   E071               STRB     R0,[R4, #+7]
   1035              if (ZCMerr != 0) ZBerr++;
   \   0000063C   0028               CMP      R0,#+0
   \   0000063E   02D0               BEQ      ??link_receive_ZigBee_91
   \   00000640   6846               MOV      R0,SP
   \   00000642   0078               LDRB     R0,[R0, #+0]
   \   00000644   A072               STRB     R0,[R4, #+10]
   1036              printf("\n3st Rx:%02d E:%02d T:%2d", iZCMcount, ZBerr, sZBrxDelay*2);
   \                     ??link_receive_ZigBee_91:
   \   00000646   039B               LDR      R3,[SP, #+12]
   \   00000648   A27A               LDRB     R2,[R4, #+10]
   \   0000064A   A169               LDR      R1,[R4, #+24]
   \   0000064C   EE20               MOVS     R0,#+238
   \   0000064E   4000               LSLS     R0,R0,#+1        ;; #+476
   \   00000650   2818               ADDS     R0,R5,R0
   \   00000652   ........           _BLF     printf,??printf??rT
   1037              iZCMcount = 0;
   \   00000656   A661               STR      R6,[R4, #+24]
   1038              sZBrxDelay = 0;
   \   00000658   6682               STRH     R6,[R4, #+18]
   1039              printf("\nTx>");
   \   0000065A   0298               LDR      R0,[SP, #+8]
   \   0000065C   ........           _BLF     printf,??printf??rT
   1040              //put_packet0(FormingReq4, sizeof(FormingReq4));
   1041              send_NLME_RESET_req();
   \   00000660   ........           BL       send_NLME_RESET_req
   1042              printf("\nRx>");
   \   00000664   0198               LDR      R0,[SP, #+4]
   \   00000666   ........           _BLF     printf,??printf??rT
   1043              sStepZBrx++;
   \                     ??link_receive_ZigBee_92:
   \   0000066A   208A               LDRH     R0,[R4, #+16]
   \   0000066C   401C               ADDS     R0,R0,#+1
   \                     ??link_receive_ZigBee_93:
   \   0000066E   2082               STRH     R0,[R4, #+16]
   1044              return;
   \   00000670   E7E1               B        ??link_receive_ZigBee_61
   \   00000672   C046               Nop      
   \                     ??link_receive_ZigBee_63:
   \   00000674   30F4FFFF           DC32     0xfffff430
   \   00000678   25630000           DC8      "%c",+0
   \   0000067C   ........           DC32     AutoZigBee
   \   00000680   ........           DC32     ErrUsart
   \   00000684   ........           DC32     ZCMrxBuffer
   \   00000688   ........           DC32     ZCMrxBuffer + 40
   1045              
   1046            case NWK_FORMING+7:
   1047              ZCM_rsp_receive();
   1048              return;
   1049              
   1050            case NWK_FORMING+8:
   1051              ZCMerr = packet_verify((char*)&ZCMrxBuffer[0]);
   \                     ??link_receive_ZigBee_23:
   \   0000068C   CE48               LDR      R0,??link_receive_ZigBee_94  ;; ZCMrxBuffer
   \   0000068E   ........           BL       packet_verify
   \   00000692   E071               STRB     R0,[R4, #+7]
   1052              if (ZCMerr != 0) ZBerr++;
   \   00000694   0028               CMP      R0,#+0
   \   00000696   02D0               BEQ      ??link_receive_ZigBee_95
   \   00000698   6846               MOV      R0,SP
   \   0000069A   0078               LDRB     R0,[R0, #+0]
   \   0000069C   A072               STRB     R0,[R4, #+10]
   1053              printf("\n4st Rx:%02d E:%02d T:%2d", iZCMcount, ZBerr, sZBrxDelay*2);
   \                     ??link_receive_ZigBee_95:
   \   0000069E   039B               LDR      R3,[SP, #+12]
   \   000006A0   A27A               LDRB     R2,[R4, #+10]
   \   000006A2   A169               LDR      R1,[R4, #+24]
   \   000006A4   E020               MOVS     R0,#+224
   \   000006A6   4000               LSLS     R0,R0,#+1        ;; #+448
   \   000006A8   2818               ADDS     R0,R5,R0
   \   000006AA   ........           _BLF     printf,??printf??rT
   1054              iZCMcount = 0;
   \   000006AE   A661               STR      R6,[R4, #+24]
   1055              sZBrxDelay = 0;
   \   000006B0   6682               STRH     R6,[R4, #+18]
   1056              printf("\nTx>");
   \   000006B2   0298               LDR      R0,[SP, #+8]
   \   000006B4   ........           _BLF     printf,??printf??rT
   1057              //send_network_formation_req2();
   1058              send_NLME_NETWORK_FORMATION_req();
   \   000006B8   ........           BL       send_NLME_NETWORK_FORMATION_req
   1059              //put_packet0(FormingReq5, sizeof(FormingReq5));
   1060              printf("\nRx>");
   \   000006BC   0198               LDR      R0,[SP, #+4]
   \   000006BE   ........           _BLF     printf,??printf??rT
   1061              sStepZBrx++;
   \   000006C2   208A               LDRH     R0,[R4, #+16]
   \   000006C4   401C               ADDS     R0,R0,#+1
   \   000006C6   0AE6               B.N      ??link_receive_ZigBee_60
   1062              return;
   1063              
   1064            case NWK_FORMING+9:
   1065              ZCM_rsp_receive();
   1066              return;
   1067              
   1068            case NWK_FORMING+10:
   1069              ZCMerr = packet_verify((char*)&ZCMrxBuffer[0]);
   \                     ??link_receive_ZigBee_24:
   \   000006C8   BF48               LDR      R0,??link_receive_ZigBee_94  ;; ZCMrxBuffer
   \   000006CA   ........           BL       packet_verify
   \   000006CE   E071               STRB     R0,[R4, #+7]
   1070              if (ZCMerr != 0) ZBerr++;
   \   000006D0   0028               CMP      R0,#+0
   \   000006D2   02D0               BEQ      ??link_receive_ZigBee_96
   \   000006D4   6846               MOV      R0,SP
   \   000006D6   0078               LDRB     R0,[R0, #+0]
   \   000006D8   A072               STRB     R0,[R4, #+10]
   1071              printf("\n5st Rx:%02d E:%02d T:%2d", iZCMcount, ZBerr, sZBrxDelay*2);
   \                     ??link_receive_ZigBee_96:
   \   000006DA   039B               LDR      R3,[SP, #+12]
   \   000006DC   A27A               LDRB     R2,[R4, #+10]
   \   000006DE   A169               LDR      R1,[R4, #+24]
   \   000006E0   D220               MOVS     R0,#+210
   \   000006E2   4000               LSLS     R0,R0,#+1        ;; #+420
   \   000006E4   2818               ADDS     R0,R5,R0
   \   000006E6   ........           _BLF     printf,??printf??rT
   1072              iZCMcount = 0;
   \   000006EA   A661               STR      R6,[R4, #+24]
   1073              sZBrxDelay = 0;
   \   000006EC   6682               STRH     R6,[R4, #+18]
   1074              printf("\nTx>");
   \   000006EE   0298               LDR      R0,[SP, #+8]
   \   000006F0   ........           _BLF     printf,??printf??rT
   1075              send_NLME_PERMIT_JOINING_req(PermitDuration);
   \   000006F4   A079               LDRB     R0,[R4, #+6]
   \   000006F6   ........           BL       send_NLME_PERMIT_JOINING_req
   1076              //put_packet0(FormingReq6, sizeof(FormingReq6));
   1077              printf("\nRx>");
   \   000006FA   0198               LDR      R0,[SP, #+4]
   \   000006FC   ........           _BLF     printf,??printf??rT
   1078              sStepZBrx++;
   \   00000700   A3E6               B.N      ??link_receive_ZigBee_77
   1079              return;
   1080              
   1081            case NWK_FORMING+11:
   1082              ZCM_rsp_receive();
   1083              return;
   1084              
   1085            case NWK_FORMING+12:
   1086              ZCMerr = packet_verify((char*)&ZCMrxBuffer[0]);
   \                     ??link_receive_ZigBee_25:
   \   00000702   B148               LDR      R0,??link_receive_ZigBee_94  ;; ZCMrxBuffer
   \   00000704   ........           BL       packet_verify
   \   00000708   E071               STRB     R0,[R4, #+7]
   1087              if (ZCMerr != 0) ZBerr++;
   \   0000070A   0028               CMP      R0,#+0
   \   0000070C   02D0               BEQ      ??link_receive_ZigBee_97
   \   0000070E   6846               MOV      R0,SP
   \   00000710   0078               LDRB     R0,[R0, #+0]
   \   00000712   A072               STRB     R0,[R4, #+10]
   1088              printf("\n6st Rx:%02d E:%02d T:%2d", iZCMcount, ZBerr, sZBrxDelay*2);
   \                     ??link_receive_ZigBee_97:
   \   00000714   039B               LDR      R3,[SP, #+12]
   \   00000716   A27A               LDRB     R2,[R4, #+10]
   \   00000718   A169               LDR      R1,[R4, #+24]
   \   0000071A   C420               MOVS     R0,#+196
   \   0000071C   4000               LSLS     R0,R0,#+1        ;; #+392
   \   0000071E   2818               ADDS     R0,R5,R0
   \   00000720   ........           _BLF     printf,??printf??rT
   1089              iZCMcount = 0;
   \   00000724   A661               STR      R6,[R4, #+24]
   1090              sZBrxDelay = 0;
   \   00000726   6682               STRH     R6,[R4, #+18]
   1091              printf("\nTx>");
   \   00000728   0298               LDR      R0,[SP, #+8]
   \   0000072A   ........           _BLF     printf,??printf??rT
   1092              send_NLME_START_ROUTER_req(BeaconOrder, SuperframeOrder, BatteryLife);
   \   0000072E   2279               LDRB     R2,[R4, #+4]
   \   00000730   E178               LDRB     R1,[R4, #+3]
   \   00000732   A078               LDRB     R0,[R4, #+2]
   \   00000734   ........           BL       send_NLME_START_ROUTER_req
   1093              //put_packet0(FormingReq7, sizeof(FormingReq7));
   1094              printf("\nRx>");
   \   00000738   0198               LDR      R0,[SP, #+4]
   \   0000073A   ........           _BLF     printf,??printf??rT
   1095              sStepZBrx++;
   \   0000073E   208A               LDRH     R0,[R4, #+16]
   \   00000740   401C               ADDS     R0,R0,#+1
   \   00000742   CCE5               B.N      ??link_receive_ZigBee_60
   1096              return;
   1097          
   1098            case NWK_FORMING+13:
   1099              ZCM_rsp_receive();
   1100              return;    
   1101              
   1102            case NWK_FORMING+14:
   1103              ZCMerr = packet_verify((char*)&ZCMrxBuffer[0]);
   \                     ??link_receive_ZigBee_26:
   \   00000744   A048               LDR      R0,??link_receive_ZigBee_94  ;; ZCMrxBuffer
   \   00000746   ........           BL       packet_verify
   \   0000074A   E071               STRB     R0,[R4, #+7]
   1104              if (ZCMerr != 0) ZBerr++;
   \   0000074C   0028               CMP      R0,#+0
   \   0000074E   02D0               BEQ      ??link_receive_ZigBee_98
   \   00000750   6846               MOV      R0,SP
   \   00000752   0078               LDRB     R0,[R0, #+0]
   \   00000754   A072               STRB     R0,[R4, #+10]
   1105              printf("\n7st Rx:%02d E:%02d T:%2d", iZCMcount, ZBerr, sZBrxDelay*2);
   \                     ??link_receive_ZigBee_98:
   \   00000756   039B               LDR      R3,[SP, #+12]
   \   00000758   A27A               LDRB     R2,[R4, #+10]
   \   0000075A   A169               LDR      R1,[R4, #+24]
   \   0000075C   B620               MOVS     R0,#+182
   \   0000075E   4000               LSLS     R0,R0,#+1        ;; #+364
   \   00000760   2818               ADDS     R0,R5,R0
   \   00000762   ........           _BLF     printf,??printf??rT
   1106              iZCMcount = 0;
   \   00000766   A661               STR      R6,[R4, #+24]
   1107              sStepZBrx++;
   \   00000768   7FE7               B.N      ??link_receive_ZigBee_92
   1108              return;
   1109              
   1110            case NWK_FORMING+15:
   1111              sStepZBrx++;
   1112              return;
   1113              
   1114            case NWK_FORMING+16:
   1115              sStepZBrx++;
   1116              return;
   1117              
   1118            case NWK_FORMING+17:
   1119              printf("\nNetwork Forming END\n");
   \                     ??link_receive_ZigBee_27:
   \   0000076A   AA20               MOVS     R0,#+170
   \   0000076C   4000               LSLS     R0,R0,#+1        ;; #+340
   \   0000076E   2818               ADDS     R0,R5,R0
   \   00000770   ........           _BLF     printf,??printf??rT
   1120              DumpDisplay = 0;
   \   00000774   3E70               STRB     R6,[R7, #+0]
   1121              if (AutoZigBee) sStepZBrx = ZED_RECEIVE; else sStepZBrx = 0;
   \   00000776   B448               LDR      R0,??link_receive_ZigBee_99  ;; AutoZigBee
   \   00000778   0078               LDRB     R0,[R0, #+0]
   \   0000077A   0028               CMP      R0,#+0
   \   0000077C   73D0               BEQ      ??link_receive_ZigBee_100
   \   0000077E   C820               MOVS     R0,#+200
   \   00000780   4000               LSLS     R0,R0,#+1        ;; #+400
   \   00000782   ACE5               B.N      ??link_receive_ZigBee_60
   1122              return;
   1123              
   1124            case ZED_TRANSFER:
   1125              debug_monit(3);
   \                     ??link_receive_ZigBee_37:
   \   00000784   0320               MOVS     R0,#+3
   \   00000786   ........           _BLF     debug_monit,??debug_monit??rT
   1126              ZCMdebug = 1;
   \   0000078A   0120               MOVS     R0,#+1
   \   0000078C   2072               STRB     R0,[R4, #+8]
   1127              DumpDisplay = 1;
   \   0000078E   3870               STRB     R0,[R7, #+0]
   1128              PacketCount = 0;
   \   00000790   E682               STRH     R6,[R4, #+22]
   1129              printf("\n>Packet Test Start");
   \   00000792   C835               ADDS     R5,R5,#+200
   \   00000794   2800               MOVS     R0,R5
   \   00000796   ........           _BLF     printf,??printf??rT
   1130              com0_buffer_clear();
   \   0000079A   ........           _BLF     com0_buffer_clear,??com0_buffer_clear??rT
   1131              //send_API_KVP_packet();
   1132              //send_API_MSG_packet();
   1133              sStepZBrx++;
   \   0000079E   208A               LDRH     R0,[R4, #+16]
   \   000007A0   401C               ADDS     R0,R0,#+1
   \   000007A2   9CE5               B.N      ??link_receive_ZigBee_60
   1134              return;
   1135            
   1136            case ZED_TRANSFER+1:
   1137              iZCMcount = 0;
   \                     ??link_receive_ZigBee_38:
   \   000007A4   A661               STR      R6,[R4, #+24]
   1138              sZBrxDelay = 0;
   \   000007A6   6682               STRH     R6,[R4, #+18]
   1139              sZBmaxDelay = 200;		// Max response delay : 400ms
   \   000007A8   C820               MOVS     R0,#+200
   \   000007AA   A082               STRH     R0,[R4, #+20]
   1140              ErrUsart = 0;
   \   000007AC   A748               LDR      R0,??link_receive_ZigBee_99+0x4  ;; ErrUsart
   \   000007AE   0670               STRB     R6,[R0, #+0]
   1141              ZBerr = 0;
   \   000007B0   A672               STRB     R6,[R4, #+10]
   1142              //printf("\n>range:1-9, Exit:#");
   1143              printf("\n>Select Packet NO:");
   \   000007B2   A020               MOVS     R0,#+160
   \   000007B4   4000               LSLS     R0,R0,#+1        ;; #+320
   \   000007B6   2818               ADDS     R0,R5,R0
   \   000007B8   ........           _BLF     printf,??printf??rT
   1144              sStepZBrx++;
   \   000007BC   45E6               B.N      ??link_receive_ZigBee_77
   1145              return;
   1146              
   1147            case ZED_TRANSFER+2:
   1148              if (bPushKey)
   \                     ??link_receive_ZigBee_39:
   \   000007BE   A448               LDR      R0,??link_receive_ZigBee_99+0x8  ;; bPushKey
   \   000007C0   0178               LDRB     R1,[R0, #+0]
   \   000007C2   0029               CMP      R1,#+0
   \   000007C4   ....               BNE      .+5
   \   000007C6   3CE1               B        ??link_receive_ZigBee_61
   1149              {
   1150                printf("%c", bPushKey);
   \   000007C8   A2A0               ADR      R0,??link_receive_ZigBee_99+0xC  ;; "%c"
   \   000007CA   ........           _BLF     printf,??printf??rT
   1151                if (bPushKey == '#') sStepZBrx = ZED_TRANSFER+5;
   \   000007CE   A048               LDR      R0,??link_receive_ZigBee_99+0x8  ;; bPushKey
   \   000007D0   0078               LDRB     R0,[R0, #+0]
   \   000007D2   2328               CMP      R0,#+35
   \   000007D4   02D1               BNE      ??link_receive_ZigBee_101
   \   000007D6   FF20               MOVS     R0,#+255
   \   000007D8   FA30               ADDS     R0,R0,#+250      ;; #+505
   \   000007DA   80E5               B.N      ??link_receive_ZigBee_60
   1152                 else if ((bPushKey >= 0x30)&(bPushKey < 0x3A))
   \                     ??link_receive_ZigBee_101:
   \   000007DC   3028               CMP      R0,#+48
   \   000007DE   09D3               BCC      ??link_receive_ZigBee_102
   \   000007E0   3A28               CMP      R0,#+58
   \   000007E2   07D2               BCS      ??link_receive_ZigBee_102
   1153                 {
   1154          	 if (bPushKey > 0x34) send_API_KVP_packet();
   \   000007E4   3528               CMP      R0,#+53
   \   000007E6   02D3               BCC      ??link_receive_ZigBee_103
   \   000007E8   ........           BL       send_API_KVP_packet
   \   000007EC   2DE6               B        ??link_receive_ZigBee_77
   1155          	  else send_API_MSG_packet();
   \                     ??link_receive_ZigBee_103:
   \   000007EE   ........           BL       send_API_MSG_packet
   1156          	 sStepZBrx++;
   \   000007F2   2AE6               B.N      ??link_receive_ZigBee_77
   1157                 }
   1158                 else 
   1159                 {
   1160          	 printf("\n?range over");
   \                     ??link_receive_ZigBee_102:
   \   000007F4   9820               MOVS     R0,#+152
   \   000007F6   4000               LSLS     R0,R0,#+1        ;; #+304
   \   000007F8   2818               ADDS     R0,R5,R0
   \   000007FA   ........           _BLF     printf,??printf??rT
   1161          	 sStepZBrx = ZED_TRANSFER+1;
   1162                 }
   1163              return;  
   1164              
   1165            case ZED_TRANSFER+3:
   1166              ZCM_rsp_receive();
   1167              return;
   1168            
   1169            case ZED_TRANSFER+4:
   1170              //if (iZCMcount)
   1171              //{
   1172              //  for (no = 0; no < iZCMcount; no++) 
   1173              //	printf("%2x ",ZCMrxBuffer[no]);
   1174                //printf(":%3d",++PacketCount);
   1175              // }
   1176             sStepZBrx = ZED_TRANSFER+1;
   \                     ??link_receive_ZigBee_40:
   \   000007FE   FF20               MOVS     R0,#+255
   \   00000800   F630               ADDS     R0,R0,#+246      ;; #+501
   \   00000802   6CE5               B.N      ??link_receive_ZigBee_60
   1177             return;
   1178              
   1179            case ZED_TRANSFER+5:
   1180              printf("\nPacket Test END");
   1181              ZCMdebug = 0;
   1182              DumpDisplay = 0;
   1183              sStepZBrx = 0;     
   1184              return;
   1185              
   1186            case ZED_RECEIVE:
   1187              debug_monit(3);
   1188              ZCMdebug = 1;
   1189              DumpDisplay = 1;
   1190              printf("\nZD>Wait Device Join");
   1191              iZCMcount = 0;
   1192              sZBrxDelay = 0;
   1193              sZBmaxDelay = 200;		// Max response delay : 400ms
   1194              ErrUsart = 0;
   1195              ZBerr = 0;
   1196              com0_buffer_clear();
   1197              printf("\nRx>");
   1198              sStepZBrx++;
   1199              return;
   1200              
   1201            case ZED_RECEIVE+1:
   1202              ZCM_rsp_receive();    
   1203              return;
   1204            
   1205           case ZED_RECEIVE+2:
   1206              if (iZCMcount)
   1207              {
   1208                ZCMerr = packet_verify((char*)&ZCMrxBuffer[0]);
   1209                printf("\nED>Rx:%02dbyte Err:%02d", iZCMcount, ZCMerr);
   1210                if (!ZCMerr) 
   1211                {
   1212                  rxpacket_parser();
   1213                }
   1214              }
   1215             sStepZBrx++;
   1216             return;
   1217              
   1218            case ZED_RECEIVE+3:
   1219              // '#'버튼을 누르면 수신 종료
   1220              if ( !(pio_read(PIOA) & KEY_LB) ) sStepZBrx++;
   1221               else 
   1222               {
   1223                 if (iZCMcount) printf("\nRx>");
   \                     ??link_receive_ZigBee_104:
   \   00000804   A069               LDR      R0,[R4, #+24]
   \   00000806   0028               CMP      R0,#+0
   \   00000808   02D0               BEQ      ??link_receive_ZigBee_105
   \   0000080A   0198               LDR      R0,[SP, #+4]
   \   0000080C   ........           _BLF     printf,??printf??rT
   1224                 iZCMcount = 0;
   \                     ??link_receive_ZigBee_105:
   \   00000810   A661               STR      R6,[R4, #+24]
   1225                 sZBrxDelay = 0;
   \   00000812   6682               STRH     R6,[R4, #+18]
   1226                 sZBmaxDelay = 200;		// Max response delay : 400ms       
   \   00000814   C820               MOVS     R0,#+200
   \   00000816   A082               STRH     R0,[R4, #+20]
   1227                 sStepZBrx = ZED_RECEIVE+1;
   \   00000818   C930               ADDS     R0,R0,#+201
   \   0000081A   28E7               B.N      ??link_receive_ZigBee_93
   1228               }
   1229              return;
   1230          
   1231            case ZED_RECEIVE+4:    
   1232              sStepZBrx++;
   1233              return;
   1234            case ZED_RECEIVE+5:    
   1235              sStepZBrx++;
   1236              return;
   1237            case ZED_RECEIVE+6:    
   1238              sStepZBrx++;
   1239              return;
   1240            case ZED_RECEIVE+7:    
   1241              sStepZBrx++;
   1242              return;
   1243            case ZED_RECEIVE+8:    
   1244              sStepZBrx++;
   1245              return;
   1246            case ZED_RECEIVE+9:    
   1247              sStepZBrx++;
   1248              return;
   1249            case ZED_RECEIVE+10:    
   1250              sStepZBrx++;
   1251              return;
   1252            case ZED_RECEIVE+11:    
   1253              sStepZBrx++;
   1254              return;
   1255            case ZED_RECEIVE+12:    
   1256              sStepZBrx++;
   1257              return;
   1258            case ZED_RECEIVE+13:
   1259              printf("\nZED receive END");
   1260              DumpDisplay = 0;
   1261              sStepZBrx = 0;     
   1262              return;
   1263              
   1264              
   1265          /********************************************/  
   1266          /* ZigBee Module Simulator support          */
   1267          /* Connecting between PC and ZigBee Module  */
   1268          /* PC operating Program: Profile-Simulator  */
   1269          /********************************************/ 
   1270            case ZCM_SIMULATE:
   1271              //ZCM_reset();
   1272              com0_mode_set(38400,'N',8,1);
   1273              pio_clear(PIOB, RF_ISP);    // ZCM ISP(download) pin : 'L'
   1274              pio_clear(PIOA, RF_RST);    // ZCM RESET pin : 'L'
   1275              com0_buffer_clear();	// Discard com0 rxbuffer 
   1276              sZBrxDelay = 0;
   1277              sZBmaxDelay = 100;		// Max response delay : 200ms
   1278              debug_monit(1);    
   1279              DumpDisplay = 1;
   1280              printf("\n");		// lind feed
   1281              sStepZBrx++;
   1282              return;
   1283              
   1284            case ZCM_SIMULATE+1:
   1285              if (++sZBrxDelay > sZBmaxDelay) 
   1286              {
   1287                sZBrxDelay = 0;
   1288                pio_set( PIOA, RF_RST);   // ZCM RESET pin : 'H'
   1289                sStepZBrx++;
   1290              }
   1291              return;
   1292              
   1293            case ZCM_SIMULATE+2:
   1294              // if data receive at ZCM, display
   1295              if (RxUSART0) 
   1296              {     
   1297                printf("%c",getchar0());
   1298                sZBrxDelay = 0;
   1299              }
   1300              else if (++sZBrxDelay > sZBmaxDelay) sStepZBrx++;
   \                     ??link_receive_ZigBee_106:
   \   0000081C   6846               MOV      R0,SP
   \   0000081E   008A               LDRH     R0,[R0, #+16]
   \   00000820   6082               STRH     R0,[R4, #+18]
   \   00000822   1420               MOVS     R0,#+20
   \   00000824   205E               LDRSH    R0,[R4, R0]
   \   00000826   1222               MOVS     R2,#+18
   \   00000828   A25E               LDRSH    R2,[R4, R2]
   \   0000082A   9042               CMP      R0,R2
   \   0000082C   4EDA               BGE      ??link_receive_ZigBee_107
   \   0000082E   7AE5               B.N      ??link_receive_ZigBee_34
   1301              return;
   1302          
   1303            case ZCM_SIMULATE+3:
   1304              //for (no = 0; no < ZCMrxCount; no++) printf("%c",ZCMrxBuffer[no]);
   1305              printf("\rZCM Simulate start");
   1306              printf("\nCancel: press [#]\n");
   1307              sStepZBrx++;
   1308              return;
   1309              
   1310            case ZCM_SIMULATE+4:
   1311              // if data receive at ZCM, pass to PC
   1312              if (RxUSART0) 
   1313              {
   1314                data = getchar0();
   1315                putchar2(data);
   1316                printf("%02X ",data);
   1317              }
   1318              // if data receive at PC, pass to ZCM
   1319              if (RxUSARTD) 
   1320              {
   1321                data = getchar2();
   1322                putchar0(data);
   1323                //printf("%02X ",data);
   1324              }
   1325              //if press [#], Simulate start
   1326              if (bPushKey == KEY_sp) sStepZBrx++;
   1327              return;
   1328            
   1329            case ZCM_SIMULATE+5:
   1330              printf("\nZCM Simulate END");
   1331              DumpDisplay = 0;
   1332              sStepZBrx = 0;
   1333              return;
   1334              
   1335          /********************************************/  
   1336          /* ZigBee Module Download support           */
   1337          /* Connecting between PC and ZigBee Module. */
   1338          /* PC operating Program: Device Programmer  */
   1339          /********************************************/  
   1340            case ZCM_DOWNLOAD:
   1341              debug_monit(1);		// Stop debug data sending to pC
   1342              com0_mode_set(115200,'N',8,2);
   1343              pio_set(PIOB, RF_ISP);	// ZCM ISP(download) pin : 'H'
   1344              pio_clear(PIOA, RF_RST);    // ZCM RESET pin : 'L'
   1345              //ZCM_isp_reset();
   1346              com0_buffer_clear();	// Discard com0 rxtxbuffer
   1347              com2_buffer_clear();	// Discard com2 rxtxbuffer
   1348              sZBrxDelay = 0;
   1349              sZBmaxDelay = 100;		// Max response delay : 200ms
   1350              printf("\n");		// lind feed
   1351              sStepZBrx++;
   1352              return;
   1353            
   1354            case ZCM_DOWNLOAD+1:
   1355              if (++sZBrxDelay > sZBmaxDelay) 
   1356              {
   1357                sZBrxDelay = 0;
   1358                pio_set( PIOA, RF_RST);	// ZCM RESET pin : 'H'
   1359                sStepZBrx++;
   1360              }
   1361              return;
   1362            
   1363            case ZCM_DOWNLOAD+2:
   1364              // if data receive at ZCM, display
   1365              if (RxUSART0) 
   1366              {     
   1367                printf("%02X ",getchar0());
   1368                sZBrxDelay = 0;
   1369              }
   1370              else if (++sZBrxDelay > sZBmaxDelay) sStepZBrx++;
   \                     ??link_receive_ZigBee_108:
   \   00000830   6846               MOV      R0,SP
   \   00000832   008A               LDRH     R0,[R0, #+16]
   \   00000834   6082               STRH     R0,[R4, #+18]
   \   00000836   1420               MOVS     R0,#+20
   \   00000838   205E               LDRSH    R0,[R4, R0]
   \   0000083A   1222               MOVS     R2,#+18
   \   0000083C   A25E               LDRSH    R2,[R4, R2]
   \   0000083E   9042               CMP      R0,R2
   \   00000840   44DA               BGE      ??link_receive_ZigBee_107
   \   00000842   70E5               B.N      ??link_receive_ZigBee_34
   1371              return;
   1372              
   1373            case ZCM_DOWNLOAD+3:
   1374              printf("\nZCM DownLoad start");
   1375              printf("\nCancel: press [#]");
   1376              sStepZBrx++;
   1377              return;
   1378              
   1379            case ZCM_DOWNLOAD+4:
   1380              ZCMpass = 1;		// Passing data between PC and ZCM  
   1381              iRxPCcount = 0;
   1382              iRxZCMcount = 0;
   1383              printf("\n");
   1384              sStepZBrx++;
   1385              return;
   1386              
   1387            case ZCM_DOWNLOAD+5:
   1388              printf("\rPC->ZCM:%6d", iRxPCcount);
   1389              printf("\nZCM->PC:%6d", iRxZCMcount);
   1390              cursor_move_up();
   1391              if (bPushKey == KEY_sp) sStepZBrx++;
   1392              return;
   1393           
   1394            case ZCM_DOWNLOAD+6:
   1395              ZCMpass = 0;
   1396              printf("\n\nZCM DownLoad END");
   1397              sStepZBrx++;
   1398              return;
   1399            
   1400            case ZCM_DOWNLOAD+7:
   1401              com0_mode_set(38400,'N',8,1);
   1402              pio_clear(PIOB, RF_ISP);    // ZCM ISP(download) pin : 'L'
   1403              pio_clear(PIOA, RF_RST);    // ZCM RESET pin : 'L'
   1404              com0_buffer_clear();	// Discard com0 rxbuffer 
   1405              sZBrxDelay = 0;
   1406              DumpDisplay = 1;
   1407              //printf("\n");		// lind feed
   1408              sStepZBrx++;
   1409              return;
   1410              
   1411            case ZCM_DOWNLOAD+8:
   1412              if (++sZBrxDelay > sZBmaxDelay) 
   1413              {
   1414                sZBrxDelay = 0;
   1415                pio_set( PIOA, RF_RST);   // ZCM RESET pin : 'H'
   1416                sStepZBrx++;
   1417              }
   1418              return;
   1419              
   1420            case ZCM_DOWNLOAD+9:
   1421              // if data receive at ZCM, display
   1422              if (RxUSART0) 
   1423              {     
   1424                printf("%c",getchar0());
   1425                sZBrxDelay = 0;
   1426              }
   1427              else if (++sZBrxDelay > sZBmaxDelay) sStepZBrx++;
   \                     ??link_receive_ZigBee_109:
   \   00000844   6846               MOV      R0,SP
   \   00000846   008A               LDRH     R0,[R0, #+16]
   \   00000848   6082               STRH     R0,[R4, #+18]
   \   0000084A   1420               MOVS     R0,#+20
   \   0000084C   205E               LDRSH    R0,[R4, R0]
   \   0000084E   1222               MOVS     R2,#+18
   \   00000850   A25E               LDRSH    R2,[R4, R2]
   \   00000852   9042               CMP      R0,R2
   \   00000854   3ADA               BGE      ??link_receive_ZigBee_107
   \   00000856   66E5               B.N      ??link_receive_ZigBee_34
   \                     ??link_receive_ZigBee_41:
   \   00000858   8E20               MOVS     R0,#+142
   \   0000085A   4000               LSLS     R0,R0,#+1        ;; #+284
   \   0000085C   2818               ADDS     R0,R5,R0
   \   0000085E   ........           _BLF     printf,??printf??rT
   \   00000862   2672               STRB     R6,[R4, #+8]
   \   00000864   3E70               STRB     R6,[R7, #+0]
   \                     ??link_receive_ZigBee_100:
   \   00000866   EBE0               B.N      ??link_receive_ZigBee_59
   \                     ??link_receive_ZigBee_28:
   \   00000868   0320               MOVS     R0,#+3
   \   0000086A   ........           _BLF     debug_monit,??debug_monit??rT
   \   0000086E   0120               MOVS     R0,#+1
   \   00000870   2072               STRB     R0,[R4, #+8]
   \   00000872   3870               STRB     R0,[R7, #+0]
   \   00000874   8220               MOVS     R0,#+130
   \   00000876   4000               LSLS     R0,R0,#+1        ;; #+260
   \   00000878   2818               ADDS     R0,R5,R0
   \   0000087A   ........           _BLF     printf,??printf??rT
   \   0000087E   A661               STR      R6,[R4, #+24]
   \   00000880   6682               STRH     R6,[R4, #+18]
   \   00000882   C820               MOVS     R0,#+200
   \   00000884   A082               STRH     R0,[R4, #+20]
   \   00000886   7148               LDR      R0,??link_receive_ZigBee_99+0x4  ;; ErrUsart
   \   00000888   0670               STRB     R6,[R0, #+0]
   \   0000088A   A672               STRB     R6,[R4, #+10]
   \   0000088C   ........           _BLF     com0_buffer_clear,??com0_buffer_clear??rT
   \   00000890   0198               LDR      R0,[SP, #+4]
   \   00000892   ........           _BLF     printf,??printf??rT
   \   00000896   208A               LDRH     R0,[R4, #+16]
   \   00000898   401C               ADDS     R0,R0,#+1
   \   0000089A   20E5               B.N      ??link_receive_ZigBee_60
   \                     ??link_receive_ZigBee_30:
   \   0000089C   A069               LDR      R0,[R4, #+24]
   \   0000089E   0028               CMP      R0,#+0
   \   000008A0   0DD0               BEQ      ??link_receive_ZigBee_110
   \   000008A2   4948               LDR      R0,??link_receive_ZigBee_94  ;; ZCMrxBuffer
   \   000008A4   ........           BL       packet_verify
   \   000008A8   E071               STRB     R0,[R4, #+7]
   \   000008AA   0200               MOVS     R2,R0
   \   000008AC   A169               LDR      R1,[R4, #+24]
   \   000008AE   2800               MOVS     R0,R5
   \   000008B0   ........           _BLF     printf,??printf??rT
   \   000008B4   E079               LDRB     R0,[R4, #+7]
   \   000008B6   0028               CMP      R0,#+0
   \   000008B8   01D1               BNE      ??link_receive_ZigBee_110
   \   000008BA   ........           BL       rxpacket_parser
   \                     ??link_receive_ZigBee_110:
   \   000008BE   C4E5               B.N      ??link_receive_ZigBee_77
   \                     ??link_receive_ZigBee_31:
   \   000008C0   6548               LDR      R0,??link_receive_ZigBee_99+0x10  ;; 0xfffff43c
   \   000008C2   0068               LDR      R0,[R0, #+0]
   \   000008C4   0003               LSLS     R0,R0,#+12
   \   000008C6   9DD4               BMI      ??link_receive_ZigBee_104
   \   000008C8   2DE5               B.N      ??link_receive_ZigBee_34
   \                     ??link_receive_ZigBee_33:
   \   000008CA   2182               STRH     R1,[R4, #+16]
   \                     ??link_receive_ZigBee_107:
   \   000008CC   B9E0               B        ??link_receive_ZigBee_61
   \                     ??link_receive_ZigBee_36:
   \   000008CE   DC35               ADDS     R5,R5,#+220
   \   000008D0   2800               MOVS     R0,R5
   \   000008D2   ........           _BLF     printf,??printf??rT
   \   000008D6   3E70               STRB     R6,[R7, #+0]
   \   000008D8   B2E0               B.N      ??link_receive_ZigBee_59
   \                     ??link_receive_ZigBee_43:
   \   000008DA   6B46               MOV      R3,SP
   \   000008DC   0222               MOVS     R2,#+2
   \   000008DE   9A5E               LDRSH    R2,[R3, R2]
   \   000008E0   9042               CMP      R0,R2
   \   000008E2   9BD0               BEQ      ??link_receive_ZigBee_106
   \   000008E4   26E5               B.N      ??link_receive_ZigBee_65
   \                     ??link_receive_ZigBee_44:
   \   000008E6   2800               MOVS     R0,R5
   \   000008E8   3430               ADDS     R0,R0,#+52
   \   000008EA   ........           _BLF     printf,??printf??rT
   \   000008EE   4835               ADDS     R5,R5,#+72
   \   000008F0   2800               MOVS     R0,R5
   \   000008F2   ........           _BLF     printf,??printf??rT
   \   000008F6   208A               LDRH     R0,[R4, #+16]
   \   000008F8   401C               ADDS     R0,R0,#+1
   \   000008FA   F0E4               B.N      ??link_receive_ZigBee_60
   \                     ??link_receive_ZigBee_45:
   \   000008FC   6A46               MOV      R2,SP
   \   000008FE   0221               MOVS     R1,#+2
   \   00000900   515E               LDRSH    R1,[R2, R1]
   \   00000902   8842               CMP      R0,R1
   \   00000904   09D0               BEQ      ??link_receive_ZigBee_111
   \   00000906   ........           _BLF     getchar0,??getchar0??rT
   \   0000090A   0700               MOVS     R7,R0
   \   0000090C   ........           _BLF     putchar2,??putchar2??rT
   \   00000910   3900               MOVS     R1,R7
   \   00000912   2C35               ADDS     R5,R5,#+44
   \   00000914   2800               MOVS     R0,R5
   \   00000916   ........           _BLF     printf,??printf??rT
   \                     ??link_receive_ZigBee_111:
   \   0000091A   5048               LDR      R0,??link_receive_ZigBee_99+0x14  ;; rx_rd_index2
   \   0000091C   0021               MOVS     R1,#+0
   \   0000091E   405E               LDRSH    R0,[R0, R1]
   \   00000920   4F49               LDR      R1,??link_receive_ZigBee_99+0x18  ;; rx_wr_index2
   \   00000922   0022               MOVS     R2,#+0
   \   00000924   895E               LDRSH    R1,[R1, R2]
   \   00000926   8842               CMP      R0,R1
   \   00000928   03D0               BEQ      ??link_receive_ZigBee_112
   \   0000092A   ........           _BLF     getchar2,??getchar2??rT
   \   0000092E   ........           _BLF     putchar0,??putchar0??rT
   \                     ??link_receive_ZigBee_112:
   \   00000932   4748               LDR      R0,??link_receive_ZigBee_99+0x8  ;; bPushKey
   \   00000934   0078               LDRB     R0,[R0, #+0]
   \   00000936   2328               CMP      R0,#+35
   \   00000938   C8D1               BNE      ??link_receive_ZigBee_107
   \   0000093A   208A               LDRH     R0,[R4, #+16]
   \   0000093C   401C               ADDS     R0,R0,#+1
   \   0000093E   CEE4               B.N      ??link_receive_ZigBee_60
   \                     ??link_receive_ZigBee_46:
   \   00000940   6C35               ADDS     R5,R5,#+108
   \   00000942   2800               MOVS     R0,R5
   \   00000944   ........           _BLF     printf,??printf??rT
   \   00000948   3E70               STRB     R6,[R7, #+0]
   \   0000094A   79E0               B.N      ??link_receive_ZigBee_59
   \                     ??link_receive_ZigBee_47:
   \   0000094C   0120               MOVS     R0,#+1
   \   0000094E   ........           _BLF     debug_monit,??debug_monit??rT
   \   00000952   0223               MOVS     R3,#+2
   \   00000954   0822               MOVS     R2,#+8
   \   00000956   4E21               MOVS     R1,#+78
   \   00000958   E120               MOVS     R0,#+225
   \   0000095A   4002               LSLS     R0,R0,#+9        ;; #+115200
   \   0000095C   ........           _BLF     com0_mode_set,??com0_mode_set??rT
   \   00000960   ....               LDR      R0,??DataTable31  ;; 0xfffff630
   \   00000962   8021               MOVS     R1,#+128
   \   00000964   C900               LSLS     R1,R1,#+3        ;; #+1024
   \   00000966   0160               STR      R1,[R0, #+0]
   \   00000968   ....               LDR      R0,??DataTable34  ;; 0xfffff434
   \   0000096A   0421               MOVS     R1,#+4
   \   0000096C   0160               STR      R1,[R0, #+0]
   \   0000096E   ........           _BLF     com0_buffer_clear,??com0_buffer_clear??rT
   \   00000972   ........           _BLF     com2_buffer_clear,??com2_buffer_clear??rT
   \   00000976   6682               STRH     R6,[R4, #+18]
   \   00000978   6420               MOVS     R0,#+100
   \   0000097A   A082               STRH     R0,[R4, #+20]
   \   0000097C   39A0               ADR      R0,??link_receive_ZigBee_99+0x1C  ;; "\n"
   \   0000097E   ........           _BLF     printf,??printf??rT
   \   00000982   208A               LDRH     R0,[R4, #+16]
   \   00000984   401C               ADDS     R0,R0,#+1
   \   00000986   AAE4               B.N      ??link_receive_ZigBee_60
   \                     ??link_receive_ZigBee_48:
   \   00000988   6B46               MOV      R3,SP
   \   0000098A   0222               MOVS     R2,#+2
   \   0000098C   9A5E               LDRSH    R2,[R3, R2]
   \   0000098E   9042               CMP      R0,R2
   \   00000990   ....               BNE      .+5
   \   00000992   4DE7               B        ??link_receive_ZigBee_108
   \   00000994   ........           _BLF     getchar0,??getchar0??rT
   \   00000998   0100               MOVS     R1,R0
   \   0000099A   2C35               ADDS     R5,R5,#+44
   \   0000099C   2800               MOVS     R0,R5
   \   0000099E   CDE4               B.N      ??link_receive_ZigBee_66
   \                     ??link_receive_ZigBee_49:
   \   000009A0   2800               MOVS     R0,R5
   \   000009A2   8030               ADDS     R0,R0,#+128
   \   000009A4   ........           _BLF     printf,??printf??rT
   \   000009A8   9435               ADDS     R5,R5,#+148
   \   000009AA   2800               MOVS     R0,R5
   \   000009AC   ........           _BLF     printf,??printf??rT
   \   000009B0   208A               LDRH     R0,[R4, #+16]
   \   000009B2   401C               ADDS     R0,R0,#+1
   \   000009B4   93E4               B.N      ??link_receive_ZigBee_60
   \                     ??link_receive_ZigBee_50:
   \   000009B6   0120               MOVS     R0,#+1
   \   000009B8   6072               STRB     R0,[R4, #+9]
   \   000009BA   E661               STR      R6,[R4, #+28]
   \   000009BC   2662               STR      R6,[R4, #+32]
   \   000009BE   29A0               ADR      R0,??link_receive_ZigBee_99+0x1C  ;; "\n"
   \   000009C0   ........           _BLF     printf,??printf??rT
   \   000009C4   41E5               B.N      ??link_receive_ZigBee_77
   \   000009C6   C046               Nop      
   \                     ??link_receive_ZigBee_94:
   \   000009C8   ........           DC32     ZCMrxBuffer
   \                     ??link_receive_ZigBee_51:
   \   000009CC   E169               LDR      R1,[R4, #+28]
   \   000009CE   2800               MOVS     R0,R5
   \   000009D0   A830               ADDS     R0,R0,#+168
   \   000009D2   ........           _BLF     printf,??printf??rT
   \   000009D6   216A               LDR      R1,[R4, #+32]
   \   000009D8   B835               ADDS     R5,R5,#+184
   \   000009DA   2800               MOVS     R0,R5
   \   000009DC   ........           _BLF     printf,??printf??rT
   \   000009E0   ........           _BLF     cursor_move_up,??cursor_move_up??rT
   \   000009E4   1A48               LDR      R0,??link_receive_ZigBee_99+0x8  ;; bPushKey
   \   000009E6   0078               LDRB     R0,[R0, #+0]
   \   000009E8   2328               CMP      R0,#+35
   \   000009EA   2AD1               BNE      ??link_receive_ZigBee_61
   \   000009EC   208A               LDRH     R0,[R4, #+16]
   \   000009EE   401C               ADDS     R0,R0,#+1
   \   000009F0   75E4               B.N      ??link_receive_ZigBee_60
   \                     ??link_receive_ZigBee_52:
   \   000009F2   6672               STRB     R6,[R4, #+9]
   \   000009F4   F035               ADDS     R5,R5,#+240
   \   000009F6   2800               MOVS     R0,R5
   \   000009F8   ........           _BLF     printf,??printf??rT
   \   000009FC   25E5               B.N      ??link_receive_ZigBee_77
   \                     ??link_receive_ZigBee_53:
   \   000009FE   0123               MOVS     R3,#+1
   \   00000A00   0822               MOVS     R2,#+8
   \   00000A02   4E21               MOVS     R1,#+78
   \   00000A04   9620               MOVS     R0,#+150
   \   00000A06   0002               LSLS     R0,R0,#+8        ;; #+38400
   \   00000A08   ........           _BLF     com0_mode_set,??com0_mode_set??rT
   \   00000A0C   ....               LDR      R0,??DataTable33  ;; 0xfffff634
   \   00000A0E   8021               MOVS     R1,#+128
   \   00000A10   C900               LSLS     R1,R1,#+3        ;; #+1024
   \   00000A12   0160               STR      R1,[R0, #+0]
   \   00000A14   ....               LDR      R0,??DataTable34  ;; 0xfffff434
   \   00000A16   0421               MOVS     R1,#+4
   \   00000A18   0160               STR      R1,[R0, #+0]
   \   00000A1A   ........           _BLF     com0_buffer_clear,??com0_buffer_clear??rT
   \   00000A1E   6682               STRH     R6,[R4, #+18]
   \   00000A20   0120               MOVS     R0,#+1
   \   00000A22   3870               STRB     R0,[R7, #+0]
   \   00000A24   208A               LDRH     R0,[R4, #+16]
   \   00000A26   401C               ADDS     R0,R0,#+1
   \   00000A28   59E4               B.N      ??link_receive_ZigBee_60
   \                     ??link_receive_ZigBee_54:
   \   00000A2A   6B46               MOV      R3,SP
   \   00000A2C   0222               MOVS     R2,#+2
   \   00000A2E   9A5E               LDRSH    R2,[R3, R2]
   \   00000A30   9042               CMP      R0,R2
   \   00000A32   ....               BNE      .+5
   \   00000A34   06E7               B        ??link_receive_ZigBee_109
   \   00000A36   ........           _BLF     getchar0,??getchar0??rT
   \   00000A3A   0100               MOVS     R1,R0
   \   00000A3C   05A0               ADR      R0,??link_receive_ZigBee_99+0xC  ;; "%c"
   \   00000A3E   7DE4               B.N      ??link_receive_ZigBee_66
   1428              return;
   1429              
   1430            case ZCM_DOWNLOAD+10:
   1431              sStepZBrx = 0;
   1432              return;
   1433          
   1434            default:
   1435              sStepZBrx = 0;
   \                     ??link_receive_ZigBee_59:
   \   00000A40   2682               STRH     R6,[R4, #+16]
   1436              return;   
   \                     ??link_receive_ZigBee_61:
   \   00000A42   0AB0               ADD      SP,SP,#+40
   \   00000A44   ........           BL       ?Subroutine22
   \                     ??link_receive_ZigBee_99:
   \   00000A48   ........           DC32     AutoZigBee
   \   00000A4C   ........           DC32     ErrUsart
   \   00000A50   ........           DC32     bPushKey
   \   00000A54   25630000           DC8      "%c",+0
   \   00000A58   3CF4FFFF           DC32     0xfffff43c
   \   00000A5C   ........           DC32     rx_rd_index2
   \   00000A60   ........           DC32     rx_wr_index2
   \   00000A64   0A000000           DC8      "\n",+0,+0
   1437           }
   1438          }
   1439          
   1440          /*
   1441          void send_network_formation_req(void)
   1442          {
   1443            NLDME_PACKET  P_NWK;
   1444            char  csum = 0;
   1445            char  i;
   1446            API_SERIAL_PACKET TxSerialPkt;
   1447            API_SERIAL_PACKET *pOutPkt = &TxSerialPkt;
   1448            char  *Ptr = (char*)&TxSerialPkt;
   1449            Ptr += 2;
   1450            //->PKT;
   1451            printf("\nPtr: %x", Ptr);
   1452            printf("\n*Ptr: %x", *Ptr);
   1453            printf("\n&TxSerialPkt: %x", &TxSerialPkt);
   1454            printf("\npOutPkt: %x", pOutPkt);
   1455           // printf("\n*pOutPkt: %x", *pOutPkt);
   1456            
   1457            i = sizeof(csum);
   1458          //  i = malloc(csum);
   1459            //P_NWK.NLME_NETWORK_FORMATION_req.ScanChannels = (UINT32)0x01 << 11;
   1460            P_NWK.NLME_NETWORK_FORMATION_req.ScanDuration = 2;
   1461            P_NWK.NLME_NETWORK_FORMATION_req.BeaconOrder = 0x0F;
   1462            P_NWK.NLME_NETWORK_FORMATION_req.SuperframeOrder = 0x0F;
   1463            //P_NWK.NLME_NETWORK_FORMATION_req.PANId = 0x1234;
   1464            P_NWK.NLME_NETWORK_FORMATION_req.BatteryLifeExtension = 0;
   1465            
   1466            pOutPkt->PKT.layer = NWK_LAYER;               // 0x20
   1467            pOutPkt->PKT.Opcode = NLME_NETWORK_FORMATION; // 0x12
   1468            pOutPkt->PKT.Type = REQUEST;                  // 0x10
   1469            pOutPkt->PKT.Size = sizeof(NLME_NETWORK_FORMATION_REQ);
   1470            memcpy(pOutPkt->PKT.Arguments, &P_NWK, pOutPkt->PKT.Size);
   1471            
   1472            pOutPkt->LEN = pOutPkt->PKT.Size + 4;
   1473            
   1474            printf("\n&pOutPkt->PKT.Arguments: %x ", &pOutPkt->PKT.Arguments);
   1475            printf("\n&P_NWK: %02X", &P_NWK);
   1476            printf("\npOutPkt->PKT.Size: %02X", pOutPkt->PKT.Size);
   1477            pOutPkt->LEN = pOutPkt->PKT.Size + 4;
   1478            //
   1479            // Serial Write
   1480            //
   1481            putchar0(STX_ZB);       printf("\n%02X ",STX_ZB);
   1482            putchar0(pOutPkt->LEN); printf("%02X ", pOutPkt->LEN);
   1483            for (i = 0; i < pOutPkt->LEN; i++)
   1484            {
   1485              putchar0(*Ptr);       printf("%02X ", *Ptr);
   1486              csum += *Ptr;
   1487              Ptr++;
   1488            }
   1489            putchar0(csum);         printf("%02X ", csum);
   1490            putchar0(ETX_ZB);       printf("%02X ",ETX_ZB);
   1491          }
   1492          
   1493          #define APP_MAX_DATA_SIZE	(64)
   1494          #define MAX_API_PACKET		(APP_MAX_DATA_SIZE+ 20)
   1495          typedef struct _API_PACKET
   1496          {
   1497              UINT8 layer;
   1498              UINT8 Opcode;
   1499              UINT8 Type;
   1500              UINT8 Size;
   1501              UINT8 Arguments[MAX_API_PACKET];
   1502          } API_PACKET;
   1503          
   1504          typedef struct _API_SERIAL_PACKET
   1505          {
   1506              UINT8 STX;      		// 0xAA	
   1507              UINT8 LEN;      		// Size of PKT		
   1508              API_PACKET PKT; 		// PACKET BUFFER	
   1509              UINT8 SUM;      		// SUM = SUM(PKT), IF SUM == 0, SUM is Ignored
   1510              UINT8 ETX;      		// 0x55
   1511          } API_SERIAL_PACKET;
   1512          
   1513          void send_ZCM_connect_req1(void)
   1514          {
   1515            putcharZ(STX_ZB);
   1516            putcharZ(0x06); 
   1517            putcharZ(APP_LAYER);
   1518            putcharZ(APP_MGR); 
   1519            putcharZ(REQUEST);
   1520            putcharZ(0x02); 
   1521            putcharZ(0x7F); 
   1522            putcharZ(0x00); 
   1523            putcharZ(0x91); 
   1524            putcharZ(ETX_ZB);       
   1525          }
   1526          
   1527          void send_ZCM_connect_req2(void)
   1528          {
   1529            putcharZ(STX_ZB); 
   1530            putcharZ(0x06);   
   1531            putcharZ(APP_LAYER);   
   1532            putcharZ(APP_MGR);   
   1533            putcharZ(REQUEST);    
   1534            putcharZ(0x02);    
   1535            putcharZ(0x80);    
   1536            putcharZ(0x00);   
   1537            putcharZ(0x92);    
   1538            putcharZ(ETX_ZB);   
   1539          }
   1540          
   1541          void send_ZCM_connect_req3(void)
   1542          {
   1543            putcharZ(STX_ZB); 
   1544            putcharZ(0x06);
   1545            putcharZ(APP_LAYER); 
   1546            putcharZ(APP_MGR); 
   1547            putcharZ(REQUEST); 
   1548            putcharZ(0x02); 
   1549            putcharZ(0x81);  
   1550            putcharZ(0x00); 
   1551            putcharZ(0x93); 
   1552            putcharZ(ETX_ZB);
   1553          }
   1554          */
   1555          }

   \                                 In segment CODE, align 4, keep-with-next
   \                     ??DataTable1:
   \   00000000   34F6FFFF           DC32     0xfffff634

   \                                 In segment CODE, align 4, keep-with-next
   \                     ??DataTable3:
   \   00000000   30F6FFFF           DC32     0xfffff630

   \                                 In segment CODE, align 4, keep-with-next
   \                     ??DataTable4:
   \   00000000   34F4FFFF           DC32     0xfffff434

   \                                 In segment CODE, align 4, keep-with-next
   \                     ??DataTable5:
   \   00000000   30F4FFFF           DC32     0xfffff430

   \                                 In segment CODE, align 4, keep-with-next
   \                     ??DataTable6:
   \   00000000   ........           DC32     `?<Constant "\\nED>Rx:%02dbyte Err:%02d">`

   \                                 In segment CODE, align 4, keep-with-next
   \                     ??DataTable15:
   \   00000000   ........           DC32     `?<Constant "\\nSIZE:%02X">`

   \                                 In segment CODE, align 4, keep-with-next
   \                     ??DataTable16:
   \   00000000   ........           DC32     P_NWK

   \                                 In segment CODE, align 4, keep-with-next
   \                     ??DataTable17:
   \   00000000   ........           DC32     P_NWK

   \                                 In segment CODE, align 4, keep-with-next
   \                     ??DataTable21:
   \   00000000   ........           DC32     P_NWK

   \                                 In segment CODE, align 4, keep-with-next
   \                     ??DataTable22:
   \   00000000   ........           DC32     `?<Constant "\\nED>Rx:%02dbyte Err:%02d">` + 44

   \                                 In segment CODE, align 4, keep-with-next
   \                     ??DataTable23:
   \   00000000   ........           DC32     `?<Constant "\\nED>Rx:%02dbyte Err:%02d">`

   \                                 In segment CODE, align 4, keep-with-next
   \                     ??DataTable24:
   \   00000000   25630000           DC8      "%c",+0

   \                                 In segment CODE, align 4, keep-with-next
   \                     ??DataTable25:
   \   00000000   ........           DC32     ScanChannel

   \                                 In segment CODE, align 4, keep-with-next
   \                     ??DataTable26:
   \   00000000   ........           DC32     rx_rd_index0

   \                                 In segment CODE, align 4, keep-with-next
   \                     ??DataTable27:
   \   00000000   ........           DC32     rx_wr_index0

   \                                 In segment CODE, align 4, keep-with-next
   \                     ??DataTable29:
   \   00000000   ........           DC32     ErrUsart

   \                                 In segment CODE, align 4, keep-with-next
   \                     ??DataTable30:
   \   00000000   ........           DC32     ZCMrxBuffer

   \                                 In segment CODE, align 4, keep-with-next
   \                     ??DataTable31:
   \   00000000   30F6FFFF           DC32     0xfffff630

   \                                 In segment CODE, align 4, keep-with-next
   \                     ??DataTable33:
   \   00000000   34F6FFFF           DC32     0xfffff634

   \                                 In segment CODE, align 4, keep-with-next
   \                     ??DataTable34:
   \   00000000   34F4FFFF           DC32     0xfffff434

   \                                 In segment DATA_ID, align 4, align-sorted
   \                     `?<Initializer for P_NWK>`:
   \   00000000   000000000000       DC8 0, 0, 0, 0, 0, 0, 0, 0, 0, 0, 0, 0, 0, 0, 0, 0
   \              000000000000
   \              00000000    
   \   00000010   000000000000       DC8 0, 0, 0, 0, 0, 0, 0, 0, 0, 0, 0, 0, 0, 0, 0, 0
   \              000000000000
   \              00000000    
   \   00000020   000000000000       DC8 0, 0, 0, 0, 0, 0, 0, 0, 0, 0, 0, 0, 0, 0, 0, 0
   \              000000000000
   \              00000000    
   \   00000030   000000000000       DC8 0, 0, 0, 0, 0, 0, 0, 0, 0, 0, 0, 0, 0, 0, 0, 0
   \              000000000000
   \              00000000    
   \   00000040   000000000000       DC8 0, 0, 0, 0, 0, 0, 0, 0, 0, 0, 0, 0, 0, 0, 0, 0
   \              000000000000
   \              00000000    
   \   00000050   000000000000       DC8 0, 0, 0, 0, 0, 0, 0, 0
   \              0000        
   \                     `?<Initializer for pOutPkt>`:
   \   00000058   ........           DC32 TxSerialPkt
   \                     `?<Initializer for TxSerialPkt>`:
   \   0000005C   000000000000       DC8 0, 0, 0, 0, 0, 0, 0, 0, 0, 0, 0, 0, 0, 0, 0, 0
   \              000000000000
   \              00000000    
   \   0000006C   000000000000       DC8 0, 0, 0, 0, 0, 0, 0, 0, 0, 0, 0, 0, 0, 0, 0, 0
   \              000000000000
   \              00000000    
   \   0000007C   000000000000       DC8 0, 0, 0, 0, 0, 0, 0, 0, 0, 0, 0, 0, 0, 0, 0, 0
   \              000000000000
   \              00000000    
   \   0000008C   000000000000       DC8 0, 0, 0, 0, 0, 0, 0, 0, 0, 0, 0, 0, 0, 0, 0, 0
   \              000000000000
   \              00000000    
   \   0000009C   000000000000       DC8 0, 0, 0, 0, 0, 0, 0, 0, 0, 0, 0, 0, 0, 0, 0, 0
   \              000000000000
   \              00000000    
   \   000000AC   000000000000       DC8 0, 0, 0, 0, 0, 0, 0, 0, 0, 0, 0, 0
   \              000000000000
   \                     `?<Initializer for ZEDaddress16>`:
   \   000000B8   010000000000       DC8 1, 0, 0, 0, 0, 0, 0, 0
   \              0000        
   \                     `?<Initializer for TxmMessage>`:
   \   000000C0   000102030405       DC8 0, 1, 2, 3, 4, 5, 6, 7, 8, 9, 10, 11, 12, 13, 14, 15, 16, 17, 18
   \              060708090A0B
   \              0C0D0E0F1011
   \              12          
   \   000000D3   131415161718       DC8 19, 20, 21, 22, 23, 24, 25, 26, 27, 28, 29, 30, 31, 32, 33, 34, 35
   \              191A1B1C1D1E
   \              1F20212223  
   \   000000E4   242526272829       DC8 36, 37, 38, 39, 40, 41, 42, 43, 44, 45, 46, 47, 48, 49, 50, 51, 52
   \              2A2B2C2D2E2F
   \              3031323334  
   \   000000F5   35363738393A       DC8 53, 54, 55, 56, 57, 58, 59, 60, 61, 62, 63
   \              3B3C3D3E3F  

   \                                 In segment DATA_ID, align 4, align-sorted
   \                     `?<Initializer for ScanChannel>`:
   \   00000000   00                 DC8 0
   \                     `?<Initializer for ScanDuration>`:
   \   00000001   00                 DC8 0
   \                     `?<Initializer for BeaconOrder>`:
   \   00000002   00                 DC8 0
   \                     `?<Initializer for SuperframeOrder>`:
   \   00000003   00                 DC8 0
   \                     `?<Initializer for BatteryLife>`:
   \   00000004   00                 DC8 0
   \                     `?<Initializer for ZCMversion>`:
   \   00000005   00                 DC8 0
   \                     `?<Initializer for PermitDuration>`:
   \   00000006   00                 DC8 0
   \                     `?<Initializer for ZCMerr>`:
   \   00000007   00                 DC8 0
   \                     `?<Initializer for ZCMdebug>`:
   \   00000008   00                 DC8 0
   \                     `?<Initializer for ZCMpass>`:
   \   00000009   00                 DC8 0
   \                     `?<Initializer for ZBerr>`:
   \   0000000A   00                 DC8 0
   \                     `?<Initializer for no>`:
   \   0000000B   00                 DC8 0
   \                     `?<Initializer for ZCMrxCount>`:
   \   0000000C   00                 DC8 0
   \   0000000D   00                 DC8 0
   \                     `?<Initializer for sPanID>`:
   \   0000000E   0000               DC8 0, 0
   \                     `?<Initializer for sStepZBrx>`:
   \   00000010   0000               DC8 0, 0
   \                     `?<Initializer for sZBrxDelay>`:
   \   00000012   0000               DC8 0, 0
   \                     `?<Initializer for sZBmaxDelay>`:
   \   00000014   0000               DC8 0, 0
   \                     `?<Initializer for PacketCount>`:
   \   00000016   0000               DC8 0, 0
   \                     `?<Initializer for iZCMcount>`:
   \   00000018   00000000           DC8 0, 0, 0, 0
   \                     `?<Initializer for iRxPCcount>`:
   \   0000001C   00000000           DC8 0, 0, 0, 0
   \                     `?<Initializer for iRxZCMcount>`:
   \   00000020   00000000           DC8 0, 0, 0, 0
   \                     `?<Initializer for TestRx1>`:
   \   00000024   AA0880801104       DC8 170, 8, 128, 128, 17, 4, 127, 2, 0, 32, 182, 85
   \              7F020020B655
   \                     `?<Initializer for TestRx2>`:
   \   00000030   AA0880801104       DC8 170, 8, 128, 128, 17, 4, 128, 2, 0, 128, 23, 85
   \              800200801755
   \                     `?<Initializer for TestRx3>`:
   \   0000003C   AA4680801142       DC8 170, 70, 128, 128, 17, 66, 129, 64, 0, 98, 86, 52, 18, 18, 81, 21
   \              814000625634
   \              12125115    
   \   0000004C   000000000000       DC8 0, 0, 0, 0, 0, 0, 0, 0, 3, 8, 3, 8, 0, 0, 0, 0, 0, 0, 0, 0, 0, 0, 0
   \              000003080308
   \              000000000000
   \              0000000000  
   \   00000063   000B3412FFFF       DC8 0, 11, 52, 18, 255, 255, 0, 0, 0, 0, 0, 0, 0, 0, 0, 0, 0, 0, 0, 0
   \              000000000000
   \              000000000000
   \              0000        
   \   00000077   000000000000       DC8 0, 0, 0, 0, 0, 0, 0, 0, 0, 0, 0, 0, 0, 239, 85, 0, 0
   \              000000000000
   \              00EF550000  
   \                     `?<Initializer for ZCMversionReq>`:
   \   00000088   808010027F00       DC8 128, 128, 16, 2, 127, 0, 0, 0
   \              0000        
   \                     `?<Initializer for ZCMtopLayerReq>`:
   \   00000090   808010028000       DC8 128, 128, 16, 2, 128, 0, 0, 0
   \              0000        
   \                     `?<Initializer for ZCMnetworkInfoReq>`:
   \   00000098   808010028100       DC8 128, 128, 16, 2, 129, 0, 0, 0
   \              0000        

   \                                 In segment DATA_ID, align 4, align-sorted
   \                     `?<Initializer for ZEDaddress>`:
   \   00000000   0B0000A00051       DC8 11, 0, 0, 160, 0, 81, 21, 0
   \              1500        

   \                                 In segment DATA_ID, align 4, align-sorted
   \                     `?<Initializer for TxkMessage>`:
   \   00000000   400102030405       DC8 64, 1, 2, 3, 4, 5, 6, 7, 8, 9, 10, 11, 12, 13, 14, 15, 16, 17, 18
   \              060708090A0B
   \              0C0D0E0F1011
   \              12          
   \   00000013   131415161718       DC8 19, 20, 21, 22, 23, 24, 25, 26, 27, 28, 29, 30, 31, 32, 33, 34, 35
   \              191A1B1C1D1E
   \              1F20212223  
   \   00000024   242526272829       DC8 36, 37, 38, 39, 40, 41, 42, 43, 44, 45, 46, 47, 48, 49, 50, 51, 52
   \              2A2B2C2D2E2F
   \              3031323334  
   \   00000035   35363738393A       DC8 53, 54, 55, 56, 57, 58, 59, 60, 61, 62, 63
   \              3B3C3D3E3F  

   \                                 In segment DATA_ID, align 4, align-sorted
   \                     `?<Initializer for ConnectRcv1>`:
   \   00000000   808011047F02       DC8 128, 128, 17, 4, 127, 2, 0, 32
   \              0020        

   \                                 In segment DATA_ID, align 4, align-sorted
   \                     `?<Initializer for ZCM_toplayer_Rcv2>`:
   \   00000000   808011048002       DC8 128, 128, 17, 4, 128, 2, 0, 128
   \              0080        

   \                                 In segment DATA_ID, align 4, align-sorted
   \                     `?<Initializer for ZCM_network_info>`:
   \   00000000   808011428140       DC8 128, 128, 17, 66, 129, 64, 0, 98, 86, 52, 18, 18, 81, 21, 0, 0, 0
   \              006256341212
   \              5115000000  
   \   00000011   000000000003       DC8 0, 0, 0, 0, 0, 3, 8, 3, 8, 0, 0, 0, 0, 0, 0, 0, 0, 0, 0, 0, 0, 11
   \              080308000000
   \              000000000000
   \              0000000B    
   \   00000027   3412FFFF0000       DC8 52, 18, 255, 255, 0, 0, 0, 0, 0, 0, 0, 0, 0, 0, 0, 0, 0, 0, 0, 0, 0
   \              000000000000
   \              000000000000
   \              000000      
   \   0000003C   000000000000       DC8 0, 0, 0, 0, 0, 0, 0, 0, 0, 0, 0, 0
   \              000000000000

   \                                 In segment DATA_ID, align 4, align-sorted
   \                     `?<Initializer for FormingReq1>`:
   \   00000000   202010017F00       DC8 32, 32, 16, 1, 127, 0, 0, 0
   \              0000        

   \                                 In segment DATA_ID, align 4, align-sorted
   \                     `?<Initializer for FormingRcv1>`:
   \   00000000   2020110B007F       DC8 32, 32, 17, 11, 0, 127, 8, 98, 86, 52, 18, 18, 81, 21, 0, 0
   \              086256341212
   \              51150000    

   \                                 In segment DATA_ID, align 4, align-sorted
   \                     `?<Initializer for FormingReq2>`:
   \   00000000   202010018500       DC8 32, 32, 16, 1, 133, 0, 0, 0
   \              0000        

   \                                 In segment DATA_ID, align 4, align-sorted
   \                     `?<Initializer for FormingRcv2>`:
   \   00000000   202011040085       DC8 32, 32, 17, 4, 0, 133, 1, 3
   \              0103        

   \                                 In segment DATA_ID, align 4, align-sorted
   \                     `?<Initializer for FormingReq3>`:
   \   00000000   202010018400       DC8 32, 32, 16, 1, 132, 0, 0, 0
   \              0000        

   \                                 In segment DATA_ID, align 4, align-sorted
   \                     `?<Initializer for FormingRcv3>`:
   \   00000000   202011040084       DC8 32, 32, 17, 4, 0, 132, 1, 8
   \              0108        

   \                                 In segment DATA_ID, align 4, align-sorted
   \                     `?<Initializer for FormingReq4>`:
   \   00000000   201810010000       DC8 32, 24, 16, 1, 0, 0, 0, 0
   \              0000        

   \                                 In segment DATA_ID, align 4, align-sorted
   \                     `?<Initializer for FormingRcv4>`:
   \   00000000   201811010000       DC8 32, 24, 17, 1, 0, 0, 0, 0
   \              0000        

   \                                 In segment DATA_ID, align 4, align-sorted
   \                     `?<Initializer for FormingReq5>`:
   \   00000000   2012100A0008       DC8 32, 18, 16, 10, 0, 8, 0, 0, 2, 15, 15, 52, 18, 0, 0, 0
   \              0000020F0F34
   \              12000000    

   \                                 In segment DATA_ID, align 4, align-sorted
   \                     `?<Initializer for FormingRcv5>`:
   \   00000000   201211010000       DC8 32, 18, 17, 1, 0, 0, 0, 0
   \              0000        

   \                                 In segment DATA_ID, align 4, align-sorted
   \                     `?<Initializer for FormingReq6>`:
   \   00000000   20131001FF00       DC8 32, 19, 16, 1, 255, 0, 0, 0
   \              0000        

   \                                 In segment DATA_ID, align 4, align-sorted
   \                     `?<Initializer for FormingRcv6>`:
   \   00000000   201311010000       DC8 32, 19, 17, 1, 0, 0, 0, 0
   \              0000        

   \                                 In segment DATA_ID, align 4, align-sorted
   \                     `?<Initializer for FormingReq7>`:
   \   00000000   201410030F0F       DC8 32, 20, 16, 3, 15, 15, 0, 0
   \              0000        

   \                                 In segment DATA_ID, align 4, align-sorted
   \                     `?<Initializer for FormingRcv7>`:
   \   00000000   201411010000       DC8 32, 20, 17, 1, 0, 0, 0, 0
   \              0000        

   \                                 In segment DATA_ID, align 4, align-sorted
   \                     `?<Initializer for EndDeviceAnnounce>`:
   \   00000000   8001121A0000       DC8 128, 1, 18, 26, 0, 0, 19, 1, 1, 0, 0, 0, 0, 0, 0, 0, 0, 0, 96, 10
   \              130101000000
   \              000000000000
   \              600A        
   \   00000014   01000A0000A0       DC8 1, 0, 10, 0, 0, 160, 18, 81, 21, 0, 0, 0
   \              125115000000

   \                                 In segment DATA_ID, align 4, align-sorted
   \                     `?<Initializer for EndDeviceReq>`:
   \   00000000   800110120000       DC8 128, 1, 16, 18, 0, 0, 5, 1, 1, 0, 0, 0, 0, 0, 0, 0, 0, 0, 0, 2, 1
   \              050101000000
   \              000000000000
   \              000201      
   \   00000015   000000             DC8 0, 0, 0

   \                                 In segment DATA_ID, align 4, align-sorted
   \                     `?<Initializer for ZCMConfirm>`:
   \   00000000   800111010000       DC8 128, 1, 17, 1, 0, 0, 0, 0
   \              0000        

   \                                 In segment DATA_ID, align 4, align-sorted
   \                     `?<Initializer for EndDeviceRsp>`:
   \   00000000   800112180000       DC8 128, 1, 18, 24, 0, 0, 133, 1, 1, 0, 0, 0, 0, 0, 0, 0, 0, 0, 88, 8
   \              850101000000
   \              000000000000
   \              5808        
   \   00000014   000100040102       DC8 0, 1, 0, 4, 1, 2, 3, 4
   \              0304        

   \                                 In segment DATA_ID, align 4, align-sorted
   \                     `?<Initializer for SimpleDescriptReq>`:
   \   00000000   800110130000       DC8 128, 1, 16, 19, 0, 0, 4, 1, 1, 0, 0, 0, 0, 0, 0, 0, 0, 0, 0, 3, 1
   \              040101000000
   \              000000000000
   \              000301      
   \   00000015   000100             DC8 0, 1, 0

   \                                 In segment DATA_ID, align 4, align-sorted
   \                     `?<Initializer for SimpleDescriptRsp>`:
   \   00000000   8001121E0000       DC8 128, 1, 18, 30, 0, 0, 132, 1, 1, 0, 0, 0, 0, 0, 0, 0, 0, 0, 100, 14
   \              840101000000
   \              000000000000
   \              640E        
   \   00000014   0001000A0100       DC8 0, 1, 0, 10, 1, 0, 21, 1, 0, 0, 1, 19, 1, 19, 0, 0
   \              150100000113
   \              01130000    

   \                                 In segment DATA_ID, align 4, align-sorted
   \                     `?<Initializer for KVPsample0>`:
   \   00000000   800012150100       DC8 128, 0, 18, 21, 1, 0, 19, 1, 1, 0, 0, 0, 0, 0, 0, 0, 1, 1, 2, 0, 0
   \              130101000000
   \              000000000101
   \              020000      
   \   00000015   01005A000000       DC8 1, 0, 90, 0, 0, 0, 0
   \              00          

   \                                 In segment DATA_ID, align 4, align-sorted
   \                     `?<Initializer for MACdataReq>`:
   \   00000000   300C101B02CD       DC8 48, 12, 16, 27, 2, 205, 171, 52, 18, 0, 0, 0, 0, 0, 0, 2, 205, 171
   \              AB3412000000
   \              00000002CDAB
   \   00000012   FECA00000000       DC8 254, 202, 0, 0, 0, 0, 0, 0, 2, 0, 1, 34, 17, 0
   \              000002000122
   \              1100        

   \                                 In segment DATA_C, align 4, align-sorted
   \                     `?<Constant "\\nED>Rx:%02dbyte Err:%02d">`:
   \   00000000   0A45443E5278       DC8 "\012ED>Rx:%02dbyte Err:%02d"
   \              3A2530326462
   \              797465204572
   \              723A25303264
   \              00          
   \   00000019   000000             DC8 0, 0, 0
   \   0000001C   0A5A434D2050       DC8 "\012ZCM Packet: "
   \              61636B65743A
   \              2000        
   \   0000002A   0000               DC8 0, 0
   \   0000002C   253032582000       DC8 "%02X "
   \   00000032   0000               DC8 0, 0
   \   00000034   0D5A434D2053       DC8 "\015ZCM Simulate start"
   \              696D756C6174
   \              652073746172
   \              7400        
   \   00000048   0A43616E6365       DC8 "\012Cancel: press [#]\012"
   \              6C3A20707265
   \              7373205B235D
   \              0A00        
   \   0000005C   0A50414E4944       DC8 "\012PANID:%02X%02X"
   \              3A2530325825
   \              30325800    
   \   0000006C   0A5A434D2053       DC8 "\012ZCM Simulate END"
   \              696D756C6174
   \              6520454E4400
   \   0000007E   0000               DC8 0, 0
   \   00000080   0A5A434D2044       DC8 "\012ZCM DownLoad start"
   \              6F776E4C6F61
   \              642073746172
   \              7400        
   \   00000094   0A43616E6365       DC8 "\012Cancel: press [#]"
   \              6C3A20707265
   \              7373205B235D
   \              00          
   \   000000A7   00                 DC8 0
   \   000000A8   0D50432D3E5A       DC8 "\015PC->ZCM:%6d"
   \              434D3A253664
   \              00          
   \   000000B5   000000             DC8 0, 0, 0
   \   000000B8   0A5A434D2D3E       DC8 "\012ZCM->PC:%6d"
   \              50433A253664
   \              00          
   \   000000C5   000000             DC8 0, 0, 0
   \   000000C8   0A3E5061636B       DC8 "\012>Packet Test Start"
   \              657420546573
   \              742053746172
   \              7400        
   \   000000DC   0A5A45442072       DC8 "\012ZED receive END"
   \              656365697665
   \              20454E4400  
   \   000000ED   000000             DC8 0, 0, 0
   \   000000F0   0A0A5A434D20       DC8 "\012\012ZCM DownLoad END"
   \              446F776E4C6F
   \              616420454E44
   \              00          
   \   00000103   00                 DC8 0
   \   00000104   0A5A443E5761       DC8 "\012ZD>Wait Device Join"
   \              697420446576
   \              696365204A6F
   \              696E00      
   \   00000119   000000             DC8 0, 0, 0
   \   0000011C   0A5061636B65       DC8 "\012Packet Test END"
   \              742054657374
   \              20454E4400  
   \   0000012D   000000             DC8 0, 0, 0
   \   00000130   0A3F72616E67       DC8 "\012?range over"
   \              65206F766572
   \              00          
   \   0000013D   000000             DC8 0, 0, 0
   \   00000140   0A3E53656C65       DC8 "\012>Select Packet NO:"
   \              637420506163
   \              6B6574204E4F
   \              3A00        
   \   00000154   0A4E6574776F       DC8 "\012Network Forming END\012"
   \              726B20466F72
   \              6D696E672045
   \              4E440A00    
   \   0000016A   0000               DC8 0, 0
   \   0000016C   0A3773742052       DC8 "\0127st Rx:%02d E:%02d T:%2d"
   \              783A25303264
   \              20453A253032
   \              6420543A2532
   \              6400        
   \   00000186   0000               DC8 0, 0
   \   00000188   0A3673742052       DC8 "\0126st Rx:%02d E:%02d T:%2d"
   \              783A25303264
   \              20453A253032
   \              6420543A2532
   \              6400        
   \   000001A2   0000               DC8 0, 0
   \   000001A4   0A3573742052       DC8 "\0125st Rx:%02d E:%02d T:%2d"
   \              783A25303264
   \              20453A253032
   \              6420543A2532
   \              6400        
   \   000001BE   0000               DC8 0, 0
   \   000001C0   0A3473742052       DC8 "\0124st Rx:%02d E:%02d T:%2d"
   \              783A25303264
   \              20453A253032
   \              6420543A2532
   \              6400        
   \   000001DA   0000               DC8 0, 0
   \   000001DC   0A3373742052       DC8 "\0123st Rx:%02d E:%02d T:%2d"
   \              783A25303264
   \              20453A253032
   \              6420543A2532
   \              6400        
   \   000001F6   0000               DC8 0, 0
   \   000001F8   0A3273742052       DC8 "\0122st Rx:%02d E:%02d T:%2d"
   \              783A25303264
   \              20453A253032
   \              6420543A2532
   \              6400        
   \   00000212   0000               DC8 0, 0
   \   00000214   0A3173742052       DC8 "\0121st Rx:%02d E:%02d T:%2d"
   \              783A25303264
   \              20453A253032
   \              6420543A2532
   \              6400        
   \   0000022E   0000               DC8 0, 0
   \   00000230   0A4E6574576F       DC8 "\012NetWork Formation start"
   \              726B20466F72
   \              6D6174696F6E
   \              207374617274
   \              00          
   \   00000249   000000             DC8 0, 0, 0
   \   0000024C   0A5A434D2043       DC8 "\012ZCM Connect END"
   \              6F6E6E656374
   \              20454E4400  
   \   0000025D   000000             DC8 0, 0, 0
   \   00000260   0A5065726D69       DC8 "\012PermitDuration:%02X"
   \              744475726174
   \              696F6E3A2530
   \              325800      
   \   00000275   000000             DC8 0, 0, 0
   \   00000278   0A2530325820       DC8 "\012%02X "
   \              00          
   \   0000027F   00                 DC8 0
   \   00000280   0A5246204368       DC8 "\012RF Channel:%02X"
   \              616E6E656C3A
   \              2530325800  
   \   00000291   000000             DC8 0, 0, 0
   \   00000294   0A4368696C64       DC8 "\012Children:%02X"
   \              72656E3A2530
   \              325800      
   \   000002A3   00                 DC8 0
   \   000002A4   0A4465707468       DC8 "\012Depth:%02X"
   \              3A2530325800
   \   000002B0   202530325800       DC8 " %02X"
   \   000002B6   0000               DC8 0, 0
   \   000002B8   0A5A434D2049       DC8 "\012ZCM IEEEadd:"
   \              454545616464
   \              3A00        
   \   000002C6   0000               DC8 0, 0
   \   000002C8   0A5A434D2054       DC8 "\012ZCM Top Layer:%02X"
   \              6F70204C6179
   \              65723A253032
   \              5800        
   \   000002DC   0A5061636B65       DC8 "\012Packet Verify Error"
   \              742056657269
   \              667920457272
   \              6F7200      
   \   000002F1   000000             DC8 0, 0, 0
   \   000002F4   0A4661696C3A       DC8 "\012Fail:%02X"
   \              2530325800  
   \   000002FF   00                 DC8 0
   \   00000300   0A5A434D2076       DC8 "\012ZCM version:%02X"
   \              657273696F6E
   \              3A2530325800
   \   00000312   0000               DC8 0, 0
   \   00000314   0A52783E00         DC8 "\012Rx>"
   \   00000319   000000             DC8 0, 0, 0
   \   0000031C   0A54783E00         DC8 "\012Tx>"
   \   00000321   000000             DC8 0, 0, 0
   \   00000324   0A5A434D2052       DC8 "\012ZCM Rx:%02d ERR:%02d"
   \              783A25303264
   \              204552523A25
   \              30326400    
   \   0000033A   0000               DC8 0, 0
   \   0000033C   0A5A434D2043       DC8 "\012ZCM Connect start"
   \              6F6E6E656374
   \              207374617274
   \              00          
   \   0000034F   00                 DC8 0
   \   00000350   452530325820       DC8 "E%02X "
   \              00          
   \   00000357   00                 DC8 0

   \                                 In segment DATA_C, align 4, align-sorted
   \                     `?<Constant "\\nDev:%02X Packet:%01x">`:
   \   00000000   0A4465763A25       DC8 "\012Dev:%02X Packet:%01x"
   \              303258205061
   \              636B65743A25
   \              30317800    
   \   00000016   0000               DC8 0, 0
   \   00000018   2041443A2530       DC8 " AD:%02X%02X%02X%02X"
   \              325825303258
   \              253032582530
   \              325800      
   \   0000002D   000000             DC8 0, 0, 0
   \   00000030   0A4A6F696E3A       DC8 "\012Join:%02X"
   \              2530325800  
   \   0000003B   00                 DC8 0
   \   0000003C   5B4F4B5D00         DC8 "[OK]"
   \   00000041   000000             DC8 0, 0, 0

   \                                 In segment DATA_C, align 1, align-sorted
   \   00000000   256300             DC8 "%c"

   \                                 In segment DATA_C, align 4, align-sorted
   \                     `?<Constant "\\nSIZE:%02X">`:
   \   00000000   0A53495A453A       DC8 "\012SIZE:%02X"
   \              2530325800  
   \   0000000B   00                 DC8 0

   \                                 In segment DATA_C, align 1, align-sorted
   \   00000000   0A00               DC8 "\012"

   Maximum stack usage in bytes:

     Function                       CSTACK
     --------                       ------
     ZCM_debug_print                   16
     ZCM_isp_reset                      8
     ZCM_reset                          8
     ZCM_rsp_receive                   16
     ZigBee_parameter_init              4
     int2byte                           0
     link_receive_ZigBee               60
     packet_verify                     16
     put_packet0                       24
     put_serial_write                  24
     putcharZ                           8
     rxpacket_parser                   16
     send_API_KVP_packet              104
     send_API_MSG_packet              100
     send_NLME_GET_req                  4
     send_NLME_NETWORK_FORMATION_req
                                        4
     send_NLME_PERMIT_JOINING_req       4
     send_NLME_REQ_packet               8
     send_NLME_RESET_req                4
     send_NLME_START_ROUTER_req         4


   Segment part sizes:

     Function/Label                 Bytes
     --------------                 -----
     ZigBee_parameter_init            72
     ZCM_reset                        36
     ?Subroutine20                    20
     ZCM_isp_reset                    32
     put_serial_write                124
     ?Subroutine21                    28
     int2byte                         14
     put_packet0                     148
     P_NWK                           256
     send_API_MSG_packet             128
     ?Subroutine22                    12
     send_API_KVP_packet             132
     send_NLME_REQ_packet             50
     send_NLME_NETWORK_FORMATION_req
                                      20
     ?Subroutine23                    12
     send_NLME_GET_req                16
     send_NLME_RESET_req              16
     send_NLME_PERMIT_JOINING_req     20
     send_NLME_START_ROUTER_req       24
     putcharZ                         18
     packet_verify                    78
     ZCMdpMode                         2
     ZCM_debug_print                 108
     ?Subroutine24                     6
     ZCMrxBuffer                     256
     sEndDevice                       64
     ZCM_rsp_receive                 128
     rxpacket_parser                 108
     ScanChannel                     160
     ZEDaddress                        8
     TxkMessage                       64
     ConnectRcv1                       8
     ZCM_toplayer_Rcv2                 8
     ZCM_network_info                 72
     FormingReq1                       8
     FormingRcv1                      16
     FormingReq2                       8
     FormingRcv2                       8
     FormingReq3                       8
     FormingRcv3                       8
     FormingReq4                       8
     FormingRcv4                       8
     FormingReq5                      16
     FormingRcv5                       8
     FormingReq6                       8
     FormingRcv6                       8
     FormingReq7                       8
     FormingRcv7                       8
     EndDeviceAnnounce                32
     EndDeviceReq                     24
     ZCMConfirm                        8
     EndDeviceRsp                     28
     SimpleDescriptReq                24
     SimpleDescriptRsp                36
     KVPsample0                       28
     MACdataReq                       32
     link_receive_ZigBee            2664
     ??DataTable1                      4
     ??DataTable3                      4
     ??DataTable4                      4
     ??DataTable5                      4
     ??DataTable6                      4
     ??DataTable15                     4
     ??DataTable16                     4
     ??DataTable17                     4
     ??DataTable21                     4
     ??DataTable22                     4
     ??DataTable23                     4
     ??DataTable24                     4
     ??DataTable25                     4
     ??DataTable26                     4
     ??DataTable27                     4
     ??DataTable29                     4
     ??DataTable30                     4
     ??DataTable31                     4
     ??DataTable33                     4
     ??DataTable34                     4
     ?<Initializer for P_NWK>        256
     ?<Initializer for ScanChannel>  160
     ?<Initializer for ZEDaddress>     8
     ?<Initializer for TxkMessage>    64
     ?<Initializer for ConnectRcv1>    8
     ?<Initializer for ZCM_toplayer_Rcv2>
                                       8
     ?<Initializer for ZCM_network_info>
                                      72
     ?<Initializer for FormingReq1>    8
     ?<Initializer for FormingRcv1>   16
     ?<Initializer for FormingReq2>    8
     ?<Initializer for FormingRcv2>    8
     ?<Initializer for FormingReq3>    8
     ?<Initializer for FormingRcv3>    8
     ?<Initializer for FormingReq4>    8
     ?<Initializer for FormingRcv4>    8
     ?<Initializer for FormingReq5>   16
     ?<Initializer for FormingRcv5>    8
     ?<Initializer for FormingReq6>    8
     ?<Initializer for FormingRcv6>    8
     ?<Initializer for FormingReq7>    8
     ?<Initializer for FormingRcv7>    8
     ?<Initializer for EndDeviceAnnounce>
                                      32
     ?<Initializer for EndDeviceReq>
                                      24
     ?<Initializer for ZCMConfirm>     8
     ?<Initializer for EndDeviceRsp>
                                      28
     ?<Initializer for SimpleDescriptReq>
                                      24
     ?<Initializer for SimpleDescriptRsp>
                                      36
     ?<Initializer for KVPsample0>    28
     ?<Initializer for MACdataReq>    32
     ?<Constant "\nED>Rx:%02dbyte Err:%02d">
                                     856
     ?<Constant "\nDev:%02X Packet:%01x">
                                      68
     ?<Constant "%c">                  3
     ?<Constant "\nSIZE:%02X">        12
     ?<Constant "\n">                  2
      Others                         304

 
 4 374 bytes in segment CODE
   941 bytes in segment DATA_C
   916 bytes in segment DATA_I
   916 bytes in segment DATA_ID
   322 bytes in segment DATA_Z
    24 bytes in segment INITTAB
 
 4 094 bytes of CODE  memory (+ 304 bytes shared)
 1 857 bytes of CONST memory
 1 238 bytes of DATA  memory

Errors: none
Warnings: none
