##############################################################################
#                                                                            #
# IAR ARM ANSI C/C++ Compiler V4.40A/W32 EVALUATION    29/May/2007  12:00:10 #
# Copyright 1999-2005 IAR Systems. All rights reserved.                      #
#                                                                            #
#    Cpu mode        =  interwork                                            #
#    Endian          =  little                                               #
#    Stack alignment =  4                                                    #
#    Source file     =  C:\E-pia\EpiaLoadMonit_v01\EpiaLoadMonit\src\EpiaGat #
#                       e_LCD.c                                              #
#    Command line    =  C:\E-pia\EpiaLoadMonit_v01\EpiaLoadMonit\src\EpiaGat #
#                       e_LCD.c -lC C:\E-pia\EpiaLoadMonit_v01\EpiaLoadMonit #
#                       \compil\Debug\List\ -o C:\E-pia\EpiaLoadMonit_v01\Ep #
#                       iaLoadMonit\compil\Debug\Obj\ -z9 --debug            #
#                       --cpu_mode thumb --endian little --cpu ARM7TDMI      #
#                       --stack_align 4 --interwork -e --fpu None            #
#                       --dlib_config "C:\Program Files\IAR                  #
#                       Systems\Embedded Workbench 4.0                       #
#                       Evaluation\ARM\LIB\dl4tptinl8n.h" -I                 #
#                       C:\E-pia\EpiaLoadMonit_v01\EpiaLoadMonit\compil\srcI #
#                       AR\ -I C:\E-pia\EpiaLoadMonit_v01\EpiaLoadMonit\comp #
#                       il\..\src\ -I C:\E-pia\EpiaLoadMonit_v01\EpiaLoadMon #
#                       it\compil\..\..\ -I "C:\Program Files\IAR            #
#                       Systems\Embedded Workbench 4.0 Evaluation\ARM\INC\"  #
#    List file       =  C:\E-pia\EpiaLoadMonit_v01\EpiaLoadMonit\compil\Debu #
#                       g\List\EpiaGate_LCD.lst                              #
#    Object file     =  C:\E-pia\EpiaLoadMonit_v01\EpiaLoadMonit\compil\Debu #
#                       g\Obj\EpiaGate_LCD.r79                               #
#                                                                            #
#                                                                            #
##############################################################################

C:\E-pia\EpiaLoadMonit_v01\EpiaLoadMonit\src\EpiaGate_LCD.c
      1          // ----------------------------------------------------------------------------
      2          //         Epiatech co,. LTD  -  Lee Y k  -
      3          // ----------------------------------------------------------------------------
      4          // File Name           : EpiaGate_LCD.c
      5          // Object              : EpiaGate Test Kit LCD display Function
      6          // LCD model           : GM123210xxx
      7          // Maker               : DATA IMAGE CO
      8          // Creation            : 2006-11-16
      9          // ----------------------------------------------------------------------------
     10          
     11          // Include Standard LIB  files
     12          #include "project.h"
     13          
     14          // LCD GM12321 Command Listing
     15          #define LCD_ON        	0xAF  // LCD display ON
     16          #define LCD_OFF       	0xAE  // LCD display OFF
     17          #define LCD_DP_START  	0xC0  // 0 - 31 : RAM line corresponding to top line of display 
     18          #define LCD_PAGE_ADD  	0xB8  // 0 -  3 : Set RAM page address in page address register
     19          #define LCD_COL_ADD   	0x00  // 0-72 : Set display RAM column address in page column register
     20          #define LCD_ADC_CW    	0xA0  // CW out
     21          #define LCD_ADC_CCW   	0xA1  // CCW out
     22          #define LCD_DRV_STATIC  0xA5  // Static drive
     23          #define LCD_DRV_NORMAL  0xA4  // Normal drive
     24          #define LCD_DUTY16    	0xA8  // 1/16
     25          #define LCD_DUTY32    	0xA9  // 1/32
     26          #define LCD_MODI_ON   	0xE0  // Read? Modify? Write ON
     27          #define LCD_MODI_OFF  	0xEE  // Read? Modify? Write OFF
     28          #define LCD_SOFT_RST  	0xE2  // LCD software reset
     29          
     30          #define PAGE_SIZE       61	// LCD page size 
     31          #define LCD_LINE_SIZE   122	// LCD`line length
     32          #define LCD_BUF_SIZE    LCD_LINE_SIZE * 4
     33          #define DP_SCAN_TIME    16    // 1 page scan time : 16 x 2 = 32 ms
     34          // charactor q'ty per line
     35          #define FONT6_LINE	20
     36          #define FONT8_LINE	15
     37          #define FONT16_LINE	15//7
     38          // charactor q'ty per page
     39          #define FONT6_PAGE	80	
     40          #define FONT8_PAGE	30
     41          #define FONT16_PAGE	30//14
     42          //#define DP_LINE_SIZE    20
     43          //#define DP_LINE_SIZE1   15
     44          

   \                                 In segment DATA_Z, align 4, align-sorted
     45          unsigned char  bLCDbuf[LCD_BUF_SIZE + 8];
   \                     bLCDbuf:
   \   00000000                      DS8 496

   \                                 In segment DATA_Z, align 4, align-sorted
     46          unsigned short sDPbuf[DPBUF_SIZE];
   \                     sDPbuf:
   \   00000000                      DS8 1800
     47          short sCurPos;      // cursor position
     48          BYTE  bCursorDP;    // cursor display on/off
     49          BYTE  bLCDpage;
     50          short sLCDpos;
     51          short sDPstart;
     52          char  FontWidth;
     53          char  DPcode;
     54          short sBlinkTime;
     55          BYTE  bDpStep;
     56          char  FontStyle;
     57          //char  DebugDP;
     58          char  DpUpdate;
     59          char  DpScanNo;
     60          char  CursorUse;
     61          char  Blink;
     62          char  DumpDisplay; // 1: if col = 0, space is not display
     63          char  ImageMode;
     64          char  ImageNo;
     65          unsigned short sOldCode;
     66          
     67          char LcdCol, LcdRow;
     68          
     69          // LCD module Reset by RESET signal

   \                                 In segment CODE, align 4, keep-with-next
     70          void LCD_hard_reset(void)
     71          {
   \                     LCD_hard_reset:
   \   00000000   30B5               PUSH     {R4,R5,LR}
     72            AT91F_PIO_SetOutput( PIOB, LCD_A0|LCD_CS1|LCD_CS2|LCD_RW|LCD_RST ) ;
   \   00000002   ....               LDR      R4,??DataTable12  ;; 0xfffff630
   \   00000004   9E20               MOVS     R0,#+158
   \   00000006   C003               LSLS     R0,R0,#+15       ;; #+5177344
   \   00000008   2060               STR      R0,[R4, #+0]
     73            AT91F_PIO_ClearOutput( PIOB, LCD_RST ) ;
   \   0000000A   8025               MOVS     R5,#+128
   \   0000000C   ED03               LSLS     R5,R5,#+15       ;; #+4194304
   \   0000000E   ....               LDR      R0,??DataTable13  ;; 0xfffff634
   \   00000010   0560               STR      R5,[R0, #+0]
     74            delay_us(50);
   \   00000012   3220               MOVS     R0,#+50
   \   00000014   ........           _BLF     delay_us,??delay_us??rT
     75            AT91F_PIO_SetOutput( PIOB, LCD_RST ) ;
   \   00000018   2560               STR      R5,[R4, #+0]
     76          }
   \   0000001A   ........           BL       ?Subroutine46

   \                                 In segment CODE, align 4, keep-with-next
   \                     ?Subroutine46:
   \   00000000   30BC               POP      {R4,R5}
   \   00000002   01BC               POP      {R0}
   \   00000004   0047               BX       R0               ;; return
     77          
     78          /********************************************/
     79          /*  1 byte write to LCD module              */
     80          /*  data : write date                       */
     81          /*  sel  : 0-display data, 1-command        */
     82          /*  ms   : 0-Master(CS1:1), 1-Slave(CS2:1)  */
     83          /********************************************/
     84          
     85          // 1 byte write to LCD module master

   \                                 In segment CODE, align 4, keep-with-next
     86          void LCD_write1(BYTE data)
     87          {
     88            data &= 0xFF;
   \                     LCD_write1:
   \   00000000   FF21               MOVS     R1,#+255
   \   00000002   FF22               MOVS     R2,#+255
   \   00000004   0240               ANDS     R2,R2,R0
     89            AT91F_PIO_SetOutput( PIOB, data );            // data out
   \   00000006   ....               LDR      R0,??DataTable12  ;; 0xfffff630
   \   00000008   0260               STR      R2,[R0, #+0]
     90            AT91F_PIO_ClearOutput( PIOB, data ^ 0xFF );   // data out
   \   0000000A   ....               LDR      R3,??DataTable13  ;; 0xfffff634
   \   0000000C   5140               EORS     R1,R1,R2
   \   0000000E   1960               STR      R1,[R3, #+0]
     91            AT91F_PIO_ClearOutput( PIOB, LCD_CS1);
   \   00000010   8021               MOVS     R1,#+128
   \   00000012   8902               LSLS     R1,R1,#+10       ;; #+131072
   \   00000014   ....               B.N      ?Subroutine47
     92            AT91F_PIO_SetOutput( PIOB, LCD_CS1);
     93            AT91F_PIO_ClearOutput( PIOB, LCD_CS1);
     94          }

   \                                 In segment CODE, align 4, keep-with-next
   \                     ?Subroutine47:
   \   00000000   1960               STR      R1,[R3, #+0]
   \   00000002   0160               STR      R1,[R0, #+0]
   \   00000004   1960               STR      R1,[R3, #+0]
   \   00000006   7047               BX       LR               ;; return
     95          
     96          // 1 byte write to LCD module slave

   \                                 In segment CODE, align 4, keep-with-next
     97          void LCD_write2(BYTE data)
     98          {
     99            data &= 0xFF;
   \                     LCD_write2:
   \   00000000   FF21               MOVS     R1,#+255
   \   00000002   FF22               MOVS     R2,#+255
   \   00000004   0240               ANDS     R2,R2,R0
    100            AT91F_PIO_SetOutput( PIOB, data );            // data out
   \   00000006   ....               LDR      R0,??DataTable12  ;; 0xfffff630
   \   00000008   0260               STR      R2,[R0, #+0]
    101            AT91F_PIO_ClearOutput( PIOB, data ^ 0xFF );   // data out
   \   0000000A   ....               LDR      R3,??DataTable13  ;; 0xfffff634
   \   0000000C   5140               EORS     R1,R1,R2
   \   0000000E   1960               STR      R1,[R3, #+0]
    102            AT91F_PIO_ClearOutput( PIOB, LCD_CS2);
   \   00000010   8021               MOVS     R1,#+128
   \   00000012   C902               LSLS     R1,R1,#+11       ;; #+262144
   \   00000014                      REQUIRE ?Subroutine47
   \   00000014                      ;; // Fall through to label ?Subroutine47
    103            AT91F_PIO_SetOutput( PIOB, LCD_CS2);
    104            AT91F_PIO_ClearOutput( PIOB, LCD_CS2);
    105          }
    106          
    107          // 1 byte CMD write to LCD module master

   \                                 In segment CODE, align 4, keep-with-next
    108          void LCD_cmd_write1(BYTE cmd)
    109          {
   \                     LCD_cmd_write1:
   \   00000000   10B5               PUSH     {R4,LR}
    110            AT91F_PIO_ClearOutput( PIOB, LCD_A0);
   \   00000002   8024               MOVS     R4,#+128
   \   00000004   6402               LSLS     R4,R4,#+9        ;; #+65536
   \   00000006   ....               LDR      R1,??DataTable13  ;; 0xfffff634
   \   00000008   0C60               STR      R4,[R1, #+0]
    111            LCD_write1(cmd);
   \   0000000A   ........           BL       LCD_write1
    112            AT91F_PIO_SetOutput( PIOB, LCD_A0);
   \   0000000E   ....               LDR      R0,??DataTable12  ;; 0xfffff630
   \   00000010   0460               STR      R4,[R0, #+0]
    113          }
   \   00000012   ....               B.N      ??Subroutine50_0

   \                                 In segment CODE, align 4, keep-with-next
   \                     ?Subroutine50:
   \   00000000   2020               MOVS     R0,#+32
   \   00000002   ........           BL       putchar_dp
   \                     ??Subroutine50_0:
   \   00000006   10BC               POP      {R4}
   \   00000008   01BC               POP      {R0}
   \   0000000A   0047               BX       R0               ;; return
    114          
    115          // 1 byte CMD write to LCD module slave

   \                                 In segment CODE, align 4, keep-with-next
    116          void LCD_cmd_write2(BYTE cmd)
    117          {
   \                     LCD_cmd_write2:
   \   00000000   10B5               PUSH     {R4,LR}
    118            AT91F_PIO_ClearOutput( PIOB, LCD_A0);
   \   00000002   8024               MOVS     R4,#+128
   \   00000004   6402               LSLS     R4,R4,#+9        ;; #+65536
   \   00000006   ....               LDR      R1,??DataTable13  ;; 0xfffff634
   \   00000008   0C60               STR      R4,[R1, #+0]
    119            LCD_write2(cmd);
   \   0000000A   ........           BL       LCD_write2
    120            AT91F_PIO_SetOutput( PIOB, LCD_A0);
   \   0000000E   ....               LDR      R0,??DataTable12  ;; 0xfffff630
   \   00000010   0460               STR      R4,[R0, #+0]
    121          }
   \   00000012   ....               B.N      ??Subroutine50_0
    122          
    123          // 1 byte data write to LCD module master

   \                                 In segment CODE, align 4, keep-with-next
    124          void LCD_data_write1(unsigned char data)
    125          {
    126            AT91F_PIO_SetOutput( PIOB, LCD_A0);
   \                     LCD_data_write1:
   \   00000000   ....               LDR      R1,??DataTable12  ;; 0xfffff630
   \   00000002   8022               MOVS     R2,#+128
   \   00000004   5202               LSLS     R2,R2,#+9        ;; #+65536
   \   00000006   0A60               STR      R2,[R1, #+0]
    127            AT91F_PIO_SetOutput( PIOB, data );            // data out
   \   00000008   0860               STR      R0,[R1, #+0]
    128            AT91F_PIO_ClearOutput( PIOB, data ^ 0xFF );   // data out
   \   0000000A   ....               LDR      R2,??DataTable13  ;; 0xfffff634
   \   0000000C   FF23               MOVS     R3,#+255
   \   0000000E   4340               EORS     R3,R3,R0
   \   00000010   1360               STR      R3,[R2, #+0]
    129            AT91F_PIO_SetOutput( PIOB, LCD_CS1);
   \   00000012   8020               MOVS     R0,#+128
   \   00000014   8002               LSLS     R0,R0,#+10       ;; #+131072
   \   00000016   ....               B.N      ?Subroutine48
    130            AT91F_PIO_ClearOutput( PIOB, LCD_CS1);
    131          }

   \                                 In segment CODE, align 4, keep-with-next
   \                     ?Subroutine48:
   \   00000000   0860               STR      R0,[R1, #+0]
   \   00000002   1060               STR      R0,[R2, #+0]
   \   00000004   7047               BX       LR               ;; return
    132          
    133          // 1 byte data write to LCD module slave

   \                                 In segment CODE, align 4, keep-with-next
    134          void LCD_data_write2(unsigned char data)
    135          {
    136            //data &= 0xFF;
    137            AT91F_PIO_SetOutput( PIOB, LCD_A0);
   \                     LCD_data_write2:
   \   00000000   ....               LDR      R1,??DataTable12  ;; 0xfffff630
   \   00000002   8022               MOVS     R2,#+128
   \   00000004   5202               LSLS     R2,R2,#+9        ;; #+65536
   \   00000006   0A60               STR      R2,[R1, #+0]
    138            AT91F_PIO_SetOutput( PIOB, data );            // data out
   \   00000008   0860               STR      R0,[R1, #+0]
    139            AT91F_PIO_ClearOutput( PIOB, data ^ 0xFF );   // data out
   \   0000000A   ....               LDR      R2,??DataTable13  ;; 0xfffff634
   \   0000000C   FF23               MOVS     R3,#+255
   \   0000000E   4340               EORS     R3,R3,R0
   \   00000010   1360               STR      R3,[R2, #+0]
    140            AT91F_PIO_SetOutput( PIOB, LCD_CS2);
   \   00000012   8020               MOVS     R0,#+128
   \   00000014   C002               LSLS     R0,R0,#+11       ;; #+262144
   \   00000016   C046               Nop      
   \   00000018                      REQUIRE ?Subroutine48
   \   00000018                      ;; // Fall through to label ?Subroutine48
    141            AT91F_PIO_ClearOutput( PIOB, LCD_CS2);
    142          } 
    143          
    144          // 1개의 6x7 font image를 bLCDbuf에 로드

   \                                 In segment CODE, align 4, keep-with-next
    145          void LCD_font6x7_load(short code, char curpos)
    146          {
   \                     LCD_font6x7_load:
   \   00000000   F0B5               PUSH     {R4-R7,LR}
   \   00000002   0300               MOVS     R3,R0
   \   00000004   0A00               MOVS     R2,R1
    147            short width, line, pos, pos_h, lp, dpsize, mask;
    148            width = 6;
    149            dpsize = LCD_LINE_SIZE / width;
    150            line = curpos / dpsize; 
   \   00000006   1000               MOVS     R0,R2
   \   00000008   1421               MOVS     R1,#+20
   \   0000000A   ........           _BLF     ??div32_t,??rT??div32_t
   \   0000000E   0C04               LSLS     R4,R1,#+16
   \   00000010   2414               ASRS     R4,R4,#+16
    151            //pos = (curpos - (line * dpsize)) * width;
    152            pos = (curpos % dpsize) * width;
    153            pos = line * LCD_LINE_SIZE + pos;
   \   00000012   2500               MOVS     R5,R4
   \   00000014   7A20               MOVS     R0,#+122
   \   00000016   4543               MULS     R5,R0,R5
   \   00000018   1000               MOVS     R0,R2
   \   0000001A   1421               MOVS     R1,#+20
   \   0000001C   ........           _BLF     ??div32_t,??rT??div32_t
   \   00000020   0621               MOVS     R1,#+6
   \   00000022   4843               MULS     R0,R1,R0
   \   00000024   2918               ADDS     R1,R5,R0
   \   00000026   0904               LSLS     R1,R1,#+16
   \   00000028   0914               ASRS     R1,R1,#+16
    154            pos_h = pos - (line * LCD_LINE_SIZE);
    155            // 남은 LCD width가 font size 보다 작으면 다음 line의 처음으로 위치 변경
    156            if (pos_h > (LCD_LINE_SIZE - 6)) 
   \   0000002A   0020               MOVS     R0,#+0
   \   0000002C   4D1B               SUBS     R5,R1,R5
   \   0000002E   2D04               LSLS     R5,R5,#+16
   \   00000030   2D14               ASRS     R5,R5,#+16
   \   00000032   752D               CMP      R5,#+117
   \   00000034   09DB               BLT      ??LCD_font6x7_load_0
    157            {
    158              if (++line > 3) line = 0;
   \   00000036   641C               ADDS     R4,R4,#+1
   \   00000038   2404               LSLS     R4,R4,#+16
   \   0000003A   2414               ASRS     R4,R4,#+16
   \   0000003C   042C               CMP      R4,#+4
   \   0000003E   00DB               BLT      ??LCD_font6x7_load_1
   \   00000040   0024               MOVS     R4,#+0
    159              pos = line * LCD_LINE_SIZE;
   \                     ??LCD_font6x7_load_1:
   \   00000042   7A21               MOVS     R1,#+122
   \   00000044   4C43               MULS     R4,R1,R4
   \   00000046   2104               LSLS     R1,R4,#+16
   \   00000048   0914               ASRS     R1,R1,#+16
    160            }
    161            // LCD buffer에 1 font image를 copy
    162            mask = 0;
   \                     ??LCD_font6x7_load_0:
   \   0000004A   0024               MOVS     R4,#+0
    163            if (sCurPos == curpos) if (Blink) mask = 0xFF;
   \   0000004C   ....               LDR      R5,??DataTable25  ;; DPcode
   \   0000004E   0E26               MOVS     R6,#+14
   \   00000050   AE5F               LDRSH    R6,[R5, R6]
   \   00000052   9642               CMP      R6,R2
   \   00000054   03D1               BNE      ??LCD_font6x7_load_2
   \   00000056   6A79               LDRB     R2,[R5, #+5]
   \   00000058   002A               CMP      R2,#+0
   \   0000005A   00D0               BEQ      ??LCD_font6x7_load_2
   \   0000005C   FF24               MOVS     R4,#+255
    164            for (lp = 0; lp < width; lp++) 
    165              bLCDbuf[pos++] = ASCII_FONT6x7[code][lp] ^ mask;
   \                     ??LCD_font6x7_load_2:
   \   0000005E   ....               LDR      R2,??DataTable19  ;; bLCDbuf
   \   00000060   0626               MOVS     R6,#+6
   \   00000062   5E43               MULS     R6,R3,R6
   \   00000064   064F               LDR      R7,??LCD_font6x7_load_3  ;; ASCII_FONT6x7
   \   00000066   BE19               ADDS     R6,R7,R6
   \   00000068   365C               LDRB     R6,[R6, R0]
   \   0000006A   2700               MOVS     R7,R4
   \   0000006C   7740               EORS     R7,R7,R6
   \   0000006E   5754               STRB     R7,[R2, R1]
   \   00000070   491C               ADDS     R1,R1,#+1
   \   00000072   0904               LSLS     R1,R1,#+16
   \   00000074   0914               ASRS     R1,R1,#+16
   \   00000076   401C               ADDS     R0,R0,#+1
   \   00000078   0628               CMP      R0,#+6
   \   0000007A   F0DB               BLT      ??LCD_font6x7_load_2
    166            sLCDpos = pos;
   \   0000007C   2982               STRH     R1,[R5, #+16]
    167          }
   \   0000007E   ....               B.N      ??Subroutine51_0
   \                     ??LCD_font6x7_load_3:
   \   00000080   ........           DC32     ASCII_FONT6x7

   \                                 In segment CODE, align 4, keep-with-next
   \                     ?Subroutine51:
   \   00000000   0882               STRH     R0,[R1, #+16]
   \                     ??Subroutine51_0:
   \   00000002   F0BC               POP      {R4-R7}
   \   00000004   01BC               POP      {R0}
   \   00000006   0047               BX       R0               ;; return
   \                     ??Subroutine51_1:
   \   00000008   ........           DC32     HANGUL_FONT16x16
    168          
    169          /*
    170          // 커서위치의 6x7 font image를 inverse로 bLCDbuf에 로드
    171          void LCD_font6x7_blink(char blink)
    172          {
    173            short line, pos, pos_h, lp, dpsize, data;
    174            char mask;
    175            dpsize = LCD_LINE_SIZE / 6;
    176            line = sCurPos / dpsize; 
    177            //pos = (sCurPos - (line * dpsize)) * 6;
    178            pos = (sCurPos % dpsize) * 6;
    179            pos = line * LCD_LINE_SIZE + pos;
    180            pos_h = pos - (line * LCD_LINE_SIZE);
    181            // 남은 LCD width가 font size 보다 작으면 다음 line의 처음으로 위치 변경
    182            if (pos_h > (LCD_LINE_SIZE - 6)) 
    183            {
    184              if (++line > 3) line = 0;
    185              pos = line * LCD_LINE_SIZE;
    186            }
    187            // LCD buffer에 1 font image를 copy
    188            if (blink) mask = 0xFF; else mask = 0;
    189            for (lp = 0; lp < 6; lp++) 
    190            {
    191              data = bLCDbuf[pos] ^ mask; 
    192              bLCDbuf[pos++] = data;
    193            }
    194          }
    195          */
    196          
    197          // 1개의 8x16 font image를 bLCDbuf에 로드

   \                                 In segment CODE, align 4, keep-with-next
    198          void LCD_font8x16_load(short code, char curpos)
    199          {
   \                     LCD_font8x16_load:
   \   00000000   F0B5               PUSH     {R4-R7,LR}
   \   00000002   0400               MOVS     R4,R0
   \   00000004   0D00               MOVS     R5,R1
    200            short width, line, pos, pos_h, lp, dpsize, mask;
    201            width = 8;
    202            dpsize = LCD_LINE_SIZE / width;
    203            line = curpos / dpsize;
   \   00000006   2800               MOVS     R0,R5
   \   00000008   0F21               MOVS     R1,#+15
   \   0000000A   ........           _BLF     ??div32_t,??rT??div32_t
   \   0000000E   0A04               LSLS     R2,R1,#+16
   \   00000010   1214               ASRS     R2,R2,#+16
    204           // pos = (curpos - (line * dpsize)) * width;
    205            pos = (curpos % dpsize) * width;
    206            pos = line * LCD_LINE_SIZE * 2 + pos;
   \   00000012   1600               MOVS     R6,R2
   \   00000014   F420               MOVS     R0,#+244
   \   00000016   4643               MULS     R6,R0,R6
   \   00000018   2800               MOVS     R0,R5
   \   0000001A   0F21               MOVS     R1,#+15
   \   0000001C   ........           _BLF     ??div32_t,??rT??div32_t
   \   00000020   C000               LSLS     R0,R0,#+3
   \   00000022   3018               ADDS     R0,R6,R0
   \   00000024   0004               LSLS     R0,R0,#+16
   \   00000026   0014               ASRS     R0,R0,#+16
    207            pos_h = pos - (line * LCD_LINE_SIZE * 2);
    208            
    209            // 남은 LCD width가 font size 보다 작으면 다음 line의 처음으로 위치 변경
    210            if (pos_h > (LCD_LINE_SIZE - 8)) 
   \   00000028   0023               MOVS     R3,#+0
   \   0000002A   811B               SUBS     R1,R0,R6
   \   0000002C   0904               LSLS     R1,R1,#+16
   \   0000002E   0914               ASRS     R1,R1,#+16
   \   00000030   7329               CMP      R1,#+115
   \   00000032   09DB               BLT      ??LCD_font8x16_load_0
    211            {
    212              if (++line > 1) line = 0;
   \   00000034   521C               ADDS     R2,R2,#+1
   \   00000036   1204               LSLS     R2,R2,#+16
   \   00000038   1214               ASRS     R2,R2,#+16
   \   0000003A   022A               CMP      R2,#+2
   \   0000003C   00DB               BLT      ??LCD_font8x16_load_1
   \   0000003E   0022               MOVS     R2,#+0
    213              pos = line * LCD_LINE_SIZE * 2;
   \                     ??LCD_font8x16_load_1:
   \   00000040   F420               MOVS     R0,#+244
   \   00000042   4243               MULS     R2,R0,R2
   \   00000044   1004               LSLS     R0,R2,#+16
   \   00000046   0014               ASRS     R0,R0,#+16
    214            }
    215          
    216           // LCD buffer에 1 font image를 copy
    217            mask = 0;
   \                     ??LCD_font8x16_load_0:
   \   00000048   0022               MOVS     R2,#+0
    218            if (Blink) if (sCurPos == curpos)  mask = 0xFF; 
   \   0000004A   ....               LDR      R1,??DataTable25  ;; DPcode
   \   0000004C   4E79               LDRB     R6,[R1, #+5]
   \   0000004E   002E               CMP      R6,#+0
   \   00000050   04D0               BEQ      ??LCD_font8x16_load_2
   \   00000052   0E26               MOVS     R6,#+14
   \   00000054   8E5F               LDRSH    R6,[R1, R6]
   \   00000056   AE42               CMP      R6,R5
   \   00000058   00D1               BNE      ??LCD_font8x16_load_2
   \   0000005A   FF22               MOVS     R2,#+255
    219            for (lp = 0; lp < width; lp++) 
   \                     ??LCD_font8x16_load_2:
   \   0000005C   2401               LSLS     R4,R4,#+4
   \   0000005E   0C4D               LDR      R5,??LCD_font8x16_load_3  ;; ASCII_FONT8x16
   \   00000060   2C19               ADDS     R4,R5,R4
   \   00000062   ....               LDR      R5,??DataTable19  ;; bLCDbuf
    220            {
    221              bLCDbuf[pos] = ASCII_FONT8x16[code][lp] ^ mask;
   \                     ??LCD_font8x16_load_4:
   \   00000064   E65C               LDRB     R6,[R4, R3]
   \   00000066   1700               MOVS     R7,R2
   \   00000068   7740               EORS     R7,R7,R6
   \   0000006A   2F54               STRB     R7,[R5, R0]
    222              bLCDbuf[pos + LCD_LINE_SIZE] = ASCII_FONT8x16[code][lp + 8] ^ mask;
   \   0000006C   2F00               MOVS     R7,R5
   \   0000006E   7A37               ADDS     R7,R7,#+122
   \   00000070   BC46               MOV      R12,R7
   \   00000072   2600               MOVS     R6,R4
   \   00000074   0836               ADDS     R6,R6,#+8
   \   00000076   F75C               LDRB     R7,[R6, R3]
   \   00000078   1600               MOVS     R6,R2
   \   0000007A   7E40               EORS     R6,R6,R7
   \   0000007C   6746               MOV      R7,R12
   \   0000007E   3E54               STRB     R6,[R7, R0]
    223              pos++;
   \   00000080   401C               ADDS     R0,R0,#+1
   \   00000082   0004               LSLS     R0,R0,#+16
   \   00000084   0014               ASRS     R0,R0,#+16
    224            }
   \   00000086   5B1C               ADDS     R3,R3,#+1
   \   00000088   082B               CMP      R3,#+8
   \   0000008A   EBDB               BLT      ??LCD_font8x16_load_4
    225            sLCDpos = pos;
   \   0000008C   ....               B.N      ?Subroutine51
   \   0000008E   C046               Nop      
   \                     ??LCD_font8x16_load_3:
   \   00000090   ........           DC32     ASCII_FONT8x16
    226          }
    227          
    228          // 1개의 16x16 hangul font image를 bLCDbuf에 로드

   \                                 In segment CODE, align 4, keep-with-next
    229          void LCD_hangul_font16_load(unsigned short code, char curpos)
    230          {
   \                     LCD_hangul_font16_load:
   \   00000000   F0B5               PUSH     {R4-R7,LR}
   \   00000002   0200               MOVS     R2,R0
   \   00000004   0D00               MOVS     R5,R1
    231            short width, line, pos, pos_h, lp, dpsize, data , mask;
    232            //code = code - 0xB0A0;
    233            //HanBuf[HanIndex++] = code;
    234            width = 8;//16
    235            dpsize = LCD_LINE_SIZE / width;
    236            line = curpos / dpsize;
   \   00000006   2800               MOVS     R0,R5
   \   00000008   0F21               MOVS     R1,#+15
   \   0000000A   ........           _BLF     ??div32_t,??rT??div32_t
   \   0000000E   0B04               LSLS     R3,R1,#+16
   \   00000010   1B14               ASRS     R3,R3,#+16
    237            pos = (curpos % dpsize) * width;
    238            pos = line * LCD_LINE_SIZE * 2 + pos;
   \   00000012   1E00               MOVS     R6,R3
   \   00000014   F420               MOVS     R0,#+244
   \   00000016   4643               MULS     R6,R0,R6
   \   00000018   2800               MOVS     R0,R5
   \   0000001A   0F21               MOVS     R1,#+15
   \   0000001C   ........           _BLF     ??div32_t,??rT??div32_t
   \   00000020   C000               LSLS     R0,R0,#+3
   \   00000022   3018               ADDS     R0,R6,R0
   \   00000024   0004               LSLS     R0,R0,#+16
   \   00000026   0014               ASRS     R0,R0,#+16
    239            pos_h = pos - (line * LCD_LINE_SIZE * 2);
    240          
    241            // 남은 LCD width가 font size 보다 작으면 다음 line의 처음으로 위치 변경
    242            if (pos_h > (LCD_LINE_SIZE - 16)) 
   \   00000028   0024               MOVS     R4,#+0
   \   0000002A   811B               SUBS     R1,R0,R6
   \   0000002C   0904               LSLS     R1,R1,#+16
   \   0000002E   0914               ASRS     R1,R1,#+16
   \   00000030   6B29               CMP      R1,#+107
   \   00000032   09DB               BLT      ??LCD_hangul_font16_load_0
    243            {
    244              if (++line > 1) line = 0;
   \   00000034   5B1C               ADDS     R3,R3,#+1
   \   00000036   1B04               LSLS     R3,R3,#+16
   \   00000038   1B14               ASRS     R3,R3,#+16
   \   0000003A   022B               CMP      R3,#+2
   \   0000003C   00DB               BLT      ??LCD_hangul_font16_load_1
   \   0000003E   0023               MOVS     R3,#+0
    245              pos = line * LCD_LINE_SIZE * 2;
   \                     ??LCD_hangul_font16_load_1:
   \   00000040   F420               MOVS     R0,#+244
   \   00000042   4343               MULS     R3,R0,R3
   \   00000044   1804               LSLS     R0,R3,#+16
   \   00000046   0014               ASRS     R0,R0,#+16
    246            }
    247            
    248            // LCD buffer에 1 font image를 copy
    249            mask = 0;
   \                     ??LCD_hangul_font16_load_0:
   \   00000048   0023               MOVS     R3,#+0
    250            if (Blink) if (sCurPos == curpos)  mask = 0xFFFF; 
   \   0000004A   ....               LDR      R1,??DataTable25  ;; DPcode
   \   0000004C   4E79               LDRB     R6,[R1, #+5]
   \   0000004E   002E               CMP      R6,#+0
   \   00000050   04D0               BEQ      ??LCD_hangul_font16_load_2
   \   00000052   0E26               MOVS     R6,#+14
   \   00000054   8E5F               LDRSH    R6,[R1, R6]
   \   00000056   AE42               CMP      R6,R5
   \   00000058   00D1               BNE      ??LCD_hangul_font16_load_2
   \   0000005A   DB43               MVNS     R3,R3            ;; #-1
    251            
    252            for (lp = 0; lp < 16; lp++) 
   \                     ??LCD_hangul_font16_load_2:
   \   0000005C   ....               LDR      R5,??DataTable19  ;; bLCDbuf
    253            {
    254              data = HANGUL_FONT16x16[code][lp] ^ mask;
   \                     ??LCD_hangul_font16_load_3:
   \   0000005E   6700               LSLS     R7,R4,#+1
   \   00000060   BC46               MOV      R12,R7
   \   00000062   5701               LSLS     R7,R2,#+5
   \   00000064   ....               LDR      R6,??Subroutine51_1  ;; HANGUL_FONT16x16
   \   00000066   F619               ADDS     R6,R6,R7
   \   00000068   6746               MOV      R7,R12
   \   0000006A   F65B               LDRH     R6,[R6, R7]
   \   0000006C   5E40               EORS     R6,R6,R3
   \   0000006E   3604               LSLS     R6,R6,#+16
   \   00000070   3614               ASRS     R6,R6,#+16
    255              bLCDbuf[pos] = data & 0xFF;
   \   00000072   2E54               STRB     R6,[R5, R0]
    256              bLCDbuf[pos + LCD_LINE_SIZE] = data >> 8;
   \   00000074   2F00               MOVS     R7,R5
   \   00000076   7A37               ADDS     R7,R7,#+122
   \   00000078   3612               ASRS     R6,R6,#+8
   \   0000007A   3E54               STRB     R6,[R7, R0]
    257              pos++;
   \   0000007C   401C               ADDS     R0,R0,#+1
   \   0000007E   0004               LSLS     R0,R0,#+16
   \   00000080   0014               ASRS     R0,R0,#+16
    258            }
   \   00000082   641C               ADDS     R4,R4,#+1
   \   00000084   102C               CMP      R4,#+16
   \   00000086   EADB               BLT      ??LCD_hangul_font16_load_3
    259            sLCDpos = pos;
   \   00000088                      REQUIRE ?Subroutine51
   \   00000088                      ;; // Fall through to label ?Subroutine51
    260          }
    261          

   \                                 In segment CODE, align 4, keep-with-next
    262          void LCD_hangul_font_load(unsigned short code, char curpos)
    263          {
   \                     LCD_hangul_font_load:
   \   00000000   10B5               PUSH     {R4,LR}
    264            unsigned short hcode;
    265            if (code < 0xA0) LCD_font8x16_load(code, curpos);
   \   00000002   A028               CMP      R0,#+160
   \   00000004   04D2               BCS      ??LCD_hangul_font_load_0
   \   00000006   0004               LSLS     R0,R0,#+16
   \   00000008   0014               ASRS     R0,R0,#+16
   \   0000000A   ........           BL       LCD_font8x16_load
   \   0000000E   13E0               B        ??LCD_hangul_font_load_1
    266             else if (sOldCode == 0) sOldCode = code;
   \                     ??LCD_hangul_font_load_0:
   \   00000010   ....               LDR      R2,??DataTable25  ;; DPcode
   \   00000012   138B               LDRH     R3,[R2, #+24]
   \   00000014   002B               CMP      R3,#+0
   \   00000016   01D1               BNE      ??LCD_hangul_font_load_2
   \   00000018   1083               STRH     R0,[R2, #+24]
   \   0000001A   0DE0               B        ??LCD_hangul_font_load_1
    267             else 
    268                {
    269                  hcode = (sOldCode - 0xB0) * 94 + (code - 0xA0);
   \                     ??LCD_hangul_font_load_2:
   \   0000001C   5E24               MOVS     R4,#+94
   \   0000001E   6343               MULS     R3,R4,R3
   \   00000020   1818               ADDS     R0,R3,R0
   \   00000022   064B               LDR      R3,??LCD_hangul_font_load_3  ;; 0xbec0
   \   00000024   C018               ADDS     R0,R0,R3
   \   00000026   0004               LSLS     R0,R0,#+16
   \   00000028   000C               LSRS     R0,R0,#+16
    270          	//code |= sOldCode;
    271          	//code -= 0xB0A0;
    272                  sOldCode = 0;
   \   0000002A   0023               MOVS     R3,#+0
   \   0000002C   1383               STRH     R3,[R2, #+24]
    273          	LCD_hangul_font16_load(hcode, curpos-1);
   \   0000002E   491E               SUBS     R1,R1,#+1
   \   00000030   0906               LSLS     R1,R1,#+24
   \   00000032   090E               LSRS     R1,R1,#+24
   \   00000034   ........           BL       LCD_hangul_font16_load
    274                }
    275          }
   \                     ??LCD_hangul_font_load_1:
   \   00000038   ....               B.N      ??Subroutine50_0
   \   0000003A   C046               Nop      
   \                     ??LCD_hangul_font_load_3:
   \   0000003C   C0BE0000           DC32     0xbec0
    276                   
    277          // if display buffer over, 1 line scroll

   \                                 In segment CODE, align 4, keep-with-next
    278          void display_buffer_scroll(char size)
    279          {
   \                     display_buffer_scroll:
   \   00000000   F1B5               PUSH     {R0,R4-R7,LR}
   \   00000002   0200               MOVS     R2,R0
   \   00000004   E120               MOVS     R0,#+225
   \   00000006   8000               LSLS     R0,R0,#+2        ;; #+900
   \   00000008   1100               MOVS     R1,R2
   \   0000000A   ........           _BLF     ??div32_t,??rT??div32_t
   \   0000000E   491E               SUBS     R1,R1,#+1
   \   00000010   0906               LSLS     R1,R1,#+24
   \   00000012   090E               LSRS     R1,R1,#+24
   \   00000014   0091               STR      R1,[SP, #+0]
   \   00000016   0020               MOVS     R0,#+0
   \   00000018   ....               LDR      R3,??DataTable33  ;; sDPbuf
   \   0000001A   0DE0               B        ??display_buffer_scroll_0
    280            char line, lp, lp0;
    281            short s_add, d_add;
    282            line = DPBUF_SIZE / size - 1;
    283            for (lp = 0; lp < line; lp++)
    284            {
    285              d_add = lp * size;
    286              s_add = d_add + size;
    287              for (lp0 = 0; lp0 < size; lp0++)
    288              {
    289                sDPbuf[d_add + lp0] = sDPbuf[s_add + lp0];
   \                     ??display_buffer_scroll_1:
   \   0000001C   6718               ADDS     R7,R4,R1
   \   0000001E   7F00               LSLS     R7,R7,#+1
   \   00000020   6E18               ADDS     R6,R5,R1
   \   00000022   7600               LSLS     R6,R6,#+1
   \   00000024   9E5B               LDRH     R6,[R3, R6]
   \   00000026   DE53               STRH     R6,[R3, R7]
    290              }
   \   00000028   491C               ADDS     R1,R1,#+1
   \   0000002A   0906               LSLS     R1,R1,#+24
   \   0000002C   090E               LSRS     R1,R1,#+24
   \                     ??display_buffer_scroll_2:
   \   0000002E   9142               CMP      R1,R2
   \   00000030   F4D3               BCC      ??display_buffer_scroll_1
   \   00000032   401C               ADDS     R0,R0,#+1
   \   00000034   0006               LSLS     R0,R0,#+24
   \   00000036   000E               LSRS     R0,R0,#+24
   \                     ??display_buffer_scroll_0:
   \   00000038   1100               MOVS     R1,R2
   \   0000003A   0400               MOVS     R4,R0
   \   0000003C   009D               LDR      R5,[SP, #+0]
   \   0000003E   2D06               LSLS     R5,R5,#+24
   \   00000040   2D0E               LSRS     R5,R5,#+24
   \   00000042   AC42               CMP      R4,R5
   \   00000044   07D2               BCS      ??display_buffer_scroll_3
   \   00000046   4C43               MULS     R4,R1,R4
   \   00000048   2404               LSLS     R4,R4,#+16
   \   0000004A   2414               ASRS     R4,R4,#+16
   \   0000004C   6518               ADDS     R5,R4,R1
   \   0000004E   2D04               LSLS     R5,R5,#+16
   \   00000050   2D14               ASRS     R5,R5,#+16
   \   00000052   0021               MOVS     R1,#+0
   \   00000054   EBE7               B        ??display_buffer_scroll_2
    291            }
    292            d_add = DPBUF_SIZE - size;
   \                     ??display_buffer_scroll_3:
   \   00000056   E120               MOVS     R0,#+225
   \   00000058   8000               LSLS     R0,R0,#+2        ;; #+900
   \   0000005A   401A               SUBS     R0,R0,R1
    293            for (lp = 0; lp < size; lp++) sDPbuf[d_add + lp] = 0;
   \   0000005C   0021               MOVS     R1,#+0
   \   0000005E   0025               MOVS     R5,#+0
   \   00000060   05E0               B        ??display_buffer_scroll_4
   \                     ??display_buffer_scroll_5:
   \   00000062   4418               ADDS     R4,R0,R1
   \   00000064   6400               LSLS     R4,R4,#+1
   \   00000066   1D53               STRH     R5,[R3, R4]
   \   00000068   491C               ADDS     R1,R1,#+1
   \   0000006A   0906               LSLS     R1,R1,#+24
   \   0000006C   090E               LSRS     R1,R1,#+24
   \                     ??display_buffer_scroll_4:
   \   0000006E   9142               CMP      R1,R2
   \   00000070   F7D3               BCC      ??display_buffer_scroll_5
    294          }
   \   00000072   ....               B.N      ?Subroutine52

   \                                 In segment CODE, align 4, keep-with-next
   \                     ?Subroutine52:
   \   00000000   F8BC               POP      {R3-R7}
   \   00000002   01BC               POP      {R0}
   \   00000004   0047               BX       R0               ;; return
    295          

   \                                 In segment CODE, align 4, keep-with-next
    296          unsigned char display_size(void)
    297          {
   \                     display_size:
   \   00000000   00B5               PUSH     {LR}
   \   00000002   ....               LDR      R1,??DataTable23  ;; DPcode + 1
   \   00000004   0978               LDRB     R1,[R1, #+0]
   \   00000006   0029               CMP      R1,#+0
   \   00000008   01D1               BNE      ??display_size_0
    298            unsigned char dpsize;
    299            if (FontStyle == 0) dpsize = FONT6_LINE; 
   \   0000000A   1420               MOVS     R0,#+20
   \   0000000C   04E0               B        ??display_size_1
    300             else  if (FontStyle == 1) dpsize = FONT8_LINE;
   \                     ??display_size_0:
   \   0000000E   0129               CMP      R1,#+1
   \   00000010   01D0               BEQ      ??display_size_2
    301             else  if (FontStyle == 2) dpsize = FONT16_LINE;
   \   00000012   0229               CMP      R1,#+2
   \   00000014   00D1               BNE      ??display_size_1
   \                     ??display_size_2:
   \   00000016   0F20               MOVS     R0,#+15
    302           return dpsize;
   \                     ??display_size_1:
   \   00000018   ....               B.N      ?Subroutine53
    303          }

   \                                 In segment CODE, align 4, keep-with-next
   \                     ?Subroutine53:
   \   00000000   0006               LSLS     R0,R0,#+24
   \   00000002   000E               LSRS     R0,R0,#+24
   \   00000004   02BC               POP      {R1}
   \   00000006   0847               BX       R1               ;; return
    304          

   \                                 In segment CODE, align 4, keep-with-next
    305          unsigned char display_page(void)
    306          {
   \                     display_page:
   \   00000000   00B5               PUSH     {LR}
   \   00000002   ....               LDR      R1,??DataTable23  ;; DPcode + 1
   \   00000004   0978               LDRB     R1,[R1, #+0]
   \   00000006   0029               CMP      R1,#+0
   \   00000008   01D1               BNE      ??display_page_0
    307            unsigned char page;
    308            if (FontStyle == 0) page = FONT6_PAGE; 
   \   0000000A   5020               MOVS     R0,#+80
   \   0000000C   04E0               B        ??display_page_1
    309             else  if (FontStyle == 1) page = FONT8_PAGE;
   \                     ??display_page_0:
   \   0000000E   0129               CMP      R1,#+1
   \   00000010   01D0               BEQ      ??display_page_2
    310             else  if (FontStyle == 2) page = FONT16_PAGE;
   \   00000012   0229               CMP      R1,#+2
   \   00000014   00D1               BNE      ??display_page_1
   \                     ??display_page_2:
   \   00000016   1E20               MOVS     R0,#+30
    311           return page;
   \                     ??display_page_1:
   \   00000018                      REQUIRE ?Subroutine53
   \   00000018                      ;; // Fall through to label ?Subroutine53
    312          }
    313          

   \                                 In segment CODE, align 4, keep-with-next
    314          void cursor_move_left(void)
    315          {
   \                     cursor_move_left:
   \   00000000   00B5               PUSH     {LR}
    316            char dpsize, remain;
    317            dpsize = display_size();
   \   00000002   ........           BL       display_size
   \   00000006   0100               MOVS     R1,R0
    318            remain = sCurPos % dpsize;
    319            if (remain) sCurPos--;
   \   00000008   ....               LDR      R2,??DataTable25  ;; DPcode
   \   0000000A   0E20               MOVS     R0,#+14
   \   0000000C   135E               LDRSH    R3,[R2, R0]
   \   0000000E   1800               MOVS     R0,R3
   \   00000010   ........           _BLF     ??div32_t,??rT??div32_t
   \   00000014   0006               LSLS     R0,R0,#+24
   \   00000016   01D0               BEQ      ??cursor_move_left_0
   \   00000018   5B1E               SUBS     R3,R3,#+1
   \   0000001A   D381               STRH     R3,[R2, #+14]
    320            DpUpdate = 1;
   \                     ??cursor_move_left_0:
   \   0000001C   0120               MOVS     R0,#+1
   \   0000001E   9070               STRB     R0,[R2, #+2]
    321          }
   \   00000020   01BC               POP      {R0}
   \   00000022   0047               BX       R0               ;; return
    322          

   \                                 In segment CODE, align 4, keep-with-next
    323          void cursor_move_up(void)
    324          {
   \                     cursor_move_up:
   \   00000000   00B5               PUSH     {LR}
    325            char dpsize;
    326            
    327            dpsize = display_size();
   \   00000002   ........           BL       display_size
    328            if (sCurPos < dpsize) 
   \   00000006   ....               LDR      R1,??DataTable25  ;; DPcode
   \   00000008   0E22               MOVS     R2,#+14
   \   0000000A   8A5E               LDRSH    R2,[R1, R2]
   \   0000000C   8242               CMP      R2,R0
   \   0000000E   06DA               BGE      ??cursor_move_up_0
    329            {
    330              if (sDPstart >= dpsize) sDPstart = sDPstart - dpsize;
   \   00000010   1222               MOVS     R2,#+18
   \   00000012   8A5E               LDRSH    R2,[R1, R2]
   \   00000014   8242               CMP      R2,R0
   \   00000016   04DB               BLT      ??cursor_move_up_1
   \   00000018   101A               SUBS     R0,R2,R0
   \   0000001A   4882               STRH     R0,[R1, #+18]
   \   0000001C   01E0               B        ??cursor_move_up_1
    331            }
    332            else sCurPos = sCurPos - dpsize;
   \                     ??cursor_move_up_0:
   \   0000001E   101A               SUBS     R0,R2,R0
   \   00000020   C881               STRH     R0,[R1, #+14]
    333            DpUpdate = 1;
   \                     ??cursor_move_up_1:
   \   00000022   0120               MOVS     R0,#+1
   \   00000024   8870               STRB     R0,[R1, #+2]
    334          }
   \   00000026   01BC               POP      {R0}
   \   00000028   0047               BX       R0               ;; return
    335          

   \                                 In segment CODE, align 4, keep-with-next
    336          void cursor_move_right(void)
    337          {
   \                     cursor_move_right:
   \   00000000   F0B5               PUSH     {R4-R7,LR}
    338            char dpsize, page;
    339            
    340            dpsize = display_size();
   \   00000002   ........           BL       display_size
   \   00000006   0400               MOVS     R4,R0
    341            page = display_page();
   \   00000008   ........           BL       display_page
    342            
    343            if (++sCurPos >= page) 
   \   0000000C   ....               LDR      R5,??DataTable35  ;; DPcode
   \   0000000E   0E21               MOVS     R1,#+14
   \   00000010   6A5E               LDRSH    R2,[R5, R1]
   \   00000012   521C               ADDS     R2,R2,#+1
   \   00000014   1221               MOVS     R1,#+18
   \   00000016   695E               LDRSH    R1,[R5, R1]
   \   00000018   0600               MOVS     R6,R0
   \   0000001A   1204               LSLS     R2,R2,#+16
   \   0000001C   1214               ASRS     R2,R2,#+16
   \   0000001E   B242               CMP      R2,R6
   \   00000020   0CDB               BLT      ??cursor_move_right_0
   \   00000022   0919               ADDS     R1,R1,R4
    344              {
    345                sDPstart = sDPstart + dpsize;
    346                //display buffer의 끝이라면, 모든 라인을 스크롤 업
    347                if (sDPstart >= (DPBUF_SIZE - page)) 
   \   00000024   E127               MOVS     R7,#+225
   \   00000026   BF00               LSLS     R7,R7,#+2        ;; #+900
   \   00000028   0904               LSLS     R1,R1,#+16
   \   0000002A   0914               ASRS     R1,R1,#+16
   \   0000002C   381A               SUBS     R0,R7,R0
   \   0000002E   8142               CMP      R1,R0
   \   00000030   03DB               BLT      ??cursor_move_right_1
    348                {
    349                  display_buffer_scroll(dpsize);
   \   00000032   2000               MOVS     R0,R4
   \   00000034   ........           BL       display_buffer_scroll
    350                  sDPstart = DPBUF_SIZE - page;
   \   00000038   B91B               SUBS     R1,R7,R6
    351                }
    352                sCurPos = page - dpsize;
   \                     ??cursor_move_right_1:
   \   0000003A   321B               SUBS     R2,R6,R4
   \                     ??cursor_move_right_0:
   \   0000003C   EA81               STRH     R2,[R5, #+14]
   \   0000003E   6982               STRH     R1,[R5, #+18]
    353              }
    354            DpUpdate = 1;
   \   00000040   0120               MOVS     R0,#+1
   \   00000042   A870               STRB     R0,[R5, #+2]
    355          }
   \   00000044   ....               B.N      ??Subroutine51_0
    356          
    357          // 커서를 한줄 아래로 내리기

   \                                 In segment CODE, align 4, keep-with-next
    358          void cursor_move_down(void)
    359          {
   \                     cursor_move_down:
   \   00000000   F1B5               PUSH     {R0,R4-R7,LR}
    360            char dpsize, page;
    361            
    362            dpsize = display_size();
   \   00000002   ........           BL       display_size
   \   00000006   0090               STR      R0,[SP, #+0]
    363            page = display_page();
   \   00000008   ........           BL       display_page
   \   0000000C   0400               MOVS     R4,R0
    364            
    365            sCurPos = sCurPos + dpsize;
   \   0000000E   0098               LDR      R0,[SP, #+0]
   \   00000010   0006               LSLS     R0,R0,#+24
   \   00000012   000E               LSRS     R0,R0,#+24
   \   00000014   ....               LDR      R5,??DataTable35  ;; DPcode
   \   00000016   0E21               MOVS     R1,#+14
   \   00000018   695E               LDRSH    R1,[R5, R1]
   \   0000001A   0E18               ADDS     R6,R1,R0
    366            // 페이지 바닥이면, 페이지 전체를 한줄 아래로 이동
    367            if (sCurPos >= page) 
   \   0000001C   1221               MOVS     R1,#+18
   \   0000001E   695E               LDRSH    R1,[R5, R1]
   \   00000020   3604               LSLS     R6,R6,#+16
   \   00000022   3614               ASRS     R6,R6,#+16
   \   00000024   A642               CMP      R6,R4
   \   00000026   0EDB               BLT      ??cursor_move_down_0
    368            {
    369              sCurPos = sCurPos - dpsize;
   \   00000028   361A               SUBS     R6,R6,R0
    370              sDPstart = sDPstart + dpsize;
   \   0000002A   0918               ADDS     R1,R1,R0
    371              //display buffer의 끝이라면, 모든 라인을 스크롤 업
    372              if (sDPstart >= (DPBUF_SIZE - page)) 
   \   0000002C   E127               MOVS     R7,#+225
   \   0000002E   BF00               LSLS     R7,R7,#+2        ;; #+900
   \   00000030   0904               LSLS     R1,R1,#+16
   \   00000032   0914               ASRS     R1,R1,#+16
   \   00000034   381B               SUBS     R0,R7,R4
   \   00000036   8142               CMP      R1,R0
   \   00000038   05DB               BLT      ??cursor_move_down_0
    373              {
    374                display_buffer_scroll(dpsize);
   \   0000003A   0098               LDR      R0,[SP, #+0]
   \   0000003C   0006               LSLS     R0,R0,#+24
   \   0000003E   000E               LSRS     R0,R0,#+24
   \   00000040   ........           BL       display_buffer_scroll
    375                sDPstart = DPBUF_SIZE - page;
   \   00000044   391B               SUBS     R1,R7,R4
   \                     ??cursor_move_down_0:
   \   00000046   6982               STRH     R1,[R5, #+18]
   \   00000048   EE81               STRH     R6,[R5, #+14]
    376              }
    377            }
    378            DpUpdate = 1;
   \   0000004A   0120               MOVS     R0,#+1
   \   0000004C   A870               STRB     R0,[R5, #+2]
   \   0000004E   C046               Nop      
    379          }
   \   00000050                      REQUIRE ?Subroutine52
   \   00000050                      ;; // Fall through to label ?Subroutine52
    380          

   \                                 In segment CODE, align 4, keep-with-next
    381          void cursor_move_home(void)
    382          {
    383            sCurPos = 0;
   \                     cursor_move_home:
   \   00000000   ....               LDR      R0,??DataTable35  ;; DPcode
   \   00000002   0021               MOVS     R1,#+0
   \   00000004   C181               STRH     R1,[R0, #+14]
    384            DpUpdate = 1;
   \   00000006   ....               B.N      ?Subroutine49
    385          }

   \                                 In segment CODE, align 4, keep-with-next
   \                     ?Subroutine49:
   \   00000000   0121               MOVS     R1,#+1
   \   00000002   8170               STRB     R1,[R0, #+2]
   \   00000004   7047               BX       LR               ;; return
    386          

   \                                 In segment CODE, align 4, keep-with-next
    387          void cursor_move_start(void)
    388          {
    389            sCurPos = 0;
   \                     cursor_move_start:
   \   00000000   ....               LDR      R0,??DataTable35  ;; DPcode
   \   00000002   0021               MOVS     R1,#+0
   \   00000004   C181               STRH     R1,[R0, #+14]
    390            sDPstart = 0;
   \   00000006   4182               STRH     R1,[R0, #+18]
    391            DpUpdate = 1;
   \   00000008                      REQUIRE ?Subroutine49
   \   00000008                      ;; // Fall through to label ?Subroutine49
    392          }
    393             

   \                                 In segment CODE, align 4, keep-with-next
    394          void LCD_line_feed(void)
    395          {
   \                     LCD_line_feed:
   \   00000000   00B5               PUSH     {LR}
    396            char line, dpsize;
    397            dpsize = display_size();
   \   00000002   ........           BL       display_size
   \   00000006   0200               MOVS     R2,R0
    398            line = sCurPos / dpsize;
    399            sCurPos = line * dpsize;
   \   00000008   ....               LDR      R3,??DataTable35  ;; DPcode
   \   0000000A   0E20               MOVS     R0,#+14
   \   0000000C   185E               LDRSH    R0,[R3, R0]
   \   0000000E   1100               MOVS     R1,R2
   \   00000010   ........           _BLF     ??div32_t,??rT??div32_t
   \   00000014   0906               LSLS     R1,R1,#+24
   \   00000016   090E               LSRS     R1,R1,#+24
   \   00000018   5143               MULS     R1,R2,R1
   \   0000001A   D981               STRH     R1,[R3, #+14]
    400            cursor_move_down();
   \   0000001C   ........           BL       cursor_move_down
    401            cursor_move_left();
   \   00000020   ....               B.N      ?Subroutine55
    402          }

   \                                 In segment CODE, align 4, keep-with-next
   \                     ?Subroutine55:
   \   00000000   ........           BL       cursor_move_left
   \   00000004   01BC               POP      {R0}
   \   00000006   0047               BX       R0               ;; return
    403          

   \                                 In segment CODE, align 4, keep-with-next
    404          void LCD_carrige_return(void)
    405          {
   \                     LCD_carrige_return:
   \   00000000   00B5               PUSH     {LR}
    406            char line, dpsize;
    407            dpsize = display_size();
   \   00000002   ........           BL       display_size
   \   00000006   0200               MOVS     R2,R0
    408            line = sCurPos / dpsize;
    409            sCurPos = line * dpsize;
   \   00000008   ....               LDR      R3,??DataTable35  ;; DPcode
   \   0000000A   0E20               MOVS     R0,#+14
   \   0000000C   185E               LDRSH    R0,[R3, R0]
   \   0000000E   1100               MOVS     R1,R2
   \   00000010   ........           _BLF     ??div32_t,??rT??div32_t
   \   00000014   0906               LSLS     R1,R1,#+24
   \   00000016   090E               LSRS     R1,R1,#+24
   \   00000018   5143               MULS     R1,R2,R1
   \   0000001A   D981               STRH     R1,[R3, #+14]
    410            cursor_move_left();
   \   0000001C                      REQUIRE ?Subroutine55
   \   0000001C                      ;; // Fall through to label ?Subroutine55
    411          }
    412          
    413          /****************************************************/
    414          /*  Charactor store to Test display buffer(DPbuf[]) */
    415          /* b0-11: ASCII code                                */
    416          /* b12-15: Charactor attribute                      */
    417          /* 0: 8x6 ASCII FONT                                */
    418          /* 1: 16x8 ASCII FONT                               */
    419          /****************************************************/
    420          char CodeOdd, dpsize;

   \                                 In segment CODE, align 4, keep-with-next
    421          void putchar_dp(unsigned short code)
    422          {
   \                     putchar_dp:
   \   00000000   F1B5               PUSH     {R0,R4-R7,LR}
   \   00000002   0400               MOVS     R4,R0
   \   00000004   ....               LDR      R5,??DataTable35  ;; DPcode
   \   00000006   0120               MOVS     R0,#+1
   \   00000008   A870               STRB     R0,[R5, #+2]
    423            DpUpdate = 1;
    424            if (code == '\r')  //0x0D 
   \   0000000A   0020               MOVS     R0,#+0
   \   0000000C   0D2C               CMP      R4,#+13
   \   0000000E   03D1               BNE      ??putchar_dp_0
    425            {
    426              //sOldCode = 0;
    427              CodeOdd = 0;
   \   00000010   E872               STRB     R0,[R5, #+11]
    428              LCD_carrige_return();
   \   00000012   ........           BL       LCD_carrige_return
    429            }
    430            else if (code == '\n') 
    431            {
    432              //sOldCode = 0;
    433              CodeOdd = 0;
    434              LCD_line_feed();
    435            }
    436            else if (code < 0x20)		// control code 는 표시하지 않음
    437            {
    438              //sOldCode = 0;
    439              CodeOdd = 0;
    440            }
    441            else if (code == ' ')	// 스페이스 처리		 
    442            {
    443              // DumpDisplay 이면 첫 스페이스를 무시
    444              //sOldCode = 0;
    445              CodeOdd = 0;
    446              dpsize = display_size();
    447              if ((!DumpDisplay)|(code != 0x20)|((sCurPos % dpsize)!= 0)) 
    448                cursor_move_right();
    449            }   
    450            else if ((code < 0xA0)|(FontStyle != 2))
    451            { 
    452              //sOldCode = 0;
    453              CodeOdd = 0;
    454              sDPbuf[sDPstart + sCurPos] = code;
    455              cursor_move_right();
    456            }
    457            // 한글모드이고 code가 한글 영역인 경우
    458            else if ((FontStyle == 2)&(code >= 0xA0))
    459            {
    460              if (CodeOdd == 0) 
    461              {
    462                // 한글전각/영문반각 표시모드일때 
    463                // 라인의 남은 칸이 반각 한칸뿐이면  스페이스를 삽입
    464                if ((sCurPos % 15) == 14) 
    465                {
    466          	sDPbuf[sDPstart + sCurPos] = 0x20;
    467          	cursor_move_right();
    468                }
    469                CodeOdd = 1;
    470                sDPbuf[sDPstart + sCurPos] = code;
    471                cursor_move_right();
    472              }
    473              else 
    474              {
    475                CodeOdd = 0;
    476                sDPbuf[sDPstart + sCurPos] = code;
    477                //HanBuf[HanIndex++] = code;
    478                cursor_move_right();
    479              }
    480            }
    481          }
   \                     ??putchar_dp_1:
   \   00000016   ....               B.N      ?Subroutine52
   \                     ??putchar_dp_0:
   \   00000018   0A2C               CMP      R4,#+10
   \   0000001A   03D1               BNE      ??putchar_dp_2
   \   0000001C   E872               STRB     R0,[R5, #+11]
   \   0000001E   ........           BL       LCD_line_feed
   \   00000022   F8E7               B        ??putchar_dp_1
   \                     ??putchar_dp_2:
   \   00000024   202C               CMP      R4,#+32
   \   00000026   01D2               BCS      ??putchar_dp_3
   \   00000028   E872               STRB     R0,[R5, #+11]
   \   0000002A   F4E7               B        ??putchar_dp_1
   \                     ??putchar_dp_3:
   \   0000002C   0E21               MOVS     R1,#+14
   \   0000002E   6E5E               LDRSH    R6,[R5, R1]
   \   00000030   202C               CMP      R4,#+32
   \   00000032   13D1               BNE      ??putchar_dp_4
   \   00000034   6946               MOV      R1,SP
   \   00000036   0870               STRB     R0,[R1, #+0]
   \   00000038   ........           BL       display_size
   \   0000003C   2873               STRB     R0,[R5, #+12]
   \   0000003E   A879               LDRB     R0,[R5, #+6]
   \   00000040   0028               CMP      R0,#+0
   \   00000042   05D0               BEQ      ??putchar_dp_5
   \   00000044   3000               MOVS     R0,R6
   \   00000046   297B               LDRB     R1,[R5, #+12]
   \   00000048   ........           _BLF     ??div32_t,??rT??div32_t
   \   0000004C   0028               CMP      R0,#+0
   \   0000004E   E2D0               BEQ      ??putchar_dp_1
   \                     ??putchar_dp_5:
   \   00000050   6846               MOV      R0,SP
   \   00000052   0078               LDRB     R0,[R0, #+0]
   \   00000054   E872               STRB     R0,[R5, #+11]
   \   00000056   ........           BL       cursor_move_right
   \   0000005A   DCE7               B        ??putchar_dp_1
   \                     ??putchar_dp_4:
   \   0000005C   ....               LDR      R7,??DataTable33  ;; sDPbuf
   \   0000005E   1221               MOVS     R1,#+18
   \   00000060   695E               LDRSH    R1,[R5, R1]
   \   00000062   8919               ADDS     R1,R1,R6
   \   00000064   4900               LSLS     R1,R1,#+1
   \   00000066   7A18               ADDS     R2,R7,R1
   \   00000068   A02C               CMP      R4,#+160
   \   0000006A   02D3               BCC      ??putchar_dp_6
   \   0000006C   6978               LDRB     R1,[R5, #+1]
   \   0000006E   0229               CMP      R1,#+2
   \   00000070   03D0               BEQ      ??putchar_dp_7
   \                     ??putchar_dp_6:
   \   00000072   6946               MOV      R1,SP
   \   00000074   0870               STRB     R0,[R1, #+0]
   \   00000076   1480               STRH     R4,[R2, #+0]
   \   00000078   EAE7               B        ??putchar_dp_5
   \                     ??putchar_dp_7:
   \   0000007A   E97A               LDRB     R1,[R5, #+11]
   \   0000007C   0029               CMP      R1,#+0
   \   0000007E   F8D1               BNE      ??putchar_dp_6
   \   00000080   3000               MOVS     R0,R6
   \   00000082   0F21               MOVS     R1,#+15
   \   00000084   ........           _BLF     ??div32_t,??rT??div32_t
   \   00000088   0E28               CMP      R0,#+14
   \   0000008A   03D1               BNE      ??putchar_dp_8
   \   0000008C   2020               MOVS     R0,#+32
   \   0000008E   1080               STRH     R0,[R2, #+0]
   \   00000090   ........           BL       cursor_move_right
   \                     ??putchar_dp_8:
   \   00000094   6846               MOV      R0,SP
   \   00000096   0121               MOVS     R1,#+1
   \   00000098   0170               STRB     R1,[R0, #+0]
   \   0000009A   1220               MOVS     R0,#+18
   \   0000009C   285E               LDRSH    R0,[R5, R0]
   \   0000009E   0E21               MOVS     R1,#+14
   \   000000A0   695E               LDRSH    R1,[R5, R1]
   \   000000A2   4018               ADDS     R0,R0,R1
   \   000000A4   4000               LSLS     R0,R0,#+1
   \   000000A6   3C52               STRH     R4,[R7, R0]
   \   000000A8   D2E7               B        ??putchar_dp_5
    482          

   \                                 In segment CODE, align 4, keep-with-next
    483          void print_str(const unsigned char* ptr)
    484          {
   \                     print_str:
   \   00000000   10B5               PUSH     {R4,LR}
   \   00000002   0400               MOVS     R4,R0
    485            do 
    486            {
    487              if (*ptr == '\r') 
   \                     ??print_str_0:
   \   00000004   2078               LDRB     R0,[R4, #+0]
   \   00000006   0D28               CMP      R0,#+13
   \   00000008   02D1               BNE      ??print_str_1
    488              {
    489                LCD_carrige_return();
   \   0000000A   ........           BL       LCD_carrige_return
   \   0000000E   08E0               B        ??print_str_2
    490                //if (DebugDP) putchar2(0x0D);
    491              }
    492              else if (*ptr == '\n') 
   \                     ??print_str_1:
   \   00000010   0A28               CMP      R0,#+10
   \   00000012   02D1               BNE      ??print_str_3
    493              {
    494                LCD_line_feed();
   \   00000014   ........           BL       LCD_line_feed
   \   00000018   03E0               B        ??print_str_2
    495                //if (DebugDP) putchar2(0x0A);
    496              }
    497              else if (*ptr >= ' ') putchar_dp(*ptr);  
   \                     ??print_str_3:
   \   0000001A   2028               CMP      R0,#+32
   \   0000001C   01D3               BCC      ??print_str_2
   \   0000001E   ........           BL       putchar_dp
    498            }
    499              while(*ptr++ != ASC_ETX); 
   \                     ??print_str_2:
   \   00000022   2000               MOVS     R0,R4
   \   00000024   641C               ADDS     R4,R4,#+1
   \   00000026   0078               LDRB     R0,[R0, #+0]
   \   00000028   0328               CMP      R0,#+3
   \   0000002A   EBD1               BNE      ??print_str_0
    500           // printf("hello\n");            
    501          }
   \   0000002C   ....               B.N      ??Subroutine50_0
    502          
    503          // bLCDbuf[] clear

   \                                 In segment CODE, align 4, keep-with-next
    504          void LCDbuf_clear(void)
    505          {
   \                     LCDbuf_clear:
   \   00000000   00B5               PUSH     {LR}
    506            short lp;
    507            for (lp = 0; lp < LCD_BUF_SIZE; lp++) bLCDbuf[lp] = 0;
   \   00000002   0020               MOVS     R0,#+0
   \   00000004   0021               MOVS     R1,#+0
   \   00000006   0300               MOVS     R3,R0
   \                     ??LCDbuf_clear_0:
   \   00000008   ....               LDR      R2,??DataTable41  ;; bLCDbuf
   \   0000000A   5054               STRB     R0,[R2, R1]
   \   0000000C   491C               ADDS     R1,R1,#+1
   \   0000000E   0904               LSLS     R1,R1,#+16
   \   00000010   0914               ASRS     R1,R1,#+16
   \   00000012   F422               MOVS     R2,#+244
   \   00000014   5200               LSLS     R2,R2,#+1        ;; #+488
   \   00000016   9142               CMP      R1,R2
   \   00000018   F6DB               BLT      ??LCDbuf_clear_0
    508            sLCDpos = 0;
   \   0000001A   ....               LDR      R1,??DataTable35  ;; DPcode
   \   0000001C   0882               STRH     R0,[R1, #+16]
    509            sCurPos = 0;
   \   0000001E   C881               STRH     R0,[R1, #+14]
    510          }
   \   00000020   01BC               POP      {R0}
   \   00000022   0047               BX       R0               ;; return
    511          
    512          // bLCDbuf[] & bDPbuf[] clear

   \                                 In segment CODE, align 4, keep-with-next
    513          void DPbuf_clear(void)
    514          {
   \                     DPbuf_clear:
   \   00000000   10B5               PUSH     {R4,LR}
    515            short lp;
    516            for (lp = 0; lp < DPBUF_SIZE; lp++) sDPbuf[lp] = 0;
   \   00000002   0021               MOVS     R1,#+0
   \   00000004   ....               LDR      R3,??DataTable36  ;; sDPbuf
   \   00000006   0024               MOVS     R4,#+0
   \                     ??DPbuf_clear_0:
   \   00000008   4A00               LSLS     R2,R1,#+1
   \   0000000A   9C52               STRH     R4,[R3, R2]
   \   0000000C   491C               ADDS     R1,R1,#+1
   \   0000000E   0904               LSLS     R1,R1,#+16
   \   00000010   0914               ASRS     R1,R1,#+16
   \   00000012   E122               MOVS     R2,#+225
   \   00000014   9200               LSLS     R2,R2,#+2        ;; #+900
   \   00000016   9142               CMP      R1,R2
   \   00000018   F6DB               BLT      ??DPbuf_clear_0
    517            LCDbuf_clear();
   \   0000001A   ........           BL       LCDbuf_clear
    518            cursor_move_start();
   \   0000001E   ........           BL       cursor_move_start
    519          }
   \   00000022   ....               B.N      ??Subroutine50_0
    520          
    521          // Test code
    522          // 

   \                                 In segment CODE, align 4, keep-with-next
    523          void LCDbuf_test(void)
    524          {
   \                     LCDbuf_test:
   \   00000000   00B5               PUSH     {LR}
    525            short lp;
    526            for (lp = 0; lp < LCD_BUF_SIZE; lp++) bLCDbuf[lp] = lp & 0xFF;
   \   00000002   0020               MOVS     R0,#+0
   \                     ??LCDbuf_test_0:
   \   00000004   ....               LDR      R1,??DataTable41  ;; bLCDbuf
   \   00000006   0854               STRB     R0,[R1, R0]
   \   00000008   401C               ADDS     R0,R0,#+1
   \   0000000A   0004               LSLS     R0,R0,#+16
   \   0000000C   0014               ASRS     R0,R0,#+16
   \   0000000E   F421               MOVS     R1,#+244
   \   00000010   4900               LSLS     R1,R1,#+1        ;; #+488
   \   00000012   8842               CMP      R0,R1
   \   00000014   F6DB               BLT      ??LCDbuf_test_0
    527          }
   \   00000016   01BC               POP      {R0}
   \   00000018   0047               BX       R0               ;; return
    528          
    529          // LCD module를 data로 채우기
    530          // Test code

   \                                 In segment CODE, align 4, keep-with-next
    531          void LCD_fill(BYTE data)
    532          {
   \                     LCD_fill:
   \   00000000   70B5               PUSH     {R4-R6,LR}
   \   00000002   0400               MOVS     R4,R0
    533            char page, lp;
    534            for (page = 0; page < 4; page++)
   \   00000004   0025               MOVS     R5,#+0
    535             {
    536               LCD_cmd_write1(LCD_PAGE_ADD+page);
   \                     ??LCD_fill_0:
   \   00000006   2E00               MOVS     R6,R5
   \   00000008   B836               ADDS     R6,R6,#+184
   \   0000000A   3004               LSLS     R0,R6,#+16
   \   0000000C   000C               LSRS     R0,R0,#+16
   \   0000000E   ........           BL       LCD_cmd_write1
    537               LCD_cmd_write1(0);
   \   00000012   0020               MOVS     R0,#+0
   \   00000014   ........           BL       LCD_cmd_write1
    538               LCD_cmd_write2(LCD_PAGE_ADD+page);
   \   00000018   3004               LSLS     R0,R6,#+16
   \   0000001A   000C               LSRS     R0,R0,#+16
   \   0000001C   ........           BL       LCD_cmd_write2
    539               LCD_cmd_write2(0);
   \   00000020   0020               MOVS     R0,#+0
   \   00000022   ........           BL       LCD_cmd_write2
    540               for (lp = 0; lp < 61; lp++)
   \   00000026   3D26               MOVS     R6,#+61
    541                {
    542                  LCD_data_write1(data);
   \                     ??LCD_fill_1:
   \   00000028   2006               LSLS     R0,R4,#+24
   \   0000002A   000E               LSRS     R0,R0,#+24
   \   0000002C   ........           BL       LCD_data_write1
    543                  LCD_data_write2(data);
   \   00000030   2006               LSLS     R0,R4,#+24
   \   00000032   000E               LSRS     R0,R0,#+24
   \   00000034   ........           BL       LCD_data_write2
    544                }
   \   00000038   761E               SUBS     R6,R6,#+1
   \   0000003A   F5D1               BNE      ??LCD_fill_1
    545             }
   \   0000003C   6D1C               ADDS     R5,R5,#+1
   \   0000003E   2D06               LSLS     R5,R5,#+24
   \   00000040   2D0E               LSRS     R5,R5,#+24
   \   00000042   042D               CMP      R5,#+4
   \   00000044   DFD3               BCC      ??LCD_fill_0
    546          }
   \   00000046   70BC               POP      {R4-R6}
   \   00000048   01BC               POP      {R0}
   \   0000004A   0047               BX       R0               ;; return
    547              
    548          // LCD module ON/OFF

   \                                 In segment CODE, align 4, keep-with-next
    549          void LCD_onoff(BYTE onoff)
    550          {
   \                     LCD_onoff:
   \   00000000   10B5               PUSH     {R4,LR}
    551            if (onoff == ON) onoff = LCD_ON; else onoff = LCD_OFF;
   \   00000002   0128               CMP      R0,#+1
   \   00000004   01D1               BNE      ??LCD_onoff_0
   \   00000006   AF24               MOVS     R4,#+175
   \   00000008   00E0               B        ??LCD_onoff_1
   \                     ??LCD_onoff_0:
   \   0000000A   AE24               MOVS     R4,#+174
    552            LCD_cmd_write1(onoff);
   \                     ??LCD_onoff_1:
   \   0000000C   2000               MOVS     R0,R4
   \   0000000E   ........           BL       LCD_cmd_write1
    553            LCD_cmd_write2(onoff);
   \   00000012   2000               MOVS     R0,R4
   \   00000014   ........           BL       LCD_cmd_write2
    554          }
   \   00000018   ....               B.N      ??Subroutine50_0
    555          
    556          // LCD module GM123210 초기화

   \                                 In segment CODE, align 4, keep-with-next
    557          void LCD_init(void)
    558          {
   \                     LCD_init:
   \   00000000   00B5               PUSH     {LR}
    559            pio_clear(PIOB, LCD_RW|LCD_CS2|LCD_LP1|LCD_LP2);
   \   00000002   ....               LDR      R0,??DataTable38  ;; 0xfffff634
   \   00000004   F021               MOVS     R1,#+240
   \   00000006   8903               LSLS     R1,R1,#+14       ;; #+3932160
   \   00000008   0160               STR      R1,[R0, #+0]
    560            LCD_onoff(OFF);
   \   0000000A   0020               MOVS     R0,#+0
   \   0000000C   ........           BL       LCD_onoff
    561            //LCD_fill(0);
    562            delay_us(1000);
   \   00000010   FA20               MOVS     R0,#+250
   \   00000012   8000               LSLS     R0,R0,#+2        ;; #+1000
   \   00000014   ........           _BLF     delay_us,??delay_us??rT
    563            LCD_onoff(ON);
   \   00000018   0120               MOVS     R0,#+1
   \   0000001A   ........           BL       LCD_onoff
    564            //LCDbuf_clear();
    565            display_mode(0);
   \   0000001E   0020               MOVS     R0,#+0
   \   00000020   ........           BL       display_mode
    566            DPbuf_clear();
   \   00000024   ........           BL       DPbuf_clear
    567            print_str(PowerOnMsg);
   \   00000028   0248               LDR      R0,??LCD_init_0  ;; PowerOnMsg
   \   0000002A   ........           BL       print_str
    568          }  
   \   0000002E   01BC               POP      {R0}
   \   00000030   0047               BX       R0               ;; return
   \   00000032   C046               Nop      
   \                     ??LCD_init_0:
   \   00000034   ........           DC32     PowerOnMsg
    569          

   \                                 In segment CODE, align 4, keep-with-next
    570          void display_mode(char mode)
    571          {
   \                     display_mode:
   \   00000000   10B5               PUSH     {R4,LR}
   \   00000002   0400               MOVS     R4,R0
    572            DPbuf_clear(); 
   \   00000004   ........           BL       DPbuf_clear
    573            FontStyle = mode; 
   \   00000008   ....               LDR      R0,??DataTable45  ;; DPcode
   \   0000000A   4470               STRB     R4,[R0, #+1]
    574            sOldCode = 0;
   \   0000000C   0021               MOVS     R1,#+0
   \   0000000E   0183               STRH     R1,[R0, #+24]
    575            CodeOdd = 0;
   \   00000010   C172               STRB     R1,[R0, #+11]
    576          }
   \   00000012   ....               B.N      ??Subroutine50_0
    577             

   \                                 In segment CODE, align 4, keep-with-next
    578          void print_byte2ascii(unsigned char code)
    579          {
   \                     print_byte2ascii:
   \   00000000   10B5               PUSH     {R4,LR}
   \   00000002   0400               MOVS     R4,R0
    580            putchar_dp(high2ascii(code));
   \   00000004   ........           _BLF     high2ascii,??high2ascii??rT
   \   00000008   ........           BL       putchar_dp
    581            putchar_dp(low2ascii(code));
   \   0000000C   2000               MOVS     R0,R4
   \   0000000E   ........           _BLF     low2ascii,??low2ascii??rT
   \   00000012   ........           BL       putchar_dp
    582            putchar_dp(' ');
   \   00000016   ....               B.N      ?Subroutine50
    583          }
    584          

   \                                 In segment CODE, align 4, keep-with-next
    585          void print_short2ascii(short code)
    586          {
   \                     print_short2ascii:
   \   00000000   30B5               PUSH     {R4,R5,LR}
   \   00000002   0400               MOVS     R4,R0
    587            putchar_dp(high2ascii(code>>8));
   \   00000004   0512               ASRS     R5,R0,#+8
   \   00000006   2806               LSLS     R0,R5,#+24
   \   00000008   000E               LSRS     R0,R0,#+24
   \   0000000A   ........           _BLF     high2ascii,??high2ascii??rT
   \   0000000E   ........           BL       putchar_dp
    588            putchar_dp(low2ascii(code>>8));
   \   00000012   2806               LSLS     R0,R5,#+24
   \   00000014   000E               LSRS     R0,R0,#+24
   \   00000016   ........           _BLF     low2ascii,??low2ascii??rT
   \   0000001A   ........           BL       putchar_dp
    589            putchar_dp(high2ascii(code));
   \   0000001E   2006               LSLS     R0,R4,#+24
   \   00000020   000E               LSRS     R0,R0,#+24
   \   00000022   ........           _BLF     high2ascii,??high2ascii??rT
   \   00000026   ........           BL       putchar_dp
    590            putchar_dp(low2ascii(code));
   \   0000002A   2006               LSLS     R0,R4,#+24
   \   0000002C   000E               LSRS     R0,R0,#+24
   \   0000002E   ........           _BLF     low2ascii,??low2ascii??rT
   \   00000032   ........           BL       putchar_dp
    591            putchar_dp(' ');
   \   00000036   2020               MOVS     R0,#+32
   \   00000038   ........           BL       putchar_dp
    592          }
   \   0000003C                      REQUIRE ?Subroutine46
   \   0000003C                      ;; // Fall through to label ?Subroutine46
    593          

   \                                 In segment CODE, align 4, keep-with-next
    594          void print_int2ascii(unsigned int code)
    595          {
   \                     print_int2ascii:
   \   00000000   10B5               PUSH     {R4,LR}
   \   00000002   0400               MOVS     R4,R0
    596            print_short2ascii(code>>8);
   \   00000004   0002               LSLS     R0,R0,#+8
   \   00000006   0014               ASRS     R0,R0,#+16
   \   00000008   ........           BL       print_short2ascii
    597            print_short2ascii(code);
   \   0000000C   2004               LSLS     R0,R4,#+16
   \   0000000E   0014               ASRS     R0,R0,#+16
   \   00000010   ........           BL       print_short2ascii
    598            putchar_dp(' ');
   \   00000014                      REQUIRE ?Subroutine50
   \   00000014                      ;; // Fall through to label ?Subroutine50
    599          }
    600          

   \                                 In segment CODE, align 4, keep-with-next
    601          void print_int2bcdascii(int hex)
    602          {
   \                     print_int2bcdascii:
   \   00000000   F0B5               PUSH     {R4-R7,LR}
   \   00000002   0200               MOVS     R2,R0
    603            int d5, d4, d3, d2, d1, d0;
    604            d5 = hex / 100000;
    605            hex = hex - (d5 * 100000);
   \   00000004   224B               LDR      R3,??print_int2bcdascii_0  ;; 0x186a0
   \   00000006   1900               MOVS     R1,R3
   \   00000008   ........           _BLF     ??div32_t,??rT??div32_t
   \   0000000C   5943               MULS     R1,R3,R1
   \   0000000E   531A               SUBS     R3,R2,R1
    606            d4 = hex / 10000;
   \   00000010   204C               LDR      R4,??print_int2bcdascii_0+0x4  ;; 0x2710
   \   00000012   1800               MOVS     R0,R3
   \   00000014   2100               MOVS     R1,R4
   \   00000016   ........           _BLF     ??div32_t,??rT??div32_t
   \   0000001A   0A00               MOVS     R2,R1
    607            hex = hex - (d4 * 10000);
   \   0000001C   5443               MULS     R4,R2,R4
   \   0000001E   1B1B               SUBS     R3,R3,R4
    608            d3 = hex / 1000;
   \   00000020   FA25               MOVS     R5,#+250
   \   00000022   AD00               LSLS     R5,R5,#+2        ;; #+1000
   \   00000024   1800               MOVS     R0,R3
   \   00000026   2900               MOVS     R1,R5
   \   00000028   ........           _BLF     ??div32_t,??rT??div32_t
   \   0000002C   0C00               MOVS     R4,R1
    609            hex = hex - (d3 * 1000);
   \   0000002E   6543               MULS     R5,R4,R5
   \   00000030   5B1B               SUBS     R3,R3,R5
    610            d2 = hex / 100;
   \   00000032   1800               MOVS     R0,R3
   \   00000034   6421               MOVS     R1,#+100
   \   00000036   ........           _BLF     ??div32_t,??rT??div32_t
   \   0000003A   0D00               MOVS     R5,R1
    611            hex = hex - (d2 * 100);
   \   0000003C   6420               MOVS     R0,#+100
   \   0000003E   6843               MULS     R0,R5,R0
   \   00000040   1E1A               SUBS     R6,R3,R0
    612            d1 = hex / 10;
   \   00000042   3000               MOVS     R0,R6
   \   00000044   0A21               MOVS     R1,#+10
   \   00000046   ........           _BLF     ??div32_t,??rT??div32_t
   \   0000004A   0F00               MOVS     R7,R1
   \   0000004C   3020               MOVS     R0,#+48
   \   0000004E   1043               ORRS     R0,R0,R2
   \   00000050   0004               LSLS     R0,R0,#+16
   \   00000052   000C               LSRS     R0,R0,#+16
    613            hex = hex - (d1 * 10);
    614            d0 = hex;
    615            putchar_dp(d4|0x30);
   \   00000054   ........           BL       putchar_dp
    616            putchar_dp(d3|0x30);
   \   00000058   3020               MOVS     R0,#+48
   \   0000005A   2043               ORRS     R0,R0,R4
   \   0000005C   0004               LSLS     R0,R0,#+16
   \   0000005E   000C               LSRS     R0,R0,#+16
   \   00000060   ........           BL       putchar_dp
    617            putchar_dp(d2|0x30);
   \   00000064   3020               MOVS     R0,#+48
   \   00000066   2843               ORRS     R0,R0,R5
   \   00000068   0004               LSLS     R0,R0,#+16
   \   0000006A   000C               LSRS     R0,R0,#+16
   \   0000006C   ........           BL       putchar_dp
    618            putchar_dp(d1|0x30);
   \   00000070   3020               MOVS     R0,#+48
   \   00000072   3843               ORRS     R0,R0,R7
   \   00000074   0004               LSLS     R0,R0,#+16
   \   00000076   000C               LSRS     R0,R0,#+16
   \   00000078   ........           BL       putchar_dp
    619            putchar_dp(d0|0x30);
   \   0000007C   0A20               MOVS     R0,#+10
   \   0000007E   4743               MULS     R7,R0,R7
   \   00000080   F11B               SUBS     R1,R6,R7
   \   00000082   3020               MOVS     R0,#+48
   \   00000084   0843               ORRS     R0,R0,R1
   \   00000086   0004               LSLS     R0,R0,#+16
   \   00000088   000C               LSRS     R0,R0,#+16
   \   0000008A   ........           BL       putchar_dp
    620          }
   \   0000008E   ....               B.N      ??Subroutine51_0
   \                     ??print_int2bcdascii_0:
   \   00000090   A0860100           DC32     0x186a0
   \   00000094   10270000           DC32     0x2710
    621          

   \                                 In segment CODE, align 4, keep-with-next
    622          void control_code_display(void)
    623          {
   \                     control_code_display:
   \   00000000   00B5               PUSH     {LR}
    624               print_byte2ascii('\a');
   \   00000002   0720               MOVS     R0,#+7
   \   00000004   ........           BL       print_byte2ascii
    625               print_byte2ascii('\b');
   \   00000008   0820               MOVS     R0,#+8
   \   0000000A   ........           BL       print_byte2ascii
    626               print_byte2ascii('\f');
   \   0000000E   0C20               MOVS     R0,#+12
   \   00000010   ........           BL       print_byte2ascii
    627               print_byte2ascii('\n');
   \   00000014   0A20               MOVS     R0,#+10
   \   00000016   ........           BL       print_byte2ascii
    628               print_byte2ascii('\r');
   \   0000001A   0D20               MOVS     R0,#+13
   \   0000001C   ........           BL       print_byte2ascii
    629               print_byte2ascii('\t');
   \   00000020   0920               MOVS     R0,#+9
   \   00000022   ........           BL       print_byte2ascii
    630               print_byte2ascii('\v');
   \   00000026   0B20               MOVS     R0,#+11
   \   00000028   ........           BL       print_byte2ascii
    631               print_byte2ascii('\0');    
   \   0000002C   0020               MOVS     R0,#+0
   \   0000002E   ........           BL       print_byte2ascii
    632               print_byte2ascii('\1');
   \   00000032   0120               MOVS     R0,#+1
   \   00000034   ........           BL       print_byte2ascii
    633               print_byte2ascii('\2');
   \   00000038   0220               MOVS     R0,#+2
   \   0000003A   ........           BL       print_byte2ascii
    634               print_byte2ascii('\3');
   \   0000003E   0320               MOVS     R0,#+3
   \   00000040   ........           BL       print_byte2ascii
    635               print_byte2ascii('\4');
   \   00000044   0420               MOVS     R0,#+4
   \   00000046   ........           BL       print_byte2ascii
    636               print_byte2ascii('\5');
   \   0000004A   0520               MOVS     R0,#+5
   \   0000004C   ........           BL       print_byte2ascii
    637               print_byte2ascii('\6');
   \   00000050   0620               MOVS     R0,#+6
   \   00000052   ........           BL       print_byte2ascii
    638               print_byte2ascii('\7');   
   \   00000056   0720               MOVS     R0,#+7
   \   00000058   ........           BL       print_byte2ascii
    639          }
   \   0000005C   01BC               POP      {R0}
   \   0000005E   0047               BX       R0               ;; return
    640          
    641          /*****************************************/
    642          /* code에 해당하는 이미지를 LCD에 표시   */ 
    643          /* fonr 0: 8x6 ASCII FONT                */ 
    644          /* font 1: 16x8 ASCII FONT               */ 
    645          /*****************************************/
    646          //unsigned short testcode;

   \                                 In segment CODE, align 4, keep-with-next
    647          void putchar_lcd(unsigned short code, char curpos)
    648          {
   \                     putchar_lcd:
   \   00000000   00B5               PUSH     {LR}
   \   00000002   ....               LDR      R2,??DataTable40  ;; DPcode + 1
   \   00000004   1278               LDRB     R2,[R2, #+0]
   \   00000006   002A               CMP      R2,#+0
   \   00000008   04D1               BNE      ??putchar_lcd_0
    649            if (FontStyle == 0) LCD_font6x7_load(code, curpos);
   \   0000000A   0004               LSLS     R0,R0,#+16
   \   0000000C   0014               ASRS     R0,R0,#+16
   \   0000000E   ........           BL       LCD_font6x7_load
   \   00000012   0AE0               B        ??putchar_lcd_1
    650             else if (FontStyle== 1) LCD_font8x16_load(code, curpos);
   \                     ??putchar_lcd_0:
   \   00000014   012A               CMP      R2,#+1
   \   00000016   04D1               BNE      ??putchar_lcd_2
   \   00000018   0004               LSLS     R0,R0,#+16
   \   0000001A   0014               ASRS     R0,R0,#+16
   \   0000001C   ........           BL       LCD_font8x16_load
   \   00000020   03E0               B        ??putchar_lcd_1
    651             else if (FontStyle== 2) LCD_hangul_font_load(code, curpos);
   \                     ??putchar_lcd_2:
   \   00000022   022A               CMP      R2,#+2
   \   00000024   01D1               BNE      ??putchar_lcd_1
   \   00000026   ........           BL       LCD_hangul_font_load
    652          }
   \                     ??putchar_lcd_1:
   \   0000002A   01BC               POP      {R0}
   \   0000002C   0047               BX       R0               ;; return
    653          
    654          // bDPbuf[]중 1line의 graphic image를 bLCDbuf에 로드

   \                                 In segment CODE, align 4, keep-with-next
    655          void LCD_image_load(char line, char image)
    656          {
   \                     LCD_image_load:
   \   00000000   10B5               PUSH     {R4,LR}
    657            short add, start, end;
    658            unsigned const char* ptr = 0;
    659            line &= 0x03;
    660            start = line * LCD_LINE_SIZE;
   \   00000002   8007               LSLS     R0,R0,#+30
   \   00000004   800F               LSRS     R0,R0,#+30
   \   00000006   7A22               MOVS     R2,#+122
   \   00000008   5043               MULS     R0,R2,R0
    661            end = start + LCD_LINE_SIZE;
   \   0000000A   0200               MOVS     R2,R0
   \   0000000C   7A32               ADDS     R2,R2,#+122
    662          
    663            ptr = pImagePtr[image];
    664            ptr = ptr + start;
   \   0000000E   8900               LSLS     R1,R1,#+2
   \   00000010   064B               LDR      R3,??LCD_image_load_0  ;; pImagePtr
   \   00000012   5958               LDR      R1,[R3, R1]
   \   00000014   0918               ADDS     R1,R1,R0
    665            for (add = start; add < end; add++) bLCDbuf[add] = *ptr++;
   \   00000016   ....               LDR      R3,??DataTable41  ;; bLCDbuf
   \   00000018   05E0               B        ??LCD_image_load_1
   \                     ??LCD_image_load_2:
   \   0000001A   0C78               LDRB     R4,[R1, #+0]
   \   0000001C   1C54               STRB     R4,[R3, R0]
   \   0000001E   491C               ADDS     R1,R1,#+1
   \   00000020   401C               ADDS     R0,R0,#+1
   \   00000022   0004               LSLS     R0,R0,#+16
   \   00000024   0014               ASRS     R0,R0,#+16
   \                     ??LCD_image_load_1:
   \   00000026   9042               CMP      R0,R2
   \   00000028   F7DB               BLT      ??LCD_image_load_2
    666          }
   \   0000002A   ....               B.N      ??Subroutine50_0
   \                     ??LCD_image_load_0:
   \   0000002C   ........           DC32     pImagePtr
    667          
    668          // bDPbuf[]중 1line의 font image를 bLCDbuf에 로드

   \                                 In segment CODE, align 4, keep-with-next
    669          void LCD_line_load(char line, char font)
    670          {
   \                     LCD_line_load:
   \   00000000   30B5               PUSH     {R4,R5,LR}
    671            short dpsize, add, start, end;
    672            unsigned short code;
    673            //  if font = 0 , 4 line load, else 2 line
    674            if (font != 0) line &= 1; else line &= 3;
   \   00000002   0029               CMP      R1,#+0
   \   00000004   02D0               BEQ      ??LCD_line_load_0
   \   00000006   0125               MOVS     R5,#+1
   \   00000008   0540               ANDS     R5,R5,R0
   \   0000000A   01E0               B        ??LCD_line_load_1
   \                     ??LCD_line_load_0:
   \   0000000C   8507               LSLS     R5,R0,#+30
   \   0000000E   AD0F               LSRS     R5,R5,#+30
    675            dpsize = display_size();
   \                     ??LCD_line_load_1:
   \   00000010   ........           BL       display_size
    676           
    677            start = dpsize * line;
   \   00000014   0400               MOVS     R4,R0
   \   00000016   6C43               MULS     R4,R5,R4
   \   00000018   2404               LSLS     R4,R4,#+16
   \   0000001A   2414               ASRS     R4,R4,#+16
    678            end = start + dpsize;
   \   0000001C   2518               ADDS     R5,R4,R0
   \   0000001E   2D04               LSLS     R5,R5,#+16
   \   00000020   2D14               ASRS     R5,R5,#+16
    679            
    680            for (add = start; add < end; add++)
   \   00000022   0DE0               B        ??LCD_line_load_2
    681            { 
    682              code = sDPbuf[sDPstart + add];
    683              //font = code >> 12;
    684              //code &= 0xFF;
    685              putchar_lcd(code, add);
   \                     ??LCD_line_load_3:
   \   00000024   2106               LSLS     R1,R4,#+24
   \   00000026   090E               LSRS     R1,R1,#+24
   \   00000028   1220               MOVS     R0,#+18
   \   0000002A   ....               LDR      R2,??DataTable45  ;; DPcode
   \   0000002C   105E               LDRSH    R0,[R2, R0]
   \   0000002E   0019               ADDS     R0,R0,R4
   \   00000030   4000               LSLS     R0,R0,#+1
   \   00000032   ....               LDR      R2,??DataTable43  ;; sDPbuf
   \   00000034   105A               LDRH     R0,[R2, R0]
   \   00000036   ........           BL       putchar_lcd
    686            }
   \   0000003A   641C               ADDS     R4,R4,#+1
   \   0000003C   2404               LSLS     R4,R4,#+16
   \   0000003E   2414               ASRS     R4,R4,#+16
   \                     ??LCD_line_load_2:
   \   00000040   AC42               CMP      R4,R5
   \   00000042   EFDB               BLT      ??LCD_line_load_3
    687          }
   \   00000044   ....               B.N      ?Subroutine46
    688          
    689          /********************************************/
    690          /*  Trasnfer video data for LCD scan        */
    691          /*  To LCD module From bLCDbuf[]            */
    692          /*  1/8 page transfer per process           */
    693          /*  Full transfer time = 2 x 8 = 16 ms      */
    694          /********************************************/

   \                                 In segment CODE, align 4, keep-with-next
    695          void LCD_GM12321_scan(void)
    696          {
   \                     LCD_GM12321_scan:
   \   00000000   F0B5               PUSH     {R4-R7,LR}
    697            BYTE pos, page, ms, end, lp;
    698            pos = bLCDpage * PAGE_SIZE;
   \   00000002   1C4C               LDR      R4,??LCD_GM12321_scan_0  ;; bLCDpage
   \   00000004   2188               LDRH     R1,[R4, #+0]
   \   00000006   3D25               MOVS     R5,#+61
   \   00000008   4D43               MULS     R5,R1,R5
   \   0000000A   2D04               LSLS     R5,R5,#+16
   \   0000000C   2D0C               LSRS     R5,R5,#+16
    699            end = pos + PAGE_SIZE;
   \   0000000E   2E00               MOVS     R6,R5
   \   00000010   3D36               ADDS     R6,R6,#+61
   \   00000012   3604               LSLS     R6,R6,#+16
   \   00000014   360C               LSRS     R6,R6,#+16
    700            ms = bLCDpage & 1;
    701            page = (bLCDpage >> 1) + LCD_PAGE_ADD;
   \   00000016   4808               LSRS     R0,R1,#+1
   \   00000018   B830               ADDS     R0,R0,#+184
   \   0000001A   0004               LSLS     R0,R0,#+16
   \   0000001C   000C               LSRS     R0,R0,#+16
    702            if (!ms) 
   \   0000001E   ....               LDR      R7,??DataTable44  ;; bLCDbuf
   \   00000020   C907               LSLS     R1,R1,#+31
   \   00000022   0DD4               BMI      ??LCD_GM12321_scan_1
    703               {
    704                LCD_cmd_write1(page);
   \   00000024   ........           BL       LCD_cmd_write1
    705                LCD_cmd_write1(0);
   \   00000028   0020               MOVS     R0,#+0
   \   0000002A   ........           BL       LCD_cmd_write1
    706                for (lp = pos; lp < end; lp++) LCD_data_write1(bLCDbuf[lp]);
   \                     ??LCD_GM12321_scan_2:
   \   0000002E   B542               CMP      R5,R6
   \   00000030   14D2               BCS      ??LCD_GM12321_scan_3
   \   00000032   785D               LDRB     R0,[R7, R5]
   \   00000034   ........           BL       LCD_data_write1
   \   00000038   6D1C               ADDS     R5,R5,#+1
   \   0000003A   2D04               LSLS     R5,R5,#+16
   \   0000003C   2D0C               LSRS     R5,R5,#+16
   \   0000003E   F6E7               B        ??LCD_GM12321_scan_2
    707               }
    708               else 
    709                {
    710                 LCD_cmd_write2(page);
   \                     ??LCD_GM12321_scan_1:
   \   00000040   ........           BL       LCD_cmd_write2
    711                 LCD_cmd_write2(0);
   \   00000044   0020               MOVS     R0,#+0
   \   00000046   ........           BL       LCD_cmd_write2
    712                 for (lp = pos; lp < end; lp++) LCD_data_write2(bLCDbuf[lp]);
   \   0000004A   05E0               B        ??LCD_GM12321_scan_4
   \                     ??LCD_GM12321_scan_5:
   \   0000004C   785D               LDRB     R0,[R7, R5]
   \   0000004E   ........           BL       LCD_data_write2
   \   00000052   6D1C               ADDS     R5,R5,#+1
   \   00000054   2D04               LSLS     R5,R5,#+16
   \   00000056   2D0C               LSRS     R5,R5,#+16
   \                     ??LCD_GM12321_scan_4:
   \   00000058   B542               CMP      R5,R6
   \   0000005A   F7D3               BCC      ??LCD_GM12321_scan_5
    713                }
    714            if (++bLCDpage >= 8) bLCDpage = 0;
   \                     ??LCD_GM12321_scan_3:
   \   0000005C   2088               LDRH     R0,[R4, #+0]
   \   0000005E   401C               ADDS     R0,R0,#+1
   \   00000060   2080               STRH     R0,[R4, #+0]
   \   00000062   0004               LSLS     R0,R0,#+16
   \   00000064   000C               LSRS     R0,R0,#+16
   \   00000066   0828               CMP      R0,#+8
   \   00000068   01D3               BCC      ??LCD_GM12321_scan_6
   \   0000006A   0020               MOVS     R0,#+0
   \   0000006C   2080               STRH     R0,[R4, #+0]
    715          }
   \                     ??LCD_GM12321_scan_6:
   \   0000006E   ........           BL       ??Subroutine51_0
   \   00000072   C046               Nop      
   \                     ??LCD_GM12321_scan_0:
   \   00000074   ........           DC32     bLCDpage
    716          

   \                                 In segment CODE, align 4, keep-with-next
    717          void cursor_blink_control(void)
    718          {
   \                     cursor_blink_control:
   \   00000000   10B5               PUSH     {R4,LR}
    719            if (++sBlinkTime > SEC_1/2) 
   \   00000002   ....               LDR      R0,??DataTable45  ;; DPcode
   \   00000004   1421               MOVS     R1,#+20
   \   00000006   415E               LDRSH    R1,[R0, R1]
   \   00000008   491C               ADDS     R1,R1,#+1
   \   0000000A   0904               LSLS     R1,R1,#+16
   \   0000000C   0914               ASRS     R1,R1,#+16
   \   0000000E   FB29               CMP      R1,#+251
   \   00000010   09DB               BLT      ??cursor_blink_control_0
    720            {
    721              sBlinkTime = 0;
   \   00000012   0021               MOVS     R1,#+0
    722              Blink ^= 1;
   \   00000014   0122               MOVS     R2,#+1
   \   00000016   4379               LDRB     R3,[R0, #+5]
   \   00000018   0124               MOVS     R4,#+1
   \   0000001A   5C40               EORS     R4,R4,R3
   \   0000001C   4471               STRB     R4,[R0, #+5]
    723              if (!ImageMode) DpUpdate = 1;
   \   0000001E   C379               LDRB     R3,[R0, #+7]
   \   00000020   002B               CMP      R3,#+0
   \   00000022   00D1               BNE      ??cursor_blink_control_0
   \   00000024   8270               STRB     R2,[R0, #+2]
   \                     ??cursor_blink_control_0:
   \   00000026   8182               STRH     R1,[R0, #+20]
    724            }
    725          }
   \   00000028   ....               B.N      ??Subroutine50_0
    726          
    727          /**********************************************/
    728          /*  Display Scanning Control                  */
    729          /*  x0: 1 line(1/4 page) LCD font load        */
    730          /*  x1: skip                                  */
    731          /*  x2: 1/8 page data transfer to LCD module  */
    732          /*  x3: skip                                  */
    733          /*  1 page scan time : 16 x 2 = 32 ms         */
    734          /*  Page Scan : 1000 / 32 = 31.25 Hz          */
    735          /* This function must locate in main loop   */ 
    736          /**********************************************/

   \                                 In segment CODE, align 4, keep-with-next
    737          void display_scan(void)
    738          {
   \                     display_scan:
   \   00000000   30B5               PUSH     {R4,R5,LR}
    739            if (CursorUse) cursor_blink_control(); else Blink = 0;
   \   00000002   0025               MOVS     R5,#+0
   \   00000004   ....               LDR      R4,??DataTable46  ;; DPcode
   \   00000006   2079               LDRB     R0,[R4, #+4]
   \   00000008   0028               CMP      R0,#+0
   \   0000000A   02D0               BEQ      ??display_scan_0
   \   0000000C   ........           BL       cursor_blink_control
   \   00000010   00E0               B        ??display_scan_1
   \                     ??display_scan_0:
   \   00000012   6571               STRB     R5,[R4, #+5]
    740            if (DpScanNo < DP_SCAN_TIME)
   \                     ??display_scan_1:
   \   00000014   E078               LDRB     R0,[R4, #+3]
   \   00000016   1028               CMP      R0,#+16
   \   00000018   19D2               BCS      ??display_scan_2
    741            {
    742              DpScanNo++;
   \   0000001A   401C               ADDS     R0,R0,#+1
   \   0000001C   E070               STRB     R0,[R4, #+3]
    743              if ((DpScanNo & 3) > 1) LCD_GM12321_scan();
   \   0000001E   0321               MOVS     R1,#+3
   \   00000020   0006               LSLS     R0,R0,#+24
   \   00000022   000E               LSRS     R0,R0,#+24
   \   00000024   0322               MOVS     R2,#+3
   \   00000026   0240               ANDS     R2,R2,R0
   \   00000028   022A               CMP      R2,#+2
   \   0000002A   02DB               BLT      ??display_scan_3
   \   0000002C   ........           BL       LCD_GM12321_scan
   \   00000030   17E0               B        ??display_scan_4
    744               else if ((DpScanNo & 3) == 0) 
   \                     ??display_scan_3:
   \   00000032   0842               TST      R0,R1
   \   00000034   15D1               BNE      ??display_scan_4
    745                if (ImageMode) LCD_image_load(DpScanNo >> 2, ImageNo);
   \   00000036   8008               LSRS     R0,R0,#+2
   \   00000038   E179               LDRB     R1,[R4, #+7]
   \   0000003A   0029               CMP      R1,#+0
   \   0000003C   03D0               BEQ      ??display_scan_5
   \   0000003E   217A               LDRB     R1,[R4, #+8]
   \   00000040   ........           BL       LCD_image_load
   \   00000044   0DE0               B        ??display_scan_4
    746                 else LCD_line_load(DpScanNo >> 2, FontStyle);
   \                     ??display_scan_5:
   \   00000046   6178               LDRB     R1,[R4, #+1]
   \   00000048   ........           BL       LCD_line_load
   \   0000004C   09E0               B        ??display_scan_4
    747            } 
    748            else 
    749            {
    750              if (DpUpdate) DpScanNo = 0;
   \                     ??display_scan_2:
   \   0000004E   A078               LDRB     R0,[R4, #+2]
   \   00000050   0028               CMP      R0,#+0
   \   00000052   00D0               BEQ      ??display_scan_6
   \   00000054   E570               STRB     R5,[R4, #+3]
    751              if (DpUpdate == 1) DpUpdate++; else DpUpdate = 0;
   \                     ??display_scan_6:
   \   00000056   0128               CMP      R0,#+1
   \   00000058   02D1               BNE      ??display_scan_7
   \   0000005A   0220               MOVS     R0,#+2
   \   0000005C   A070               STRB     R0,[R4, #+2]
   \   0000005E   00E0               B        ??display_scan_4
   \                     ??display_scan_7:
   \   00000060   A570               STRB     R5,[R4, #+2]
    752            }   
    753          }
   \                     ??display_scan_4:
   \   00000062   ....               B.N      ?Subroutine46
    754          
    755          /********************************************/
    756          /*  1 byte read to LCD module               */
    757          /*  data : read date return                 */
    758          /*  sel  : 1-display data, 0-command        */
    759          /*  ms   : 1-Master(CS1:1), 0-Slave(CS2:1)  */
    760          /********************************************/

   \                                 In segment CODE, align 4, keep-with-next
    761          BYTE LCD_byte_read(BYTE sel, BYTE ms)
    762          {
   \                     LCD_byte_read:
   \   00000000   F0B5               PUSH     {R4-R7,LR}
    763            BYTE data;
    764            unsigned int pioms, piosel;
    765            AT91F_PIO_SetOutput( PIOB, LCD_A0|LCD_CS1|LCD_CS2|LCD_RW|LCD_RST ) ;
   \   00000002   ....               LDR      R4,??DataTable47  ;; 0xfffff630
   \   00000004   9E25               MOVS     R5,#+158
   \   00000006   ED03               LSLS     R5,R5,#+15       ;; #+5177344
   \   00000008   2560               STR      R5,[R4, #+0]
    766            if (ms) pioms = LCD_CS1; else pioms = LCD_CS2;
   \   0000000A   0029               CMP      R1,#+0
   \   0000000C   02D0               BEQ      ??LCD_byte_read_0
   \   0000000E   8026               MOVS     R6,#+128
   \   00000010   B602               LSLS     R6,R6,#+10       ;; #+131072
   \   00000012   01E0               B        ??LCD_byte_read_1
   \                     ??LCD_byte_read_0:
   \   00000014   8026               MOVS     R6,#+128
   \   00000016   F602               LSLS     R6,R6,#+11       ;; #+262144
    767            AT91F_PIO_ClearOutput( PIOB, pioms ) ;    // E : low
   \                     ??LCD_byte_read_1:
   \   00000018   ....               LDR      R7,??DataTable48  ;; 0xfffff634
   \   0000001A   3E60               STR      R6,[R7, #+0]
    768            if (sel) piosel = LCD_A0|LCD_RW; else piosel = LCD_RW;
   \   0000001C   0028               CMP      R0,#+0
   \   0000001E   01D0               BEQ      ??LCD_byte_read_2
   \   00000020   9020               MOVS     R0,#+144
   \   00000022   00E0               B.N      ??LCD_byte_read_3
   \                     ??LCD_byte_read_2:
   \   00000024   8020               MOVS     R0,#+128
   \                     ??LCD_byte_read_3:
   \   00000026   0003               LSLS     R0,R0,#+12       ;; #+524288
    769            AT91F_PIO_ClearOutput( PIOB, piosel ) ;   // RW : low
   \   00000028   3860               STR      R0,[R7, #+0]
    770            delay_us(1);
   \   0000002A   0120               MOVS     R0,#+1
   \   0000002C   ........           _BLF     delay_us,??delay_us??rT
    771            AT91F_PIO_SetOutput( PIOB, pioms );       // E : High
   \   00000030   2660               STR      R6,[R4, #+0]
    772            delay_us(1);
   \   00000032   0120               MOVS     R0,#+1
   \   00000034   ........           _BLF     delay_us,??delay_us??rT
    773            data = AT91F_PIO_GetInput( PIOB );        // data read
   \   00000038   0448               LDR      R0,??LCD_byte_read_4  ;; 0xfffff63c
   \   0000003A   0068               LDR      R0,[R0, #+0]
   \   0000003C   0004               LSLS     R0,R0,#+16
   \   0000003E   000C               LSRS     R0,R0,#+16
    774            AT91F_PIO_ClearOutput( PIOB, pioms ) ;    // E : low
   \   00000040   3E60               STR      R6,[R7, #+0]
    775            AT91F_PIO_SetOutput( PIOB, LCD_A0|LCD_CS1|LCD_CS2|LCD_RW|LCD_RST ) ;
   \   00000042   2560               STR      R5,[R4, #+0]
    776            return data;
   \   00000044   F0BC               POP      {R4-R7}
   \   00000046   02BC               POP      {R1}
   \   00000048   0847               BX       R1               ;; return
   \   0000004A   C046               Nop      
   \                     ??LCD_byte_read_4:
   \   0000004C   3CF6FFFF           DC32     0xfffff63c
    777          }
    778          
    779          
    780          /********************************************/
    781          /*     LCD module status read               */
    782          /*  b7- BUSY  1:Busy, 0:Ready               */
    783          /*  b6- ADC   1:CW out, 0:CCW out           */
    784          /*  b5- ONOFF 1:LCD OFF 0:LCD ON            */
    785          /*  b4- RESER 1:Being Reset 0:Normal        */
    786          /*  b3- b0: Not use                         */
    787          /*  ms   : 1-Master(CS1:1), 0-Slave(CS2:1)  */
    788          /********************************************/

   \                                 In segment CODE, align 4, keep-with-next
    789          BYTE LCD_status_read(BYTE ms)
    790          {
   \                     LCD_status_read:
   \   00000000   00B5               PUSH     {LR}
    791            BYTE status;
    792            status = LCD_byte_read(0,ms);
   \   00000002   0100               MOVS     R1,R0
   \   00000004   0020               MOVS     R0,#+0
   \   00000006   ....               B.N      ?Subroutine54
    793            return status;
    794          }

   \                                 In segment CODE, align 4, keep-with-next
   \                     ?Subroutine54:
   \   00000000   ........           BL       LCD_byte_read
   \   00000004   02BC               POP      {R1}
   \   00000006   0847               BX       R1               ;; return
    795          
    796          // LCD module display data read

   \                                 In segment CODE, align 4, keep-with-next
    797          BYTE LCD_data_read(BYTE ms)
    798          {
   \                     LCD_data_read:
   \   00000000   00B5               PUSH     {LR}
    799            BYTE status;
    800            status = LCD_byte_read(1,ms);
   \   00000002   0100               MOVS     R1,R0
   \   00000004   0120               MOVS     R0,#+1
   \   00000006   C046               Nop      
   \   00000008                      REQUIRE ?Subroutine54
   \   00000008                      ;; // Fall through to label ?Subroutine54
    801            return status;
    802          }

   \                                 In segment DATA_Z, align 2, align-sorted
   \                     DPcode:
   \   00000000                      DS8 1
   \                     FontStyle:
   \   00000001                      DS8 1
   \                     DpUpdate:
   \   00000002                      DS8 1
   \                     DpScanNo:
   \   00000003                      DS8 1
   \                     CursorUse:
   \   00000004                      DS8 1
   \                     Blink:
   \   00000005                      DS8 1
   \                     DumpDisplay:
   \   00000006                      DS8 1
   \                     ImageMode:
   \   00000007                      DS8 1
   \                     ImageNo:
   \   00000008                      DS8 1
   \                     LcdCol:
   \   00000009                      DS8 1
   \                     LcdRow:
   \   0000000A                      DS8 1
   \                     CodeOdd:
   \   0000000B                      DS8 1
   \                     dpsize:
   \   0000000C                      DS8 1
   \   0000000D                      DS8 1
   \                     sCurPos:
   \   0000000E                      DS8 2
   \                     sLCDpos:
   \   00000010                      DS8 2
   \                     sDPstart:
   \   00000012                      DS8 2
   \                     sBlinkTime:
   \   00000014                      DS8 2
   \                     bDpStep:
   \   00000016                      DS8 2
   \                     sOldCode:
   \   00000018                      DS8 2
    803          
    804          short  sDpStepWait;
    805          
    806           BYTE fill, LcdDelay;
   \                     fill:
   \   0000001A                      DS8 2
   \                     LcdDelay:
   \   0000001C                      DS8 2

   \                                 In segment DATA_Z, align 2, align-sorted
   \                     bCursorDP:
   \   00000000                      DS8 2

   \                                 In segment DATA_Z, align 2, align-sorted
   \                     bLCDpage:
   \   00000000                      DS8 2

   \                                 In segment DATA_Z, align 1, align-sorted
   \                     FontWidth:
   \   00000000                      DS8 1

   \                                 In segment DATA_Z, align 2, align-sorted
   \                     sDpStepWait:
   \   00000000                      DS8 2
    807           

   \                                 In segment CODE, align 4, keep-with-next
    808          void GM12321_LCD_control(void)
    809          {
   \                     GM12321_LCD_control:
   \   00000000   F0B5               PUSH     {R4-R7,LR}
    810               switch(bDpStep)
   \   00000002   574D               LDR      R5,??GM12321_LCD_control_0  ;; DPcode
   \   00000004   A88B               LDRH     R0,[R5, #+28]
   \   00000006   401C               ADDS     R0,R0,#+1
   \   00000008   EE8A               LDRH     R6,[R5, #+22]
   \   0000000A   761C               ADDS     R6,R6,#+1
   \   0000000C   2978               LDRB     R1,[R5, #+0]
   \   0000000E   491C               ADDS     R1,R1,#+1
   \   00000010   544A               LDR      R2,??GM12321_LCD_control_0+0x4  ;; bPushKey
   \   00000012   1478               LDRB     R4,[R2, #+0]
   \   00000014   0027               MOVS     R7,#+0
   \   00000016   EA8A               LDRH     R2,[R5, #+22]
   \   00000018   002A               CMP      R2,#+0
   \   0000001A   1CD0               BEQ      ??GM12321_LCD_control_1
   \   0000001C   1E2A               CMP      R2,#+30
   \   0000001E   1DD0               BEQ      ??GM12321_LCD_control_2
   \   00000020   1F2A               CMP      R2,#+31
   \   00000022   26D0               BEQ      ??GM12321_LCD_control_3
   \   00000024   202A               CMP      R2,#+32
   \   00000026   2BD0               BEQ      ??GM12321_LCD_control_4
   \   00000028   212A               CMP      R2,#+33
   \   0000002A   2FD0               BEQ      ??GM12321_LCD_control_5
   \   0000002C   222A               CMP      R2,#+34
   \   0000002E   32D0               BEQ      ??GM12321_LCD_control_6
   \   00000030   232A               CMP      R2,#+35
   \   00000032   3FD0               BEQ      ??GM12321_LCD_control_7
   \   00000034   242A               CMP      R2,#+36
   \   00000036   43D0               BEQ      ??GM12321_LCD_control_8
   \   00000038   282A               CMP      R2,#+40
   \   0000003A   4DD0               BEQ      ??GM12321_LCD_control_9
   \   0000003C   292A               CMP      R2,#+41
   \   0000003E   50D0               BEQ      ??GM12321_LCD_control_10
   \   00000040   2A2A               CMP      R2,#+42
   \   00000042   56D0               BEQ      ??GM12321_LCD_control_11
   \   00000044   322A               CMP      R2,#+50
   \   00000046   47D0               BEQ      ??GM12321_LCD_control_9
   \   00000048   332A               CMP      R2,#+51
   \   0000004A   61D0               BEQ      ??GM12321_LCD_control_12
   \   0000004C   342A               CMP      R2,#+52
   \   0000004E   67D0               BEQ      ??GM12321_LCD_control_13
   \   00000050   3C2A               CMP      R2,#+60
   \   00000052   73D0               BEQ      ??GM12321_LCD_control_14
   \   00000054   3DE0               B        ??GM12321_LCD_control_15
    811               {
    812               case 0:  LcdCol = 0; LcdRow = 0; return;
   \                     ??GM12321_LCD_control_1:
   \   00000056   6F72               STRB     R7,[R5, #+9]
   \   00000058   AF72               STRB     R7,[R5, #+10]
   \   0000005A   3BE0               B        ??GM12321_LCD_control_16
    813                 
    814               case 30: LCD_init(); 
   \                     ??GM12321_LCD_control_2:
   \   0000005C   ........           BL       LCD_init
    815                 fill = 1; 
   \   00000060   0120               MOVS     R0,#+1
   \   00000062   6883               STRH     R0,[R5, #+26]
    816                 LcdDelay = 0;
   \   00000064   AF83               STRH     R7,[R5, #+28]
    817                 REDlamp(ON); 
   \                     ??GM12321_LCD_control_17:
   \   00000066   ........           _BLF     REDlamp,??REDlamp??rT
    818                 bDpStep++; 
   \   0000006A   E88A               LDRH     R0,[R5, #+22]
   \   0000006C   401C               ADDS     R0,R0,#+1
   \                     ??GM12321_LCD_control_18:
   \   0000006E   E882               STRH     R0,[R5, #+22]
    819                 return;
   \   00000070   30E0               B        ??GM12321_LCD_control_16
    820               case 31: 
    821                 if (++LcdDelay>200) bDpStep++;
   \                     ??GM12321_LCD_control_3:
   \   00000072   A883               STRH     R0,[R5, #+28]
   \   00000074   0004               LSLS     R0,R0,#+16
   \   00000076   000C               LSRS     R0,R0,#+16
   \   00000078   C928               CMP      R0,#+201
   \                     ??GM12321_LCD_control_19:
   \   0000007A   2BD3               BCC      ??GM12321_LCD_control_16
   \                     ??GM12321_LCD_control_20:
   \   0000007C   EE82               STRH     R6,[R5, #+22]
   \   0000007E   29E0               B        ??GM12321_LCD_control_16
    822                 return;
    823               case 32: 
    824                 LCD_fill(fill); 
   \                     ??GM12321_LCD_control_4:
   \   00000080   688B               LDRH     R0,[R5, #+26]
   \   00000082   ........           BL       LCD_fill
    825                 LcdDelay = 0; 
   \   00000086   AF83               STRH     R7,[R5, #+28]
    826                 REDlamp(TOGLE); 
   \   00000088   0220               MOVS     R0,#+2
   \   0000008A   ECE7               B.N      ??GM12321_LCD_control_17
    827                 bDpStep++; 
    828                 return;
    829               case 33: 
    830                 if (++LcdDelay>10) bDpStep++;
   \                     ??GM12321_LCD_control_5:
   \   0000008C   A883               STRH     R0,[R5, #+28]
   \   0000008E   0004               LSLS     R0,R0,#+16
   \   00000090   000C               LSRS     R0,R0,#+16
   \   00000092   0B28               CMP      R0,#+11
   \   00000094   F1E7               B.N      ??GM12321_LCD_control_19
    831                 return;
    832               case 34:
    833                 //fill = fill << 1;
    834                 fill++;
   \                     ??GM12321_LCD_control_6:
   \   00000096   688B               LDRH     R0,[R5, #+26]
   \   00000098   401C               ADDS     R0,R0,#+1
   \   0000009A   6883               STRH     R0,[R5, #+26]
    835                 if (fill < 256) bDpStep = 32; else bDpStep++;
   \   0000009C   8021               MOVS     R1,#+128
   \   0000009E   4900               LSLS     R1,R1,#+1        ;; #+256
   \   000000A0   0004               LSLS     R0,R0,#+16
   \   000000A2   000C               LSRS     R0,R0,#+16
   \   000000A4   8842               CMP      R0,R1
   \   000000A6   02D2               BCS      ??GM12321_LCD_control_21
   \   000000A8   2020               MOVS     R0,#+32
   \   000000AA   E882               STRH     R0,[R5, #+22]
   \   000000AC   00E0               B        ??GM12321_LCD_control_22
   \                     ??GM12321_LCD_control_21:
   \   000000AE   EE82               STRH     R6,[R5, #+22]
    836                 LcdDelay = 0;
   \                     ??GM12321_LCD_control_22:
   \   000000B0   AF83               STRH     R7,[R5, #+28]
    837                 return;
   \   000000B2   0FE0               B        ??GM12321_LCD_control_16
    838               case 35:
    839                 if (++LcdDelay > 2000) bDpStep++;
   \                     ??GM12321_LCD_control_7:
   \   000000B4   A883               STRH     R0,[R5, #+28]
   \   000000B6   2C49               LDR      R1,??GM12321_LCD_control_0+0x8  ;; 0x7d1
   \   000000B8   0004               LSLS     R0,R0,#+16
   \   000000BA   000C               LSRS     R0,R0,#+16
   \   000000BC   8842               CMP      R0,R1
   \   000000BE   DCE7               B.N      ??GM12321_LCD_control_19
    840                 return;
    841               case 36:
    842                 REDlamp(ON); 
   \                     ??GM12321_LCD_control_8:
   \   000000C0   0120               MOVS     R0,#+1
   \   000000C2   ........           _BLF     REDlamp,??REDlamp??rT
    843                 LCD_fill(0); 
   \   000000C6   0020               MOVS     R0,#+0
   \   000000C8   ........           BL       LCD_fill
    844                 REDlamp(OFF); 
   \   000000CC   3800               MOVS     R0,R7
   \   000000CE   ........           _BLF     REDlamp,??REDlamp??rT
    845                 bDpStep = 0;
    846                 return;
    847                 
    848            // FONT 6x7 loading test     
    849               case 40:
    850                 DPcode = 0;     // test code
    851                 LCDbuf_clear();
    852                 bDpStep++;
    853                 return;
    854               case 41:
    855                 LCD_font6x7_load(DPcode, sCurPos);
    856                 bDpStep++;
    857                 return;
    858               case 42:
    859                 if (bPushKey) 
    860                 {
    861                   if (++DPcode > 127) DPcode = 0;
    862                   if (bPushKey == KEY_A) bDpStep = 40; else bDpStep = 41;
    863                 }
    864                 return;
    865               
    866                 // FONT 8x16 loading test     
    867               case 50:
    868                 DPcode = 0;     // test code
    869                 LCDbuf_clear();
    870                 bDpStep++;
    871                 return;
    872               case 51:
    873                 LCD_font8x16_load(DPcode, sCurPos);
    874                 bDpStep++;
    875                 return;
    876               case 52:
    877                 if (bPushKey) 
    878                 {
    879                   if (++DPcode > 127) DPcode = 0;
    880                   if (bPushKey == KEY_B) bDpStep = 50; else bDpStep = 51;
    881                 }
    882                 return;
    883                 
    884               case 60:
    885                 if (bPushKey) {
    886                 putchar_lcd(bPushKey, sCurPos);
    887                 putchar_lcd(bPushKey, sCurPos);
    888                 bDpStep++;
    889                 }
    890               return;
    891             
    892          
    893               default:
    894                 bDpStep = 0;
   \                     ??GM12321_LCD_control_15:
   \   000000D2   EF82               STRH     R7,[R5, #+22]
    895                 return;
   \                     ??GM12321_LCD_control_16:
   \   000000D4   ........           BL       ??Subroutine51_0
   \                     ??GM12321_LCD_control_9:
   \   000000D8   2F70               STRB     R7,[R5, #+0]
   \   000000DA   ........           BL       LCDbuf_clear
   \   000000DE   EE82               STRH     R6,[R5, #+22]
   \   000000E0   F8E7               B        ??GM12321_LCD_control_16
   \                     ??GM12321_LCD_control_10:
   \   000000E2   0E20               MOVS     R0,#+14
   \   000000E4   295E               LDRSH    R1,[R5, R0]
   \   000000E6   0906               LSLS     R1,R1,#+24
   \   000000E8   090E               LSRS     R1,R1,#+24
   \   000000EA   2878               LDRB     R0,[R5, #+0]
   \   000000EC   ........           BL       LCD_font6x7_load
   \   000000F0   C4E7               B.N      ??GM12321_LCD_control_20
   \                     ??GM12321_LCD_control_11:
   \   000000F2   002C               CMP      R4,#+0
   \   000000F4   EED0               BEQ      ??GM12321_LCD_control_16
   \   000000F6   2970               STRB     R1,[R5, #+0]
   \   000000F8   0906               LSLS     R1,R1,#+24
   \   000000FA   090E               LSRS     R1,R1,#+24
   \   000000FC   8029               CMP      R1,#+128
   \   000000FE   00D3               BCC      ??GM12321_LCD_control_23
   \   00000100   2F70               STRB     R7,[R5, #+0]
   \                     ??GM12321_LCD_control_23:
   \   00000102   412C               CMP      R4,#+65
   \   00000104   01D1               BNE      ??GM12321_LCD_control_24
   \   00000106   2820               MOVS     R0,#+40
   \   00000108   B1E7               B.N      ??GM12321_LCD_control_18
   \                     ??GM12321_LCD_control_24:
   \   0000010A   2920               MOVS     R0,#+41
   \                     ??GM12321_LCD_control_25:
   \   0000010C   E882               STRH     R0,[R5, #+22]
   \   0000010E   E1E7               B        ??GM12321_LCD_control_16
   \                     ??GM12321_LCD_control_12:
   \   00000110   0E20               MOVS     R0,#+14
   \   00000112   295E               LDRSH    R1,[R5, R0]
   \   00000114   0906               LSLS     R1,R1,#+24
   \   00000116   090E               LSRS     R1,R1,#+24
   \   00000118   2878               LDRB     R0,[R5, #+0]
   \   0000011A   ........           BL       LCD_font8x16_load
   \   0000011E   ADE7               B.N      ??GM12321_LCD_control_20
   \                     ??GM12321_LCD_control_13:
   \   00000120   002C               CMP      R4,#+0
   \   00000122   D7D0               BEQ      ??GM12321_LCD_control_16
   \   00000124   2970               STRB     R1,[R5, #+0]
   \   00000126   0906               LSLS     R1,R1,#+24
   \   00000128   090E               LSRS     R1,R1,#+24
   \   0000012A   8029               CMP      R1,#+128
   \   0000012C   00D3               BCC      ??GM12321_LCD_control_26
   \   0000012E   2F70               STRB     R7,[R5, #+0]
   \                     ??GM12321_LCD_control_26:
   \   00000130   422C               CMP      R4,#+66
   \   00000132   01D1               BNE      ??GM12321_LCD_control_27
   \   00000134   3220               MOVS     R0,#+50
   \   00000136   9AE7               B.N      ??GM12321_LCD_control_18
   \                     ??GM12321_LCD_control_27:
   \   00000138   3320               MOVS     R0,#+51
   \   0000013A   E7E7               B.N      ??GM12321_LCD_control_25
   \                     ??GM12321_LCD_control_14:
   \   0000013C   002C               CMP      R4,#+0
   \   0000013E   C9D0               BEQ      ??GM12321_LCD_control_16
   \   00000140   0E20               MOVS     R0,#+14
   \   00000142   295E               LDRSH    R1,[R5, R0]
   \   00000144   0906               LSLS     R1,R1,#+24
   \   00000146   090E               LSRS     R1,R1,#+24
   \   00000148   2000               MOVS     R0,R4
   \   0000014A   ........           BL       putchar_lcd
   \   0000014E   0E20               MOVS     R0,#+14
   \   00000150   295E               LDRSH    R1,[R5, R0]
   \   00000152   0906               LSLS     R1,R1,#+24
   \   00000154   090E               LSRS     R1,R1,#+24
   \   00000156   2000               MOVS     R0,R4
   \   00000158   ........           BL       putchar_lcd
   \   0000015C   8EE7               B.N      ??GM12321_LCD_control_20
   \   0000015E   C046               Nop      
   \                     ??GM12321_LCD_control_0:
   \   00000160   ........           DC32     DPcode
   \   00000164   ........           DC32     bPushKey
   \   00000168   D1070000           DC32     0x7d1
    896               }
    897          }

   \                                 In segment CODE, align 4, keep-with-next
   \                     ??DataTable12:
   \   00000000   30F6FFFF           DC32     0xfffff630

   \                                 In segment CODE, align 4, keep-with-next
   \                     ??DataTable13:
   \   00000000   34F6FFFF           DC32     0xfffff634

   \                                 In segment CODE, align 4, keep-with-next
   \                     ??DataTable19:
   \   00000000   ........           DC32     bLCDbuf

   \                                 In segment CODE, align 4, keep-with-next
   \                     ??DataTable23:
   \   00000000   ........           DC32     DPcode + 1

   \                                 In segment CODE, align 4, keep-with-next
   \                     ??DataTable25:
   \   00000000   ........           DC32     DPcode

   \                                 In segment CODE, align 4, keep-with-next
   \                     ??DataTable33:
   \   00000000   ........           DC32     sDPbuf

   \                                 In segment CODE, align 4, keep-with-next
   \                     ??DataTable35:
   \   00000000   ........           DC32     DPcode

   \                                 In segment CODE, align 4, keep-with-next
   \                     ??DataTable36:
   \   00000000   ........           DC32     sDPbuf

   \                                 In segment CODE, align 4, keep-with-next
   \                     ??DataTable38:
   \   00000000   34F6FFFF           DC32     0xfffff634

   \                                 In segment CODE, align 4, keep-with-next
   \                     ??DataTable40:
   \   00000000   ........           DC32     DPcode + 1

   \                                 In segment CODE, align 4, keep-with-next
   \                     ??DataTable41:
   \   00000000   ........           DC32     bLCDbuf

   \                                 In segment CODE, align 4, keep-with-next
   \                     ??DataTable43:
   \   00000000   ........           DC32     sDPbuf

   \                                 In segment CODE, align 4, keep-with-next
   \                     ??DataTable44:
   \   00000000   ........           DC32     bLCDbuf

   \                                 In segment CODE, align 4, keep-with-next
   \                     ??DataTable45:
   \   00000000   ........           DC32     DPcode

   \                                 In segment CODE, align 4, keep-with-next
   \                     ??DataTable46:
   \   00000000   ........           DC32     DPcode

   \                                 In segment CODE, align 4, keep-with-next
   \                     ??DataTable47:
   \   00000000   30F6FFFF           DC32     0xfffff630

   \                                 In segment CODE, align 4, keep-with-next
   \                     ??DataTable48:
   \   00000000   34F6FFFF           DC32     0xfffff634
    898          
    899          /*
    900          // 오래된 디버깅용 코드?, 찾는 이도 없고..
    901          void LCD_font_load(char font)
    902          {
    903            short lp, end;
    904            sCurPos = 0;
    905            //if (font == 0) width = 6; else width = 8;
    906            if (font == 0) end = 80; else end = 30;
    907            for (lp = 0; lp < end; lp++)
    908            {
    909              putchar_lcd(DPcode, lp, font);
    910              if (++DPcode > 127) DPcode = 0;
    911            }  
    912          }
    913          */
    914          /*
    915          // bDPbuf[]중 커서가 위치한 블럭의 코드에 해당하는 font image를 bLCDbuf에 로드
    916          void LCD_page_load(void)
    917          {
    918            short font, lp, end, code, curpos;
    919            font = sDPbuf[sDPstart] >> 12;
    920            if (font == 0) end = 80; else end = 30;
    921            curpos = sCurPos;
    922            for (lp = 0; lp < end; lp++)
    923            { 
    924              code = sDPbuf[sDPstart + lp];
    925              font = code >> 12;
    926              code &= 0xFF;
    927              putchar_lcd(code, lp);
    928            }
    929            sCurPos = curpos;  
    930          }
    931          */
    932          /*
    933          void LCD_data_write1(BYTE cmd)
    934          {
    935            AT91F_PIO_SetOutput( PIOB, LCD_A0);
    936            LCD_write1(cmd);
    937          }
    938          
    939          void LCD_data_write2(BYTE cmd)
    940          {
    941            AT91F_PIO_SetOutput( PIOB, LCD_A0);
    942            LCD_write2(cmd);
    943          }
    944          
    945          void LCD_byte_write(BYTE data, BYTE sel, BYTE ms)
    946          {
    947            unsigned int pioms, piosel;
    948            //if (++imsi >= 0x50) imsi = 0x30;
    949            //imsi = imsi &0xFF ;
    950            data &= 0xFF;
    951            AT91F_PIO_SetOutput( PIOB, LCD_A0|LCD_CS1|LCD_CS2|LCD_RW|LCD_RST ) ;
    952            if (!ms) pioms = LCD_CS1; else pioms = LCD_CS2;
    953            AT91F_PIO_ClearOutput( PIOB, pioms) ; // E : low
    954            delay_us(10);
    955            if (sel) piosel = LCD_A0|LCD_RW; else piosel = LCD_RW;
    956            AT91F_PIO_ClearOutput( PIOB, piosel ) ;   // RW : low
    957            delay_us(10);
    958            AT91F_PIO_SetOutput( PIOB, pioms );       // E : High
    959            delay_us(10);
    960            AT91F_PIO_SetOutput( PIOB, data );            // data out
    961            AT91F_PIO_ClearOutput( PIOB, data ^ 0xFF );   // data out
    962            delay_us(20);
    963            AT91F_PIO_ClearOutput( PIOB, pioms ) ;    // E : low
    964            delay_us(10);
    965            AT91F_PIO_SetOutput( PIOB, LCD_A0|LCD_CS1|LCD_CS2|LCD_RW|LCD_RST ) ;
    966          }
    967          
    968          // LCD module ON/OFF
    969          void LCD_onoff(BYTE onoff)
    970          {
    971            onoff &= 1;
    972            LCD_byte_write(LCD_ONOFF|onoff, 0, 0);
    973          }
    974          
    975          // LCD module Read? Modify? Wiite ON/OFF
    976          void LCD_modify(BYTE onoff)
    977          {
    978            if (onoff) onoff = LCD_MODIFY; else onoff = LCD_MODI_OFF;
    979            LCD_byte_write(onoff, 1, 0);
    980          }
    981          
    982          // Select LCD duty cycle
    983          // 1: 1/16, 0: 1/32
    984          void LCD_duty_select(BYTE onoff)
    985          {
    986            if (onoff) onoff = LCD_SEL_DUTY; else onoff = LCD_SEL_DUTY + 1;
    987            LCD_byte_write(onoff, 1, 0);
    988          }
    989          
    990          // Select LCD ADC
    991          // 1: CW, 0: CCW
    992          void LCD_ADC_select(BYTE onoff)
    993          {
    994            if (onoff) onoff = LCD_ADC_SEL; else onoff = LCD_ADC_SEL + 1;
    995            LCD_byte_write(onoff, 1, 0);
    996          }
    997          
    998          // Select LCD Static Drive
    999          // 1: Static, 0: Normal
   1000          void LCD_static_drive(BYTE onoff)
   1001          {
   1002            if (onoff) onoff = LCD_STATIC; else onoff = LCD_STATIC + 1;
   1003            LCD_byte_write(onoff, 1, 0);
   1004          }
   1005          
   1006          // LCD RAM line corresponding to top line of display 
   1007          void LCD_start_line(BYTE line)
   1008          {
   1009            line &= 0x1F;
   1010            LCD_byte_write(LCD_DP_START|line, 1, 0);
   1011          }
   1012          
   1013          // LCD module Reset by RESET command
   1014          void LCD_soft_reset(void)
   1015          {
   1016            LCD_byte_write(LCD_SOFT_RST, 1, 0);
   1017          }
   1018          
   1019          // LCD module Set RAM page address in page address register
   1020          void LCD_page_set(BYTE page)
   1021          {
   1022            page &= 0x03;
   1023            LCD_byte_write(LCD_PAGE_ADD|page, 1, 0);
   1024          }
   1025          
   1026          // LCD module Set RAM column address in column address register
   1027          void LCD_column_set(BYTE col)
   1028          {
   1029            LCD_byte_write(col, 0, 0);
   1030          }
   1031          
   1032          void GM12321_LCD_init0(void)
   1033          {
   1034            LcdCol = 0; 
   1035            LcdRow = 0; 
   1036            LCD_hard_reset();
   1037            LCD_byte_write(LCD_SOFT_RST, 1, 0);
   1038            LCD_byte_write(LCD_ON, 1, 0);
   1039            LCD_byte_write(LCD_ADC_CW, 1, 0);
   1040            LCD_byte_write(LCD_DRV_NORMAL, 1, 0);
   1041            LCD_byte_write(LCD_DUTY32, 1, 0);
   1042          //LCD_byte_write(LCD_MODI_OFF, 1, 0);
   1043            LCD_byte_write(LCD_PAGE_ADD, 1, 0);
   1044            LCD_byte_write(LCD_DP_START, 1, 0);
   1045            LCD_byte_write(LCD_COL_ADD, 1, 0);
   1046            PowerOnMsg_display();
   1047          }
   1048          
   1049          void GM12321_LCD_init1(void)
   1050          {
   1051            LcdCol = 0; 
   1052            LcdRow = 0; 
   1053            LCD_hard_reset();
   1054          //LCD_byte_write(LCD_SOFT_RST, 1, 0);
   1055            LCD_byte_write(LCD_ON, 1, 0);
   1056            LCD_byte_write(LCD_ADC_CW, 1, 0);
   1057            LCD_byte_write(LCD_DRV_NORMAL, 1, 0);
   1058            LCD_byte_write(LCD_DUTY32, 1, 0);
   1059          //LCD_byte_write(LCD_MODI_OFF, 1, 0);
   1060            LCD_byte_write(LCD_PAGE_ADD, 1, 0);
   1061            LCD_byte_write(LCD_DP_START, 1, 0);
   1062            LCD_byte_write(LCD_COL_ADD, 1, 0);
   1063            PowerOnMsg_display();
   1064          }
   1065          void GM12321_LCD_init2(void)
   1066          {
   1067            LcdCol = 0; 
   1068            LcdRow = 0; 
   1069            LCD_hard_reset();
   1070           // LCD_byte_write(LCD_SOFT_RST, 1, 0);
   1071            LCD_byte_write(LCD_ON, 1, 0);
   1072            LCD_byte_write(LCD_ADC_CW, 1, 0);
   1073            LCD_byte_write(LCD_DRV_NORMAL, 1, 0);
   1074            LCD_byte_write(LCD_DUTY16, 1, 0);
   1075          //LCD_byte_write(LCD_MODI_OFF, 1, 0);
   1076            LCD_byte_write(LCD_PAGE_ADD, 1, 0);
   1077            LCD_byte_write(LCD_DP_START, 1, 0);
   1078            LCD_byte_write(LCD_COL_ADD, 1, 0);
   1079            PowerOnMsg_display();
   1080          }
   1081          void GM12321_LCD_init3(void)
   1082          {
   1083            LcdCol = 0; 
   1084            LcdRow = 0; 
   1085            LCD_hard_reset();
   1086          //  LCD_byte_write(LCD_SOFT_RST, 1, 0);
   1087            LCD_byte_write(LCD_ON, 1, 0);
   1088            LCD_byte_write(LCD_ADC_CW, 1, 0);
   1089            LCD_byte_write(LCD_DRV_NORMAL, 1, 0);
   1090            LCD_byte_write(LCD_DUTY16, 1, 0);
   1091          //LCD_byte_write(LCD_MODI_OFF, 1, 0);
   1092            LCD_byte_write(LCD_PAGE_ADD, 1, 0);
   1093            LCD_byte_write(LCD_DP_START, 1, 0);
   1094            LCD_byte_write(LCD_COL_ADD, 1, 0);
   1095            PowerOnMsg_display();
   1096          }
   1097          
   1098          void GM12321_LCD_init(char page, char start, char col, char ms)
   1099          {
   1100            page &= 3;
   1101            start &= 0x1F;
   1102            ms &= 1;
   1103            if (col > 72) col = 72;
   1104            LcdCol = 0; 
   1105            LcdRow = 0; 
   1106            LCD_hard_reset();
   1107          //  LCD_byte_write(LCD_SOFT_RST, 1, 0);
   1108            LCD_byte_write(LCD_ON, 1, ms);
   1109            LCD_byte_write(LCD_ADC_CW, 1, ms);
   1110            LCD_byte_write(LCD_DRV_NORMAL, 1, ms);
   1111            LCD_byte_write(LCD_DUTY32, 1, ms);
   1112          //LCD_byte_write(LCD_MODI_OFF, 1, ms);
   1113            LCD_byte_write(LCD_PAGE_ADD+page, 1, ms);
   1114            LCD_byte_write(LCD_DP_START+start, 1, ms);
   1115            LCD_byte_write(LCD_COL_ADD+col, 1, ms);
   1116            PowerOnMsg_display();
   1117          }
   1118          
   1119          void LCD_test0(char size, char ms)
   1120          {
   1121           char loop, data;
   1122           data = 0x80;
   1123           ms &= 1;
   1124           if (!ms) LCD_cmd_write1(0); else LCD_cmd_write2(0);
   1125            for (loop = 0; loop < size; loop++) {
   1126             if (!ms) LCD_data_write1(data); else  LCD_data_write2(data);
   1127             data = data >> 1;
   1128             if (!data) data = 0x80;
   1129            }
   1130          }
   1131          
   1132          // LCD all data clear
   1133          void LCD_clear(void)
   1134          {
   1135          BYTE loop;
   1136          for (loop = 0; loop < LCD_SIZE; loop++) 
   1137           {
   1138             LCD_data_write1(0);
   1139             sDpBuf[loop] = 0;
   1140           }
   1141          pDpPos = 0;
   1142          sCurPos = 0;
   1143          }
   1144          
   1145          // LCD all data clear
   1146          void display_clear(void)
   1147          {
   1148          BYTE loop;
   1149          for (loop = 0; loop < LCD_SIZE; loop++) sDpBuf[loop] = 0;
   1150          pDpPos = 0;
   1151          sCurPos = 0;
   1152          }
   1153          
   1154          void LCD_test1(char data, char size, char ms)
   1155          {
   1156           char loop;
   1157            ms &= 1;
   1158            if (!ms) LCD_cmd_write1(0); else LCD_cmd_write2(0);
   1159            for (loop = 0; loop < size; loop++) {
   1160             if (!ms) LCD_data_write1(data); else  LCD_data_write2(data);
   1161            }
   1162          }
   1163          */

   Maximum stack usage in bytes:

     Function               CSTACK
     --------               ------
     DPbuf_clear                8
     GM12321_LCD_control       20
     LCD_GM12321_scan          20
     LCD_byte_read             20
     LCD_carrige_return         4
     LCD_cmd_write1             8
     LCD_cmd_write2             8
     LCD_data_read              4
     LCD_data_write1            0
     LCD_data_write2            0
     LCD_fill                  16
     LCD_font6x7_load          20
     LCD_font8x16_load         20
     LCD_hangul_font16_load    20
     LCD_hangul_font_load       8
     LCD_hard_reset            12
     LCD_image_load             8
     LCD_init                   4
     LCD_line_feed              4
     LCD_line_load             12
     LCD_onoff                  8
     LCD_status_read            4
     LCD_write1                 0
     LCD_write2                 0
     LCDbuf_clear               4
     LCDbuf_test                4
     control_code_display       4
     cursor_blink_control       8
     cursor_move_down          24
     cursor_move_home           0
     cursor_move_left           4
     cursor_move_right         20
     cursor_move_start          0
     cursor_move_up             4
     display_buffer_scroll     24
     display_mode               8
     display_page               4
     display_scan              12
     display_size               4
     print_byte2ascii           8
     print_int2ascii            8
     print_int2bcdascii        20
     print_short2ascii         12
     print_str                  8
     putchar_dp                24
     putchar_lcd                4


   Segment part sizes:

     Function/Label         Bytes
     --------------         -----
     bLCDbuf                 496
     sDPbuf                 1800
     LCD_hard_reset           30
     ?Subroutine46             6
     LCD_write1               22
     ?Subroutine47             8
     LCD_write2               20
     LCD_cmd_write1           20
     ?Subroutine50            12
     LCD_cmd_write2           20
     LCD_data_write1          24
     ?Subroutine48             6
     LCD_data_write2          24
     LCD_font6x7_load        132
     ?Subroutine51            12
     LCD_font8x16_load       148
     LCD_hangul_font16_load  136
     LCD_hangul_font_load     64
     display_buffer_scroll   116
     ?Subroutine52             6
     display_size             26
     ?Subroutine53             8
     display_page             24
     cursor_move_left         36
     cursor_move_up           42
     cursor_move_right        70
     cursor_move_down         80
     cursor_move_home          8
     ?Subroutine49             6
     cursor_move_start         8
     LCD_line_feed            34
     ?Subroutine55             8
     LCD_carrige_return       28
     putchar_dp              170
     print_str                46
     LCDbuf_clear             36
     DPbuf_clear              36
     LCDbuf_test              26
     LCD_fill                 76
     LCD_onoff                26
     LCD_init                 56
     display_mode             20
     print_byte2ascii         24
     print_short2ascii        60
     print_int2ascii          20
     print_int2bcdascii      152
     control_code_display     96
     putchar_lcd              46
     LCD_image_load           48
     LCD_line_load            70
     LCD_GM12321_scan        120
     cursor_blink_control     42
     display_scan            100
     LCD_byte_read            80
     LCD_status_read           8
     ?Subroutine54             8
     LCD_data_read             8
     DPcode                   30
     bCursorDP                 2
     bLCDpage                  2
     FontWidth                 1
     sDpStepWait               2
     GM12321_LCD_control     364
     ??DataTable12             4
     ??DataTable13             4
     ??DataTable19             4
     ??DataTable23             4
     ??DataTable25             4
     ??DataTable33             4
     ??DataTable35             4
     ??DataTable36             4
     ??DataTable38             4
     ??DataTable40             4
     ??DataTable41             4
     ??DataTable43             4
     ??DataTable44             4
     ??DataTable45             4
     ??DataTable46             4
     ??DataTable47             4
     ??DataTable48             4
      Others                 428

 
 3 406 bytes in segment CODE
 2 333 bytes in segment DATA_Z
    12 bytes in segment INITTAB
 
 2 990 bytes of CODE memory (+ 428 bytes shared)
 2 333 bytes of DATA memory

Errors: none
Warnings: none
