##############################################################################
#                                                                            #
# IAR ARM ANSI C/C++ Compiler V4.40A/W32 EVALUATION    29/May/2007  12:00:13 #
# Copyright 1999-2005 IAR Systems. All rights reserved.                      #
#                                                                            #
#    Cpu mode        =  interwork                                            #
#    Endian          =  little                                               #
#    Stack alignment =  4                                                    #
#    Source file     =  C:\E-pia\EpiaLoadMonit_v01\EpiaLoadMonit\src\EpiaGat #
#                       e_linkPC.c                                           #
#    Command line    =  C:\E-pia\EpiaLoadMonit_v01\EpiaLoadMonit\src\EpiaGat #
#                       e_linkPC.c -lC C:\E-pia\EpiaLoadMonit_v01\EpiaLoadMo #
#                       nit\compil\Debug\List\ -o                            #
#                       C:\E-pia\EpiaLoadMonit_v01\EpiaLoadMonit\compil\Debu #
#                       g\Obj\ -z9 --debug --cpu_mode thumb --endian little  #
#                       --cpu ARM7TDMI --stack_align 4 --interwork -e --fpu  #
#                       None --dlib_config "C:\Program Files\IAR             #
#                       Systems\Embedded Workbench 4.0                       #
#                       Evaluation\ARM\LIB\dl4tptinl8n.h" -I                 #
#                       C:\E-pia\EpiaLoadMonit_v01\EpiaLoadMonit\compil\srcI #
#                       AR\ -I C:\E-pia\EpiaLoadMonit_v01\EpiaLoadMonit\comp #
#                       il\..\src\ -I C:\E-pia\EpiaLoadMonit_v01\EpiaLoadMon #
#                       it\compil\..\..\ -I "C:\Program Files\IAR            #
#                       Systems\Embedded Workbench 4.0 Evaluation\ARM\INC\"  #
#    List file       =  C:\E-pia\EpiaLoadMonit_v01\EpiaLoadMonit\compil\Debu #
#                       g\List\EpiaGate_linkPC.lst                           #
#    Object file     =  C:\E-pia\EpiaLoadMonit_v01\EpiaLoadMonit\compil\Debu #
#                       g\Obj\EpiaGate_linkPC.r79                            #
#                                                                            #
#                                                                            #
##############################################################################

C:\E-pia\EpiaLoadMonit_v01\EpiaLoadMonit\src\EpiaGate_linkPC.c
      1          // ----------------------------------------------------------------------------
      2          //         Epiatech co,. LTD  -  Lee Y k  -
      3          // ----------------------------------------------------------------------------
      4          // File Name           : EpiaGate_linkPC.c
      5          // Object              : EpiaGate Test Kit PC link Function
      6          // Creation            : 2006-12-07
      7          // ----------------------------------------------------------------------------
      8          
      9          // Include Standard LIB  files
     10          #include "project.h"
     11          
     12          
     13          #define RX_SIZE_PC        35
     14          #define DATA_SIZE_PC      16
     15          //#define MAX_TX_PROCESS    10    // Max Tx Process no for PC
     16          //#define PACKET_BUF_SIZE   64    // packet buffer size per Tx Process
     17          
     18          // ************************************
     19          //    PC Link Packet define
     20          // ************************************
     21          typedef struct _MASSAGE_PC {
     22                  unsigned char   STX;
     23                  unsigned short  MSG;
     24                  unsigned short  PACKET_NO;
     25                  unsigned short  LENGTH;
     26                  unsigned char   DATA[DATA_SIZE_PC];
     27                  unsigned int    CHECK_SUM;
     28                  unsigned char   ETX;
     29          } MASSAGE_PC, *MASSAGE_PCP;
     30          
     31          /****************************/
     32          /*     PC massage Define    */
     33          /****************************/
     34          
     35          #define LENGTH_ACK          0       // All ACK Length is '0'
     36          #define MSG_PC_ON           'P1'    // PC sever 'ON'
     37          #define ACK_PC_ON           'p1'    
     38          #define LENGTH_PC_ON        0
     39          #define MSG_PC_OFF          'P0'    // PC sever 'OFF'
     40          #define ACK_PC_OFF          'p0'
     41          #define LENGTH_PC_OFF       0
     42          #define MSG_MAIN_ON         'M1'    // MAIN 'ON'
     43          #define ACK_MAIN_ON         'm1'
     44          #define LENGTH_MAIN_ON      0
     45          #define MSG_MAIN_OFF        'M0'    // MAIN 'OFF'
     46          #define ACK_MAIN_OFF        'm0'
     47          #define LENGTH_MAIN_OFF     0
     48          #define MSG_IDNO_ETS        'I0'    // RFID(ETS) ID data
     49          #define ACK_IDNO_ETS        'i0' 
     50          #define ACK_PC              'AC'    // ACK for receive packet
     51          #define NAK_PC              'NT'    // NAK for receive packet 
     52          #define LENGTH_IDNO_ETS     16
     53          
     54          

   \                                 In segment DATA_Z, align 4, align-sorted
     55          unsigned char PacketBufPC[MAX_TX_PROCESS][PACKET_BUF_SIZE];
   \                     PacketBufPC:
   \   00000000                      DS8 640
     56          unsigned char MsgStep[MAX_TX_PROCESS];
     57          short AckBufPC[MAX_TX_PROCESS];
     58          unsigned char RxBufPC[RX_SIZE_PC * 2];
     59          unsigned char CardDataPC[DATA_SIZE_PC];
     60          unsigned char OldDataPC[DATA_SIZE_PC];
     61          unsigned char StepPCrx, ErrPC, WaitPC;
     62          unsigned char RxPC;
     63          unsigned char MsgLengthPC;
     64          unsigned char AckNoPC;
     65          char DetectSTX;
     66          short MsgPC;
     67          
     68          char TxPC, ErrTxPC, WaitTxPC, TxLengthPC;
     69          short Tx2Space;
     70          char IndexPC;     // Process Index no
     71          

   \                                 In segment CODE, align 4, keep-with-next
     72          void print_data_PC(char data)
     73          {
   \                     print_data_PC:
   \   00000000   00B5               PUSH     {LR}
     74            if (data == STX_PC) data = '>';
   \   00000002   0228               CMP      R0,#+2
   \   00000004   01D1               BNE      ??print_data_PC_0
   \   00000006   3E20               MOVS     R0,#+62
   \   00000008   02E0               B        ??print_data_PC_1
     75             else if (data == ETX_PC) data = '\n';
   \                     ??print_data_PC_0:
   \   0000000A   0328               CMP      R0,#+3
   \   0000000C   00D1               BNE      ??print_data_PC_1
   \   0000000E   0A20               MOVS     R0,#+10
     76            putchar_dp(data);
   \                     ??print_data_PC_1:
   \   00000010   ........           _BLF     putchar_dp,??putchar_dp??rT
     77          }
   \   00000014   01BC               POP      {R0}
   \   00000016   0047               BX       R0               ;; return
     78          

   \                                 In segment CODE, align 4, keep-with-next
     79          short massage_compile_PC(void)
     80          {
   \                     massage_compile_PC:
   \   00000000   30B5               PUSH     {R4,R5,LR}
     81            short msg;
     82            msg = RxBufPC[1]<<8 | RxBufPC[2];
   \   00000002   ....               LDR      R0,??DataTable12  ;; RxBufPC
   \   00000004   4178               LDRB     R1,[R0, #+1]
   \   00000006   0902               LSLS     R1,R1,#+8
   \   00000008   8478               LDRB     R4,[R0, #+2]
   \   0000000A   0C43               ORRS     R4,R4,R1
   \   0000000C   2404               LSLS     R4,R4,#+16
   \   0000000E   2414               ASRS     R4,R4,#+16
     83            AckNoPC = ascii2byte(RxBufPC[3], RxBufPC[4]);
   \   00000010   ....               LDR      R5,??DataTable11  ;; StepPCrx
   \   00000012   0179               LDRB     R1,[R0, #+4]
   \   00000014   C078               LDRB     R0,[R0, #+3]
   \   00000016   ........           _BLF     ascii2byte,??ascii2byte??rT
   \   0000001A   6871               STRB     R0,[R5, #+5]
     84            if ((msg == ACK_PC)|(msg == NAK_PC)) AckBufPC[AckNoPC] = msg;
   \   0000001C   ....               LDR      R0,??DataTable2  ;; 0x4143
   \   0000001E   8442               CMP      R4,R0
   \   00000020   02D0               BEQ      ??massage_compile_PC_0
   \   00000022   ....               LDR      R0,??DataTable3  ;; 0x4e54
   \   00000024   8442               CMP      R4,R0
   \   00000026   03D1               BNE      ??massage_compile_PC_1
   \                     ??massage_compile_PC_0:
   \   00000028   6879               LDRB     R0,[R5, #+5]
   \   0000002A   4000               LSLS     R0,R0,#+1
   \   0000002C   2818               ADDS     R0,R5,R0
   \   0000002E   0484               STRH     R4,[R0, #+32]
     85            return msg;
   \                     ??massage_compile_PC_1:
   \   00000030   2000               MOVS     R0,R4
   \   00000032   ....               B.N      ?Subroutine24
     86          }

   \                                 In segment CODE, align 4, keep-with-next
   \                     ?Subroutine24:
   \   00000000   30BC               POP      {R4,R5}
   \   00000002   02BC               POP      {R1}
   \   00000004   0847               BX       R1               ;; return
     87          

   \                                 In segment CODE, align 4, keep-with-next
     88          void print_packet_data_PC(void)
     89          {
   \                     print_packet_data_PC:
   \   00000000   30B5               PUSH     {R4,R5,LR}
     90            char lp;
     91            putchar_dp('\n');
   \   00000002   0A20               MOVS     R0,#+10
   \   00000004   ........           _BLF     putchar_dp,??putchar_dp??rT
     92            print_byte2ascii(RxPC);
   \   00000008   ....               LDR      R4,??DataTable11  ;; StepPCrx
   \   0000000A   E078               LDRB     R0,[R4, #+3]
   \   0000000C   ........           _BLF     print_byte2ascii,??print_byte2ascii??rT
     93            cursor_move_left();
   \   00000010   ........           _BLF     cursor_move_left,??cursor_move_left??rT
     94            //print_byte2ascii(ErrPC);
     95            for (lp = 0; lp < RxPC; lp++) print_data_PC(RxBufPC[lp]);
   \   00000014   0025               MOVS     R5,#+0
   \   00000016   06E0               B        ??print_packet_data_PC_0
   \                     ??print_packet_data_PC_1:
   \   00000018   ....               LDR      R1,??DataTable12  ;; RxBufPC
   \   0000001A   485D               LDRB     R0,[R1, R5]
   \   0000001C   ........           BL       print_data_PC
   \   00000020   6D1C               ADDS     R5,R5,#+1
   \   00000022   2D06               LSLS     R5,R5,#+24
   \   00000024   2D0E               LSRS     R5,R5,#+24
   \                     ??print_packet_data_PC_0:
   \   00000026   E178               LDRB     R1,[R4, #+3]
   \   00000028   8D42               CMP      R5,R1
   \   0000002A   F5D3               BCC      ??print_packet_data_PC_1
     96          }
   \   0000002C   ....               B.N      ?Subroutine25

   \                                 In segment CODE, align 4, keep-with-next
   \                     ?Subroutine25:
   \   00000000   30BC               POP      {R4,R5}
   \   00000002   01BC               POP      {R0}
   \   00000004   0047               BX       R0               ;; return
   \   00000006   C046               Nop      
   \                     ??Subroutine25_0:
   \   00000008   ........           DC32     `?<Constant "\\nMsgACK:\\n\\003">`
     97          
     98          /**************************************/
     99          /*  Receive Massage Display from PC   */
    100          /* PC에서 수신한 명령패킷 내용을 표시 */
    101          /**************************************/

   \                                 In segment CODE, align 4, keep-with-next
    102          void print_RxMassage_PC(void)
    103          {
   \                     print_RxMassage_PC:
   \   00000000   70B5               PUSH     {R4-R6,LR}
    104            char lp, end;
    105            // Massage display
    106            print_str("\nPC>\3");
   \   00000002   154D               LDR      R5,??print_RxMassage_PC_0  ;; `?<Constant "\\nPC>\\003">`
   \   00000004   2800               MOVS     R0,R5
   \   00000006   ........           _BLF     print_str,??print_str??rT
    107            putchar_dp(RxBufPC[1]);
   \   0000000A   ....               LDR      R4,??DataTable12  ;; RxBufPC
   \   0000000C   6078               LDRB     R0,[R4, #+1]
   \   0000000E   ........           _BLF     putchar_dp,??putchar_dp??rT
    108            putchar_dp(RxBufPC[2]);
   \   00000012   A078               LDRB     R0,[R4, #+2]
   \   00000014   ........           _BLF     putchar_dp,??putchar_dp??rT
    109            print_str(" NO:\3");
   \   00000018   0835               ADDS     R5,R5,#+8
   \   0000001A   2800               MOVS     R0,R5
   \   0000001C   ........           _BLF     print_str,??print_str??rT
    110            // Massage NO display
    111            print_byte2ascii(AckNoPC);
   \   00000020   ....               LDR      R5,??DataTable11  ;; StepPCrx
   \   00000022   6879               LDRB     R0,[R5, #+5]
   \   00000024   ........           _BLF     print_byte2ascii,??print_byte2ascii??rT
    112            //putchar_dp(RxBufPC[3],0);
    113            //putchar_dp(RxBufPC[4],0);
    114            // if Msg data exgist, data display
    115            if (MsgLengthPC)
   \   00000028   2879               LDRB     R0,[R5, #+4]
   \   0000002A   0028               CMP      R0,#+0
   \   0000002C   10D0               BEQ      ??print_RxMassage_PC_1
    116            {
    117              print_str("\n\3");
   \   0000002E   0BA0               ADR      R0,??print_RxMassage_PC_0+0x4  ;; "\n"
   \   00000030   ........           _BLF     print_str,??print_str??rT
    118              end = MsgLengthPC + 5;
   \   00000034   2D79               LDRB     R5,[R5, #+4]
   \   00000036   6D1D               ADDS     R5,R5,#+5
   \   00000038   2D06               LSLS     R5,R5,#+24
   \   0000003A   2D0E               LSRS     R5,R5,#+24
    119              for (lp = 5; lp < end; lp++) putchar_dp(RxBufPC[lp]);
   \   0000003C   0526               MOVS     R6,#+5
   \   0000003E   05E0               B        ??print_RxMassage_PC_2
   \                     ??print_RxMassage_PC_3:
   \   00000040   A05D               LDRB     R0,[R4, R6]
   \   00000042   ........           _BLF     putchar_dp,??putchar_dp??rT
   \   00000046   761C               ADDS     R6,R6,#+1
   \   00000048   3606               LSLS     R6,R6,#+24
   \   0000004A   360E               LSRS     R6,R6,#+24
   \                     ??print_RxMassage_PC_2:
   \   0000004C   AE42               CMP      R6,R5
   \   0000004E   F7D3               BCC      ??print_RxMassage_PC_3
    120            }
    121          }
   \                     ??print_RxMassage_PC_1:
   \   00000050   70BC               POP      {R4-R6}
   \   00000052   01BC               POP      {R0}
   \   00000054   0047               BX       R0               ;; return
   \   00000056   C046               Nop      
   \                     ??print_RxMassage_PC_0:
   \   00000058   ........           DC32     `?<Constant "\\nPC>\\003">`
   \   0000005C   0A030000           DC8      "\n",+0
    122          

   \                                 In segment CODE, align 4, keep-with-next
    123          void print_massage(short msg)
    124          {
   \                     print_massage:
   \   00000000   10B5               PUSH     {R4,LR}
   \   00000002   0400               MOVS     R4,R0
    125            //char code;
    126             if (msg == 'P1') print_str("\nPC>SEVER 'ON'\3");
   \   00000004   1448               LDR      R0,??print_massage_0  ;; `?<Constant "\\nPC>ACK \\'OFF\\'\\003">`
   \   00000006   1549               LDR      R1,??print_massage_0+0x4  ;; 0x5031
   \   00000008   8C42               CMP      R4,R1
   \   0000000A   03D1               BNE      ??print_massage_1
   \   0000000C   1030               ADDS     R0,R0,#+16
   \                     ??print_massage_2:
   \   0000000E   ........           _BLF     print_str,??print_str??rT
   \   00000012   20E0               B        ??print_massage_3
    127              else if (msg == 'P0') print_str("\nPC>SEVER 'OFF'\3");
   \                     ??print_massage_1:
   \   00000014   491E               SUBS     R1,R1,#+1
   \   00000016   8C42               CMP      R4,R1
   \   00000018   01D1               BNE      ??print_massage_4
   \   0000001A   2030               ADDS     R0,R0,#+32
   \   0000001C   F7E7               B.N      ??print_massage_2
    128              else if (msg == 'p1') print_str("\nPC>ACK 'ON'\3");
   \                     ??print_massage_4:
   \   0000001E   1049               LDR      R1,??print_massage_0+0x8  ;; 0x7031
   \   00000020   8C42               CMP      R4,R1
   \   00000022   03D1               BNE      ??print_massage_5
   \   00000024   3430               ADDS     R0,R0,#+52
   \   00000026   ........           _BLF     print_str,??print_str??rT
   \   0000002A   14E0               B        ??print_massage_3
    129              else if (msg == 'p0') print_str("\nPC>ACK 'OFF'\3");
   \                     ??print_massage_5:
   \   0000002C   491E               SUBS     R1,R1,#+1
   \   0000002E   8C42               CMP      R4,R1
   \   00000030   EDD0               BEQ      ??print_massage_2
    130              else if (msg == 'I0') print_RxMassage_PC();
   \   00000032   0C49               LDR      R1,??print_massage_0+0xC  ;; 0x4930
   \   00000034   8C42               CMP      R4,R1
   \   00000036   02D1               BNE      ??print_massage_6
   \   00000038   ........           BL       print_RxMassage_PC
   \   0000003C   0BE0               B        ??print_massage_3
    131              else 
    132              {
    133                print_str("\nPC>msg?:\3");
   \                     ??print_massage_6:
   \   0000003E   4430               ADDS     R0,R0,#+68
   \   00000040   ........           _BLF     print_str,??print_str??rT
    134                putchar_dp(msg >> 8);
   \   00000044   2012               ASRS     R0,R4,#+8
   \   00000046   0004               LSLS     R0,R0,#+16
   \   00000048   000C               LSRS     R0,R0,#+16
   \   0000004A   ........           _BLF     putchar_dp,??putchar_dp??rT
    135                putchar_dp(msg);
   \   0000004E   2004               LSLS     R0,R4,#+16
   \   00000050   000C               LSRS     R0,R0,#+16
   \   00000052   ........           _BLF     putchar_dp,??putchar_dp??rT
    136              }
    137          }
   \                     ??print_massage_3:
   \   00000056   ....               B.N      ?Subroutine26
   \                     ??print_massage_0:
   \   00000058   ........           DC32     `?<Constant "\\nPC>ACK \\'OFF\\'\\003">`
   \   0000005C   31500000           DC32     0x5031
   \   00000060   31700000           DC32     0x7031
   \   00000064   30490000           DC32     0x4930

   \                                 In segment CODE, align 4, keep-with-next
   \                     ?Subroutine26:
   \   00000000   10BC               POP      {R4}
   \   00000002   01BC               POP      {R0}
   \   00000004   0047               BX       R0               ;; return
    138          

   \                                 In segment CODE, align 4, keep-with-next
    139          char rx_sum_check_PC(void)
    140          {
   \                     rx_sum_check_PC:
   \   00000000   F1B5               PUSH     {R0,R4-R7,LR}
    141            char lp, err;
    142            short sum, rxsum;
    143            err = 0;
   \   00000002   0024               MOVS     R4,#+0
   \   00000004   0094               STR      R4,[SP, #+0]
    144            sum = 0;
    145            rxsum = ascii2short(RxBufPC[RxPC-5], RxBufPC[RxPC-4],RxBufPC[RxPC-3], RxBufPC[RxPC-2]);
   \   00000006   ....               LDR      R5,??DataTable11  ;; StepPCrx
   \   00000008   ....               LDR      R6,??DataTable12  ;; RxBufPC
   \   0000000A   E878               LDRB     R0,[R5, #+3]
   \   0000000C   3018               ADDS     R0,R6,R0
   \   0000000E   401F               SUBS     R0,R0,#+5
   \   00000010   C378               LDRB     R3,[R0, #+3]
   \   00000012   8278               LDRB     R2,[R0, #+2]
   \   00000014   4178               LDRB     R1,[R0, #+1]
   \   00000016   0078               LDRB     R0,[R0, #+0]
   \   00000018   ........           _BLF     ascii2short,??ascii2short??rT
   \   0000001C   0704               LSLS     R7,R0,#+16
   \   0000001E   3F14               ASRS     R7,R7,#+16
    146            for (lp = 1; lp < RxPC - 5; lp++) sum = sum + RxBufPC[lp];
   \   00000020   0120               MOVS     R0,#+1
   \   00000022   0121               MOVS     R1,#+1
   \   00000024   06E0               B        ??rx_sum_check_PC_0
   \                     ??rx_sum_check_PC_1:
   \   00000026   725C               LDRB     R2,[R6, R1]
   \   00000028   A418               ADDS     R4,R4,R2
   \   0000002A   2404               LSLS     R4,R4,#+16
   \   0000002C   2414               ASRS     R4,R4,#+16
   \   0000002E   491C               ADDS     R1,R1,#+1
   \   00000030   0906               LSLS     R1,R1,#+24
   \   00000032   090E               LSRS     R1,R1,#+24
   \                     ??rx_sum_check_PC_0:
   \   00000034   EB78               LDRB     R3,[R5, #+3]
   \   00000036   5B1F               SUBS     R3,R3,#+5
   \   00000038   9942               CMP      R1,R3
   \   0000003A   F4DB               BLT      ??rx_sum_check_PC_1
    147            if (rxsum != sum) err = 1;
   \   0000003C   A742               CMP      R7,R4
   \   0000003E   0FD0               BEQ      ??rx_sum_check_PC_2
   \   00000040   0090               STR      R0,[SP, #+0]
    148            if (err) 
    149            {
    150              print_str("\nRxSum:\3");
   \   00000042   ....               LDR      R5,??DataTable10  ;; `?<Constant "\\nTxSum:\\003">`
   \   00000044   2800               MOVS     R0,R5
   \   00000046   0C30               ADDS     R0,R0,#+12
   \   00000048   ........           _BLF     print_str,??print_str??rT
    151              print_short2ascii(rxsum);
   \   0000004C   3800               MOVS     R0,R7
   \   0000004E   ........           _BLF     print_short2ascii,??print_short2ascii??rT
    152              print_str(" Sum:\3");
   \   00000052   1835               ADDS     R5,R5,#+24
   \   00000054   2800               MOVS     R0,R5
   \   00000056   ........           _BLF     print_str,??print_str??rT
    153              print_short2ascii(sum);
   \   0000005A   2000               MOVS     R0,R4
   \   0000005C   ........           _BLF     print_short2ascii,??print_short2ascii??rT
    154            }
    155            return err;
   \                     ??rx_sum_check_PC_2:
   \   00000060   0098               LDR      R0,[SP, #+0]
   \   00000062   0006               LSLS     R0,R0,#+24
   \   00000064   000E               LSRS     R0,R0,#+24
   \   00000066   F8BC               POP      {R3-R7}
   \   00000068   02BC               POP      {R1}
   \   0000006A   0847               BX       R1               ;; return
    156          }
    157          

   \                                 In segment CODE, align 4, keep-with-next
    158          char rx_length_check_PC(void)
    159          {
   \                     rx_length_check_PC:
   \   00000000   10B5               PUSH     {R4,LR}
    160            char err;
    161            MsgLengthPC = ascii2byte(RxBufPC[5], RxBufPC[6]);
   \   00000002   ....               LDR      R4,??DataTable11  ;; StepPCrx
   \   00000004   ....               LDR      R0,??DataTable12  ;; RxBufPC
   \   00000006   8179               LDRB     R1,[R0, #+6]
   \   00000008   4079               LDRB     R0,[R0, #+5]
   \   0000000A   ........           _BLF     ascii2byte,??ascii2byte??rT
   \   0000000E   2071               STRB     R0,[R4, #+4]
    162            err = 0;
   \   00000010   0020               MOVS     R0,#+0
    163            if (MsgLengthPC < (RxPC - 12)) err = 1;
   \   00000012   E178               LDRB     R1,[R4, #+3]
   \   00000014   0C39               SUBS     R1,R1,#+12
   \   00000016   2279               LDRB     R2,[R4, #+4]
   \   00000018   8A42               CMP      R2,R1
   \   0000001A   01DA               BGE      ??rx_length_check_PC_0
   \   0000001C   0120               MOVS     R0,#+1
   \   0000001E   02E0               B        ??rx_length_check_PC_1
    164             else if (MsgLengthPC > (RxPC - 12)) err = 2;
   \                     ??rx_length_check_PC_0:
   \   00000020   9142               CMP      R1,R2
   \   00000022   00DA               BGE      ??rx_length_check_PC_1
   \   00000024   0220               MOVS     R0,#+2
    165            //print_byte2ascii(CmdLengthPC);
    166            //print_byte2ascii(RxPC);
    167            return err;
   \                     ??rx_length_check_PC_1:
   \   00000026   ....               B.N      ?Subroutine27
    168          }

   \                                 In segment CODE, align 4, keep-with-next
   \                     ?Subroutine27:
   \   00000000   10BC               POP      {R4}
   \   00000002   02BC               POP      {R1}
   \   00000004   0847               BX       R1               ;; return
    169          

   \                                 In segment CODE, align 4, keep-with-next
    170          char rx_msg_check_PC(void)
    171          {
    172            char err;
    173            //short msg;
    174            err = 0;
    175            return err;
   \                     rx_msg_check_PC:
   \   00000000   0020               MOVS     R0,#+0
   \   00000002   7047               BX       LR               ;; return
    176          }
    177          
    178          /**********************************/
    179          /* data receive from PC by usartD */
    180          /**********************************/

   \                                 In segment CODE, align 4, keep-with-next
    181          void link_receive_PC(void)
    182          {
   \                     link_receive_PC:
   \   00000000   F0B5               PUSH     {R4-R7,LR}
    183            unsigned char data;
    184            switch (StepPCrx) 
   \   00000002   504C               LDR      R4,??link_receive_PC_1  ;; StepPCrx
   \   00000004   6178               LDRB     R1,[R4, #+1]
   \   00000006   2078               LDRB     R0,[R4, #+0]
   \   00000008   4F4D               LDR      R5,??link_receive_PC_1+0x4  ;; ErrUsart2
   \   0000000A   0126               MOVS     R6,#+1
   \   0000000C   0027               MOVS     R7,#+0
   \   0000000E   421E               SUBS     R2,R0,#+1
   \   00000010   042A               CMP      R2,#+4
   \   00000012   15D8               BHI      ??link_receive_PC_2
   \   00000014   01A3               ADR      R3,??link_receive_PC_0
   \   00000016   9B5C               LDRB     R3,[R3, R2]
   \   00000018   5B00               LSLS     R3,R3,#+1
   \   0000001A   9F44               ADD      PC,PC,R3
   \                     ??link_receive_PC_0:
   \   0000001C   0225365D           DC8      +2,+37,+54,+93
   \   00000020   8F00               DC8      +143,+0
    185            {
    186            case 0:   // Receive stop status
    187             // 정지상태에서는 수신된 데이터를 포기
    188             //if (RxUSARTD) data = getchar2();
    189             return;
    190           
    191            case 1:   // 수신을 준비, 데이터가 수신되면 다음 단계로 이동
    192              RxPC = 0;
   \                     ??link_receive_PC_3:
   \   00000022   E770               STRB     R7,[R4, #+3]
    193              ErrPC = 0;
   \   00000024   6770               STRB     R7,[R4, #+1]
    194              ErrUsart2 = 0;
   \   00000026   2F70               STRB     R7,[R5, #+0]
    195              DetectSTX = 0;
   \   00000028   A771               STRB     R7,[R4, #+6]
    196              WaitPC = 0;
   \   0000002A   A770               STRB     R7,[R4, #+2]
    197              if (RxUSARTD) StepPCrx++;
   \   0000002C   4749               LDR      R1,??link_receive_PC_1+0x8  ;; rx_rd_index2
   \   0000002E   0022               MOVS     R2,#+0
   \   00000030   895E               LDRSH    R1,[R1, R2]
   \   00000032   474A               LDR      R2,??link_receive_PC_1+0xC  ;; rx_wr_index2
   \   00000034   0023               MOVS     R3,#+0
   \   00000036   D25E               LDRSH    R2,[R2, R3]
   \   00000038   9142               CMP      R1,R2
   \   0000003A   01D0               BEQ      ??link_receive_PC_2
   \                     ??link_receive_PC_4:
   \   0000003C   401C               ADDS     R0,R0,#+1
   \   0000003E   2070               STRB     R0,[R4, #+0]
   \                     ??link_receive_PC_2:
   \   00000040   7EE0               B        ??link_receive_PC_5
    198              return;
    199           
    200            case 2:   // 일단 수신된 모든 데이터를 read
    201              while (RxUSARTD) 
    202              {
    203                 data = getchar2();
   \                     ??link_receive_PC_6:
   \   00000042   ........           _BLF     getchar2,??getchar2??rT
    204                 if (ErrUsart2 != 0) ErrPC = ErrUsart2;
   \   00000046   2978               LDRB     R1,[R5, #+0]
   \   00000048   0029               CMP      R1,#+0
   \   0000004A   00D0               BEQ      ??link_receive_PC_7
   \   0000004C   6170               STRB     R1,[R4, #+1]
    205                 if ((!DetectSTX)&(data == STX_PC))
   \                     ??link_receive_PC_7:
   \   0000004E   A179               LDRB     R1,[R4, #+6]
   \   00000050   0029               CMP      R1,#+0
   \   00000052   03D1               BNE      ??link_receive_PC_8
   \   00000054   0228               CMP      R0,#+2
   \   00000056   01D1               BNE      ??link_receive_PC_8
    206                 {
    207                   DetectSTX = 1;
   \   00000058   A671               STRB     R6,[R4, #+6]
    208                   RxPC = 0;  // 처음으로 STX_PC가 수신되면 수신패킷 시작
   \   0000005A   E770               STRB     R7,[R4, #+3]
    209                 }
    210                 RxBufPC[RxPC++] = data;
   \                     ??link_receive_PC_8:
   \   0000005C   E178               LDRB     R1,[R4, #+3]
   \   0000005E   ....               LDR      R2,??DataTable15  ;; RxBufPC
   \   00000060   5054               STRB     R0,[R2, R1]
   \   00000062   491C               ADDS     R1,R1,#+1
   \   00000064   E170               STRB     R1,[R4, #+3]
    211                 //print_data_PC(data);             // test code       
    212                 //print_byte2ascii(data);          // test code
    213                 WaitPC = 0;
   \   00000066   A770               STRB     R7,[R4, #+2]
    214              }
   \                     ??link_receive_PC_9:
   \   00000068   3848               LDR      R0,??link_receive_PC_1+0x8  ;; rx_rd_index2
   \   0000006A   0021               MOVS     R1,#+0
   \   0000006C   405E               LDRSH    R0,[R0, R1]
   \   0000006E   3849               LDR      R1,??link_receive_PC_1+0xC  ;; rx_wr_index2
   \   00000070   0022               MOVS     R2,#+0
   \   00000072   895E               LDRSH    R1,[R1, R2]
   \   00000074   8842               CMP      R0,R1
   \   00000076   E4D1               BNE      ??link_receive_PC_6
    215              // 10 cycle(20mS) 동안 데이터 수신이 없으면  데이터 수신 종료
    216              if (++WaitPC > 10) StepPCrx++;
   \   00000078   A078               LDRB     R0,[R4, #+2]
   \   0000007A   401C               ADDS     R0,R0,#+1
   \   0000007C   A070               STRB     R0,[R4, #+2]
   \   0000007E   0006               LSLS     R0,R0,#+24
   \   00000080   000E               LSRS     R0,R0,#+24
   \   00000082   0B28               CMP      R0,#+11
   \   00000084   5CD3               BCC      ??link_receive_PC_5
   \   00000086   2078               LDRB     R0,[R4, #+0]
   \   00000088   D8E7               B.N      ??link_receive_PC_4
    217              return;
    218           
    219            case 3:   // 수신된 데이터를 검사
    220              
    221              //RxPC--;
    222              //print_byte2ascii(RxPC);
    223              //print_byte2ascii(ErrPC);
    224            //MASSAGE_PC,LENGTH = RxBufPC[0];
    225              if (ErrPC == 0)
   \                     ??link_receive_PC_10:
   \   0000008A   0029               CMP      R1,#+0
   \   0000008C   20D1               BNE      ??link_receive_PC_11
    226              {
    227                if (RxBufPC[0] != STX_PC) ErrPC = 1;
   \   0000008E   ....               LDR      R0,??DataTable15  ;; RxBufPC
   \   00000090   0078               LDRB     R0,[R0, #+0]
   \   00000092   0228               CMP      R0,#+2
   \   00000094   01D0               BEQ      ??link_receive_PC_12
   \   00000096   6670               STRB     R6,[R4, #+1]
   \   00000098   1AE0               B        ??link_receive_PC_11
    228                 else if (RxBufPC[RxPC-1] != ETX_PC) ErrPC = 2;
   \                     ??link_receive_PC_12:
   \   0000009A   E078               LDRB     R0,[R4, #+3]
   \   0000009C   ....               LDR      R1,??DataTable15  ;; RxBufPC
   \   0000009E   0818               ADDS     R0,R1,R0
   \   000000A0   401E               SUBS     R0,R0,#+1
   \   000000A2   0078               LDRB     R0,[R0, #+0]
   \   000000A4   0328               CMP      R0,#+3
   \   000000A6   01D0               BEQ      ??link_receive_PC_13
   \   000000A8   0220               MOVS     R0,#+2
   \   000000AA   10E0               B.N      ??link_receive_PC_14
    229                 else if (rx_sum_check_PC() != 0) ErrPC = 3;
   \                     ??link_receive_PC_13:
   \   000000AC   ........           BL       rx_sum_check_PC
   \   000000B0   0028               CMP      R0,#+0
   \   000000B2   01D0               BEQ      ??link_receive_PC_15
   \   000000B4   0320               MOVS     R0,#+3
   \   000000B6   0AE0               B.N      ??link_receive_PC_14
    230                 else if (rx_length_check_PC() == 1) ErrPC = 4;
   \                     ??link_receive_PC_15:
   \   000000B8   ........           BL       rx_length_check_PC
   \   000000BC   0128               CMP      R0,#+1
   \   000000BE   01D1               BNE      ??link_receive_PC_16
   \   000000C0   0420               MOVS     R0,#+4
   \   000000C2   04E0               B.N      ??link_receive_PC_14
    231                 else if (rx_length_check_PC() == 2) ErrPC = 5;
   \                     ??link_receive_PC_16:
   \   000000C4   ........           BL       rx_length_check_PC
   \   000000C8   0228               CMP      R0,#+2
   \   000000CA   01D1               BNE      ??link_receive_PC_11
   \   000000CC   0520               MOVS     R0,#+5
   \                     ??link_receive_PC_14:
   \   000000CE   6070               STRB     R0,[R4, #+1]
    232                 else if (rx_msg_check_PC() != 0) ErrPC = 6;
    233              }
    234              StepPCrx++;
   \                     ??link_receive_PC_11:
   \   000000D0   2078               LDRB     R0,[R4, #+0]
   \   000000D2   401C               ADDS     R0,R0,#+1
   \   000000D4   2070               STRB     R0,[R4, #+0]
    235              return;
   \   000000D6   33E0               B        ??link_receive_PC_5
    236              
    237            case 4:   // 수신되 데이터를 처리
    238              if (ErrPC == 0) 
   \                     ??link_receive_PC_17:
   \   000000D8   0029               CMP      R1,#+0
   \   000000DA   05D1               BNE      ??link_receive_PC_18
    239              {
    240                MsgPC = massage_compile_PC();
   \   000000DC   ........           BL       massage_compile_PC
   \   000000E0   A083               STRH     R0,[R4, #+28]
    241                print_RxMassage_PC();
   \   000000E2   ........           BL       print_RxMassage_PC
   \   000000E6   27E0               B        ??link_receive_PC_19
    242                //print_packet_data_PC();     // test code
    243                //print_massage(MsgPC);       // test code
    244              } else if (ErrPC == 1) print_str("\nPC>STX Err\3");
   \                     ??link_receive_PC_18:
   \   000000E8   1A48               LDR      R0,??link_receive_PC_1+0x10  ;; `?<Constant "\\nPC>SHORT Err\\003">`
   \   000000EA   0129               CMP      R1,#+1
   \   000000EC   01D1               BNE      ??link_receive_PC_20
   \   000000EE   7C30               ADDS     R0,R0,#+124
   \   000000F0   20E0               B.N      ??link_receive_PC_21
    245                else if (ErrPC == 2) print_str("\nPC>ETX Err\3");
   \                     ??link_receive_PC_20:
   \   000000F2   0229               CMP      R1,#+2
   \   000000F4   01D1               BNE      ??link_receive_PC_22
   \   000000F6   8C30               ADDS     R0,R0,#+140
   \   000000F8   1CE0               B.N      ??link_receive_PC_21
    246                else if (ErrPC == 3) print_str("\nPC>SUM Err\3");
   \                     ??link_receive_PC_22:
   \   000000FA   0329               CMP      R1,#+3
   \   000000FC   01D1               BNE      ??link_receive_PC_23
   \   000000FE   9C30               ADDS     R0,R0,#+156
   \   00000100   18E0               B.N      ??link_receive_PC_21
    247                else if (ErrPC == 4) print_str("\nPC>OVER Err\3"); 
   \                     ??link_receive_PC_23:
   \   00000102   0429               CMP      R1,#+4
   \   00000104   01D1               BNE      ??link_receive_PC_24
   \   00000106   6C30               ADDS     R0,R0,#+108
   \   00000108   14E0               B.N      ??link_receive_PC_21
    248                else if (ErrPC == 5) print_str("\nPC>SHORT Err\3"); 
   \                     ??link_receive_PC_24:
   \   0000010A   0529               CMP      R1,#+5
   \   0000010C   12D0               BEQ      ??link_receive_PC_21
    249                else if (ErrPC == 6) print_str("\nPC>Invarid CMD\3");
   \   0000010E   0629               CMP      R1,#+6
   \   00000110   01D1               BNE      ??link_receive_PC_25
   \   00000112   1030               ADDS     R0,R0,#+16
   \   00000114   0EE0               B.N      ??link_receive_PC_21
    250                else if (ErrPC == 'B') print_str("\nPC>Buffer Full3");
   \                     ??link_receive_PC_25:
   \   00000116   4229               CMP      R1,#+66
   \   00000118   01D1               BNE      ??link_receive_PC_26
   \   0000011A   2430               ADDS     R0,R0,#+36
   \   0000011C   0AE0               B.N      ??link_receive_PC_21
    251                else if (ErrPC == 'O') print_str("\nPC>OverFlow Err3");
   \                     ??link_receive_PC_26:
   \   0000011E   4F29               CMP      R1,#+79
   \   00000120   01D1               BNE      ??link_receive_PC_27
   \   00000122   3830               ADDS     R0,R0,#+56
   \   00000124   06E0               B.N      ??link_receive_PC_21
    252                else if (ErrPC == 'P') print_str("\nPC>Parity Err\3");
   \                     ??link_receive_PC_27:
   \   00000126   5029               CMP      R1,#+80
   \   00000128   01D1               BNE      ??link_receive_PC_28
   \   0000012A   4C30               ADDS     R0,R0,#+76
   \   0000012C   02E0               B.N      ??link_receive_PC_21
    253                else if (ErrPC == 'F') print_str("\nPC>Frame Err\3");
   \                     ??link_receive_PC_28:
   \   0000012E   4629               CMP      R1,#+70
   \   00000130   02D1               BNE      ??link_receive_PC_19
   \   00000132   5C30               ADDS     R0,R0,#+92
   \                     ??link_receive_PC_21:
   \   00000134   ........           _BLF     print_str,??print_str??rT
    254              StepPCrx++;
   \                     ??link_receive_PC_19:
   \   00000138   2078               LDRB     R0,[R4, #+0]
   \   0000013A   7FE7               B.N      ??link_receive_PC_4
    255              return;
    256          
    257            case 5:
    258              ErrPC = 0;
   \                     ??link_receive_PC_29:
   \   0000013C   6770               STRB     R7,[R4, #+1]
    259              StepPCrx = 1;    // 데이터 수신을 반복
   \   0000013E   2670               STRB     R6,[R4, #+0]
    260              return;
   \                     ??link_receive_PC_5:
   \   00000140   ....               B.N      ?Subroutine28
   \   00000142   C046               Nop      
   \                     ??link_receive_PC_1:
   \   00000144   ........           DC32     StepPCrx
   \   00000148   ........           DC32     ErrUsart2
   \   0000014C   ........           DC32     rx_rd_index2
   \   00000150   ........           DC32     rx_wr_index2
   \   00000154   ........           DC32     `?<Constant "\\nPC>SHORT Err\\003">`
    261           }
    262          }

   \                                 In segment CODE, align 4, keep-with-next
   \                     ?Subroutine28:
   \   00000000   F0BC               POP      {R4-R7}
   \   00000002   01BC               POP      {R0}
   \   00000004   0047               BX       R0               ;; return
    263          
    264          /**************************************/
    265          /*  Transmit Process find for PC      */
    266          /* 사용가능한 process 의 존재를 검사  */
    267          /**************************************/

   \                                 In segment CODE, align 4, keep-with-next
    268          char find_free_process_PC(void)
    269          {
   \                     find_free_process_PC:
   \   00000000   30B5               PUSH     {R4,R5,LR}
    270            char lp;
    271            lp = 0;
   \   00000002   0020               MOVS     R0,#+0
    272            if (MsgStep[lp])
   \   00000004   ....               LDR      R2,??DataTable32  ;; StepPCrx
   \   00000006   137C               LDRB     R3,[R2, #+16]
   \   00000008   002B               CMP      R3,#+0
   \   0000000A   10D0               BEQ      ??find_free_process_PC_0
    273             do lp++; while ((MsgStep[lp])&(lp < MAX_TX_PROCESS));
   \                     ??find_free_process_PC_1:
   \   0000000C   401C               ADDS     R0,R0,#+1
   \   0000000E   0006               LSLS     R0,R0,#+24
   \   00000010   000E               LSRS     R0,R0,#+24
   \   00000012   0A28               CMP      R0,#+10
   \   00000014   01D2               BCS      ??find_free_process_PC_2
   \   00000016   0123               MOVS     R3,#+1
   \   00000018   00E0               B        ??find_free_process_PC_3
   \                     ??find_free_process_PC_2:
   \   0000001A   0023               MOVS     R3,#+0
   \                     ??find_free_process_PC_3:
   \   0000001C   1418               ADDS     R4,R2,R0
   \   0000001E   247C               LDRB     R4,[R4, #+16]
   \   00000020   0125               MOVS     R5,#+1
   \   00000022   2540               ANDS     R5,R5,R4
   \   00000024   1D42               TST      R5,R3
   \   00000026   F1D1               BNE      ??find_free_process_PC_1
    274            if (lp >= MAX_TX_PROCESS) lp = 0xFF;
   \   00000028   0A28               CMP      R0,#+10
   \   0000002A   00D3               BCC      ??find_free_process_PC_0
   \   0000002C   FF20               MOVS     R0,#+255
   \                     ??find_free_process_PC_0:
   \   0000002E   C046               Nop      
    275            return lp; 
   \   00000030                      REQUIRE ?Subroutine24
   \   00000030                      ;; // Fall through to label ?Subroutine24
    276          }
    277          
    278          /**************************************/
    279          /*  Transmit Process find for PC      */
    280          /* 처리해야할 process 의 존재를 검사  */
    281          /**************************************/
    282          #define NO_PROCESS    0xFE
    283          #define PROCESS_FULL  0xFF

   \                                 In segment CODE, align 4, keep-with-next
    284          char find_busy_process_PC(char index)
    285          {
   \                     find_busy_process_PC:
   \   00000000   10B5               PUSH     {R4,LR}
    286            char lp, find;
    287            lp = 0;
   \   00000002   0023               MOVS     R3,#+0
    288            find = 0;
   \   00000004   0022               MOVS     R2,#+0
    289            do 
    290            {
    291              if (++index >= MAX_TX_PROCESS) index = 0;
   \                     ??find_busy_process_PC_0:
   \   00000006   401C               ADDS     R0,R0,#+1
   \   00000008   0006               LSLS     R0,R0,#+24
   \   0000000A   000E               LSRS     R0,R0,#+24
   \   0000000C   0A28               CMP      R0,#+10
   \   0000000E   00D3               BCC      ??find_busy_process_PC_1
   \   00000010   0020               MOVS     R0,#+0
    292              if (MsgStep[index]) find = 1;
   \                     ??find_busy_process_PC_1:
   \   00000012   ....               LDR      R4,??DataTable32  ;; StepPCrx
   \   00000014   2418               ADDS     R4,R4,R0
   \   00000016   247C               LDRB     R4,[R4, #+16]
   \   00000018   002C               CMP      R4,#+0
   \   0000001A   00D0               BEQ      ??find_busy_process_PC_2
   \   0000001C   0122               MOVS     R2,#+1
    293              lp++;
   \                     ??find_busy_process_PC_2:
   \   0000001E   5B1C               ADDS     R3,R3,#+1
   \   00000020   1B06               LSLS     R3,R3,#+24
   \   00000022   1B0E               LSRS     R3,R3,#+24
    294            }
    295            while ((!find)&(lp < MAX_TX_PROCESS));
   \   00000024   1400               MOVS     R4,R2
   \   00000026   01D1               BNE      ??find_busy_process_PC_3
   \   00000028   0A2B               CMP      R3,#+10
   \   0000002A   ECD3               BCC      ??find_busy_process_PC_0
    296            if (!find) index = NO_PROCESS;
   \                     ??find_busy_process_PC_3:
   \   0000002C   002A               CMP      R2,#+0
   \   0000002E   01D1               BNE      ??find_busy_process_PC_4
   \   00000030   FE20               MOVS     R0,#+254
   \   00000032   02E0               B        ??find_busy_process_PC_5
    297             else if (lp >= MAX_TX_PROCESS) index = PROCESS_FULL;
   \                     ??find_busy_process_PC_4:
   \   00000034   0A2B               CMP      R3,#+10
   \   00000036   00D3               BCC      ??find_busy_process_PC_5
   \   00000038   FF20               MOVS     R0,#+255
   \                     ??find_busy_process_PC_5:
   \   0000003A   C046               Nop      
    298            return index; 
   \   0000003C                      REQUIRE ?Subroutine27
   \   0000003C                      ;; // Fall through to label ?Subroutine27
    299          }
    300          

   \                                 In segment CODE, align 4, keep-with-next
    301          short calc_tx_checksum(char x, char end)
    302          {
   \                     calc_tx_checksum:
   \   00000000   70B5               PUSH     {R4-R6,LR}
   \   00000002   0200               MOVS     R2,R0
    303            short sum;
    304            char lp;
    305            sum = 0;
   \   00000004   0020               MOVS     R0,#+0
    306            for (lp = 1; lp < end; lp++) sum = sum + PacketBufPC[x][lp];
   \   00000006   0123               MOVS     R3,#+1
   \   00000008   ....               LDR      R6,??DataTable21  ;; PacketBufPC
   \   0000000A   08E0               B        ??calc_tx_checksum_0
   \                     ??calc_tx_checksum_1:
   \   0000000C   9501               LSLS     R5,R2,#+6
   \   0000000E   7519               ADDS     R5,R6,R5
   \   00000010   EC5C               LDRB     R4,[R5, R3]
   \   00000012   0019               ADDS     R0,R0,R4
   \   00000014   0004               LSLS     R0,R0,#+16
   \   00000016   0014               ASRS     R0,R0,#+16
   \   00000018   5B1C               ADDS     R3,R3,#+1
   \   0000001A   1B06               LSLS     R3,R3,#+24
   \   0000001C   1B0E               LSRS     R3,R3,#+24
   \                     ??calc_tx_checksum_0:
   \   0000001E   8B42               CMP      R3,R1
   \   00000020   F4D3               BCC      ??calc_tx_checksum_1
    307            return sum;
   \   00000022   70BC               POP      {R4-R6}
   \   00000024   02BC               POP      {R1}
   \   00000026   0847               BX       R1               ;; return
    308          }
    309          

   \                                 In segment CODE, align 4, keep-with-next
    310          char tx_sum_check_PC(char index)
    311          {
   \                     tx_sum_check_PC:
   \   00000000   F0B5               PUSH     {R4-R7,LR}
   \   00000002   0400               MOVS     R4,R0
    312            char err, no;
    313            short sum, txsum;
    314            err = 0;
   \   00000004   0025               MOVS     R5,#+0
    315            sum = 0;
    316            no = TxLengthPC + 7;
   \   00000006   1548               LDR      R0,??tx_sum_check_PC_0  ;; StepPCrx + 10
   \   00000008   0678               LDRB     R6,[R0, #+0]
   \   0000000A   F61D               ADDS     R6,R6,#+7
   \   0000000C   3606               LSLS     R6,R6,#+24
   \   0000000E   360E               LSRS     R6,R6,#+24
    317            txsum = ascii2short(PacketBufPC[index][no],PacketBufPC[index][no+1],
    318                                PacketBufPC[index][no+2], PacketBufPC[index][no+3]);
   \   00000010   A101               LSLS     R1,R4,#+6
   \   00000012   ....               LDR      R2,??DataTable21  ;; PacketBufPC
   \   00000014   5118               ADDS     R1,R2,R1
   \   00000016   8819               ADDS     R0,R1,R6
   \   00000018   C378               LDRB     R3,[R0, #+3]
   \   0000001A   8278               LDRB     R2,[R0, #+2]
   \   0000001C   4178               LDRB     R1,[R0, #+1]
   \   0000001E   0078               LDRB     R0,[R0, #+0]
   \   00000020   ........           _BLF     ascii2short,??ascii2short??rT
   \   00000024   0704               LSLS     R7,R0,#+16
   \   00000026   3F14               ASRS     R7,R7,#+16
    319            sum = calc_tx_checksum(index, no);
   \   00000028   3100               MOVS     R1,R6
   \   0000002A   2000               MOVS     R0,R4
   \   0000002C   ........           BL       calc_tx_checksum
   \   00000030   0400               MOVS     R4,R0
    320            if (txsum != sum) err = 1;
   \   00000032   A742               CMP      R7,R4
   \   00000034   0ED0               BEQ      ??tx_sum_check_PC_1
   \   00000036   0125               MOVS     R5,#+1
    321            if (err) 
    322            {
    323              print_str("\nTxSum:\3");
   \   00000038   ....               LDR      R6,??DataTable20  ;; `?<Constant "\\nTxSum:\\003">`
   \   0000003A   3000               MOVS     R0,R6
   \   0000003C   ........           _BLF     print_str,??print_str??rT
    324              print_short2ascii(txsum);
   \   00000040   3800               MOVS     R0,R7
   \   00000042   ........           _BLF     print_short2ascii,??print_short2ascii??rT
    325              print_str(" Sum:\3");
   \   00000046   1836               ADDS     R6,R6,#+24
   \   00000048   3000               MOVS     R0,R6
   \   0000004A   ........           _BLF     print_str,??print_str??rT
    326              print_short2ascii(sum);
   \   0000004E   2000               MOVS     R0,R4
   \   00000050   ........           _BLF     print_short2ascii,??print_short2ascii??rT
    327            }
    328            return err;
   \                     ??tx_sum_check_PC_1:
   \   00000054   2800               MOVS     R0,R5
   \   00000056   F0BC               POP      {R4-R7}
   \   00000058   02BC               POP      {R1}
   \   0000005A   0847               BX       R1               ;; return
   \                     ??tx_sum_check_PC_0:
   \   0000005C   ........           DC32     StepPCrx + 10
    329          }
    330          

   \                                 In segment CODE, align 4, keep-with-next
    331          char calc_txlength_PC(char index)
    332          {
   \                     calc_txlength_PC:
   \   00000000   10B5               PUSH     {R4,LR}
   \   00000002   0100               MOVS     R1,R0
    333            char lp;
    334            lp = 0;
   \   00000004   0020               MOVS     R0,#+0
   \   00000006   ....               LDR      R4,??DataTable21  ;; PacketBufPC
    335            do lp++; while((PacketBufPC[index][lp] != ETX_PC)&(lp < PACKET_BUF_SIZE));
   \                     ??calc_txlength_PC_0:
   \   00000008   401C               ADDS     R0,R0,#+1
   \   0000000A   0006               LSLS     R0,R0,#+24
   \   0000000C   000E               LSRS     R0,R0,#+24
   \   0000000E   8B01               LSLS     R3,R1,#+6
   \   00000010   E318               ADDS     R3,R4,R3
   \   00000012   1A5C               LDRB     R2,[R3, R0]
   \   00000014   032A               CMP      R2,#+3
   \   00000016   01D0               BEQ      ??calc_txlength_PC_1
   \   00000018   4028               CMP      R0,#+64
   \   0000001A   F5D3               BCC      ??calc_txlength_PC_0
    336            lp++;
    337            return lp;
   \                     ??calc_txlength_PC_1:
   \   0000001C   401C               ADDS     R0,R0,#+1
   \   0000001E   0006               LSLS     R0,R0,#+24
   \   00000020   000E               LSRS     R0,R0,#+24
   \   00000022   ....               B.N      ?Subroutine27
    338          }
    339          

   \                                 In segment CODE, align 4, keep-with-next
    340          char tx_length_check_PC(void)
    341          {
   \                     tx_length_check_PC:
   \   00000000   00B5               PUSH     {LR}
    342            char err;
    343            err = 0;
   \   00000002   0020               MOVS     R0,#+0
    344            if (TxLengthPC < (TxPC - 12)) err = 1;
   \   00000004   ....               LDR      R1,??DataTable32  ;; StepPCrx
   \   00000006   CA79               LDRB     R2,[R1, #+7]
   \   00000008   0C3A               SUBS     R2,R2,#+12
   \   0000000A   897A               LDRB     R1,[R1, #+10]
   \   0000000C   9142               CMP      R1,R2
   \   0000000E   01DA               BGE      ??tx_length_check_PC_0
   \   00000010   0120               MOVS     R0,#+1
   \   00000012   02E0               B        ??tx_length_check_PC_1
    345             else if (TxLengthPC > (TxPC - 12)) err = 2;
   \                     ??tx_length_check_PC_0:
   \   00000014   8A42               CMP      R2,R1
   \   00000016   00DA               BGE      ??tx_length_check_PC_1
   \   00000018   0220               MOVS     R0,#+2
    346            return err;
   \                     ??tx_length_check_PC_1:
   \   0000001A   02BC               POP      {R1}
   \   0000001C   0847               BX       R1               ;; return
    347          }
    348          
    349          /*
    350          char tx_length_check_PC(char index)
    351          {
    352            char length;
    353            length = ascii2byte(PacketBufPC[index][3],PacketBufPC[index][4]);
    354            //print_byte2ascii(CmdLengthPC);
    355            //print_byte2ascii(RxPC);
    356            return length;
    357          }
    358          */
    359          

   \                                 In segment CODE, align 4, keep-with-next
    360          char tx_msg_check_PC(void)
    361          {
    362            char err;
    363            //short msg;
    364            err = 0;
    365            return err;
   \                     tx_msg_check_PC:
   \   00000000   0020               MOVS     R0,#+0
   \   00000002   7047               BX       LR               ;; return
    366          }
    367          
    368          char OldStep;

   \                                 In segment CODE, align 4, keep-with-next
    369          void print_MsgStep(void)
    370          {
   \                     print_MsgStep:
   \   00000000   10B5               PUSH     {R4,LR}
    371            if (OldStep != MsgStep[0]) 
   \   00000002   ....               LDR      R4,??DataTable32  ;; StepPCrx
   \   00000004   207B               LDRB     R0,[R4, #+12]
   \   00000006   217C               LDRB     R1,[R4, #+16]
   \   00000008   8842               CMP      R0,R1
   \   0000000A   07D0               BEQ      ??print_MsgStep_0
    372            {
    373              print_str("\nMsgStep:\3");
   \   0000000C   ....               LDR      R0,??DataTable25  ;; `?<Constant "\\nMsgStep:\\003">`
   \   0000000E   ........           _BLF     print_str,??print_str??rT
    374              print_byte2ascii(MsgStep[0]);
   \   00000012   207C               LDRB     R0,[R4, #+16]
   \   00000014   ........           _BLF     print_byte2ascii,??print_byte2ascii??rT
    375              OldStep = MsgStep[0];
   \   00000018   207C               LDRB     R0,[R4, #+16]
   \   0000001A   2073               STRB     R0,[R4, #+12]
    376            }
    377          }
   \                     ??print_MsgStep_0:
   \   0000001C                      REQUIRE ?Subroutine26
   \   0000001C                      ;; // Fall through to label ?Subroutine26
    378          
    379          // 모든 Tx process의 step를 표시

   \                                 In segment CODE, align 4, keep-with-next
    380          void print_all_MsgStep_PC(void)
    381          {
   \                     print_all_MsgStep_PC:
   \   00000000   10B5               PUSH     {R4,LR}
    382            char lp;
    383              print_str("\nMsgStep:\3");
   \   00000002   ....               LDR      R0,??DataTable25  ;; `?<Constant "\\nMsgStep:\\003">`
   \   00000004   ........           _BLF     print_str,??print_str??rT
    384              for (lp = 0; lp < MAX_TX_PROCESS; lp++)
   \   00000008   0024               MOVS     R4,#+0
    385                print_byte2ascii(MsgStep[lp]);
   \                     ??print_all_MsgStep_PC_0:
   \   0000000A   ....               LDR      R1,??DataTable32  ;; StepPCrx
   \   0000000C   0819               ADDS     R0,R1,R4
   \   0000000E   007C               LDRB     R0,[R0, #+16]
   \   00000010   ........           _BLF     print_byte2ascii,??print_byte2ascii??rT
   \   00000014   641C               ADDS     R4,R4,#+1
   \   00000016   2406               LSLS     R4,R4,#+24
   \   00000018   240E               LSRS     R4,R4,#+24
   \   0000001A   0A2C               CMP      R4,#+10
   \   0000001C   F5D3               BCC      ??print_all_MsgStep_PC_0
    386          }
   \   0000001E   ....               B.N      ?Subroutine26
    387          
    388          // 모든 Tx process의 ACK data를 표시

   \                                 In segment CODE, align 4, keep-with-next
    389          void print_all_MsgAck_PC(void)
    390          {
   \                     print_all_MsgAck_PC:
   \   00000000   30B5               PUSH     {R4,R5,LR}
    391            char lp;
    392              print_str("\nMsgACK:\n\3");
   \   00000002   ....               LDR      R4,??Subroutine25_0  ;; `?<Constant "\\nMsgACK:\\n\\003">`
   \   00000004   2000               MOVS     R0,R4
   \   00000006   ........           _BLF     print_str,??print_str??rT
    393              for (lp = 0; lp < MAX_TX_PROCESS; lp++)
   \   0000000A   0025               MOVS     R5,#+0
   \                     ??print_all_MsgAck_PC_0:
   \   0000000C   2020               MOVS     R0,#+32
   \   0000000E   6900               LSLS     R1,R5,#+1
   \   00000010   ....               LDR      R2,??DataTable32  ;; StepPCrx
   \   00000012   5118               ADDS     R1,R2,R1
   \   00000014   085E               LDRSH    R0,[R1, R0]
   \   00000016   ....               LDR      R1,??DataTable36  ;; 0x4143
   \   00000018   8842               CMP      R0,R1
   \   0000001A   04D1               BNE      ??print_all_MsgAck_PC_1
    394              {
    395                 if (AckBufPC[lp] == 'AC') print_str("AC \3");
   \   0000001C   2000               MOVS     R0,R4
   \   0000001E   0C30               ADDS     R0,R0,#+12
   \                     ??print_all_MsgAck_PC_2:
   \   00000020   ........           _BLF     print_str,??print_str??rT
   \   00000024   09E0               B        ??print_all_MsgAck_PC_3
    396                 else if (AckBufPC[lp] == 'NT') print_str("NT \3");
   \                     ??print_all_MsgAck_PC_1:
   \   00000026   ....               LDR      R1,??DataTable37  ;; 0x4e54
   \   00000028   8842               CMP      R0,R1
   \   0000002A   02D1               BNE      ??print_all_MsgAck_PC_4
   \   0000002C   2000               MOVS     R0,R4
   \   0000002E   1430               ADDS     R0,R0,#+20
   \   00000030   F6E7               B.N      ??print_all_MsgAck_PC_2
    397                 else print_byte2ascii(AckBufPC[lp]);
   \                     ??print_all_MsgAck_PC_4:
   \   00000032   0006               LSLS     R0,R0,#+24
   \   00000034   000E               LSRS     R0,R0,#+24
   \   00000036   ........           _BLF     print_byte2ascii,??print_byte2ascii??rT
    398              }
   \                     ??print_all_MsgAck_PC_3:
   \   0000003A   6D1C               ADDS     R5,R5,#+1
   \   0000003C   2D06               LSLS     R5,R5,#+24
   \   0000003E   2D0E               LSRS     R5,R5,#+24
   \   00000040   0A2D               CMP      R5,#+10
   \   00000042   E3D3               BCC      ??print_all_MsgAck_PC_0
    399          }
   \   00000044                      REQUIRE ?Subroutine25
   \   00000044                      ;; // Fall through to label ?Subroutine25
    400          
    401          char OldIndex;

   \                                 In segment CODE, align 4, keep-with-next
    402          void print_IndexPC(void)
    403          {
   \                     print_IndexPC:
   \   00000000   10B5               PUSH     {R4,LR}
    404            if (OldIndex != IndexPC) 
   \   00000002   ....               LDR      R4,??DataTable32  ;; StepPCrx
   \   00000004   607B               LDRB     R0,[R4, #+13]
   \   00000006   E17A               LDRB     R1,[R4, #+11]
   \   00000008   8842               CMP      R0,R1
   \   0000000A   07D0               BEQ      ??print_IndexPC_0
    405            {
    406              print_str("\nIndex:\3");
   \   0000000C   ....               LDR      R0,??DataTable33  ;; `?<Constant "\\nIndex:\\003">`
   \   0000000E   ........           _BLF     print_str,??print_str??rT
    407              print_byte2ascii(IndexPC);
   \   00000012   E07A               LDRB     R0,[R4, #+11]
   \   00000014   ........           _BLF     print_byte2ascii,??print_byte2ascii??rT
    408              OldIndex = IndexPC;
   \   00000018   E07A               LDRB     R0,[R4, #+11]
   \   0000001A   6073               STRB     R0,[R4, #+13]
    409            }
    410          }
   \                     ??print_IndexPC_0:
   \   0000001C   ....               B.N      ?Subroutine26
    411          

   \                                 In segment CODE, align 4, keep-with-next
    412          void print_index_step_PC(char x)
    413          {
   \                     print_index_step_PC:
   \   00000000   F0B5               PUSH     {R4-R7,LR}
   \   00000002   0400               MOVS     R4,R0
    414            if ((OldStep != MsgStep[x])|(OldIndex != x)) 
   \   00000004   ....               LDR      R5,??DataTable32  ;; StepPCrx
   \   00000006   2E19               ADDS     R6,R5,R4
   \   00000008   287B               LDRB     R0,[R5, #+12]
   \   0000000A   317C               LDRB     R1,[R6, #+16]
   \   0000000C   8842               CMP      R0,R1
   \   0000000E   02D1               BNE      ??print_index_step_PC_0
   \   00000010   687B               LDRB     R0,[R5, #+13]
   \   00000012   A042               CMP      R0,R4
   \   00000014   11D0               BEQ      ??print_index_step_PC_1
    415            {
    416              print_str("\nIndex:\3");
   \                     ??print_index_step_PC_0:
   \   00000016   ....               LDR      R7,??DataTable33  ;; `?<Constant "\\nIndex:\\003">`
   \   00000018   3800               MOVS     R0,R7
   \   0000001A   ........           _BLF     print_str,??print_str??rT
    417              print_byte2ascii(x);
   \   0000001E   2000               MOVS     R0,R4
   \   00000020   ........           _BLF     print_byte2ascii,??print_byte2ascii??rT
    418              print_str("Step:\3");
   \   00000024   0C37               ADDS     R7,R7,#+12
   \   00000026   3800               MOVS     R0,R7
   \   00000028   ........           _BLF     print_str,??print_str??rT
    419              print_byte2ascii(MsgStep[x]);
   \   0000002C   307C               LDRB     R0,[R6, #+16]
   \   0000002E   ........           _BLF     print_byte2ascii,??print_byte2ascii??rT
    420              OldIndex = IndexPC;
   \   00000032   E87A               LDRB     R0,[R5, #+11]
   \   00000034   6873               STRB     R0,[R5, #+13]
    421              OldStep = MsgStep[x];
   \   00000036   307C               LDRB     R0,[R6, #+16]
   \   00000038   2873               STRB     R0,[R5, #+12]
   \                     ??print_index_step_PC_1:
   \   0000003A   C046               Nop      
    422            }
    423          }
   \   0000003C                      REQUIRE ?Subroutine28
   \   0000003C                      ;; // Fall through to label ?Subroutine28
    424          
    425          /********************************************/
    426          /*      packet transmit to PC by usartD     */
    427          /* This function must locate in main loop   */ 
    428          /********************************************/

   \                                 In segment CODE, align 4, keep-with-next
    429          void packet_transmit_PC(char index)
    430          {
   \                     packet_transmit_PC:
   \   00000000   F1B5               PUSH     {R0,R4-R7,LR}
   \   00000002   81B0               SUB      SP,SP,#+4
    431            unsigned char lp;
    432            //print_MsgStep(index);
    433            //print_IndexPC(index);
    434            //print_index_step_PC(index);
    435            switch (MsgStep[index])
   \   00000004   6846               MOV      R0,SP
   \   00000006   0079               LDRB     R0,[R0, #+4]
   \   00000008   ....               LDR      R4,??DataTable40  ;; StepPCrx
   \   0000000A   2518               ADDS     R5,R4,R0
   \   0000000C   8101               LSLS     R1,R0,#+6
   \   0000000E   ....               LDR      R2,??DataTable39  ;; PacketBufPC
   \   00000010   5118               ADDS     R1,R2,R1
   \   00000012   0091               STR      R1,[SP, #+0]
   \   00000014   4000               LSLS     R0,R0,#+1
   \   00000016   2018               ADDS     R0,R4,R0
   \   00000018   217A               LDRB     R1,[R4, #+8]
   \   0000001A   0027               MOVS     R7,#+0
   \   0000001C   504E               LDR      R6,??packet_transmit_PC_1  ;; `?<Constant "\\nTxNO:\\003">`
   \   0000001E   2A7C               LDRB     R2,[R5, #+16]
   \   00000020   521E               SUBS     R2,R2,#+1
   \   00000022   042A               CMP      R2,#+4
   \   00000024   6AD8               BHI      ??packet_transmit_PC_2
   \   00000026   02A3               ADR      R3,??packet_transmit_PC_0
   \   00000028   9B5C               LDRB     R3,[R3, R2]
   \   0000002A   5B00               LSLS     R3,R3,#+1
   \   0000002C   9F44               ADD      PC,PC,R3
   \   0000002E   C046               Nop      
   \                     ??packet_transmit_PC_0:
   \   00000030   031D4367           DC8      +3,+29,+67,+103
   \   00000034   8800               DC8      +136,+0
    436            {
    437            case 0:   // no operation
    438             return;
    439           
    440            case 1:   // 
    441              ErrTxPC = 0;
   \                     ??packet_transmit_PC_3:
   \   00000036   2772               STRB     R7,[R4, #+8]
    442              WaitTxPC = 0;
   \   00000038   6772               STRB     R7,[R4, #+9]
    443              AckBufPC[index] = MsgStep[index];
   \   0000003A   297C               LDRB     R1,[R5, #+16]
   \   0000003C   0184               STRH     R1,[R0, #+32]
    444              //Tx2Buffer space가 충분하면 다음으로 진행
    445              Tx2Space = CheckTx2Space();
   \   0000003E   ........           _BLF     CheckTx2Space,??CheckTx2Space??rT
   \   00000042   E083               STRH     R0,[R4, #+30]
    446              TxPC = calc_txlength_PC(index);
   \   00000044   6846               MOV      R0,SP
   \   00000046   0079               LDRB     R0,[R0, #+4]
   \   00000048   ........           BL       calc_txlength_PC
   \   0000004C   E071               STRB     R0,[R4, #+7]
    447              //print_short2ascii(Tx2Space);
    448              TxLengthPC = ascii2byte(PacketBufPC[index][5],PacketBufPC[index][6]);
   \   0000004E   0098               LDR      R0,[SP, #+0]
   \   00000050   8179               LDRB     R1,[R0, #+6]
   \   00000052   4079               LDRB     R0,[R0, #+5]
   \   00000054   ........           _BLF     ascii2byte,??ascii2byte??rT
   \   00000058   A072               STRB     R0,[R4, #+10]
    449              if (Tx2Space >= TxPC) MsgStep[index]++;
   \   0000005A   1E20               MOVS     R0,#+30
   \   0000005C   205E               LDRSH    R0,[R4, R0]
   \   0000005E   E179               LDRB     R1,[R4, #+7]
   \   00000060   8842               CMP      R0,R1
   \   00000062   7ADB               BLT      ??packet_transmit_PC_4
   \   00000064   287C               LDRB     R0,[R5, #+16]
   \   00000066   401C               ADDS     R0,R0,#+1
   \   00000068   76E0               B.N      ??packet_transmit_PC_5
    450              //MsgStep[index]++;
    451              return;
    452           
    453            case 2:   // 송신할 packe을 검사
    454              // test: ETX check
    455              //print_byte2ascii(PacketBufPC[index][TxPC-1]); 
    456              if (PacketBufPC[index][0] != STX_PC) ErrTxPC = 1;
   \                     ??packet_transmit_PC_6:
   \   0000006A   0098               LDR      R0,[SP, #+0]
   \   0000006C   0078               LDRB     R0,[R0, #+0]
   \   0000006E   0228               CMP      R0,#+2
   \   00000070   01D0               BEQ      ??packet_transmit_PC_7
   \   00000072   0120               MOVS     R0,#+1
   \   00000074   1BE0               B.N      ??packet_transmit_PC_8
    457               else if (PacketBufPC[index][TxPC-1] != ETX_PC) ErrTxPC = 2;
   \                     ??packet_transmit_PC_7:
   \   00000076   E079               LDRB     R0,[R4, #+7]
   \   00000078   0099               LDR      R1,[SP, #+0]
   \   0000007A   0818               ADDS     R0,R1,R0
   \   0000007C   401E               SUBS     R0,R0,#+1
   \   0000007E   0078               LDRB     R0,[R0, #+0]
   \   00000080   0328               CMP      R0,#+3
   \   00000082   01D0               BEQ      ??packet_transmit_PC_9
   \   00000084   0220               MOVS     R0,#+2
   \   00000086   12E0               B.N      ??packet_transmit_PC_8
    458               else if (tx_sum_check_PC(index) != 0) ErrTxPC = 3;
   \                     ??packet_transmit_PC_9:
   \   00000088   6846               MOV      R0,SP
   \   0000008A   0079               LDRB     R0,[R0, #+4]
   \   0000008C   ........           BL       tx_sum_check_PC
   \   00000090   0028               CMP      R0,#+0
   \   00000092   01D0               BEQ      ??packet_transmit_PC_10
   \   00000094   0320               MOVS     R0,#+3
   \   00000096   0AE0               B.N      ??packet_transmit_PC_8
    459               else if (tx_length_check_PC() == 1) ErrTxPC = 4;
   \                     ??packet_transmit_PC_10:
   \   00000098   ........           BL       tx_length_check_PC
   \   0000009C   0128               CMP      R0,#+1
   \   0000009E   01D1               BNE      ??packet_transmit_PC_11
   \   000000A0   0420               MOVS     R0,#+4
   \   000000A2   04E0               B.N      ??packet_transmit_PC_8
    460               else if (tx_length_check_PC() == 2) ErrTxPC = 5;
   \                     ??packet_transmit_PC_11:
   \   000000A4   ........           BL       tx_length_check_PC
   \   000000A8   0228               CMP      R0,#+2
   \   000000AA   01D1               BNE      ??packet_transmit_PC_12
   \   000000AC   0520               MOVS     R0,#+5
   \                     ??packet_transmit_PC_8:
   \   000000AE   2072               STRB     R0,[R4, #+8]
    461               //else if (tx_msg_check_PC() != 0) ErrTxPC = 6;
    462              MsgStep[index]++;
   \                     ??packet_transmit_PC_12:
   \   000000B0   287C               LDRB     R0,[R5, #+16]
   \   000000B2   401C               ADDS     R0,R0,#+1
   \   000000B4   50E0               B.N      ??packet_transmit_PC_5
    463              return;
    464            
    465            case 3:   // 패킷 데이터를 송신
    466               if (!ErrTxPC)
   \                     ??packet_transmit_PC_13:
   \   000000B6   0029               CMP      R1,#+0
   \   000000B8   0AD1               BNE      ??packet_transmit_PC_14
    467                for (lp= 0; lp < TxPC; lp++) 
   \   000000BA   06E0               B        ??packet_transmit_PC_15
    468                {
    469                  putchar2(PacketBufPC[index][lp]);
   \                     ??packet_transmit_PC_16:
   \   000000BC   0099               LDR      R1,[SP, #+0]
   \   000000BE   C85D               LDRB     R0,[R1, R7]
   \   000000C0   ........           _BLF     putchar2,??putchar2??rT
    470                  //putchar_dp(PacketBufPC[index][lp],0);
    471                }
   \   000000C4   7F1C               ADDS     R7,R7,#+1
   \   000000C6   3F06               LSLS     R7,R7,#+24
   \   000000C8   3F0E               LSRS     R7,R7,#+24
   \                     ??packet_transmit_PC_15:
   \   000000CA   E179               LDRB     R1,[R4, #+7]
   \   000000CC   8F42               CMP      R7,R1
   \   000000CE   F5D3               BCC      ??packet_transmit_PC_16
    472              MsgStep[index]++;
   \                     ??packet_transmit_PC_14:
   \   000000D0   287C               LDRB     R0,[R5, #+16]
   \   000000D2   401C               ADDS     R0,R0,#+1
   \   000000D4   2874               STRB     R0,[R5, #+16]
    473              // test code: tx2 buffer 용량 계산하고 표시
    474              Tx2Space = CheckTx2Space();
   \   000000D6   ........           _BLF     CheckTx2Space,??CheckTx2Space??rT
   \   000000DA   E083               STRH     R0,[R4, #+30]
    475              print_str("\nTxNO:\3");
   \   000000DC   3000               MOVS     R0,R6
   \   000000DE   ........           _BLF     print_str,??print_str??rT
    476              print_byte2ascii(TxPC);
   \   000000E2   E079               LDRB     R0,[R4, #+7]
   \   000000E4   ........           _BLF     print_byte2ascii,??print_byte2ascii??rT
    477              print_str("Space:\3");
   \   000000E8   7836               ADDS     R6,R6,#+120
   \   000000EA   3000               MOVS     R0,R6
   \   000000EC   ........           _BLF     print_str,??print_str??rT
    478              print_byte2ascii(Tx2Space);
   \   000000F0   1E20               MOVS     R0,#+30
   \   000000F2   205E               LDRSH    R0,[R4, R0]
   \   000000F4   0006               LSLS     R0,R0,#+24
   \   000000F6   000E               LSRS     R0,R0,#+24
   \   000000F8   ........           _BLF     print_byte2ascii,??print_byte2ascii??rT
    479              return;
   \                     ??packet_transmit_PC_2:
   \   000000FC   2DE0               B        ??packet_transmit_PC_4
    480           
    481            case 4:   // 송신 결과 표시
    482              if (ErrTxPC == 0) print_str("\nTx>TX End\3"); 
   \                     ??packet_transmit_PC_17:
   \   000000FE   0029               CMP      R1,#+0
   \   00000100   01D1               BNE      ??packet_transmit_PC_18
   \   00000102   0836               ADDS     R6,R6,#+8
   \   00000104   16E0               B.N      ??packet_transmit_PC_19
    483               else if (ErrTxPC == 1) print_str("\nTx>STX Err\3");
   \                     ??packet_transmit_PC_18:
   \   00000106   0129               CMP      R1,#+1
   \   00000108   01D1               BNE      ??packet_transmit_PC_20
   \   0000010A   1436               ADDS     R6,R6,#+20
   \   0000010C   12E0               B.N      ??packet_transmit_PC_19
    484               else if (ErrTxPC == 2) print_str("\nTx>ETX Err\3");
   \                     ??packet_transmit_PC_20:
   \   0000010E   0229               CMP      R1,#+2
   \   00000110   01D1               BNE      ??packet_transmit_PC_21
   \   00000112   2436               ADDS     R6,R6,#+36
   \   00000114   0EE0               B.N      ??packet_transmit_PC_19
    485               else if (ErrTxPC == 3) print_str("\nTx>SUM Err\3");
   \                     ??packet_transmit_PC_21:
   \   00000116   0329               CMP      R1,#+3
   \   00000118   01D1               BNE      ??packet_transmit_PC_22
   \   0000011A   3436               ADDS     R6,R6,#+52
   \   0000011C   0AE0               B.N      ??packet_transmit_PC_19
    486               else if (ErrTxPC == 4) print_str("\nTx>OVER Err\3"); 
   \                     ??packet_transmit_PC_22:
   \   0000011E   0429               CMP      R1,#+4
   \   00000120   01D1               BNE      ??packet_transmit_PC_23
   \   00000122   4436               ADDS     R6,R6,#+68
   \   00000124   06E0               B.N      ??packet_transmit_PC_19
    487               else if (ErrTxPC == 5) print_str("\nTx>SHORT Err\3"); 
   \                     ??packet_transmit_PC_23:
   \   00000126   0529               CMP      R1,#+5
   \   00000128   01D1               BNE      ??packet_transmit_PC_24
   \   0000012A   5436               ADDS     R6,R6,#+84
   \   0000012C   02E0               B.N      ??packet_transmit_PC_19
    488               else if (ErrTxPC == 6) print_str("\nTx>Invarid CMD\3");
   \                     ??packet_transmit_PC_24:
   \   0000012E   0629               CMP      R1,#+6
   \   00000130   03D1               BNE      ??packet_transmit_PC_25
   \   00000132   6436               ADDS     R6,R6,#+100
   \                     ??packet_transmit_PC_19:
   \   00000134   3000               MOVS     R0,R6
   \   00000136   ........           _BLF     print_str,??print_str??rT
    489              MsgStep[index]++;
   \                     ??packet_transmit_PC_25:
   \   0000013A   287C               LDRB     R0,[R5, #+16]
   \   0000013C   401C               ADDS     R0,R0,#+1
   \   0000013E   0BE0               B.N      ??packet_transmit_PC_5
    490              return;
    491          
    492            case 5:
    493              ErrTxPC = 0;
   \                     ??packet_transmit_PC_26:
   \   00000140   2772               STRB     R7,[R4, #+8]
    494              //if (MsgPC) MsgStep[AckNoPC] = 0;
    495              if (AckBufPC[index] == ACK_PC) MsgStep[index] = 0;
   \   00000142   2021               MOVS     R1,#+32
   \   00000144   405E               LDRSH    R0,[R0, R1]
   \   00000146   ....               LDR      R1,??DataTable36  ;; 0x4143
   \   00000148   8842               CMP      R0,R1
   \   0000014A   01D1               BNE      ??packet_transmit_PC_27
   \   0000014C   2F74               STRB     R7,[R5, #+16]
   \   0000014E   04E0               B        ??packet_transmit_PC_4
    496               else if (AckBufPC[index] == NAK_PC) MsgStep[index] = 1;
   \                     ??packet_transmit_PC_27:
   \   00000150   ....               LDR      R1,??DataTable37  ;; 0x4e54
   \   00000152   8842               CMP      R0,R1
   \   00000154   01D1               BNE      ??packet_transmit_PC_4
   \   00000156   0120               MOVS     R0,#+1
   \                     ??packet_transmit_PC_5:
   \   00000158   2874               STRB     R0,[R5, #+16]
   \                     ??packet_transmit_PC_4:
   \   0000015A   FCBC               POP      {R2-R7}
   \   0000015C   01BC               POP      {R0}
   \   0000015E   0047               BX       R0               ;; return
   \                     ??packet_transmit_PC_1:
   \   00000160   ........           DC32     `?<Constant "\\nTxNO:\\003">`
    497              // MsgStep[index] = 0;   // Packet transmit process End
    498              return;
    499           }
    500          }

   \                                 In segment DATA_Z, align 4, align-sorted
   \                     StepPCrx:
   \   00000000                      DS8 1
   \                     ErrPC:
   \   00000001                      DS8 1
   \                     WaitPC:
   \   00000002                      DS8 1
   \                     RxPC:
   \   00000003                      DS8 1
   \                     MsgLengthPC:
   \   00000004                      DS8 1
   \                     AckNoPC:
   \   00000005                      DS8 1
   \                     DetectSTX:
   \   00000006                      DS8 1
   \                     TxPC:
   \   00000007                      DS8 1
   \                     ErrTxPC:
   \   00000008                      DS8 1
   \                     WaitTxPC:
   \   00000009                      DS8 1
   \                     TxLengthPC:
   \   0000000A                      DS8 1
   \                     IndexPC:
   \   0000000B                      DS8 1
   \                     OldStep:
   \   0000000C                      DS8 1
   \                     OldIndex:
   \   0000000D                      DS8 1
    501          /*******************************************/
    502          /* This offer multi Packet process manage  */
    503          /* This function must locate in main loop  */ 
    504          /*******************************************/
    505          char ErrFullPC;
   \                     ErrFullPC:
   \   0000000E                      DS8 1
   \   0000000F                      DS8 1
   \                     MsgStep:
   \   00000010                      DS8 12
   \                     MsgPC:
   \   0000001C                      DS8 2
   \                     Tx2Space:
   \   0000001E                      DS8 2
   \                     AckBufPC:
   \   00000020                      DS8 20

   \                                 In segment DATA_Z, align 4, align-sorted
   \                     RxBufPC:
   \   00000000                      DS8 72

   \                                 In segment DATA_Z, align 4, align-sorted
   \                     CardDataPC:
   \   00000000                      DS8 16

   \                                 In segment DATA_Z, align 4, align-sorted
   \                     OldDataPC:
   \   00000000                      DS8 16

   \                                 In segment CODE, align 4, keep-with-next
    506          void tx_process_manage_PC(void)
    507          {
   \                     tx_process_manage_PC:
   \   00000000   30B5               PUSH     {R4,R5,LR}
    508            char index;
    509            index = find_busy_process_PC(OldIndex);
   \   00000002   ....               LDR      R4,??DataTable40  ;; StepPCrx
   \   00000004   657B               LDRB     R5,[R4, #+13]
   \   00000006   2800               MOVS     R0,R5
   \   00000008   ........           BL       find_busy_process_PC
    510            OldIndex++;
   \   0000000C   6D1C               ADDS     R5,R5,#+1
   \   0000000E   6573               STRB     R5,[R4, #+13]
    511            if (index == PROCESS_FULL) ErrFullPC = 1;
   \   00000010   FF28               CMP      R0,#+255
   \   00000012   02D1               BNE      ??tx_process_manage_PC_0
   \   00000014   0120               MOVS     R0,#+1
   \   00000016   A073               STRB     R0,[R4, #+14]
   \   00000018   06E0               B        ??tx_process_manage_PC_1
    512             else if (index == NO_PROCESS) ErrFullPC = 0;
   \                     ??tx_process_manage_PC_0:
   \   0000001A   0021               MOVS     R1,#+0
   \   0000001C   FE28               CMP      R0,#+254
   \   0000001E   A173               STRB     R1,[R4, #+14]
   \   00000020   02D0               BEQ      ??tx_process_manage_PC_1
    513             else 
    514             {
    515               ErrFullPC = 0;
    516               OldIndex = index;
   \   00000022   6073               STRB     R0,[R4, #+13]
    517               packet_transmit_PC(index);   
   \   00000024   ........           BL       packet_transmit_PC
    518             }
    519          } 
   \                     ??tx_process_manage_PC_1:
   \   00000028   ....               B.N      ?Subroutine25
    520            

   \                                 In segment CODE, align 4, keep-with-next
    521          void test_packet_send_PC(char x)
    522          {
   \                     test_packet_send_PC:
   \   00000000   F0B5               PUSH     {R4-R7,LR}
   \   00000002   0500               MOVS     R5,R0
    523            short sum;
    524             PacketBufPC[x][0] = STX_PC;
   \   00000004   A801               LSLS     R0,R5,#+6
   \   00000006   ....               LDR      R1,??DataTable39  ;; PacketBufPC
   \   00000008   0C18               ADDS     R4,R1,R0
   \   0000000A   0220               MOVS     R0,#+2
   \   0000000C   2070               STRB     R0,[R4, #+0]
    525             PacketBufPC[x][1] = 'M';
   \   0000000E   4D20               MOVS     R0,#+77
   \   00000010   6070               STRB     R0,[R4, #+1]
    526             PacketBufPC[x][2] = '1';
   \   00000012   3120               MOVS     R0,#+49
   \   00000014   A070               STRB     R0,[R4, #+2]
    527             PacketBufPC[x][3] = high2ascii(x);
   \   00000016   2800               MOVS     R0,R5
   \   00000018   ........           _BLF     high2ascii,??high2ascii??rT
   \   0000001C   E070               STRB     R0,[R4, #+3]
    528             PacketBufPC[x][4] = low2ascii(x);
   \   0000001E   2800               MOVS     R0,R5
   \   00000020   ........           _BLF     low2ascii,??low2ascii??rT
   \   00000024   2071               STRB     R0,[R4, #+4]
    529             PacketBufPC[x][5] = '0';
   \   00000026   3020               MOVS     R0,#+48
   \   00000028   6071               STRB     R0,[R4, #+5]
    530             PacketBufPC[x][6] = '2';
   \   0000002A   3221               MOVS     R1,#+50
   \   0000002C   A171               STRB     R1,[R4, #+6]
    531             PacketBufPC[x][7] = '0';
   \   0000002E   E071               STRB     R0,[R4, #+7]
    532             PacketBufPC[x][8] = '0';
   \   00000030   2072               STRB     R0,[R4, #+8]
    533             sum = calc_tx_checksum(x, 9);
   \   00000032   0921               MOVS     R1,#+9
   \   00000034   2800               MOVS     R0,R5
   \   00000036   ........           BL       calc_tx_checksum
   \   0000003A   0600               MOVS     R6,R0
    534             PacketBufPC[x][9] = low2ascii(sum >> 12);
   \   0000003C   0003               LSLS     R0,R0,#+12
   \   0000003E   000E               LSRS     R0,R0,#+24
   \   00000040   ........           _BLF     low2ascii,??low2ascii??rT
   \   00000044   6072               STRB     R0,[R4, #+9]
    535             PacketBufPC[x][10] = low2ascii((sum >> 8)& 0x0F);
   \   00000046   0F27               MOVS     R7,#+15
   \   00000048   3012               ASRS     R0,R6,#+8
   \   0000004A   3840               ANDS     R0,R0,R7
   \   0000004C   ........           _BLF     low2ascii,??low2ascii??rT
   \   00000050   A072               STRB     R0,[R4, #+10]
    536             PacketBufPC[x][11] = low2ascii((sum >> 4)& 0x0F);
   \   00000052   3011               ASRS     R0,R6,#+4
   \   00000054   3840               ANDS     R0,R0,R7
   \   00000056   ........           _BLF     low2ascii,??low2ascii??rT
   \   0000005A   E072               STRB     R0,[R4, #+11]
    537             PacketBufPC[x][12] = low2ascii(sum & 0x0F);
   \   0000005C   3740               ANDS     R7,R7,R6
   \   0000005E   3800               MOVS     R0,R7
   \   00000060   ........           _BLF     low2ascii,??low2ascii??rT
   \   00000064   2073               STRB     R0,[R4, #+12]
    538             PacketBufPC[x][13] = ETX_PC;
   \   00000066   0320               MOVS     R0,#+3
   \   00000068   6073               STRB     R0,[R4, #+13]
    539             MsgStep[x] = 1;
   \   0000006A   ....               LDR      R0,??DataTable40  ;; StepPCrx
   \   0000006C   4019               ADDS     R0,R0,R5
   \   0000006E   0121               MOVS     R1,#+1
   \   00000070   0174               STRB     R1,[R0, #+16]
    540          }
   \   00000072   ....               B.N      ?Subroutine28

   \                                 In segment CODE, align 4, keep-with-next
   \                     ??DataTable2:
   \   00000000   43410000           DC32     0x4143

   \                                 In segment CODE, align 4, keep-with-next
   \                     ??DataTable3:
   \   00000000   544E0000           DC32     0x4e54

   \                                 In segment CODE, align 4, keep-with-next
   \                     ??DataTable10:
   \   00000000   ........           DC32     `?<Constant "\\nTxSum:\\003">`

   \                                 In segment CODE, align 4, keep-with-next
   \                     ??DataTable11:
   \   00000000   ........           DC32     StepPCrx

   \                                 In segment CODE, align 4, keep-with-next
   \                     ??DataTable12:
   \   00000000   ........           DC32     RxBufPC

   \                                 In segment CODE, align 4, keep-with-next
   \                     ??DataTable15:
   \   00000000   ........           DC32     RxBufPC

   \                                 In segment CODE, align 4, keep-with-next
   \                     ??DataTable20:
   \   00000000   ........           DC32     `?<Constant "\\nTxSum:\\003">`

   \                                 In segment CODE, align 4, keep-with-next
   \                     ??DataTable21:
   \   00000000   ........           DC32     PacketBufPC

   \                                 In segment CODE, align 4, keep-with-next
   \                     ??DataTable25:
   \   00000000   ........           DC32     `?<Constant "\\nMsgStep:\\003">`

   \                                 In segment CODE, align 4, keep-with-next
   \                     ??DataTable32:
   \   00000000   ........           DC32     StepPCrx

   \                                 In segment CODE, align 4, keep-with-next
   \                     ??DataTable33:
   \   00000000   ........           DC32     `?<Constant "\\nIndex:\\003">`

   \                                 In segment CODE, align 4, keep-with-next
   \                     ??DataTable36:
   \   00000000   43410000           DC32     0x4143

   \                                 In segment CODE, align 4, keep-with-next
   \                     ??DataTable37:
   \   00000000   544E0000           DC32     0x4e54

   \                                 In segment CODE, align 4, keep-with-next
   \                     ??DataTable39:
   \   00000000   ........           DC32     PacketBufPC

   \                                 In segment CODE, align 4, keep-with-next
   \                     ??DataTable40:
   \   00000000   ........           DC32     StepPCrx

   \                                 In segment DATA_C, align 4, align-sorted
   \                     `?<Constant "\\nPC>SHORT Err\\003">`:
   \   00000000   0A50433E5348       DC8 "\012PC>SHORT Err\003"
   \              4F5254204572
   \              720300      
   \   0000000F   00                 DC8 0
   \   00000010   0A50433E496E       DC8 "\012PC>Invarid CMD\003"
   \              766172696420
   \              434D440300  
   \   00000021   000000             DC8 0, 0, 0
   \   00000024   0A50433E4275       DC8 "\012PC>Buffer Full3"
   \              666665722046
   \              756C6C3300  
   \   00000035   000000             DC8 0, 0, 0
   \   00000038   0A50433E4F76       DC8 "\012PC>OverFlow Err3"
   \              6572466C6F77
   \              204572723300
   \   0000004A   0000               DC8 0, 0
   \   0000004C   0A50433E5061       DC8 "\012PC>Parity Err\003"
   \              726974792045
   \              72720300    
   \   0000005C   0A50433E4672       DC8 "\012PC>Frame Err\003"
   \              616D65204572
   \              720300      
   \   0000006B   00                 DC8 0
   \   0000006C   0A50433E4F56       DC8 "\012PC>OVER Err\003"
   \              455220457272
   \              0300        
   \   0000007A   0000               DC8 0, 0
   \   0000007C   0A50433E5354       DC8 "\012PC>STX Err\003"
   \              582045727203
   \              00          
   \   00000089   000000             DC8 0, 0, 0
   \   0000008C   0A50433E4554       DC8 "\012PC>ETX Err\003"
   \              582045727203
   \              00          
   \   00000099   000000             DC8 0, 0, 0
   \   0000009C   0A50433E5355       DC8 "\012PC>SUM Err\003"
   \              4D2045727203
   \              00          
   \   000000A9   000000             DC8 0, 0, 0

   \                                 In segment DATA_C, align 4, align-sorted
   \                     `?<Constant "\\nTxSum:\\003">`:
   \   00000000   0A547853756D       DC8 "\012TxSum:\003"
   \              3A0300      
   \   00000009   000000             DC8 0, 0, 0
   \   0000000C   0A527853756D       DC8 "\012RxSum:\003"
   \              3A0300      
   \   00000015   000000             DC8 0, 0, 0
   \   00000018   2053756D3A03       DC8 " Sum:\003"
   \              00          
   \   0000001F   00                 DC8 0

   \                                 In segment DATA_C, align 4, align-sorted
   \                     `?<Constant "\\nMsgStep:\\003">`:
   \   00000000   0A4D73675374       DC8 "\012MsgStep:\003"
   \              65703A0300  
   \   0000000B   00                 DC8 0

   \                                 In segment DATA_C, align 4, align-sorted
   \                     `?<Constant "\\nMsgACK:\\n\\003">`:
   \   00000000   0A4D73674143       DC8 "\012MsgACK:\012\003"
   \              4B3A0A0300  
   \   0000000B   00                 DC8 0
   \   0000000C   4143200300         DC8 "AC \003"
   \   00000011   000000             DC8 0, 0, 0
   \   00000014   4E54200300         DC8 "NT \003"
   \   00000019   000000             DC8 0, 0, 0

   \                                 In segment DATA_C, align 4, align-sorted
   \                     `?<Constant "\\nIndex:\\003">`:
   \   00000000   0A496E646578       DC8 "\012Index:\003"
   \              3A0300      
   \   00000009   000000             DC8 0, 0, 0
   \   0000000C   537465703A03       DC8 "Step:\003"
   \              00          
   \   00000013   00                 DC8 0

   \                                 In segment DATA_C, align 4, align-sorted
   \                     `?<Constant "\\nTxNO:\\003">`:
   \   00000000   0A54784E4F3A       DC8 "\012TxNO:\003"
   \              0300        
   \   00000008   0A54783E5458       DC8 "\012Tx>TX End\003"
   \              20456E640300
   \   00000014   0A54783E5354       DC8 "\012Tx>STX Err\003"
   \              582045727203
   \              00          
   \   00000021   000000             DC8 0, 0, 0
   \   00000024   0A54783E4554       DC8 "\012Tx>ETX Err\003"
   \              582045727203
   \              00          
   \   00000031   000000             DC8 0, 0, 0
   \   00000034   0A54783E5355       DC8 "\012Tx>SUM Err\003"
   \              4D2045727203
   \              00          
   \   00000041   000000             DC8 0, 0, 0
   \   00000044   0A54783E4F56       DC8 "\012Tx>OVER Err\003"
   \              455220457272
   \              0300        
   \   00000052   0000               DC8 0, 0
   \   00000054   0A54783E5348       DC8 "\012Tx>SHORT Err\003"
   \              4F5254204572
   \              720300      
   \   00000063   00                 DC8 0
   \   00000064   0A54783E496E       DC8 "\012Tx>Invarid CMD\003"
   \              766172696420
   \              434D440300  
   \   00000075   000000             DC8 0, 0, 0
   \   00000078   53706163653A       DC8 "Space:\003"
   \              0300        

   \                                 In segment DATA_C, align 4, align-sorted
   \                     `?<Constant "\\nPC>ACK \\'OFF\\'\\003">`:
   \   00000000   0A50433E4143       DC8 "\012PC>ACK 'OFF'\003"
   \              4B20274F4646
   \              270300      
   \   0000000F   00                 DC8 0
   \   00000010   0A50433E5345       DC8 "\012PC>SEVER 'ON'\003"
   \              56455220274F
   \              4E270300    
   \   00000020   0A50433E5345       DC8 "\012PC>SEVER 'OFF'\003"
   \              56455220274F
   \              4646270300  
   \   00000031   000000             DC8 0, 0, 0
   \   00000034   0A50433E4143       DC8 "\012PC>ACK 'ON'\003"
   \              4B20274F4E27
   \              0300        
   \   00000042   0000               DC8 0, 0
   \   00000044   0A50433E6D73       DC8 "\012PC>msg?:\003"
   \              673F3A0300  
   \   0000004F   00                 DC8 0

   \                                 In segment DATA_C, align 4, align-sorted
   \                     `?<Constant "\\nPC>\\003">`:
   \   00000000   0A50433E0300       DC8 "\012PC>\003"
   \   00000006   0000               DC8 0, 0
   \   00000008   204E4F3A0300       DC8 " NO:\003"
   \   0000000E   0000               DC8 0, 0

   \                                 In segment DATA_C, align 1, align-sorted
   \   00000000   0A0300             DC8 "\012\003"

   Maximum stack usage in bytes:

     Function             CSTACK
     --------             ------
     calc_tx_checksum        16
     calc_txlength_PC         8
     find_busy_process_PC     8
     find_free_process_PC    12
     link_receive_PC         20
     massage_compile_PC      12
     packet_transmit_PC      28
     print_IndexPC            8
     print_MsgStep            8
     print_RxMassage_PC      16
     print_all_MsgAck_PC     12
     print_all_MsgStep_PC     8
     print_data_PC            4
     print_index_step_PC     20
     print_massage            8
     print_packet_data_PC    12
     rx_length_check_PC       8
     rx_msg_check_PC          0
     rx_sum_check_PC         24
     test_packet_send_PC     20
     tx_length_check_PC       4
     tx_msg_check_PC          0
     tx_process_manage_PC    12
     tx_sum_check_PC         20


   Segment part sizes:

     Function/Label                 Bytes
     --------------                 -----
     PacketBufPC                     640
     print_data_PC                    24
     massage_compile_PC               52
     ?Subroutine24                     6
     print_packet_data_PC             46
     ?Subroutine25                    12
     print_RxMassage_PC               96
     print_massage                   104
     ?Subroutine26                     6
     rx_sum_check_PC                 108
     rx_length_check_PC               40
     ?Subroutine27                     6
     rx_msg_check_PC                   4
     link_receive_PC                 344
     ?Subroutine28                     6
     find_free_process_PC             48
     find_busy_process_PC             60
     calc_tx_checksum                 40
     tx_sum_check_PC                  96
     calc_txlength_PC                 36
     tx_length_check_PC               30
     tx_msg_check_PC                   4
     print_MsgStep                    28
     print_all_MsgStep_PC             32
     print_all_MsgAck_PC              68
     print_IndexPC                    30
     print_index_step_PC              60
     packet_transmit_PC              356
     StepPCrx                         52
     RxBufPC                          72
     CardDataPC                       16
     OldDataPC                        16
     tx_process_manage_PC             42
     test_packet_send_PC             116
     ??DataTable2                      4
     ??DataTable3                      4
     ??DataTable10                     4
     ??DataTable11                     4
     ??DataTable12                     4
     ??DataTable15                     4
     ??DataTable20                     4
     ??DataTable21                     4
     ??DataTable25                     4
     ??DataTable32                     4
     ??DataTable33                     4
     ??DataTable36                     4
     ??DataTable37                     4
     ??DataTable39                     4
     ??DataTable40                     4
     ?<Constant "\nPC>SHORT Err\003">
                                     172
     ?<Constant "\nTxSum:\003">       32
     ?<Constant "\nMsgStep:\003">     12
     ?<Constant "\nMsgACK:\n\003">    28
     ?<Constant "\nIndex:\003">       20
     ?<Constant "\nTxNO:\003">       128
     ?<Constant "\nPC>ACK \'OFF\'\003">
                                      80
     ?<Constant "\nPC>\003">          16
     ?<Constant "\n\003">              3
      Others                         308

 
 2 256 bytes in segment CODE
   491 bytes in segment DATA_C
   796 bytes in segment DATA_Z
    12 bytes in segment INITTAB
 
 1 960 bytes of CODE  memory (+ 308 bytes shared)
   491 bytes of CONST memory
   796 bytes of DATA  memory

Errors: none
Warnings: none
