##############################################################################
#                                                                            #
# IAR ARM ANSI C/C++ Compiler V4.40A/W32 EVALUATION    29/May/2007  12:00:13 #
# Copyright 1999-2005 IAR Systems. All rights reserved.                      #
#                                                                            #
#    Cpu mode        =  interwork                                            #
#    Endian          =  little                                               #
#    Stack alignment =  4                                                    #
#    Source file     =  C:\E-pia\EpiaLoadMonit_v01\EpiaLoadMonit\src\EpiaGat #
#                       e_font.c                                             #
#    Command line    =  C:\E-pia\EpiaLoadMonit_v01\EpiaLoadMonit\src\EpiaGat #
#                       e_font.c -lC C:\E-pia\EpiaLoadMonit_v01\EpiaLoadMoni #
#                       t\compil\Debug\List\ -o C:\E-pia\EpiaLoadMonit_v01\E #
#                       piaLoadMonit\compil\Debug\Obj\ -z9 --debug           #
#                       --cpu_mode thumb --endian little --cpu ARM7TDMI      #
#                       --stack_align 4 --interwork -e --fpu None            #
#                       --dlib_config "C:\Program Files\IAR                  #
#                       Systems\Embedded Workbench 4.0                       #
#                       Evaluation\ARM\LIB\dl4tptinl8n.h" -I                 #
#                       C:\E-pia\EpiaLoadMonit_v01\EpiaLoadMonit\compil\srcI #
#                       AR\ -I C:\E-pia\EpiaLoadMonit_v01\EpiaLoadMonit\comp #
#                       il\..\src\ -I C:\E-pia\EpiaLoadMonit_v01\EpiaLoadMon #
#                       it\compil\..\..\ -I "C:\Program Files\IAR            #
#                       Systems\Embedded Workbench 4.0 Evaluation\ARM\INC\"  #
#    List file       =  C:\E-pia\EpiaLoadMonit_v01\EpiaLoadMonit\compil\Debu #
#                       g\List\EpiaGate_font.lst                             #
#    Object file     =  C:\E-pia\EpiaLoadMonit_v01\EpiaLoadMonit\compil\Debu #
#                       g\Obj\EpiaGate_font.r79                              #
#                                                                            #
#                                                                            #
##############################################################################

C:\E-pia\EpiaLoadMonit_v01\EpiaLoadMonit\src\EpiaGate_font.c
      1          // ----------------------------------------------------------------------------
      2          //         Epiatech co,. LTD  -  Lee Y k  -
      3          // ----------------------------------------------------------------------------
      4          // File Name           : EpiaGate_font.c
      5          // Object              : EpiaGate Test Kit font image
      6          // Creation            : 2006-12-01
      7          // ----------------------------------------------------------------------------

   \                                 In segment DATA_Z, align 1, align-sorted
      8          char	ImageNO; 
   \                     ImageNO:
   \   00000000                      DS8 1

   \                                 In segment DATA_C, align 4, align-sorted
      9          const unsigned char IMAGE_EpiaLogo[] = {	/* 122 x 24  E-pia Logo */
   \                     IMAGE_EpiaLogo:
   \   00000000   000000000000       DC8 0, 0, 0, 0, 0, 0, 0, 0, 0, 0, 0, 0, 0, 0, 0, 0, 0, 0, 0, 0, 0, 0, 0
   \              000000000000
   \              000000000000
   \              0000000000  
   \   00000017   000000000000       DC8 0, 0, 0, 0, 0, 0, 0, 0, 0, 0, 0, 0, 0, 0, 0, 0, 0, 0, 0, 0, 0, 0, 0
   \              000000000000
   \              000000000000
   \              0000000000  
   \   0000002E   000000000000       DC8 0, 0, 0, 0, 0, 0, 0, 0, 0, 0, 0, 0, 0, 0, 0, 0, 0, 0, 0, 0, 0, 0, 0
   \              000000000000
   \              000000000000
   \              0000000000  
   \   00000045   000000000000       DC8 0, 0, 0, 0, 0, 0, 0, 0, 0, 0, 0, 0, 0, 0, 0, 0, 0, 0, 0, 0, 0, 0, 0
   \              000000000000
   \              000000000000
   \              0000000000  
   \   0000005C   000000000000       DC8 0, 0, 0, 0, 0, 0, 0, 0, 0, 0, 0, 0, 0, 0, 0, 0, 0, 0, 0, 0, 0, 0, 0
   \              000000000000
   \              000000000000
   \              0000000000  
   \   00000073   000000000000       DC8 0, 0, 0, 0, 0, 0, 0, 0, 0, 0, 0, 128, 224, 240, 240, 248, 248, 252
   \              000000000080
   \              E0F0F0F8F8FC
   \   00000085   FCFCFEFEFE7E       DC8 252, 252, 254, 254, 254, 126, 63, 31, 159, 143, 143, 207, 207, 207
   \              3F1F9F8F8FCF
   \              CFCF        
   \   00000093   CFCFFFFEFEFE       DC8 207, 207, 255, 254, 254, 254, 254, 254, 252, 252, 124, 124, 120, 48
   \              FEFEFCFC7C7C
   \              7830        
   \   000000A1   300000000000       DC8 48, 0, 0, 0, 0, 0, 0, 0, 0, 0, 0, 0, 0, 128, 128, 192, 192, 192
   \              000000000000
   \              008080C0C0C0
   \   000000B3   C0E0E0E0E0E0       DC8 192, 224, 224, 224, 224, 224, 224, 224, 224, 224, 224, 192, 192
   \              E0E0E0E0E0C0
   \              C0          
   \   000000C0   C0C080000000       DC8 192, 192, 128, 0, 0, 0, 0, 0, 0, 196, 238, 238, 238, 238, 238, 196
   \              000000C4EEEE
   \              EEEEEEC4    
   \   000000D0   000000000000       DC8 0, 0, 0, 0, 0, 0, 128, 128, 128, 192, 192, 192, 224, 224, 224, 224
   \              808080C0C0C0
   \              E0E0E0E0    
   \   000000E0   E0E0E0E0E0E0       DC8 224, 224, 224, 224, 224, 224, 224, 192, 192, 192, 192, 128, 128, 0
   \              E0C0C0C0C080
   \              8000        
   \   000000EE   000000000000       DC8 0, 0, 0, 0, 0, 0, 0, 0, 0, 0, 3, 15, 31, 31, 63, 63, 63, 63, 127
   \              00000000030F
   \              1F1F3F3F3F3F
   \              7F          
   \   00000101   7F7F7FFCF8F8       DC8 127, 127, 127, 252, 248, 248, 241, 243, 243, 247, 247, 247, 243
   \              F1F3F3F7F7F7
   \              F3          
   \   0000010E   F3F3F1F9F978       DC8 243, 243, 241, 249, 249, 120, 124, 124, 126, 62, 62, 62, 30, 30, 28
   \              7C7C7E3E3E3E
   \              1E1E1C      
   \   0000011D   0C0000000000       DC8 12, 0, 0, 0, 0, 0, 0, 14, 30, 255, 255, 255, 255, 255, 255, 255
   \              000E1EFFFFFF
   \              FFFFFFFF    
   \   0000012D   FF0100303030       DC8 255, 1, 0, 48, 48, 48, 48, 48, 48, 48, 57, 63, 63, 31, 31, 31, 15
   \              30303030393F
   \              3F1F1F1F0F  
   \   0000013E   06000000001F       DC8 6, 0, 0, 0, 0, 31, 63, 63, 63, 63, 63, 31, 0, 0, 0, 0, 0, 6, 31, 31
   \              3F3F3F3F3F1F
   \              000000000006
   \              1F1F        
   \   00000152   1F3F3F3F3939       DC8 31, 63, 63, 63, 57, 57, 48, 48, 48, 48, 48, 48, 0, 0, 1, 31, 63, 63
   \              303030303030
   \              0000011F3F3F
   \   00000164   3F3F1F000000       DC8 63, 63, 31, 0, 0, 0, 0, 0, 0, 0, 0, 0, 0, 0, 0, 0, 0, 0, 0, 0, 0, 0
   \              000000000000
   \              000000000000
   \              00000000    
   \   0000017A   000000000000       DC8 0, 0, 0, 0, 0, 0, 0, 0, 0, 0, 0, 0, 0, 0, 0, 0, 0, 0, 0, 0, 0, 0, 0
   \              000000000000
   \              000000000000
   \              0000000000  
   \   00000191   000000000000       DC8 0, 0, 0, 0, 0, 0, 0, 0, 0, 0, 0, 0, 0, 0, 0, 15, 15, 15, 15, 15, 15
   \              000000000000
   \              0000000F0F0F
   \              0F0F0F      
   \   000001A6   0F0F00000000       DC8 15, 15, 0, 0, 0, 0, 0, 0, 0, 0, 0, 0, 0, 0, 0, 0, 0, 0, 0, 0, 0, 0
   \              000000000000
   \              000000000000
   \              00000000    
   \   000001BC   000000000000       DC8 0, 0, 0, 0, 0, 0, 0, 0, 0, 0, 0, 0, 0, 0, 0, 0, 0, 0, 0, 0, 0, 0, 0
   \              000000000000
   \              000000000000
   \              0000000000  
   \   000001D3   000000000000       DC8 0, 0, 0, 0, 0, 0, 0, 0, 0, 0, 0, 0, 0, 0, 0, 0, 0, 0, 0, 0, 0
   \              000000000000
   \              000000000000
   \              000000      
     10          0x00, 0x00, 0x00, 0x00, 0x00, 0x00, 0x00, 0x00, 0x00, 0x00, 0x00, 0x00, 0x00, 0x00, 0x00, 0x00, 0x00, 0x00, 0x00, 0x00, 0x00, 0x00, 0x00, 0x00, 0x00, 0x00, 0x00, 0x00, 0x00, 0x00, 0x00, 0x00, 0x00, 0x00, 0x00, 0x00, 0x00, 0x00, 0x00, 0x00, 0x00, 0x00, 0x00, 0x00, 0x00, 0x00, 0x00, 0x00, 0x00, 0x00, 0x00, 0x00, 0x00, 0x00, 0x00, 0x00, 0x00, 0x00, 0x00, 0x00, 0x00, 0x00, 0x00, 0x00, 0x00, 0x00, 0x00, 0x00, 0x00, 0x00, 0x00, 0x00, 0x00, 0x00, 0x00, 0x00, 0x00, 0x00, 0x00, 0x00, 0x00, 0x00, 0x00, 0x00, 0x00, 0x00, 0x00, 0x00, 0x00, 0x00, 0x00, 0x00, 0x00, 0x00, 0x00, 0x00, 0x00, 0x00, 0x00, 0x00, 0x00, 0x00, 0x00, 0x00, 0x00, 0x00, 0x00, 0x00, 0x00, 0x00, 0x00, 0x00, 0x00, 0x00, 0x00, 0x00, 0x00, 0x00, 0x00, 0x00, 0x00, 0x00, 
     11          0x00, 0x00, 0x00, 0x00, 0x80, 0xE0, 0xF0, 0xF0, 0xF8, 0xF8, 0xFC, 0xFC, 0xFC, 0xFE, 0xFE, 0xFE, 0x7E, 0x3F, 0x1F, 0x9F, 0x8F, 0x8F, 0xCF, 0xCF, 0xCF, 0xCF, 0xCF, 0xFF, 0xFE, 0xFE, 0xFE, 0xFE, 0xFE, 0xFC, 0xFC, 0x7C, 0x7C, 0x78, 0x30, 0x30, 0x00, 0x00, 0x00, 0x00, 0x00, 0x00, 0x00, 0x00, 0x00, 0x00, 0x00, 0x00, 0x80, 0x80, 0xC0, 0xC0, 0xC0, 0xC0, 0xE0, 0xE0, 0xE0, 0xE0, 0xE0, 0xE0, 0xE0, 0xE0, 0xE0, 0xE0, 0xC0, 0xC0, 0xC0, 0xC0, 0x80, 0x00, 0x00, 0x00, 0x00, 0x00, 0x00, 0xC4, 0xEE, 0xEE, 0xEE, 0xEE, 0xEE, 0xC4, 0x00, 0x00, 0x00, 0x00, 0x00, 0x00, 0x80, 0x80, 0x80, 0xC0, 0xC0, 0xC0, 0xE0, 0xE0, 0xE0, 0xE0, 0xE0, 0xE0, 0xE0, 0xE0, 0xE0, 0xE0, 0xE0, 0xC0, 0xC0, 0xC0, 0xC0, 0x80, 0x80, 0x00, 0x00, 0x00, 0x00, 0x00, 0x00, 0x00, 
     12          0x00, 0x00, 0x00, 0x00, 0x03, 0x0F, 0x1F, 0x1F, 0x3F, 0x3F, 0x3F, 0x3F, 0x7F, 0x7F, 0x7F, 0x7F, 0xFC, 0xF8, 0xF8, 0xF1, 0xF3, 0xF3, 0xF7, 0xF7, 0xF7, 0xF3, 0xF3, 0xF3, 0xF1, 0xF9, 0xF9, 0x78, 0x7C, 0x7C, 0x7E, 0x3E, 0x3E, 0x3E, 0x1E, 0x1E, 0x1C, 0x0C, 0x00, 0x00, 0x00, 0x00, 0x00, 0x00, 0x0E, 0x1E, 0xFF, 0xFF, 0xFF, 0xFF, 0xFF, 0xFF, 0xFF, 0xFF, 0x01, 0x00, 0x30, 0x30, 0x30, 0x30, 0x30, 0x30, 0x30, 0x39, 0x3F, 0x3F, 0x1F, 0x1F, 0x1F, 0x0F, 0x06, 0x00, 0x00, 0x00, 0x00, 0x1F, 0x3F, 0x3F, 0x3F, 0x3F, 0x3F, 0x1F, 0x00, 0x00, 0x00, 0x00, 0x00, 0x06, 0x1F, 0x1F, 0x1F, 0x3F, 0x3F, 0x3F, 0x39, 0x39, 0x30, 0x30, 0x30, 0x30, 0x30, 0x30, 0x00, 0x00, 0x01, 0x1F, 0x3F, 0x3F, 0x3F, 0x3F, 0x1F, 0x00, 0x00, 0x00, 0x00, 0x00, 0x00, 0x00, 
     13          0x00, 0x00, 0x00, 0x00, 0x00, 0x00, 0x00, 0x00, 0x00, 0x00, 0x00, 0x00, 0x00, 0x00, 0x00, 0x00, 0x00, 0x00, 0x00, 0x00, 0x00, 0x00, 0x00, 0x00, 0x00, 0x00, 0x00, 0x00, 0x00, 0x00, 0x00, 0x00, 0x00, 0x00, 0x00, 0x00, 0x00, 0x00, 0x00, 0x00, 0x00, 0x00, 0x00, 0x00, 0x00, 0x00, 0x00, 0x00, 0x00, 0x00, 0x0F, 0x0F, 0x0F, 0x0F, 0x0F, 0x0F, 0x0F, 0x0F, 0x00, 0x00, 0x00, 0x00, 0x00, 0x00, 0x00, 0x00, 0x00, 0x00, 0x00, 0x00, 0x00, 0x00, 0x00, 0x00, 0x00, 0x00, 0x00, 0x00, 0x00, 0x00, 0x00, 0x00, 0x00, 0x00, 0x00, 0x00, 0x00, 0x00, 0x00, 0x00, 0x00, 0x00, 0x00, 0x00, 0x00, 0x00, 0x00, 0x00, 0x00, 0x00, 0x00, 0x00, 0x00, 0x00, 0x00, 0x00, 0x00, 0x00, 0x00, 0x00, 0x00, 0x00, 0x00, 0x00, 0x00, 0x00, 0x00, 0x00, 0x00, 0x00, 0x00, 0x00 
     14          };

   \                                 In segment DATA_C, align 4, align-sorted
     15          const unsigned char IMAGE_EpiaLogo1[] = { 	// EpiaTech
   \                     IMAGE_EpiaLogo1:
   \   00000000   000000000000       DC8 0, 0, 0, 0, 0, 0, 0, 0, 0, 0, 0, 0, 0, 0, 0, 0, 0, 128, 128, 192
   \              000000000000
   \              000000000080
   \              80C0        
   \   00000014   C0C0C0800000       DC8 192, 192, 192, 128, 0, 0, 0, 0, 0, 0, 0, 0, 0, 0, 0, 0, 0, 0, 0, 0
   \              000000000000
   \              000000000000
   \              0000        
   \   00000028   00000080C0C0       DC8 0, 0, 0, 128, 192, 192, 0, 0, 0, 0, 0, 0, 0, 0, 0, 0, 0, 0, 0, 0, 0
   \              000000000000
   \              000000000000
   \              000000      
   \   0000003D   00000080C0C0       DC8 0, 0, 0, 128, 192, 192, 192, 192, 192, 192, 192, 192, 192, 128, 0
   \              C0C0C0C0C0C0
   \              C08000      
   \   0000004C   000000000000       DC8 0, 0, 0, 0, 0, 0, 0, 0, 0, 0, 0, 0, 0, 0, 0, 0, 0, 0, 0, 0, 0, 0, 0
   \              000000000000
   \              000000000000
   \              0000000000  
   \   00000063   000000000080       DC8 0, 0, 0, 0, 0, 128, 192, 192, 64, 192, 128, 0, 0, 0, 0, 0, 0, 0, 0
   \              C0C040C08000
   \              000000000000
   \              00          
   \   00000076   000000000000       DC8 0, 0, 0, 0, 0, 0, 0, 0, 0, 0, 0, 0, 0, 0, 192, 240, 248, 252, 190
   \              000000000000
   \              0000C0F0F8FC
   \              BE          
   \   00000089   8F878381A0B8       DC8 143, 135, 131, 129, 160, 184, 191, 159, 143, 7, 0, 0, 0, 128, 224
   \              BF9F8F070000
   \              0080E0      
   \   00000098   F0F000C0E070       DC8 240, 240, 0, 192, 224, 112, 240, 240, 224, 192, 0, 0, 192, 247, 247
   \              F0F0E0C00000
   \              C0F7F7      
   \   000000A7   C30000000000       DC8 195, 0, 0, 0, 0, 0, 128, 192, 224, 96, 48, 16, 16, 240, 240, 224
   \              80C0E0603010
   \              10F0F0E0    
   \   000000B7   C000030303C3       DC8 192, 0, 3, 3, 3, 195, 243, 255, 255, 255, 127, 15, 3, 1, 0, 0, 0
   \              F3FFFFFF7F0F
   \              0301000000  
   \   000000C8   80C0E0E07030       DC8 128, 192, 224, 224, 112, 48, 240, 240, 224, 0, 0, 0, 128, 192, 224
   \              F0F0E0000000
   \              80C0E0      
   \   000000D7   30F0F0E00000       DC8 48, 240, 240, 224, 0, 0, 128, 224, 248, 254, 31, 7, 1, 224, 184
   \              80E0F8FE1F07
   \              01E0B8      
   \   000000E6   DFC700000000       DC8 223, 199, 0, 0, 0, 0, 0, 0, 0, 0, 0, 0, 0, 0, 0, 0, 0, 0, 0, 0, 0
   \              000000000000
   \              000000000000
   \              000000      
   \   000000FB   00001F7FFFFF       DC8 0, 0, 31, 127, 255, 255, 255, 231, 199, 199, 199, 199, 231, 231
   \              FFE7C7C7C7C7
   \              E7E7        
   \   00000109   F37379180080       DC8 243, 115, 121, 24, 0, 128, 252, 255, 255, 255, 223, 135, 129, 192
   \              FCFFFFFFDF87
   \              81C0        
   \   00000117   E0FF7F3F0F00       DC8 224, 255, 127, 63, 15, 0, 252, 255, 255, 31, 0, 0, 0, 120, 254, 255
   \              FCFFFF1F0000
   \              0078FEFF    
   \   00000127   FFC3C0C06020       DC8 255, 195, 192, 192, 96, 32, 28, 255, 255, 255, 255, 128, 0, 240
   \              1CFFFFFFFF80
   \              00F0        
   \   00000135   FEFFFFFF3F07       DC8 254, 255, 255, 255, 63, 7, 0, 0, 0, 0, 0, 120, 254, 255, 255, 211
   \              000000000078
   \              FEFFFFD3    
   \   00000145   D0D8EE673311       DC8 208, 216, 238, 103, 51, 17, 0, 120, 254, 255, 255, 193, 192, 193
   \              0078FEFFFFC1
   \              C0C1        
   \   00000153   613000F8FF7F       DC8 97, 48, 0, 248, 255, 127, 31, 12, 14, 6, 3, 127, 255, 255, 255, 192
   \              1F0C0E06037F
   \              FFFFFFC0    
   \   00000163   000000000000       DC8 0, 0, 0, 0, 0, 0, 0, 0, 0, 0, 0, 0, 0, 0, 0, 0, 0, 0, 0, 0, 0, 0, 0
   \              000000000000
   \              000000000000
   \              0000000000  
   \   0000017A   000101010101       DC8 0, 1, 1, 1, 1, 1, 1, 0, 0, 0, 0, 0, 0, 0, 31, 63, 31, 7, 0, 0, 1, 1
   \              010000000000
   \              00001F3F1F07
   \              00000101    
   \   00000190   010000000000       DC8 1, 0, 0, 0, 0, 0, 0, 0, 1, 0, 0, 0, 0, 0, 0, 0, 1, 1, 1, 1, 0, 0, 0
   \              000001000000
   \              000000000101
   \              0101000000  
   \   000001A7   000001010100       DC8 0, 0, 1, 1, 1, 0, 0, 1, 1, 1, 0, 0, 0, 0, 0, 0, 0, 0, 0, 0, 0, 1, 1
   \              000101010000
   \              000000000000
   \              0000000101  
   \   000001BE   010100000000       DC8 1, 1, 0, 0, 0, 0, 0, 0, 0, 0, 1, 1, 1, 1, 0, 0, 0, 0, 1, 1, 0, 0, 0
   \              000000000101
   \              010100000000
   \              0101000000  
   \   000001D5   000000000101       DC8 0, 0, 0, 0, 1, 1, 1, 0, 0, 0, 0, 0, 0, 0, 0, 0, 0, 0, 0
   \              010000000000
   \              000000000000
   \              00          
     16          0x00, 0x00, 0x00, 0x00, 0x00, 0x00, 0x00, 0x00, 0x00, 0x00, 0x00, 0x00, 0x00, 0x00, 0x00, 0x00, 0x00, 0x80, 0x80, 0xC0, 0xC0, 0xC0, 0xC0, 0x80, 0x00, 0x00, 0x00, 0x00, 0x00, 0x00, 0x00, 0x00, 0x00, 0x00, 0x00, 0x00, 0x00, 0x00, 0x00, 0x00, 0x00, 0x00, 0x00, 0x80, 0xC0, 0xC0, 0x00, 0x00, 0x00, 0x00, 0x00, 0x00, 0x00, 0x00, 0x00, 0x00, 0x00, 0x00, 0x00, 0x00, 0x00, 0x00, 0x00, 0x00, 0x80, 0xC0, 0xC0, 0xC0, 0xC0, 0xC0, 0xC0, 0xC0, 0xC0, 0xC0, 0x80, 0x00, 0x00, 0x00, 0x00, 0x00, 0x00, 0x00, 0x00, 0x00, 0x00, 0x00, 0x00, 0x00, 0x00, 0x00, 0x00, 0x00, 0x00, 0x00, 0x00, 0x00, 0x00, 0x00, 0x00, 0x00, 0x00, 0x00, 0x00, 0x00, 0x80, 0xC0, 0xC0, 0x40, 0xC0, 0x80, 0x00, 0x00, 0x00, 0x00, 0x00, 0x00, 0x00, 0x00, 0x00, 0x00, 0x00, 0x00, 
     17          0x00, 0x00, 0x00, 0x00, 0x00, 0x00, 0x00, 0x00, 0x00, 0x00, 0xC0, 0xF0, 0xF8, 0xFC, 0xBE, 0x8F, 0x87, 0x83, 0x81, 0xA0, 0xB8, 0xBF, 0x9F, 0x8F, 0x07, 0x00, 0x00, 0x00, 0x80, 0xE0, 0xF0, 0xF0, 0x00, 0xC0, 0xE0, 0x70, 0xF0, 0xF0, 0xE0, 0xC0, 0x00, 0x00, 0xC0, 0xF7, 0xF7, 0xC3, 0x00, 0x00, 0x00, 0x00, 0x00, 0x80, 0xC0, 0xE0, 0x60, 0x30, 0x10, 0x10, 0xF0, 0xF0, 0xE0, 0xC0, 0x00, 0x03, 0x03, 0x03, 0xC3, 0xF3, 0xFF, 0xFF, 0xFF, 0x7F, 0x0F, 0x03, 0x01, 0x00, 0x00, 0x00, 0x80, 0xC0, 0xE0, 0xE0, 0x70, 0x30, 0xF0, 0xF0, 0xE0, 0x00, 0x00, 0x00, 0x80, 0xC0, 0xE0, 0x30, 0xF0, 0xF0, 0xE0, 0x00, 0x00, 0x80, 0xE0, 0xF8, 0xFE, 0x1F, 0x07, 0x01, 0xE0, 0xB8, 0xDF, 0xC7, 0x00, 0x00, 0x00, 0x00, 0x00, 0x00, 0x00, 0x00, 0x00, 0x00, 0x00, 0x00, 
     18          0x00, 0x00, 0x00, 0x00, 0x00, 0x00, 0x00, 0x00, 0x00, 0x1F, 0x7F, 0xFF, 0xFF, 0xFF, 0xE7, 0xC7, 0xC7, 0xC7, 0xC7, 0xE7, 0xE7, 0xF3, 0x73, 0x79, 0x18, 0x00, 0x80, 0xFC, 0xFF, 0xFF, 0xFF, 0xDF, 0x87, 0x81, 0xC0, 0xE0, 0xFF, 0x7F, 0x3F, 0x0F, 0x00, 0xFC, 0xFF, 0xFF, 0x1F, 0x00, 0x00, 0x00, 0x78, 0xFE, 0xFF, 0xFF, 0xC3, 0xC0, 0xC0, 0x60, 0x20, 0x1C, 0xFF, 0xFF, 0xFF, 0xFF, 0x80, 0x00, 0xF0, 0xFE, 0xFF, 0xFF, 0xFF, 0x3F, 0x07, 0x00, 0x00, 0x00, 0x00, 0x00, 0x78, 0xFE, 0xFF, 0xFF, 0xD3, 0xD0, 0xD8, 0xEE, 0x67, 0x33, 0x11, 0x00, 0x78, 0xFE, 0xFF, 0xFF, 0xC1, 0xC0, 0xC1, 0x61, 0x30, 0x00, 0xF8, 0xFF, 0x7F, 0x1F, 0x0C, 0x0E, 0x06, 0x03, 0x7F, 0xFF, 0xFF, 0xFF, 0xC0, 0x00, 0x00, 0x00, 0x00, 0x00, 0x00, 0x00, 0x00, 0x00, 0x00, 0x00, 
     19          0x00, 0x00, 0x00, 0x00, 0x00, 0x00, 0x00, 0x00, 0x00, 0x00, 0x00, 0x00, 0x00, 0x01, 0x01, 0x01, 0x01, 0x01, 0x01, 0x00, 0x00, 0x00, 0x00, 0x00, 0x00, 0x00, 0x1F, 0x3F, 0x1F, 0x07, 0x00, 0x00, 0x01, 0x01, 0x01, 0x00, 0x00, 0x00, 0x00, 0x00, 0x00, 0x00, 0x01, 0x00, 0x00, 0x00, 0x00, 0x00, 0x00, 0x00, 0x01, 0x01, 0x01, 0x01, 0x00, 0x00, 0x00, 0x00, 0x00, 0x01, 0x01, 0x01, 0x00, 0x00, 0x01, 0x01, 0x01, 0x00, 0x00, 0x00, 0x00, 0x00, 0x00, 0x00, 0x00, 0x00, 0x00, 0x00, 0x01, 0x01, 0x01, 0x01, 0x00, 0x00, 0x00, 0x00, 0x00, 0x00, 0x00, 0x00, 0x01, 0x01, 0x01, 0x01, 0x00, 0x00, 0x00, 0x00, 0x01, 0x01, 0x00, 0x00, 0x00, 0x00, 0x00, 0x00, 0x00, 0x01, 0x01, 0x01, 0x00, 0x00, 0x00, 0x00, 0x00, 0x00, 0x00, 0x00, 0x00, 0x00, 0x00, 0x00
     20          };

   \                                 In segment DATA_C, align 4, align-sorted
     21          const unsigned char IMAGE_EpiaLogo2[] = {	// 이피아테크
   \                     IMAGE_EpiaLogo2:
   \   00000000   0000000080C0       DC8 0, 0, 0, 0, 128, 192, 192, 224, 224, 224, 224, 224, 192, 192, 128
   \              C0E0E0E0E0E0
   \              C0C080      
   \   0000000F   000000E0E0E0       DC8 0, 0, 0, 224, 224, 224, 224, 224, 0, 0, 0, 0, 192, 192, 192, 192
   \              E0E000000000
   \              C0C0C0C0    
   \   0000001F   C0C0C0C0C0C0       DC8 192, 192, 192, 192, 192, 192, 192, 192, 192, 0, 0, 224, 224, 224
   \              C0C0C00000E0
   \              E0E0        
   \   0000002D   E0E000000000       DC8 224, 224, 0, 0, 0, 0, 0, 128, 192, 192, 224, 224, 224, 224, 192
   \              0080C0C0E0E0
   \              E0E0C0      
   \   0000003C   C080000000E0       DC8 192, 128, 0, 0, 0, 224, 224, 224, 224, 224, 0, 0, 0, 0, 0, 192, 192
   \              E0E0E0E00000
   \              000000C0C0  
   \   0000004D   C0C0C0C0C0C0       DC8 192, 192, 192, 192, 192, 192, 192, 0, 0, 224, 224, 224, 224, 0, 224
   \              C00000E0E0E0
   \              E000E0      
   \   0000005C   E0E0E0000000       DC8 224, 224, 224, 0, 0, 0, 0, 0, 224, 224, 224, 224, 224, 224, 224
   \              0000E0E0E0E0
   \              E0E0E0      
   \   0000006B   E0E0E0E0E0E0       DC8 224, 224, 224, 224, 224, 224, 224, 224, 224, 224, 192, 0, 0, 0, 0
   \              E0E0E0E0C000
   \              000000      
   \   0000007A   0000F8FEFFFF       DC8 0, 0, 248, 254, 255, 255, 255, 3, 0, 0, 0, 3, 255, 255, 255, 254
   \              FF0300000003
   \              FFFFFFFE    
   \   0000008A   F800FFFFFFFF       DC8 248, 0, 255, 255, 255, 255, 255, 0, 0, 0, 0, 1, 255, 255, 255, 255
   \              FF0000000001
   \              FFFFFFFF    
   \   0000009A   FF01FFFFFFFF       DC8 255, 1, 255, 255, 255, 255, 255, 1, 0, 0, 255, 255, 255, 255, 255
   \              FF010000FFFF
   \              FFFFFF      
   \   000000A9   000000F8FEFF       DC8 0, 0, 0, 248, 254, 255, 255, 255, 3, 0, 0, 3, 255, 255, 255, 254
   \              FFFF03000003
   \              FFFFFFFE    
   \   000000B9   F800FFFFFFFF       DC8 248, 0, 255, 255, 255, 255, 255, 224, 224, 0, 0, 0, 255, 255, 255
   \              FFE0E0000000
   \              FFFFFF      
   \   000000C8   FFFFC1C1C101       DC8 255, 255, 193, 193, 193, 1, 192, 192, 255, 255, 255, 255, 0, 255
   \              C0C0FFFFFFFF
   \              00FF        
   \   000000D6   FFFFFF000000       DC8 255, 255, 255, 0, 0, 0, 0, 0, 192, 192, 192, 192, 192, 192, 192
   \              0000C0C0C0C0
   \              C0C0C0      
   \   000000E5   C0C0C0C0C0C0       DC8 192, 192, 192, 192, 192, 192, 255, 255, 255, 255, 255, 0, 0, 0, 0
   \              FFFFFFFFFF00
   \              000000      
   \   000000F4   0000071F7FFF       DC8 0, 0, 7, 31, 127, 255, 255, 240, 192, 192, 192, 240, 255, 255, 127
   \              FFF0C0C0C0F0
   \              FFFF7F      
   \   00000103   1F0700FFFFFF       DC8 31, 7, 0, 255, 255, 255, 255, 255, 0, 0, 0, 0, 192, 255, 255, 255
   \              FFFF00000000
   \              C0FFFFFF    
   \   00000113   FFFFC0FFFFFF       DC8 255, 255, 192, 255, 255, 255, 255, 255, 192, 192, 192, 255, 255
   \              FFFFC0C0C0FF
   \              FF          
   \   00000120   FFFFFF000000       DC8 255, 255, 255, 0, 0, 0, 7, 31, 127, 255, 255, 240, 192, 192, 240
   \              071F7FFFFFF0
   \              C0C0F0      
   \   0000012F   FFFF7F1F0700       DC8 255, 255, 127, 31, 7, 0, 255, 255, 255, 255, 255, 0, 0, 0, 0, 0
   \              FFFFFFFFFF00
   \              00000000    
   \   0000013F   FFFFFFFFFFC1       DC8 255, 255, 255, 255, 255, 193, 193, 193, 192, 193, 193, 255, 255
   \              C1C1C0C1C1FF
   \              FF          
   \   0000014C   FFFF00FFFFFF       DC8 255, 255, 0, 255, 255, 255, 255, 0, 0, 0, 0, 0, 1, 1, 1, 1, 1, 1, 1
   \              FF0000000000
   \              010101010101
   \              01          
   \   0000015F   0101010101C1       DC8 1, 1, 1, 1, 1, 193, 255, 255, 255, 255, 15, 0, 0, 0, 0, 0, 0, 0, 0
   \              FFFFFFFF0F00
   \              000000000000
   \              00          
   \   00000172   000000010101       DC8 0, 0, 0, 1, 1, 1, 1, 1, 0, 0, 0, 0, 0, 0, 3, 3, 3, 3, 3, 0, 0, 0, 0
   \              010100000000
   \              000003030303
   \              0300000000  
   \   00000189   010101010101       DC8 1, 1, 1, 1, 1, 1, 1, 1, 1, 1, 1, 1, 1, 1, 1, 3, 3, 3, 3, 3, 0, 0, 0
   \              010101010101
   \              010101030303
   \              0303000000  
   \   000001A0   000000000001       DC8 0, 0, 0, 0, 0, 1, 1, 1, 1, 0, 0, 0, 0, 0, 0, 3, 3, 3, 3, 3, 0, 0, 0
   \              010101000000
   \              000000030303
   \              0303000000  
   \   000001B7   000000010101       DC8 0, 0, 0, 1, 1, 1, 1, 1, 1, 1, 1, 1, 1, 3, 3, 3, 3, 0, 3, 3, 3, 3, 0
   \              010101010101
   \              010303030300
   \              0303030300  
   \   000001CE   000003030303       DC8 0, 0, 3, 3, 3, 3, 3, 3, 3, 3, 3, 3, 3, 3, 3, 3, 3, 3, 3, 3, 3, 3, 3
   \              030303030303
   \              030303030303
   \              0303030303  
   \   000001E5   030000             DC8 3, 0, 0
     22          0x00, 0x00, 0x00, 0x00, 0x80, 0xC0, 0xC0, 0xE0, 0xE0, 0xE0, 0xE0, 0xE0, 0xC0, 0xC0, 0x80, 0x00, 0x00, 0x00, 0xE0, 0xE0, 0xE0, 0xE0, 0xE0, 0x00, 0x00, 0x00, 0x00, 0xC0, 0xC0, 0xC0, 0xC0, 0xC0, 0xC0, 0xC0, 0xC0, 0xC0, 0xC0, 0xC0, 0xC0, 0xC0, 0x00, 0x00, 0xE0, 0xE0, 0xE0, 0xE0, 0xE0, 0x00, 0x00, 0x00, 0x00, 0x00, 0x80, 0xC0, 0xC0, 0xE0, 0xE0, 0xE0, 0xE0, 0xC0, 0xC0, 0x80, 0x00, 0x00, 0x00, 0xE0, 0xE0, 0xE0, 0xE0, 0xE0, 0x00, 0x00, 0x00, 0x00, 0x00, 0xC0, 0xC0, 0xC0, 0xC0, 0xC0, 0xC0, 0xC0, 0xC0, 0xC0, 0x00, 0x00, 0xE0, 0xE0, 0xE0, 0xE0, 0x00, 0xE0, 0xE0, 0xE0, 0xE0, 0x00, 0x00, 0x00, 0x00, 0x00, 0xE0, 0xE0, 0xE0, 0xE0, 0xE0, 0xE0, 0xE0, 0xE0, 0xE0, 0xE0, 0xE0, 0xE0, 0xE0, 0xE0, 0xE0, 0xE0, 0xE0, 0xC0, 0x00, 0x00, 0x00, 0x00, 
     23          0x00, 0x00, 0xF8, 0xFE, 0xFF, 0xFF, 0xFF, 0x03, 0x00, 0x00, 0x00, 0x03, 0xFF, 0xFF, 0xFF, 0xFE, 0xF8, 0x00, 0xFF, 0xFF, 0xFF, 0xFF, 0xFF, 0x00, 0x00, 0x00, 0x00, 0x01, 0xFF, 0xFF, 0xFF, 0xFF, 0xFF, 0x01, 0xFF, 0xFF, 0xFF, 0xFF, 0xFF, 0x01, 0x00, 0x00, 0xFF, 0xFF, 0xFF, 0xFF, 0xFF, 0x00, 0x00, 0x00, 0xF8, 0xFE, 0xFF, 0xFF, 0xFF, 0x03, 0x00, 0x00, 0x03, 0xFF, 0xFF, 0xFF, 0xFE, 0xF8, 0x00, 0xFF, 0xFF, 0xFF, 0xFF, 0xFF, 0xE0, 0xE0, 0x00, 0x00, 0x00, 0xFF, 0xFF, 0xFF, 0xFF, 0xFF, 0xC1, 0xC1, 0xC1, 0x01, 0xC0, 0xC0, 0xFF, 0xFF, 0xFF, 0xFF, 0x00, 0xFF, 0xFF, 0xFF, 0xFF, 0x00, 0x00, 0x00, 0x00, 0x00, 0xC0, 0xC0, 0xC0, 0xC0, 0xC0, 0xC0, 0xC0, 0xC0, 0xC0, 0xC0, 0xC0, 0xC0, 0xC0, 0xFF, 0xFF, 0xFF, 0xFF, 0xFF, 0x00, 0x00, 0x00, 0x00, 
     24          0x00, 0x00, 0x07, 0x1F, 0x7F, 0xFF, 0xFF, 0xF0, 0xC0, 0xC0, 0xC0, 0xF0, 0xFF, 0xFF, 0x7F, 0x1F, 0x07, 0x00, 0xFF, 0xFF, 0xFF, 0xFF, 0xFF, 0x00, 0x00, 0x00, 0x00, 0xC0, 0xFF, 0xFF, 0xFF, 0xFF, 0xFF, 0xC0, 0xFF, 0xFF, 0xFF, 0xFF, 0xFF, 0xC0, 0xC0, 0xC0, 0xFF, 0xFF, 0xFF, 0xFF, 0xFF, 0x00, 0x00, 0x00, 0x07, 0x1F, 0x7F, 0xFF, 0xFF, 0xF0, 0xC0, 0xC0, 0xF0, 0xFF, 0xFF, 0x7F, 0x1F, 0x07, 0x00, 0xFF, 0xFF, 0xFF, 0xFF, 0xFF, 0x00, 0x00, 0x00, 0x00, 0x00, 0xFF, 0xFF, 0xFF, 0xFF, 0xFF, 0xC1, 0xC1, 0xC1, 0xC0, 0xC1, 0xC1, 0xFF, 0xFF, 0xFF, 0xFF, 0x00, 0xFF, 0xFF, 0xFF, 0xFF, 0x00, 0x00, 0x00, 0x00, 0x00, 0x01, 0x01, 0x01, 0x01, 0x01, 0x01, 0x01, 0x01, 0x01, 0x01, 0x01, 0x01, 0xC1, 0xFF, 0xFF, 0xFF, 0xFF, 0x0F, 0x00, 0x00, 0x00, 0x00, 
     25          0x00, 0x00, 0x00, 0x00, 0x00, 0x00, 0x00, 0x01, 0x01, 0x01, 0x01, 0x01, 0x00, 0x00, 0x00, 0x00, 0x00, 0x00, 0x03, 0x03, 0x03, 0x03, 0x03, 0x00, 0x00, 0x00, 0x00, 0x01, 0x01, 0x01, 0x01, 0x01, 0x01, 0x01, 0x01, 0x01, 0x01, 0x01, 0x01, 0x01, 0x01, 0x01, 0x03, 0x03, 0x03, 0x03, 0x03, 0x00, 0x00, 0x00, 0x00, 0x00, 0x00, 0x00, 0x00, 0x01, 0x01, 0x01, 0x01, 0x00, 0x00, 0x00, 0x00, 0x00, 0x00, 0x03, 0x03, 0x03, 0x03, 0x03, 0x00, 0x00, 0x00, 0x00, 0x00, 0x00, 0x01, 0x01, 0x01, 0x01, 0x01, 0x01, 0x01, 0x01, 0x01, 0x01, 0x03, 0x03, 0x03, 0x03, 0x00, 0x03, 0x03, 0x03, 0x03, 0x00, 0x00, 0x00, 0x03, 0x03, 0x03, 0x03, 0x03, 0x03, 0x03, 0x03, 0x03, 0x03, 0x03, 0x03, 0x03, 0x03, 0x03, 0x03, 0x03, 0x03, 0x03, 0x03, 0x03, 0x03, 0x00, 0x00
     26          };

   \                                 In segment DATA_C, align 4, align-sorted
     27          const unsigned char IMAGE_EpiaLogo3[] = {	// EpiaCAFE
   \                     IMAGE_EpiaLogo3:
   \   00000000   000000000000       DC8 0, 0, 0, 0, 0, 0, 0, 0, 0, 32, 224, 224, 32, 32, 32, 32, 32, 32, 32
   \              00000020E0E0
   \              202020202020
   \              20          
   \   00000013   20E000000000       DC8 32, 224, 0, 0, 0, 0, 0, 0, 0, 0, 0, 0, 0, 0, 0, 0, 0, 0, 0, 0, 128
   \              000000000000
   \              000000000000
   \              000080      
   \   00000028   800000000000       DC8 128, 0, 0, 0, 0, 0, 0, 0, 0, 0, 0, 0, 0, 0, 0, 0, 0, 0, 128, 192
   \              000000000000
   \              000000000000
   \              80C0        
   \   0000003C   406020202020       DC8 64, 96, 32, 32, 32, 32, 32, 64, 192, 128, 0, 0, 0, 0, 0, 0, 0, 0, 0
   \              2040C0800000
   \              000000000000
   \              00          
   \   0000004F   80C000000000       DC8 128, 192, 0, 0, 0, 0, 0, 0, 0, 0, 0, 32, 224, 224, 32, 32, 32, 32
   \              000000000020
   \              E0E020202020
   \   00000061   20202020E000       DC8 32, 32, 32, 32, 224, 0, 0, 0, 0, 32, 224, 224, 32, 32, 32, 32, 32
   \              00000020E0E0
   \              2020202020  
   \   00000072   202020E00000       DC8 32, 32, 32, 224, 0, 0, 0, 0, 0, 0, 0, 0, 0, 0, 0, 0, 0, 0, 255, 255
   \              000000000000
   \              000000000000
   \              FFFF        
   \   00000086   202020202070       DC8 32, 32, 32, 32, 32, 112, 0, 0, 1, 0, 0, 0, 16, 248, 248, 16, 8, 8
   \              000001000000
   \              10F8F8100808
   \   00000098   080830F0C000       DC8 8, 8, 48, 240, 192, 0, 0, 0, 16, 248, 248, 0, 0, 0, 0, 48, 48, 24
   \              000010F8F800
   \              000000303018
   \   000000AA   080818F8F000       DC8 8, 8, 24, 248, 240, 0, 0, 0, 248, 254, 3, 0, 0, 0, 0, 0, 0, 0, 0, 0
   \              0000F8FE0300
   \              000000000000
   \              0000        
   \   000000BE   000100000000       DC8 0, 1, 0, 0, 0, 0, 0, 0, 0, 224, 28, 3, 15, 126, 240, 128, 0, 0, 0
   \              000000E01C03
   \              0F7EF0800000
   \              00          
   \   000000D1   00000000FFFF       DC8 0, 0, 0, 0, 255, 255, 32, 32, 32, 32, 32, 112, 0, 0, 1, 0, 0, 0, 0
   \              202020202070
   \              000001000000
   \              00          
   \   000000E4   00FFFF202020       DC8 0, 255, 255, 32, 32, 32, 32, 32, 112, 0, 0, 1, 0, 0, 0, 0, 0, 0, 0
   \              202070000001
   \              000000000000
   \              00          
   \   000000F7   000000000000       DC8 0, 0, 0, 0, 0, 0, 64, 127, 127, 64, 64, 64, 64, 64, 64, 64, 64, 124
   \              407F7F404040
   \              40404040407C
   \   00000109   00000000FFFF       DC8 0, 0, 0, 0, 255, 255, 32, 64, 64, 64, 96, 48, 63, 15, 0, 0, 0, 64
   \              204040406030
   \              3F0F00000040
   \   0000011B   7F7F4000003C       DC8 127, 127, 64, 0, 0, 60, 124, 98, 66, 65, 65, 33, 127, 127, 64, 0, 0
   \              7C6242414121
   \              7F7F400000  
   \   0000012C   01071E383060       DC8 1, 7, 30, 56, 48, 96, 64, 64, 64, 64, 64, 32, 48, 16, 0, 0, 0, 64
   \              404040404020
   \              301000000040
   \   0000013E   607807010101       DC8 96, 120, 7, 1, 1, 1, 1, 1, 3, 95, 124, 96, 64, 0, 0, 0, 64, 127
   \              0101035F7C60
   \              40000000407F
   \   00000150   7F4000000000       DC8 127, 64, 0, 0, 0, 0, 0, 0, 0, 0, 0, 0, 0, 0, 64, 127, 127, 64, 64
   \              000000000000
   \              0000407F7F40
   \              40          
   \   00000163   404040404040       DC8 64, 64, 64, 64, 64, 64, 124, 0, 0, 0, 0, 0, 0, 0, 0, 0, 0, 0, 0, 0
   \              7C0000000000
   \              000000000000
   \              0000        
   \   00000177   000000000000       DC8 0, 0, 0, 0, 0, 0, 0, 0, 0, 0, 0, 0, 0, 0, 0, 8, 15, 15, 8, 0, 0, 0
   \              000000000000
   \              000000080F0F
   \              08000000    
   \   0000018D   000000000000       DC8 0, 0, 0, 0, 0, 0, 0, 0, 0, 0, 0, 0, 0, 0, 0, 0, 0, 0, 0, 0, 0, 0, 0
   \              000000000000
   \              000000000000
   \              0000000000  
   \   000001A4   000000000000       DC8 0, 0, 0, 0, 0, 0, 0, 0, 0, 0, 0, 0, 0, 0, 0, 0, 0, 0, 0, 0, 0, 0, 0
   \              000000000000
   \              000000000000
   \              0000000000  
   \   000001BB   000000000000       DC8 0, 0, 0, 0, 0, 0, 0, 0, 0, 0, 0, 0, 0, 0, 0, 0, 0, 0, 0, 0, 0, 0, 0
   \              000000000000
   \              000000000000
   \              0000000000  
   \   000001D2   000000000000       DC8 0, 0, 0, 0, 0, 0, 0, 0, 0, 0, 0, 0, 0, 0, 0, 0, 0, 0, 0, 0, 0, 0
   \              000000000000
   \              000000000000
   \              00000000    
     28          0x00, 0x00, 0x00, 0x00, 0x00, 0x00, 0x00, 0x00, 0x00, 0x20, 0xE0, 0xE0, 0x20, 0x20, 0x20, 0x20, 0x20, 0x20, 0x20, 0x20, 0xE0, 0x00, 0x00, 0x00, 0x00, 0x00, 0x00, 0x00, 0x00, 0x00, 0x00, 0x00, 0x00, 0x00, 0x00, 0x00, 0x00, 0x00, 0x00, 0x80, 0x80, 0x00, 0x00, 0x00, 0x00, 0x00, 0x00, 0x00, 0x00, 0x00, 0x00, 0x00, 0x00, 0x00, 0x00, 0x00, 0x00, 0x00, 0x80, 0xC0, 0x40, 0x60, 0x20, 0x20, 0x20, 0x20, 0x20, 0x40, 0xC0, 0x80, 0x00, 0x00, 0x00, 0x00, 0x00, 0x00, 0x00, 0x00, 0x00, 0x80, 0xC0, 0x00, 0x00, 0x00, 0x00, 0x00, 0x00, 0x00, 0x00, 0x00, 0x20, 0xE0, 0xE0, 0x20, 0x20, 0x20, 0x20, 0x20, 0x20, 0x20, 0x20, 0xE0, 0x00, 0x00, 0x00, 0x00, 0x20, 0xE0, 0xE0, 0x20, 0x20, 0x20, 0x20, 0x20, 0x20, 0x20, 0x20, 0xE0, 0x00, 0x00, 0x00, 0x00, 
     29          0x00, 0x00, 0x00, 0x00, 0x00, 0x00, 0x00, 0x00, 0x00, 0x00, 0xFF, 0xFF, 0x20, 0x20, 0x20, 0x20, 0x20, 0x70, 0x00, 0x00, 0x01, 0x00, 0x00, 0x00, 0x10, 0xF8, 0xF8, 0x10, 0x08, 0x08, 0x08, 0x08, 0x30, 0xF0, 0xC0, 0x00, 0x00, 0x00, 0x10, 0xF8, 0xF8, 0x00, 0x00, 0x00, 0x00, 0x30, 0x30, 0x18, 0x08, 0x08, 0x18, 0xF8, 0xF0, 0x00, 0x00, 0x00, 0xF8, 0xFE, 0x03, 0x00, 0x00, 0x00, 0x00, 0x00, 0x00, 0x00, 0x00, 0x00, 0x00, 0x01, 0x00, 0x00, 0x00, 0x00, 0x00, 0x00, 0x00, 0xE0, 0x1C, 0x03, 0x0F, 0x7E, 0xF0, 0x80, 0x00, 0x00, 0x00, 0x00, 0x00, 0x00, 0x00, 0xFF, 0xFF, 0x20, 0x20, 0x20, 0x20, 0x20, 0x70, 0x00, 0x00, 0x01, 0x00, 0x00, 0x00, 0x00, 0x00, 0xFF, 0xFF, 0x20, 0x20, 0x20, 0x20, 0x20, 0x70, 0x00, 0x00, 0x01, 0x00, 0x00, 0x00, 0x00, 
     30          0x00, 0x00, 0x00, 0x00, 0x00, 0x00, 0x00, 0x00, 0x00, 0x40, 0x7F, 0x7F, 0x40, 0x40, 0x40, 0x40, 0x40, 0x40, 0x40, 0x40, 0x7C, 0x00, 0x00, 0x00, 0x00, 0xFF, 0xFF, 0x20, 0x40, 0x40, 0x40, 0x60, 0x30, 0x3F, 0x0F, 0x00, 0x00, 0x00, 0x40, 0x7F, 0x7F, 0x40, 0x00, 0x00, 0x3C, 0x7C, 0x62, 0x42, 0x41, 0x41, 0x21, 0x7F, 0x7F, 0x40, 0x00, 0x00, 0x01, 0x07, 0x1E, 0x38, 0x30, 0x60, 0x40, 0x40, 0x40, 0x40, 0x40, 0x20, 0x30, 0x10, 0x00, 0x00, 0x00, 0x40, 0x60, 0x78, 0x07, 0x01, 0x01, 0x01, 0x01, 0x01, 0x03, 0x5F, 0x7C, 0x60, 0x40, 0x00, 0x00, 0x00, 0x40, 0x7F, 0x7F, 0x40, 0x00, 0x00, 0x00, 0x00, 0x00, 0x00, 0x00, 0x00, 0x00, 0x00, 0x00, 0x00, 0x40, 0x7F, 0x7F, 0x40, 0x40, 0x40, 0x40, 0x40, 0x40, 0x40, 0x40, 0x7C, 0x00, 0x00, 0x00, 0x00, 
     31          0x00, 0x00, 0x00, 0x00, 0x00, 0x00, 0x00, 0x00, 0x00, 0x00, 0x00, 0x00, 0x00, 0x00, 0x00, 0x00, 0x00, 0x00, 0x00, 0x00, 0x00, 0x00, 0x00, 0x00, 0x08, 0x0F, 0x0F, 0x08, 0x00, 0x00, 0x00, 0x00, 0x00, 0x00, 0x00, 0x00, 0x00, 0x00, 0x00, 0x00, 0x00, 0x00, 0x00, 0x00, 0x00, 0x00, 0x00, 0x00, 0x00, 0x00, 0x00, 0x00, 0x00, 0x00, 0x00, 0x00, 0x00, 0x00, 0x00, 0x00, 0x00, 0x00, 0x00, 0x00, 0x00, 0x00, 0x00, 0x00, 0x00, 0x00, 0x00, 0x00, 0x00, 0x00, 0x00, 0x00, 0x00, 0x00, 0x00, 0x00, 0x00, 0x00, 0x00, 0x00, 0x00, 0x00, 0x00, 0x00, 0x00, 0x00, 0x00, 0x00, 0x00, 0x00, 0x00, 0x00, 0x00, 0x00, 0x00, 0x00, 0x00, 0x00, 0x00, 0x00, 0x00, 0x00, 0x00, 0x00, 0x00, 0x00, 0x00, 0x00, 0x00, 0x00, 0x00, 0x00, 0x00, 0x00, 0x00, 0x00, 0x00, 0x00
     32          };

   \                                 In segment DATA_C, align 4, align-sorted
     33          const unsigned char IMAGE_EpiaLogo4[] = {	// 안녕하세요
   \                     IMAGE_EpiaLogo4:
   \   00000000   000000000080       DC8 0, 0, 0, 0, 0, 128, 128, 128, 128, 0, 0, 0, 0, 0, 0, 0, 0, 0, 128
   \              808080000000
   \              000000000000
   \              80          
   \   00000013   808000000000       DC8 128, 128, 0, 0, 0, 0, 0, 128, 128, 128, 0, 0, 0, 0, 0, 0, 0, 0, 0
   \              008080800000
   \              000000000000
   \              00          
   \   00000026   0000000080C0       DC8 0, 0, 0, 0, 128, 192, 128, 0, 0, 0, 0, 0, 0, 0, 0, 0, 0, 0, 0, 0, 0
   \              800000000000
   \              000000000000
   \              000000      
   \   0000003B   000000000000       DC8 0, 0, 0, 0, 0, 0, 0, 128, 128, 128, 0, 0, 0, 0, 0, 0, 0, 0, 0, 0, 0
   \              008080800000
   \              000000000000
   \              000000      
   \   00000050   000000000000       DC8 0, 0, 0, 0, 0, 0, 0, 128, 128, 128, 0, 128, 128, 128, 0, 0, 0, 0, 0
   \              008080800080
   \              808000000000
   \              00          
   \   00000063   000000000000       DC8 0, 0, 0, 0, 0, 0, 0, 0, 0, 0, 0, 0, 0, 0, 0, 0, 0, 0, 0, 0, 0, 0, 0
   \              000000000000
   \              000000000000
   \              0000000000  
   \   0000007A   00003CFFFFE7       DC8 0, 0, 60, 255, 255, 231, 195, 195, 231, 255, 255, 60, 0, 0, 0, 0, 0
   \              C3C3E7FFFF3C
   \              0000000000  
   \   0000008B   00FFFFFF181C       DC8 0, 255, 255, 255, 24, 28, 24, 0, 0, 255, 255, 255, 192, 192, 192
   \              180000FFFFFF
   \              C0C0C0      
   \   0000009A   C0C0C0C0C0C0       DC8 192, 192, 192, 192, 192, 192, 192, 230, 238, 238, 255, 255, 255, 0
   \              C0E6EEEEFFFF
   \              FF00        
   \   000000A8   0000000E0EFE       DC8 0, 0, 0, 14, 14, 254, 254, 254, 142, 7, 7, 15, 142, 254, 254, 254
   \              FEFE8E07070F
   \              8EFEFEFE    
   \   000000B8   0E060000FFFF       DC8 14, 6, 0, 0, 255, 255, 255, 48, 48, 48, 0, 0, 0, 128, 224, 252, 63
   \              FF3030300000
   \              0080E0FC3F  
   \   000000C9   1F7FFCE08060       DC8 31, 127, 252, 224, 128, 96, 112, 112, 255, 255, 255, 0, 255, 255
   \              7070FFFFFF00
   \              FFFF        
   \   000000D7   FF0000000000       DC8 255, 0, 0, 0, 0, 0, 0, 0, 0, 0, 0, 120, 254, 254, 207, 135, 135
   \              000000000078
   \              FEFECF8787  
   \   000000E8   CFFEFE780000       DC8 207, 254, 254, 120, 0, 0, 0, 0, 0, 0, 0, 0, 0, 0, 144, 248, 248
   \              000000000000
   \              000090F8F8  
   \   000000F9   F98181818080       DC8 249, 129, 129, 129, 128, 128, 128, 128, 128, 128, 128, 128, 128
   \              808080808080
   \              80          
   \   00000106   8F8F8F800000       DC8 143, 143, 143, 128, 0, 0, 0, 0, 1, 1, 1, 1, 1, 1, 1, 1, 249, 253
   \              000001010101
   \              01010101F9FD
   \   00000118   FF8F8F8EFEFC       DC8 255, 143, 143, 142, 254, 252, 251, 3, 3, 0, 0, 0, 0, 0, 0, 0, 3, 3
   \              FB0303000000
   \              000000000303
   \   0000012A   070707070703       DC8 7, 7, 7, 7, 7, 3, 3, 0, 0, 0, 0, 0, 255, 255, 255, 0, 0, 0, 0, 0
   \              030000000000
   \              FFFFFF000000
   \              0000        
   \   0000013E   1C1F0F010000       DC8 28, 31, 15, 1, 0, 0, 0, 3, 31, 31, 12, 0, 0, 255, 255, 255, 0, 255
   \              00031F1F0C00
   \              00FFFFFF00FF
   \   00000150   FFFF00000000       DC8 255, 255, 0, 0, 0, 0, 128, 128, 128, 128, 128, 248, 248, 249, 129
   \              8080808080F8
   \              F8F981      
   \   0000015F   8383838381F9       DC8 131, 131, 131, 131, 129, 249, 248, 248, 128, 128, 128, 128, 128, 0
   \              F8F880808080
   \              8000        
   \   0000016D   000000010303       DC8 0, 0, 0, 1, 3, 3, 3, 3, 3, 3, 3, 3, 3, 3, 3, 3, 3, 3, 3, 3, 3, 3, 3
   \              030303030303
   \              030303030303
   \              0303030303  
   \   00000184   000000000000       DC8 0, 0, 0, 0, 0, 0, 0, 0, 0, 0, 0, 0, 0, 1, 3, 3, 3, 3, 3, 1, 0, 0, 0
   \              000000000000
   \              000103030303
   \              0301000000  
   \   0000019B   000000000000       DC8 0, 0, 0, 0, 0, 0, 0, 0, 0, 0, 0, 0, 0, 0, 0, 0, 0, 0, 0, 0, 0, 3, 3
   \              000000000000
   \              000000000000
   \              0000000303  
   \   000001B2   030000000000       DC8 3, 0, 0, 0, 0, 0, 0, 0, 0, 0, 0, 0, 0, 0, 0, 0, 0, 0, 0, 3, 3, 3, 0
   \              000000000000
   \              000000000000
   \              0003030300  
   \   000001C9   030303000000       DC8 3, 3, 3, 0, 0, 0, 0, 3, 3, 3, 3, 3, 3, 3, 3, 3, 3, 3, 3, 3, 3, 3, 3
   \              000303030303
   \              030303030303
   \              0303030303  
   \   000001E0   030303030303       DC8 3, 3, 3, 3, 3, 3, 0, 0
   \              0000        
     34          0x00, 0x00, 0x00, 0x00, 0x00, 0x80, 0x80, 0x80, 0x80, 0x00, 0x00, 0x00, 0x00, 0x00, 0x00, 0x00, 0x00, 0x00, 0x80, 0x80, 0x80, 0x00, 0x00, 0x00, 0x00, 0x00, 0x80, 0x80, 0x80, 0x00, 0x00, 0x00, 0x00, 0x00, 0x00, 0x00, 0x00, 0x00, 0x00, 0x00, 0x00, 0x00, 0x80, 0xC0, 0x80, 0x00, 0x00, 0x00, 0x00, 0x00, 0x00, 0x00, 0x00, 0x00, 0x00, 0x00, 0x00, 0x00, 0x00, 0x00, 0x00, 0x00, 0x00, 0x00, 0x00, 0x00, 0x80, 0x80, 0x80, 0x00, 0x00, 0x00, 0x00, 0x00, 0x00, 0x00, 0x00, 0x00, 0x00, 0x00, 0x00, 0x00, 0x00, 0x00, 0x00, 0x00, 0x00, 0x80, 0x80, 0x80, 0x00, 0x80, 0x80, 0x80, 0x00, 0x00, 0x00, 0x00, 0x00, 0x00, 0x00, 0x00, 0x00, 0x00, 0x00, 0x00, 0x00, 0x00, 0x00, 0x00, 0x00, 0x00, 0x00, 0x00, 0x00, 0x00, 0x00, 0x00, 0x00, 0x00, 0x00, 0x00, 
     35          0x00, 0x00, 0x3C, 0xFF, 0xFF, 0xE7, 0xC3, 0xC3, 0xE7, 0xFF, 0xFF, 0x3C, 0x00, 0x00, 0x00, 0x00, 0x00, 0x00, 0xFF, 0xFF, 0xFF, 0x18, 0x1C, 0x18, 0x00, 0x00, 0xFF, 0xFF, 0xFF, 0xC0, 0xC0, 0xC0, 0xC0, 0xC0, 0xC0, 0xC0, 0xC0, 0xC0, 0xC0, 0xE6, 0xEE, 0xEE, 0xFF, 0xFF, 0xFF, 0x00, 0x00, 0x00, 0x00, 0x0E, 0x0E, 0xFE, 0xFE, 0xFE, 0x8E, 0x07, 0x07, 0x0F, 0x8E, 0xFE, 0xFE, 0xFE, 0x0E, 0x06, 0x00, 0x00, 0xFF, 0xFF, 0xFF, 0x30, 0x30, 0x30, 0x00, 0x00, 0x00, 0x80, 0xE0, 0xFC, 0x3F, 0x1F, 0x7F, 0xFC, 0xE0, 0x80, 0x60, 0x70, 0x70, 0xFF, 0xFF, 0xFF, 0x00, 0xFF, 0xFF, 0xFF, 0x00, 0x00, 0x00, 0x00, 0x00, 0x00, 0x00, 0x00, 0x00, 0x00, 0x78, 0xFE, 0xFE, 0xCF, 0x87, 0x87, 0xCF, 0xFE, 0xFE, 0x78, 0x00, 0x00, 0x00, 0x00, 0x00, 0x00, 0x00, 0x00, 
     36          0x00, 0x00, 0x90, 0xF8, 0xF8, 0xF9, 0x81, 0x81, 0x81, 0x80, 0x80, 0x80, 0x80, 0x80, 0x80, 0x80, 0x80, 0x80, 0x8F, 0x8F, 0x8F, 0x80, 0x00, 0x00, 0x00, 0x00, 0x01, 0x01, 0x01, 0x01, 0x01, 0x01, 0x01, 0x01, 0xF9, 0xFD, 0xFF, 0x8F, 0x8F, 0x8E, 0xFE, 0xFC, 0xFB, 0x03, 0x03, 0x00, 0x00, 0x00, 0x00, 0x00, 0x00, 0x00, 0x03, 0x03, 0x07, 0x07, 0x07, 0x07, 0x07, 0x03, 0x03, 0x00, 0x00, 0x00, 0x00, 0x00, 0xFF, 0xFF, 0xFF, 0x00, 0x00, 0x00, 0x00, 0x00, 0x1C, 0x1F, 0x0F, 0x01, 0x00, 0x00, 0x00, 0x03, 0x1F, 0x1F, 0x0C, 0x00, 0x00, 0xFF, 0xFF, 0xFF, 0x00, 0xFF, 0xFF, 0xFF, 0x00, 0x00, 0x00, 0x00, 0x80, 0x80, 0x80, 0x80, 0x80, 0xF8, 0xF8, 0xF9, 0x81, 0x83, 0x83, 0x83, 0x83, 0x81, 0xF9, 0xF8, 0xF8, 0x80, 0x80, 0x80, 0x80, 0x80, 0x00, 0x00, 
     37          0x00, 0x00, 0x01, 0x03, 0x03, 0x03, 0x03, 0x03, 0x03, 0x03, 0x03, 0x03, 0x03, 0x03, 0x03, 0x03, 0x03, 0x03, 0x03, 0x03, 0x03, 0x03, 0x00, 0x00, 0x00, 0x00, 0x00, 0x00, 0x00, 0x00, 0x00, 0x00, 0x00, 0x00, 0x00, 0x01, 0x03, 0x03, 0x03, 0x03, 0x03, 0x01, 0x00, 0x00, 0x00, 0x00, 0x00, 0x00, 0x00, 0x00, 0x00, 0x00, 0x00, 0x00, 0x00, 0x00, 0x00, 0x00, 0x00, 0x00, 0x00, 0x00, 0x00, 0x00, 0x00, 0x00, 0x03, 0x03, 0x03, 0x00, 0x00, 0x00, 0x00, 0x00, 0x00, 0x00, 0x00, 0x00, 0x00, 0x00, 0x00, 0x00, 0x00, 0x00, 0x00, 0x00, 0x00, 0x03, 0x03, 0x03, 0x00, 0x03, 0x03, 0x03, 0x00, 0x00, 0x00, 0x00, 0x03, 0x03, 0x03, 0x03, 0x03, 0x03, 0x03, 0x03, 0x03, 0x03, 0x03, 0x03, 0x03, 0x03, 0x03, 0x03, 0x03, 0x03, 0x03, 0x03, 0x03, 0x03, 0x00, 0x00
     38          };

   \                                 In segment DATA_C, align 4, align-sorted
     39          const unsigned char IMAGE_EpiaLogo5[] = {	// 안녕하세요 좋은 아침입니다.
   \                     IMAGE_EpiaLogo5:
   \   00000000   000000000000       DC8 0, 0, 0, 0, 0, 0, 0, 0, 0, 0, 0, 0, 0, 0, 0, 0, 0, 112, 136, 4, 4
   \              000000000000
   \              000000000070
   \              880404      
   \   00000015   048870000000       DC8 4, 136, 112, 0, 0, 0, 252, 64, 64, 0, 0, 0, 124, 128, 128, 128, 128
   \              FC4040000000
   \              7C80808080  
   \   00000026   80A8A82828FC       DC8 128, 168, 168, 40, 40, 252, 0, 0, 0, 0, 0, 32, 32, 168, 168, 168
   \              000000000020
   \              20A8A8A8    
   \   00000036   A820200000FC       DC8 168, 32, 32, 0, 0, 252, 128, 128, 0, 0, 0, 0, 0, 0, 248, 0, 128
   \              808000000000
   \              0000F80080  
   \   00000047   8080FC00FC00       DC8 128, 128, 252, 0, 252, 0, 0, 0, 0, 0, 0, 224, 16, 8, 8, 8, 8, 8, 8
   \              0000000000E0
   \              100808080808
   \              08          
   \   0000005A   10E000000000       DC8 16, 224, 0, 0, 0, 0, 0, 0, 0, 0, 0, 0, 0, 0, 0, 0, 0, 0, 0, 0, 0, 0
   \              000000000000
   \              000000000000
   \              00000000    
   \   00000070   000000000000       DC8 0, 0, 0, 0, 0, 0, 0, 0, 0, 0, 0, 0, 0, 0, 0, 0, 0, 0, 0, 0, 0, 0, 0
   \              000000000000
   \              000000000000
   \              0000000000  
   \   00000087   000000000038       DC8 0, 0, 0, 0, 0, 56, 65, 65, 65, 64, 64, 64, 64, 64, 79, 0, 0, 0, 0
   \              414141404040
   \              40404F000000
   \              00          
   \   0000009A   000030484848       DC8 0, 0, 48, 72, 72, 72, 72, 72, 72, 72, 72, 51, 0, 0, 0, 0, 0, 0, 31
   \              484848484833
   \              000000000000
   \              1F          
   \   000000AD   202020201F00       DC8 32, 32, 32, 32, 31, 0, 0, 0, 127, 0, 0, 0, 0, 0, 32, 24, 7, 0, 7
   \              00007F000000
   \              000020180700
   \              07          
   \   000000C0   3800007F007F       DC8 56, 0, 0, 127, 0, 127, 0, 0, 0, 0, 0, 32, 32, 33, 62, 34, 34, 34
   \              000000000020
   \              20213E222222
   \   000000D2   223E21202000       DC8 34, 62, 33, 32, 32, 0, 0, 0, 0, 0, 0, 0, 0, 0, 0, 0, 0, 0, 0, 0, 0
   \              000000000000
   \              000000000000
   \              000000      
   \   000000E7   000000000000       DC8 0, 0, 0, 0, 0, 0, 0, 0, 0, 0, 0, 0, 0, 0, 128, 144, 146, 146, 138
   \              000000000000
   \              000080909292
   \              8A          
   \   000000FA   8AE68A8A9292       DC8 138, 230, 138, 138, 146, 146, 144, 0, 0, 0, 0, 0, 28, 34, 34, 34
   \              900000000000
   \              1C222222    
   \   0000010A   22222222221C       DC8 34, 34, 34, 34, 34, 28, 0, 0, 0, 0, 0, 0, 0, 0, 0, 0, 0, 0, 0, 240
   \              000000000000
   \              000000000000
   \              00F0        
   \   0000011E   0804040408F0       DC8 8, 4, 4, 4, 8, 240, 0, 0, 0, 254, 64, 64, 0, 0, 0, 128, 136, 74, 42
   \              000000FE4040
   \              00000080884A
   \              2A          
   \   00000131   1A2A4A880000       DC8 26, 42, 74, 136, 0, 0, 254, 0, 0, 0, 0, 0, 56, 68, 130, 130, 130
   \              FE0000000000
   \              3844828282  
   \   00000142   4438000000FE       DC8 68, 56, 0, 0, 0, 254, 0, 0, 0, 0, 0, 252, 0, 0, 0, 0, 0, 0, 0, 0, 0
   \              0000000000FC
   \              000000000000
   \              000000      
   \   00000157   FE0000000000       DC8 254, 0, 0, 0, 0, 0, 248, 4, 4, 4, 4, 4, 4, 0, 0, 0, 254, 64, 64, 0
   \              F80404040404
   \              04000000FE40
   \              4000        
   \   0000016B   000000000004       DC8 0, 0, 0, 0, 0, 4, 20, 44, 36, 38, 36, 36, 44, 20, 4, 0, 0, 0, 0, 0
   \              142C24262424
   \              2C1404000000
   \              0000        
   \   0000017F   011D21212121       DC8 1, 29, 33, 33, 33, 33, 33, 33, 33, 33, 33, 1, 0, 0, 0, 0, 0, 0, 0
   \              212121212101
   \              000000000000
   \              00          
   \   00000192   000000000007       DC8 0, 0, 0, 0, 0, 7, 8, 16, 16, 16, 8, 7, 0, 0, 0, 63, 0, 0, 0, 0, 0
   \              081010100807
   \              0000003F0000
   \              000000      
   \   000001A7   003C24242424       DC8 0, 60, 36, 36, 36, 36, 36, 36, 36, 36, 61, 0, 0, 0, 0, 0, 0, 30, 40
   \              242424243D00
   \              00000000001E
   \              28          
   \   000001BA   282828282828       DC8 40, 40, 40, 40, 40, 40, 40, 30, 0, 0, 0, 0, 0, 15, 16, 16, 16, 16
   \              281E00000000
   \              000F10101010
   \   000001CC   10101000003F       DC8 16, 16, 16, 0, 0, 63, 0, 0, 0, 0, 0, 15, 16, 16, 16, 16, 16, 16, 16
   \              00000000000F
   \              101010101010
   \              10          
   \   000001DF   00003F000000       DC8 0, 0, 63, 0, 0, 0, 0, 0, 0
   \              000000      
     40          0x00, 0x00, 0x00, 0x00, 0x00, 0x00, 0x00, 0x00, 0x00, 0x00, 0x00, 0x00, 0x00, 0x00, 0x00, 0x00, 0x00, 0x70, 0x88, 0x04, 0x04, 0x04, 0x88, 0x70, 0x00, 0x00, 0x00, 0xFC, 0x40, 0x40, 0x00, 0x00, 0x00, 0x7C, 0x80, 0x80, 0x80, 0x80, 0x80, 0xA8, 0xA8, 0x28, 0x28, 0xFC, 0x00, 0x00, 0x00, 0x00, 0x00, 0x20, 0x20, 0xA8, 0xA8, 0xA8, 0xA8, 0x20, 0x20, 0x00, 0x00, 0xFC, 0x80, 0x80, 0x00, 0x00, 0x00, 0x00, 0x00, 0x00, 0xF8, 0x00, 0x80, 0x80, 0x80, 0xFC, 0x00, 0xFC, 0x00, 0x00, 0x00, 0x00, 0x00, 0x00, 0xE0, 0x10, 0x08, 0x08, 0x08, 0x08, 0x08, 0x08, 0x10, 0xE0, 0x00, 0x00, 0x00, 0x00, 0x00, 0x00, 0x00, 0x00, 0x00, 0x00, 0x00, 0x00, 0x00, 0x00, 0x00, 0x00, 0x00, 0x00, 0x00, 0x00, 0x00, 0x00, 0x00, 0x00, 0x00, 0x00, 0x00, 0x00, 0x00, 0x00, 
     41          0x00, 0x00, 0x00, 0x00, 0x00, 0x00, 0x00, 0x00, 0x00, 0x00, 0x00, 0x00, 0x00, 0x00, 0x00, 0x00, 0x00, 0x00, 0x38, 0x41, 0x41, 0x41, 0x40, 0x40, 0x40, 0x40, 0x40, 0x4F, 0x00, 0x00, 0x00, 0x00, 0x00, 0x00, 0x30, 0x48, 0x48, 0x48, 0x48, 0x48, 0x48, 0x48, 0x48, 0x33, 0x00, 0x00, 0x00, 0x00, 0x00, 0x00, 0x1F, 0x20, 0x20, 0x20, 0x20, 0x1F, 0x00, 0x00, 0x00, 0x7F, 0x00, 0x00, 0x00, 0x00, 0x00, 0x20, 0x18, 0x07, 0x00, 0x07, 0x38, 0x00, 0x00, 0x7F, 0x00, 0x7F, 0x00, 0x00, 0x00, 0x00, 0x00, 0x20, 0x20, 0x21, 0x3E, 0x22, 0x22, 0x22, 0x22, 0x3E, 0x21, 0x20, 0x20, 0x00, 0x00, 0x00, 0x00, 0x00, 0x00, 0x00, 0x00, 0x00, 0x00, 0x00, 0x00, 0x00, 0x00, 0x00, 0x00, 0x00, 0x00, 0x00, 0x00, 0x00, 0x00, 0x00, 0x00, 0x00, 0x00, 0x00, 0x00, 0x00, 
     42          0x00, 0x80, 0x90, 0x92, 0x92, 0x8A, 0x8A, 0xE6, 0x8A, 0x8A, 0x92, 0x92, 0x90, 0x00, 0x00, 0x00, 0x00, 0x00, 0x1C, 0x22, 0x22, 0x22, 0x22, 0x22, 0x22, 0x22, 0x22, 0x1C, 0x00, 0x00, 0x00, 0x00, 0x00, 0x00, 0x00, 0x00, 0x00, 0x00, 0x00, 0x00, 0x00, 0xF0, 0x08, 0x04, 0x04, 0x04, 0x08, 0xF0, 0x00, 0x00, 0x00, 0xFE, 0x40, 0x40, 0x00, 0x00, 0x00, 0x80, 0x88, 0x4A, 0x2A, 0x1A, 0x2A, 0x4A, 0x88, 0x00, 0x00, 0xFE, 0x00, 0x00, 0x00, 0x00, 0x00, 0x38, 0x44, 0x82, 0x82, 0x82, 0x44, 0x38, 0x00, 0x00, 0x00, 0xFE, 0x00, 0x00, 0x00, 0x00, 0x00, 0xFC, 0x00, 0x00, 0x00, 0x00, 0x00, 0x00, 0x00, 0x00, 0x00, 0xFE, 0x00, 0x00, 0x00, 0x00, 0x00, 0xF8, 0x04, 0x04, 0x04, 0x04, 0x04, 0x04, 0x00, 0x00, 0x00, 0xFE, 0x40, 0x40, 0x00, 0x00, 0x00, 0x00, 
     43          0x00, 0x00, 0x04, 0x14, 0x2C, 0x24, 0x26, 0x24, 0x24, 0x2C, 0x14, 0x04, 0x00, 0x00, 0x00, 0x00, 0x00, 0x01, 0x1D, 0x21, 0x21, 0x21, 0x21, 0x21, 0x21, 0x21, 0x21, 0x21, 0x01, 0x00, 0x00, 0x00, 0x00, 0x00, 0x00, 0x00, 0x00, 0x00, 0x00, 0x00, 0x00, 0x07, 0x08, 0x10, 0x10, 0x10, 0x08, 0x07, 0x00, 0x00, 0x00, 0x3F, 0x00, 0x00, 0x00, 0x00, 0x00, 0x00, 0x3C, 0x24, 0x24, 0x24, 0x24, 0x24, 0x24, 0x24, 0x24, 0x3D, 0x00, 0x00, 0x00, 0x00, 0x00, 0x00, 0x1E, 0x28, 0x28, 0x28, 0x28, 0x28, 0x28, 0x28, 0x28, 0x1E, 0x00, 0x00, 0x00, 0x00, 0x00, 0x0F, 0x10, 0x10, 0x10, 0x10, 0x10, 0x10, 0x10, 0x00, 0x00, 0x3F, 0x00, 0x00, 0x00, 0x00, 0x00, 0x0F, 0x10, 0x10, 0x10, 0x10, 0x10, 0x10, 0x10, 0x00, 0x00, 0x3F, 0x00, 0x00, 0x00, 0x00, 0x00, 0x00 
     44          };

   \                                 In segment DATA_C, align 4, align-sorted
     45          const unsigned char IMAGE_EpiaLogo6[] = {	// 출근버튼을 누르고 카드를 제시하세요
   \                     IMAGE_EpiaLogo6:
   \   00000000   000000E02000       DC8 0, 0, 0, 224, 32, 0, 0, 0, 0, 64, 64, 64, 192, 96, 192, 64, 64, 0
   \              000000404040
   \              C060C0404000
   \   00000012   000000202020       DC8 0, 0, 0, 32, 32, 32, 32, 32, 32, 32, 224, 0, 0, 0, 0, 32, 224, 0, 0
   \              20202020E000
   \              00000020E000
   \              00          
   \   00000025   00E000000000       DC8 0, 224, 0, 0, 0, 0, 224, 0, 0, 224, 0, 0, 0, 0, 224, 160, 160, 160
   \              E00000E00000
   \              0000E0A0A0A0
   \   00000037   A0A0A0A00000       DC8 160, 160, 160, 160, 0, 0, 0, 0, 64, 160, 160, 160, 160, 160, 160
   \              000040A0A0A0
   \              A0A0A0      
   \   00000046   400000000000       DC8 64, 0, 0, 0, 0, 0, 0, 0, 0, 0, 0, 224, 0, 0, 0, 0, 0, 0, 0, 0, 0, 0
   \              0000000000E0
   \              000000000000
   \              00000000    
   \   0000005C   002020202020       DC8 0, 32, 32, 32, 32, 32, 32, 32, 224, 0, 0, 0, 0, 32, 32, 32, 32, 32
   \              2020E0000000
   \              002020202020
   \   0000006E   2020E0000000       DC8 32, 32, 224, 0, 0, 0, 0, 0, 0, 0, 0, 0, 0, 0, 0, 255, 0, 0, 0, 0, 2
   \              000000000000
   \              000000FF0000
   \              000002      
   \   00000083   EBABABAAAEAA       DC8 235, 171, 171, 170, 174, 170, 171, 187, 2, 0, 0, 4, 228, 132, 132
   \              ABBB02000004
   \              E48484      
   \   00000092   848484868504       DC8 132, 132, 132, 134, 133, 4, 0, 0, 0, 0, 255, 0, 0, 0, 127, 66, 66
   \              00000000FF00
   \              00007F4242  
   \   000000A3   42427F0202FF       DC8 66, 66, 127, 2, 2, 255, 0, 0, 0, 8, 235, 138, 138, 138, 138, 138
   \              00000008EB8A
   \              8A8A8A8A    
   \   000000B3   8A8A08000002       DC8 138, 138, 8, 0, 0, 2, 234, 170, 170, 170, 170, 170, 170, 186, 2, 0
   \              EAAAAAAAAAAA
   \              AABA0200    
   \   000000C3   000000000000       DC8 0, 0, 0, 0, 0, 0, 0, 8, 9, 9, 9, 9, 249, 9, 9, 9, 8, 0, 0, 64, 79
   \              000809090909
   \              F90909090800
   \              00404F      
   \   000000D8   494949494949       DC8 73, 73, 73, 73, 73, 73, 73, 64, 0, 0, 64, 64, 64, 126, 64, 64, 64
   \              494000004040
   \              407E404040  
   \   000000E9   504F40000000       DC8 80, 79, 64, 0, 0, 0, 0, 0, 0, 0, 0, 0, 0, 136, 137, 137, 136, 136
   \              000000000000
   \              008889898888
   \   000000FB   F80000F80000       DC8 248, 0, 0, 248, 0, 0, 0, 0, 248, 8, 8, 8, 8, 8, 8, 8, 0, 0, 0, 128
   \              0000F8080808
   \              080808080000
   \              0080        
   \   0000010F   E8A8A8A8A8A8       DC8 232, 168, 168, 168, 168, 168, 169, 185, 128, 0, 0, 0, 0, 0, 0, 0, 0
   \              A9B980000000
   \              0000000000  
   \   00000120   0808F8088880       DC8 8, 8, 248, 8, 136, 128, 248, 0, 248, 0, 0, 0, 0, 0, 0, 248, 0, 0, 0
   \              F800F8000000
   \              000000F80000
   \              00          
   \   00000133   00F800002020       DC8 0, 248, 0, 0, 32, 32, 168, 168, 168, 32, 32, 0, 0, 248, 0, 0, 0, 0
   \              A8A8A8202000
   \              00F800000000
   \   00000145   806018204080       DC8 128, 96, 24, 32, 64, 128, 0, 248, 0, 0, 0, 0, 0, 0, 248, 0, 0, 0, 0
   \              00F800000000
   \              0000F8000000
   \              00          
   \   00000158   F80000000060       DC8 248, 0, 0, 0, 0, 96, 144, 8, 8, 8, 8, 144, 96, 0, 0, 0, 0, 0, 0, 0
   \              900808080890
   \              600000000000
   \              0000        
   \   0000016C   000000001010       DC8 0, 0, 0, 0, 16, 16, 8, 4, 3, 0, 0, 0, 63, 1, 1, 0, 16, 17, 17, 17
   \              080403000000
   \              3F0101001011
   \              1111        
   \   00000180   111111111110       DC8 17, 17, 17, 17, 17, 16, 0, 0, 0, 58, 42, 42, 42, 42, 42, 42, 46, 0
   \              0000003A2A2A
   \              2A2A2A2A2E00
   \   00000192   000000000000       DC8 0, 0, 0, 0, 0, 0, 0, 0, 24, 6, 1, 6, 24, 0, 63, 0, 63, 0, 0, 0, 16
   \              000018060106
   \              18003F003F00
   \              000010      
   \   000001A7   0C0300030C10       DC8 12, 3, 0, 3, 12, 16, 0, 63, 0, 0, 0, 15, 16, 16, 16, 15, 0, 0, 0
   \              003F0000000F
   \              1010100F0000
   \              00          
   \   000001BA   3F010100013C       DC8 63, 1, 1, 0, 1, 60, 40, 40, 40, 40, 40, 40, 61, 0, 0, 0, 16, 12, 3
   \              282828282828
   \              3D000000100C
   \              03          
   \   000001CD   00030C10003F       DC8 0, 3, 12, 16, 0, 63, 0, 0, 0, 16, 16, 30, 17, 17, 17, 17, 30, 16
   \              00000010101E
   \              111111111E10
   \   000001DF   100000000000       DC8 16, 0, 0, 0, 0, 0, 0, 0, 0
   \              000000      
     46          0x00, 0x00, 0x00, 0xE0, 0x20, 0x00, 0x00, 0x00, 0x00, 0x40, 0x40, 0x40, 0xC0, 0x60, 0xC0, 0x40, 0x40, 0x00, 0x00, 0x00, 0x00, 0x20, 0x20, 0x20, 0x20, 0x20, 0x20, 0x20, 0xE0, 0x00, 0x00, 0x00, 0x00, 0x20, 0xE0, 0x00, 0x00, 0x00, 0xE0, 0x00, 0x00, 0x00, 0x00, 0xE0, 0x00, 0x00, 0xE0, 0x00, 0x00, 0x00, 0x00, 0xE0, 0xA0, 0xA0, 0xA0, 0xA0, 0xA0, 0xA0, 0xA0, 0x00, 0x00, 0x00, 0x00, 0x40, 0xA0, 0xA0, 0xA0, 0xA0, 0xA0, 0xA0, 0x40, 0x00, 0x00, 0x00, 0x00, 0x00, 0x00, 0x00, 0x00, 0x00, 0x00, 0xE0, 0x00, 0x00, 0x00, 0x00, 0x00, 0x00, 0x00, 0x00, 0x00, 0x00, 0x00, 0x20, 0x20, 0x20, 0x20, 0x20, 0x20, 0x20, 0xE0, 0x00, 0x00, 0x00, 0x00, 0x20, 0x20, 0x20, 0x20, 0x20, 0x20, 0x20, 0xE0, 0x00, 0x00, 0x00, 0x00, 0x00, 0x00, 0x00, 0x00, 0x00, 
     47          0x00, 0x00, 0x00, 0xFF, 0x00, 0x00, 0x00, 0x00, 0x02, 0xEB, 0xAB, 0xAB, 0xAA, 0xAE, 0xAA, 0xAB, 0xBB, 0x02, 0x00, 0x00, 0x04, 0xE4, 0x84, 0x84, 0x84, 0x84, 0x84, 0x86, 0x85, 0x04, 0x00, 0x00, 0x00, 0x00, 0xFF, 0x00, 0x00, 0x00, 0x7F, 0x42, 0x42, 0x42, 0x42, 0x7F, 0x02, 0x02, 0xFF, 0x00, 0x00, 0x00, 0x08, 0xEB, 0x8A, 0x8A, 0x8A, 0x8A, 0x8A, 0x8A, 0x8A, 0x08, 0x00, 0x00, 0x02, 0xEA, 0xAA, 0xAA, 0xAA, 0xAA, 0xAA, 0xAA, 0xBA, 0x02, 0x00, 0x00, 0x00, 0x00, 0x00, 0x00, 0x00, 0x00, 0x08, 0x09, 0x09, 0x09, 0x09, 0xF9, 0x09, 0x09, 0x09, 0x08, 0x00, 0x00, 0x40, 0x4F, 0x49, 0x49, 0x49, 0x49, 0x49, 0x49, 0x49, 0x40, 0x00, 0x00, 0x40, 0x40, 0x40, 0x7E, 0x40, 0x40, 0x40, 0x50, 0x4F, 0x40, 0x00, 0x00, 0x00, 0x00, 0x00, 0x00, 0x00, 0x00, 
     48          0x00, 0x00, 0x88, 0x89, 0x89, 0x88, 0x88, 0xF8, 0x00, 0x00, 0xF8, 0x00, 0x00, 0x00, 0x00, 0xF8, 0x08, 0x08, 0x08, 0x08, 0x08, 0x08, 0x08, 0x00, 0x00, 0x00, 0x80, 0xE8, 0xA8, 0xA8, 0xA8, 0xA8, 0xA8, 0xA9, 0xB9, 0x80, 0x00, 0x00, 0x00, 0x00, 0x00, 0x00, 0x00, 0x00, 0x08, 0x08, 0xF8, 0x08, 0x88, 0x80, 0xF8, 0x00, 0xF8, 0x00, 0x00, 0x00, 0x00, 0x00, 0x00, 0xF8, 0x00, 0x00, 0x00, 0x00, 0xF8, 0x00, 0x00, 0x20, 0x20, 0xA8, 0xA8, 0xA8, 0x20, 0x20, 0x00, 0x00, 0xF8, 0x00, 0x00, 0x00, 0x00, 0x80, 0x60, 0x18, 0x20, 0x40, 0x80, 0x00, 0xF8, 0x00, 0x00, 0x00, 0x00, 0x00, 0x00, 0xF8, 0x00, 0x00, 0x00, 0x00, 0xF8, 0x00, 0x00, 0x00, 0x00, 0x60, 0x90, 0x08, 0x08, 0x08, 0x08, 0x90, 0x60, 0x00, 0x00, 0x00, 0x00, 0x00, 0x00, 0x00, 0x00, 0x00, 
     49          0x00, 0x00, 0x10, 0x10, 0x08, 0x04, 0x03, 0x00, 0x00, 0x00, 0x3F, 0x01, 0x01, 0x00, 0x10, 0x11, 0x11, 0x11, 0x11, 0x11, 0x11, 0x11, 0x11, 0x10, 0x00, 0x00, 0x00, 0x3A, 0x2A, 0x2A, 0x2A, 0x2A, 0x2A, 0x2A, 0x2E, 0x00, 0x00, 0x00, 0x00, 0x00, 0x00, 0x00, 0x00, 0x00, 0x18, 0x06, 0x01, 0x06, 0x18, 0x00, 0x3F, 0x00, 0x3F, 0x00, 0x00, 0x00, 0x10, 0x0C, 0x03, 0x00, 0x03, 0x0C, 0x10, 0x00, 0x3F, 0x00, 0x00, 0x00, 0x0F, 0x10, 0x10, 0x10, 0x0F, 0x00, 0x00, 0x00, 0x3F, 0x01, 0x01, 0x00, 0x01, 0x3C, 0x28, 0x28, 0x28, 0x28, 0x28, 0x28, 0x3D, 0x00, 0x00, 0x00, 0x10, 0x0C, 0x03, 0x00, 0x03, 0x0C, 0x10, 0x00, 0x3F, 0x00, 0x00, 0x00, 0x10, 0x10, 0x1E, 0x11, 0x11, 0x11, 0x11, 0x1E, 0x10, 0x10, 0x00, 0x00, 0x00, 0x00, 0x00, 0x00, 0x00, 0x00
     50          };

   \                                 In segment DATA_C, align 4, align-sorted
     51          const unsigned char IMAGE_EpiaLogo7[] = {	// 퇴근버튼을 누르고 카드를 붙여주세요
   \                     IMAGE_EpiaLogo7:
   \   00000000   00F090909090       DC8 0, 240, 144, 144, 144, 144, 144, 0, 0, 240, 0, 0, 0, 0, 16, 16, 16
   \              900000F00000
   \              0000101010  
   \   00000011   10101010F000       DC8 16, 16, 16, 16, 240, 0, 0, 0, 240, 0, 0, 0, 0, 240, 0, 0, 240, 0, 0
   \              0000F0000000
   \              00F00000F000
   \              00          
   \   00000024   0000F0505050       DC8 0, 0, 240, 80, 80, 80, 80, 80, 80, 80, 0, 0, 0, 0, 32, 80, 80, 80
   \              505050500000
   \              000020505050
   \   00000036   505050200000       DC8 80, 80, 80, 32, 0, 0, 0, 0, 0, 0, 0, 0, 0, 0, 240, 128, 128, 128
   \              000000000000
   \              0000F0808080
   \   00000048   808080800000       DC8 128, 128, 128, 128, 0, 0, 0, 0, 144, 144, 144, 144, 144, 144, 144
   \              000090909090
   \              909090      
   \   00000057   F00000000010       DC8 240, 0, 0, 0, 0, 16, 16, 16, 16, 16, 16, 16, 240, 0, 0, 0, 0, 0, 0
   \              101010101010
   \              F00000000000
   \              00          
   \   0000006A   000000000000       DC8 0, 0, 0, 0, 0, 0, 0, 0, 0, 0, 0, 0, 0, 0, 0, 0, 0, 39, 36, 36, 60
   \              000000000000
   \              000000000027
   \              24243C      
   \   0000007F   242420007F00       DC8 36, 36, 32, 0, 127, 0, 0, 0, 2, 114, 66, 66, 66, 66, 66, 67, 66, 2
   \              000002724242
   \              424242434202
   \   00000091   00003F212121       DC8 0, 0, 63, 33, 33, 33, 33, 63, 1, 1, 127, 0, 0, 0, 4, 117, 69, 69
   \              213F01017F00
   \              000004754545
   \   000000A3   454545454504       DC8 69, 69, 69, 69, 69, 4, 0, 0, 1, 117, 85, 85, 85, 85, 85, 85, 93, 1
   \              000001755555
   \              555555555D01
   \   000000B5   000000000000       DC8 0, 0, 0, 0, 0, 0, 0, 0, 4, 4, 4, 4, 4, 124, 4, 4, 4, 4, 0, 0, 32
   \              000004040404
   \              047C04040404
   \              000020      
   \   000000CA   272424242424       DC8 39, 36, 36, 36, 36, 36, 36, 36, 32, 0, 0, 32, 32, 32, 63, 32, 32
   \              242420000020
   \              20203F2020  
   \   000000DB   202827200000       DC8 32, 40, 39, 32, 0, 0, 0, 0, 0, 0, 0, 0, 0, 0, 0, 0, 0, 0, 0, 0, 0
   \              000000000000
   \              000000000000
   \              000000      
   \   000000F0   000000000044       DC8 0, 0, 0, 0, 0, 68, 68, 68, 68, 196, 124, 0, 0, 252, 128, 128, 0, 0
   \              444444C47C00
   \              00FC80800000
   \   00000102   FC8484848484       DC8 252, 132, 132, 132, 132, 132, 132, 132, 0, 0, 0, 64, 116, 84, 84
   \              848400000040
   \              745454      
   \   00000111   545454545C40       DC8 84, 84, 84, 84, 92, 64, 0, 0, 0, 0, 0, 0, 0, 0, 64, 124, 104, 104
   \              000000000000
   \              0000407C6868
   \   00000123   68E868687C40       DC8 104, 232, 104, 104, 124, 64, 0, 0, 248, 4, 4, 4, 4, 248, 16, 16
   \              0000F8040404
   \              04F81010    
   \   00000133   FC0000000044       DC8 252, 0, 0, 0, 0, 68, 68, 36, 20, 12, 20, 36, 68, 0, 0, 0, 0, 128
   \              4424140C1424
   \              440000000080
   \   00000145   FC004040FC00       DC8 252, 0, 64, 64, 252, 0, 252, 0, 0, 0, 0, 48, 72, 132, 132, 132, 132
   \              FC0000000030
   \              4884848484  
   \   00000156   483000000000       DC8 72, 48, 0, 0, 0, 0, 0, 0, 0, 0, 0, 0, 0, 0, 0, 0, 0, 0, 0, 0, 0, 0
   \              000000000000
   \              000000000000
   \              00000000    
   \   0000016C   000000080804       DC8 0, 0, 0, 8, 8, 4, 2, 1, 0, 0, 0, 31, 0, 0, 0, 8, 8, 8, 8, 8, 8, 8
   \              02010000001F
   \              000000080808
   \              08080808    
   \   00000182   080808000000       DC8 8, 8, 8, 0, 0, 0, 29, 21, 21, 21, 21, 21, 21, 23, 0, 0, 0, 0, 0, 0
   \              1D1515151515
   \              151700000000
   \              0000        
   \   00000196   000000001F15       DC8 0, 0, 0, 0, 31, 21, 21, 21, 21, 21, 21, 21, 0, 0, 0, 7, 8, 8, 8, 8
   \              151515151515
   \              000000070808
   \              0808        
   \   000001AA   0701011F0000       DC8 7, 1, 1, 31, 0, 0, 0, 2, 2, 2, 2, 2, 30, 2, 2, 2, 2, 0, 0, 12, 3, 0
   \              000202020202
   \              1E0202020200
   \              000C0300    
   \   000001C0   030C001F001F       DC8 3, 12, 0, 31, 0, 31, 0, 0, 0, 8, 8, 15, 8, 8, 8, 8, 15, 8, 8, 0, 0
   \              00000008080F
   \              080808080F08
   \              080000      
   \   000001D5   000000000000       DC8 0, 0, 0, 0, 0, 0, 0, 0, 0, 0, 0, 0, 0, 0, 0, 0, 0, 0, 0
   \              000000000000
   \              000000000000
   \              00          
     52          0x00, 0xF0, 0x90, 0x90, 0x90, 0x90, 0x90, 0x00, 0x00, 0xF0, 0x00, 0x00, 0x00, 0x00, 0x10, 0x10, 0x10, 0x10, 0x10, 0x10, 0x10, 0xF0, 0x00, 0x00, 0x00, 0xF0, 0x00, 0x00, 0x00, 0x00, 0xF0, 0x00, 0x00, 0xF0, 0x00, 0x00, 0x00, 0x00, 0xF0, 0x50, 0x50, 0x50, 0x50, 0x50, 0x50, 0x50, 0x00, 0x00, 0x00, 0x00, 0x20, 0x50, 0x50, 0x50, 0x50, 0x50, 0x50, 0x20, 0x00, 0x00, 0x00, 0x00, 0x00, 0x00, 0x00, 0x00, 0x00, 0x00, 0xF0, 0x80, 0x80, 0x80, 0x80, 0x80, 0x80, 0x80, 0x00, 0x00, 0x00, 0x00, 0x90, 0x90, 0x90, 0x90, 0x90, 0x90, 0x90, 0xF0, 0x00, 0x00, 0x00, 0x00, 0x10, 0x10, 0x10, 0x10, 0x10, 0x10, 0x10, 0xF0, 0x00, 0x00, 0x00, 0x00, 0x00, 0x00, 0x00, 0x00, 0x00, 0x00, 0x00, 0x00, 0x00, 0x00, 0x00, 0x00, 0x00, 0x00, 0x00, 0x00, 0x00, 0x00, 
     53          0x00, 0x27, 0x24, 0x24, 0x3C, 0x24, 0x24, 0x20, 0x00, 0x7F, 0x00, 0x00, 0x00, 0x02, 0x72, 0x42, 0x42, 0x42, 0x42, 0x42, 0x43, 0x42, 0x02, 0x00, 0x00, 0x3F, 0x21, 0x21, 0x21, 0x21, 0x3F, 0x01, 0x01, 0x7F, 0x00, 0x00, 0x00, 0x04, 0x75, 0x45, 0x45, 0x45, 0x45, 0x45, 0x45, 0x45, 0x04, 0x00, 0x00, 0x01, 0x75, 0x55, 0x55, 0x55, 0x55, 0x55, 0x55, 0x5D, 0x01, 0x00, 0x00, 0x00, 0x00, 0x00, 0x00, 0x00, 0x00, 0x04, 0x04, 0x04, 0x04, 0x04, 0x7C, 0x04, 0x04, 0x04, 0x04, 0x00, 0x00, 0x20, 0x27, 0x24, 0x24, 0x24, 0x24, 0x24, 0x24, 0x24, 0x20, 0x00, 0x00, 0x20, 0x20, 0x20, 0x3F, 0x20, 0x20, 0x20, 0x28, 0x27, 0x20, 0x00, 0x00, 0x00, 0x00, 0x00, 0x00, 0x00, 0x00, 0x00, 0x00, 0x00, 0x00, 0x00, 0x00, 0x00, 0x00, 0x00, 0x00, 0x00, 0x00, 0x00, 
     54          0x00, 0x44, 0x44, 0x44, 0x44, 0xC4, 0x7C, 0x00, 0x00, 0xFC, 0x80, 0x80, 0x00, 0x00, 0xFC, 0x84, 0x84, 0x84, 0x84, 0x84, 0x84, 0x84, 0x00, 0x00, 0x00, 0x40, 0x74, 0x54, 0x54, 0x54, 0x54, 0x54, 0x54, 0x5C, 0x40, 0x00, 0x00, 0x00, 0x00, 0x00, 0x00, 0x00, 0x00, 0x40, 0x7C, 0x68, 0x68, 0x68, 0xE8, 0x68, 0x68, 0x7C, 0x40, 0x00, 0x00, 0xF8, 0x04, 0x04, 0x04, 0x04, 0xF8, 0x10, 0x10, 0xFC, 0x00, 0x00, 0x00, 0x00, 0x44, 0x44, 0x24, 0x14, 0x0C, 0x14, 0x24, 0x44, 0x00, 0x00, 0x00, 0x00, 0x80, 0xFC, 0x00, 0x40, 0x40, 0xFC, 0x00, 0xFC, 0x00, 0x00, 0x00, 0x00, 0x30, 0x48, 0x84, 0x84, 0x84, 0x84, 0x48, 0x30, 0x00, 0x00, 0x00, 0x00, 0x00, 0x00, 0x00, 0x00, 0x00, 0x00, 0x00, 0x00, 0x00, 0x00, 0x00, 0x00, 0x00, 0x00, 0x00, 0x00, 0x00, 0x00, 
     55          0x00, 0x08, 0x08, 0x04, 0x02, 0x01, 0x00, 0x00, 0x00, 0x1F, 0x00, 0x00, 0x00, 0x08, 0x08, 0x08, 0x08, 0x08, 0x08, 0x08, 0x08, 0x08, 0x08, 0x00, 0x00, 0x00, 0x1D, 0x15, 0x15, 0x15, 0x15, 0x15, 0x15, 0x17, 0x00, 0x00, 0x00, 0x00, 0x00, 0x00, 0x00, 0x00, 0x00, 0x00, 0x1F, 0x15, 0x15, 0x15, 0x15, 0x15, 0x15, 0x15, 0x00, 0x00, 0x00, 0x07, 0x08, 0x08, 0x08, 0x08, 0x07, 0x01, 0x01, 0x1F, 0x00, 0x00, 0x00, 0x02, 0x02, 0x02, 0x02, 0x02, 0x1E, 0x02, 0x02, 0x02, 0x02, 0x00, 0x00, 0x0C, 0x03, 0x00, 0x03, 0x0C, 0x00, 0x1F, 0x00, 0x1F, 0x00, 0x00, 0x00, 0x08, 0x08, 0x0F, 0x08, 0x08, 0x08, 0x08, 0x0F, 0x08, 0x08, 0x00, 0x00, 0x00, 0x00, 0x00, 0x00, 0x00, 0x00, 0x00, 0x00, 0x00, 0x00, 0x00, 0x00, 0x00, 0x00, 0x00, 0x00, 0x00, 0x00, 0x00
     56          };

   \                                 In segment DATA_C, align 4, align-sorted
     57          const unsigned char IMAGE_EpiaLogo8[] = {	// 한장의 카드만 사용하여 주십시요
   \                     IMAGE_EpiaLogo8:
   \   00000000   000040405050       DC8 0, 0, 64, 64, 80, 80, 80, 64, 64, 0, 0, 240, 128, 128, 0, 0, 16, 16
   \              5040400000F0
   \              808000001010
   \   00000012   D07090101000       DC8 208, 112, 144, 16, 16, 0, 0, 240, 64, 64, 0, 0, 192, 32, 16, 16, 16
   \              00F040400000
   \              C020101010  
   \   00000023   20C00000F000       DC8 32, 192, 0, 0, 240, 0, 0, 0, 0, 0, 0, 0, 0, 0, 0, 0, 32, 32, 32, 32
   \              000000000000
   \              000000002020
   \              2020        
   \   00000037   20C0000000F0       DC8 32, 192, 0, 0, 0, 240, 0, 0, 0, 0, 0, 192, 32, 32, 32, 32, 32, 32
   \              0000000000C0
   \              202020202020
   \   00000049   202000000000       DC8 32, 32, 0, 0, 0, 0, 240, 16, 16, 16, 16, 240, 0, 0, 0, 240, 128
   \              F010101010F0
   \              000000F080  
   \   0000005A   800000000000       DC8 128, 0, 0, 0, 0, 0, 0, 0, 0, 0, 0, 0, 0, 224, 0, 0, 0, 0, 0, 240, 0
   \              000000000000
   \              00E000000000
   \              00F000      
   \   0000006F   000000000000       DC8 0, 0, 0, 0, 0, 0, 0, 0, 0, 0, 0, 0, 0, 0, 102, 137, 137, 137, 134
   \              000000000000
   \              000066898989
   \              86          
   \   00000082   8080809F0000       DC8 128, 128, 128, 159, 0, 0, 0, 0, 2, 97, 144, 144, 144, 145, 146, 144
   \              000002619090
   \              90919290    
   \   00000092   906700000000       DC8 144, 103, 0, 0, 0, 0, 32, 33, 34, 34, 34, 33, 32, 32, 32, 255, 0, 0
   \              202122222221
   \              202020FF0000
   \   000000A4   000000000000       DC8 0, 0, 0, 0, 0, 0, 0, 0, 0, 66, 66, 34, 18, 14, 3, 0, 0, 0, 255, 2
   \              000000424222
   \              120E03000000
   \              FF02        
   \   000000B8   020000404344       DC8 2, 0, 0, 64, 67, 68, 68, 68, 68, 68, 68, 68, 68, 64, 0, 0, 0, 3, 98
   \              444444444444
   \              444000000003
   \              62          
   \   000000CB   828282838080       DC8 130, 130, 130, 131, 128, 128, 128, 159, 0, 0, 0, 0, 0, 0, 0, 0, 0
   \              809F00000000
   \              0000000000  
   \   000000DC   000040300E03       DC8 0, 0, 64, 48, 14, 3, 12, 48, 64, 0, 0, 255, 2, 2, 0, 0, 0, 0, 0, 0
   \              0C30400000FF
   \              020200000000
   \              0000        
   \   000000F0   000000000000       DC8 0, 0, 0, 0, 0, 0, 0, 24, 36, 228, 36, 36, 36, 228, 36, 24, 0, 0, 0
   \              001824E42424
   \              24E424180000
   \              00          
   \   00000103   002020A8A8A8       DC8 0, 32, 32, 168, 168, 168, 32, 32, 0, 0, 252, 128, 128, 0, 0, 240, 8
   \              20200000FC80
   \              800000F008  
   \   00000114   080808F02020       DC8 8, 8, 8, 240, 32, 32, 32, 252, 0, 0, 0, 0, 0, 0, 0, 0, 0, 0, 0, 0
   \              20FC00000000
   \              000000000000
   \              0000        
   \   00000128   444424140C14       DC8 68, 68, 36, 20, 12, 20, 36, 68, 68, 0, 0, 0, 0, 0, 128, 96, 28, 32
   \              244444000000
   \              000080601C20
   \   0000013A   40800000FC00       DC8 64, 128, 0, 0, 252, 0, 0, 0, 0, 0, 0, 128, 248, 0, 0, 0, 0, 0, 252
   \              000000000080
   \              F80000000000
   \              FC          
   \   0000014D   000000000060       DC8 0, 0, 0, 0, 0, 96, 144, 8, 8, 8, 8, 8, 144, 96, 0, 0, 0, 0, 0, 0, 0
   \              900808080808
   \              906000000000
   \              000000      
   \   00000162   000000000000       DC8 0, 0, 0, 0, 0, 0, 0, 0, 0, 0, 0, 0, 0, 0, 1, 25, 37, 37, 37, 37, 37
   \              000000000000
   \              000001192525
   \              252525      
   \   00000177   252519010000       DC8 37, 37, 25, 1, 0, 0, 0, 0, 15, 16, 16, 16, 15, 0, 0, 0, 63, 0, 0, 0
   \              00000F101010
   \              0F0000003F00
   \              0000        
   \   0000018B   000F10101010       DC8 0, 15, 16, 16, 16, 16, 15, 2, 2, 2, 63, 0, 0, 0, 0, 0, 0, 0, 0, 0
   \              0F0202023F00
   \              000000000000
   \              0000        
   \   0000019F   000002020202       DC8 0, 0, 2, 2, 2, 2, 2, 62, 2, 2, 2, 2, 2, 0, 0, 0, 1, 28, 40, 40, 40
   \              023E02020202
   \              02000000011C
   \              282828      
   \   000001B4   282828281D00       DC8 40, 40, 40, 40, 29, 0, 0, 0, 0, 16, 12, 3, 0, 3, 12, 16, 0, 0, 63
   \              000000100C03
   \              00030C100000
   \              3F          
   \   000001C7   000000001010       DC8 0, 0, 0, 0, 16, 16, 16, 31, 17, 17, 17, 31, 16, 16, 16, 0, 0, 0, 0
   \              101F1111111F
   \              101010000000
   \              00          
   \   000001DA   000000000000       DC8 0, 0, 0, 0, 0, 0, 0, 0, 0, 0, 0, 0, 0, 0
   \              000000000000
   \              0000        
     58          0x00, 0x00, 0x40, 0x40, 0x50, 0x50, 0x50, 0x40, 0x40, 0x00, 0x00, 0xF0, 0x80, 0x80, 0x00, 0x00, 0x10, 0x10, 0xD0, 0x70, 0x90, 0x10, 0x10, 0x00, 0x00, 0xF0, 0x40, 0x40, 0x00, 0x00, 0xC0, 0x20, 0x10, 0x10, 0x10, 0x20, 0xC0, 0x00, 0x00, 0xF0, 0x00, 0x00, 0x00, 0x00, 0x00, 0x00, 0x00, 0x00, 0x00, 0x00, 0x00, 0x20, 0x20, 0x20, 0x20, 0x20, 0xC0, 0x00, 0x00, 0x00, 0xF0, 0x00, 0x00, 0x00, 0x00, 0x00, 0xC0, 0x20, 0x20, 0x20, 0x20, 0x20, 0x20, 0x20, 0x20, 0x00, 0x00, 0x00, 0x00, 0xF0, 0x10, 0x10, 0x10, 0x10, 0xF0, 0x00, 0x00, 0x00, 0xF0, 0x80, 0x80, 0x00, 0x00, 0x00, 0x00, 0x00, 0x00, 0x00, 0x00, 0x00, 0x00, 0x00, 0x00, 0xE0, 0x00, 0x00, 0x00, 0x00, 0x00, 0xF0, 0x00, 0x00, 0x00, 0x00, 0x00, 0x00, 0x00, 0x00, 0x00, 0x00, 0x00, 0x00, 
     59          0x00, 0x00, 0x00, 0x66, 0x89, 0x89, 0x89, 0x86, 0x80, 0x80, 0x80, 0x9F, 0x00, 0x00, 0x00, 0x00, 0x02, 0x61, 0x90, 0x90, 0x90, 0x91, 0x92, 0x90, 0x90, 0x67, 0x00, 0x00, 0x00, 0x00, 0x20, 0x21, 0x22, 0x22, 0x22, 0x21, 0x20, 0x20, 0x20, 0xFF, 0x00, 0x00, 0x00, 0x00, 0x00, 0x00, 0x00, 0x00, 0x00, 0x00, 0x00, 0x42, 0x42, 0x22, 0x12, 0x0E, 0x03, 0x00, 0x00, 0x00, 0xFF, 0x02, 0x02, 0x00, 0x00, 0x40, 0x43, 0x44, 0x44, 0x44, 0x44, 0x44, 0x44, 0x44, 0x44, 0x40, 0x00, 0x00, 0x00, 0x03, 0x62, 0x82, 0x82, 0x82, 0x83, 0x80, 0x80, 0x80, 0x9F, 0x00, 0x00, 0x00, 0x00, 0x00, 0x00, 0x00, 0x00, 0x00, 0x00, 0x00, 0x40, 0x30, 0x0E, 0x03, 0x0C, 0x30, 0x40, 0x00, 0x00, 0xFF, 0x02, 0x02, 0x00, 0x00, 0x00, 0x00, 0x00, 0x00, 0x00, 0x00, 0x00, 0x00, 
     60          0x00, 0x00, 0x00, 0x18, 0x24, 0xE4, 0x24, 0x24, 0x24, 0xE4, 0x24, 0x18, 0x00, 0x00, 0x00, 0x00, 0x20, 0x20, 0xA8, 0xA8, 0xA8, 0x20, 0x20, 0x00, 0x00, 0xFC, 0x80, 0x80, 0x00, 0x00, 0xF0, 0x08, 0x08, 0x08, 0x08, 0xF0, 0x20, 0x20, 0x20, 0xFC, 0x00, 0x00, 0x00, 0x00, 0x00, 0x00, 0x00, 0x00, 0x00, 0x00, 0x00, 0x00, 0x44, 0x44, 0x24, 0x14, 0x0C, 0x14, 0x24, 0x44, 0x44, 0x00, 0x00, 0x00, 0x00, 0x00, 0x80, 0x60, 0x1C, 0x20, 0x40, 0x80, 0x00, 0x00, 0xFC, 0x00, 0x00, 0x00, 0x00, 0x00, 0x00, 0x80, 0xF8, 0x00, 0x00, 0x00, 0x00, 0x00, 0xFC, 0x00, 0x00, 0x00, 0x00, 0x00, 0x60, 0x90, 0x08, 0x08, 0x08, 0x08, 0x08, 0x90, 0x60, 0x00, 0x00, 0x00, 0x00, 0x00, 0x00, 0x00, 0x00, 0x00, 0x00, 0x00, 0x00, 0x00, 0x00, 0x00, 0x00, 0x00, 0x00, 0x00, 
     61          0x00, 0x00, 0x01, 0x19, 0x25, 0x25, 0x25, 0x25, 0x25, 0x25, 0x25, 0x19, 0x01, 0x00, 0x00, 0x00, 0x00, 0x0F, 0x10, 0x10, 0x10, 0x0F, 0x00, 0x00, 0x00, 0x3F, 0x00, 0x00, 0x00, 0x00, 0x0F, 0x10, 0x10, 0x10, 0x10, 0x0F, 0x02, 0x02, 0x02, 0x3F, 0x00, 0x00, 0x00, 0x00, 0x00, 0x00, 0x00, 0x00, 0x00, 0x00, 0x00, 0x02, 0x02, 0x02, 0x02, 0x02, 0x3E, 0x02, 0x02, 0x02, 0x02, 0x02, 0x00, 0x00, 0x00, 0x01, 0x1C, 0x28, 0x28, 0x28, 0x28, 0x28, 0x28, 0x28, 0x1D, 0x00, 0x00, 0x00, 0x00, 0x10, 0x0C, 0x03, 0x00, 0x03, 0x0C, 0x10, 0x00, 0x00, 0x3F, 0x00, 0x00, 0x00, 0x00, 0x10, 0x10, 0x10, 0x1F, 0x11, 0x11, 0x11, 0x1F, 0x10, 0x10, 0x10, 0x00, 0x00, 0x00, 0x00, 0x00, 0x00, 0x00, 0x00, 0x00, 0x00, 0x00, 0x00, 0x00, 0x00, 0x00, 0x00, 0x00, 0x00
     62          };

   \                                 In segment DATA_C, align 4, align-sorted
     63          const unsigned char IMAGE_EpiaLogo9[] = {	// 지금은 부재중이오니 다음에 방문하여 주십시요
   \                     IMAGE_EpiaLogo9:
   \   00000000   000000000000       DC8 0, 0, 0, 0, 0, 0, 0, 128, 128, 0, 0, 0, 0, 0, 0, 0, 128, 128, 128
   \              008080000000
   \              000000008080
   \              80          
   \   00000013   000000000000       DC8 0, 0, 0, 0, 0, 0, 0, 0, 128, 128, 128, 0, 0, 0, 0, 0, 0, 0, 0, 0, 0
   \              000080808000
   \              000000000000
   \              000000      
   \   00000028   000000008080       DC8 0, 0, 0, 0, 128, 128, 0, 0, 0, 0, 0, 0, 0, 0, 0, 128, 128, 0, 0, 0
   \              000000000000
   \              000000808000
   \              0000        
   \   0000003C   000080808080       DC8 0, 0, 128, 128, 128, 128, 128, 128, 0, 0, 0, 0, 0, 0, 0, 0, 0, 128
   \              808000000000
   \              000000000080
   \   0000004E   800000000000       DC8 128, 0, 0, 0, 0, 0, 0, 0, 0, 0, 0, 0, 0, 0, 0, 0, 0, 0, 0, 0, 0
   \              000000000000
   \              000000000000
   \              000000      
   \   00000063   808000000000       DC8 128, 128, 0, 0, 0, 0, 0, 0, 0, 0, 0, 0, 0, 0, 0, 0, 0, 0, 0, 0, 0
   \              000000000000
   \              000000000000
   \              000000      
   \   00000078   000000402212       DC8 0, 0, 0, 64, 34, 18, 30, 34, 66, 0, 255, 0, 0, 0, 8, 8, 73, 201, 40
   \              1E224200FF00
   \              0000080849C9
   \              28          
   \   0000008B   28AC4B080000       DC8 40, 172, 75, 8, 0, 0, 16, 16, 80, 211, 20, 20, 20, 19, 16, 0, 0, 0
   \              101050D31414
   \              141310000000
   \   0000009D   000000202021       DC8 0, 0, 0, 32, 32, 33, 47, 42, 234, 42, 47, 32, 0, 0, 34, 18, 14, 18
   \              2F2AEA2A2F20
   \              000022120E12
   \   000000AF   21FF10FF0000       DC8 33, 255, 16, 255, 0, 0, 0, 16, 16, 20, 148, 82, 113, 82, 148, 16, 0
   \              001010149452
   \              7152941000  
   \   000000C0   001C2222221C       DC8 0, 28, 34, 34, 34, 28, 0, 0, 255, 0, 0, 0, 64, 64, 64, 70, 73, 121
   \              0000FF000000
   \              404040464979
   \   000000D2   494640000002       DC8 73, 70, 64, 0, 0, 2, 62, 32, 32, 32, 32, 32, 255, 0, 0, 0, 0, 0, 0
   \              3E2020202020
   \              FF0000000000
   \              00          
   \   000000E5   000000000000       DC8 0, 0, 0, 0, 0, 0, 0, 0, 0, 0, 0, 0, 0, 0, 0, 0, 64, 192, 64, 64, 64
   \              000000000000
   \              0000000040C0
   \              404040      
   \   000000FA   0010F1000000       DC8 0, 16, 241, 0, 0, 0, 0, 0, 0, 97, 145, 145, 145, 97, 0, 0, 0, 128
   \              000000619191
   \              916100000080
   \   0000010C   40408021E111       DC8 64, 64, 128, 33, 225, 17, 241, 0, 0, 0, 0, 0, 0, 0, 32, 224, 128
   \              F10000000000
   \              000020E080  
   \   0000011D   A0E00110F080       DC8 160, 224, 1, 16, 240, 128, 0, 0, 0, 0, 32, 224, 144, 144, 208, 161
   \              0000000020E0
   \              9090D0A1    
   \   0000012D   00008080A0A0       DC8 0, 0, 128, 128, 160, 160, 128, 161, 225, 17, 240, 0, 0, 0, 0, 0, 0
   \              80A1E111F000
   \              0000000000  
   \   0000013E   000000909150       DC8 0, 0, 0, 144, 145, 80, 48, 80, 144, 0, 0, 0, 0, 0, 160, 96, 0, 0
   \              305090000000
   \              0000A0600000
   \   00000150   10F000000000       DC8 16, 240, 0, 0, 0, 0, 0, 64, 193, 0, 0, 16, 240, 0, 0, 0, 0, 0, 192
   \              0040C1000010
   \              F00000000000
   \              C0          
   \   00000163   202020C00000       DC8 32, 32, 32, 192, 0, 0, 0, 0, 0, 0, 0, 0, 0, 7, 4, 4, 4, 4, 4, 63, 4
   \              000000000000
   \              000704040404
   \              043F04      
   \   00000178   000002020A3A       DC8 0, 0, 2, 2, 10, 58, 42, 42, 42, 58, 2, 0, 0, 3, 4, 4, 3, 1, 31, 0
   \              2A2A2A3A0200
   \              000304040301
   \              1F00        
   \   0000018C   3F0000000000       DC8 63, 0, 0, 0, 0, 0, 0, 0, 0, 3, 2, 2, 27, 36, 36, 27, 0, 0, 0, 2, 2
   \              000000030202
   \              1B24241B0000
   \              000202      
   \   000001A1   0A1A222E2222       DC8 10, 26, 34, 46, 34, 34, 2, 0, 0, 6, 9, 9, 6, 0, 31, 2, 63, 0, 0, 0
   \              020000060909
   \              06001F023F00
   \              0000        
   \   000001B5   000000000202       DC8 0, 0, 0, 0, 2, 2, 2, 2, 2, 62, 2, 2, 2, 0, 0, 2, 1, 4, 61, 41, 42
   \              0202023E0202
   \              020000020104
   \              3D292A      
   \   000001CA   283F00000008       DC8 40, 63, 0, 0, 0, 8, 4, 3, 2, 4, 8, 0, 63, 0, 0, 0, 8, 8, 8, 15, 9
   \              040302040800
   \              3F0000000808
   \              080F09      
   \   000001DF   090E08080000       DC8 9, 14, 8, 8, 0, 0, 0, 0, 0
   \              000000      
     64          0x00, 0x00, 0x00, 0x00, 0x00, 0x00, 0x00, 0x80, 0x80, 0x00, 0x00, 0x00, 0x00, 0x00, 0x00, 0x00, 0x80, 0x80, 0x80, 0x00, 0x00, 0x00, 0x00, 0x00, 0x00, 0x00, 0x00, 0x80, 0x80, 0x80, 0x00, 0x00, 0x00, 0x00, 0x00, 0x00, 0x00, 0x00, 0x00, 0x00, 0x00, 0x00, 0x00, 0x00, 0x80, 0x80, 0x00, 0x00, 0x00, 0x00, 0x00, 0x00, 0x00, 0x00, 0x00, 0x80, 0x80, 0x00, 0x00, 0x00, 0x00, 0x00, 0x80, 0x80, 0x80, 0x80, 0x80, 0x80, 0x00, 0x00, 0x00, 0x00, 0x00, 0x00, 0x00, 0x00, 0x00, 0x80, 0x80, 0x00, 0x00, 0x00, 0x00, 0x00, 0x00, 0x00, 0x00, 0x00, 0x00, 0x00, 0x00, 0x00, 0x00, 0x00, 0x00, 0x00, 0x00, 0x00, 0x00, 0x80, 0x80, 0x00, 0x00, 0x00, 0x00, 0x00, 0x00, 0x00, 0x00, 0x00, 0x00, 0x00, 0x00, 0x00, 0x00, 0x00, 0x00, 0x00, 0x00, 0x00, 0x00, 0x00, 
     65          0x00, 0x40, 0x22, 0x12, 0x1E, 0x22, 0x42, 0x00, 0xFF, 0x00, 0x00, 0x00, 0x08, 0x08, 0x49, 0xC9, 0x28, 0x28, 0xAC, 0x4B, 0x08, 0x00, 0x00, 0x10, 0x10, 0x50, 0xD3, 0x14, 0x14, 0x14, 0x13, 0x10, 0x00, 0x00, 0x00, 0x00, 0x00, 0x00, 0x20, 0x20, 0x21, 0x2F, 0x2A, 0xEA, 0x2A, 0x2F, 0x20, 0x00, 0x00, 0x22, 0x12, 0x0E, 0x12, 0x21, 0xFF, 0x10, 0xFF, 0x00, 0x00, 0x00, 0x10, 0x10, 0x14, 0x94, 0x52, 0x71, 0x52, 0x94, 0x10, 0x00, 0x00, 0x1C, 0x22, 0x22, 0x22, 0x1C, 0x00, 0x00, 0xFF, 0x00, 0x00, 0x00, 0x40, 0x40, 0x40, 0x46, 0x49, 0x79, 0x49, 0x46, 0x40, 0x00, 0x00, 0x02, 0x3E, 0x20, 0x20, 0x20, 0x20, 0x20, 0xFF, 0x00, 0x00, 0x00, 0x00, 0x00, 0x00, 0x00, 0x00, 0x00, 0x00, 0x00, 0x00, 0x00, 0x00, 0x00, 0x00, 0x00, 0x00, 0x00, 0x00, 0x00, 
     66          0x00, 0x40, 0xC0, 0x40, 0x40, 0x40, 0x00, 0x10, 0xF1, 0x00, 0x00, 0x00, 0x00, 0x00, 0x00, 0x61, 0x91, 0x91, 0x91, 0x61, 0x00, 0x00, 0x00, 0x80, 0x40, 0x40, 0x80, 0x21, 0xE1, 0x11, 0xF1, 0x00, 0x00, 0x00, 0x00, 0x00, 0x00, 0x00, 0x20, 0xE0, 0x80, 0xA0, 0xE0, 0x01, 0x10, 0xF0, 0x80, 0x00, 0x00, 0x00, 0x00, 0x20, 0xE0, 0x90, 0x90, 0xD0, 0xA1, 0x00, 0x00, 0x80, 0x80, 0xA0, 0xA0, 0x80, 0xA1, 0xE1, 0x11, 0xF0, 0x00, 0x00, 0x00, 0x00, 0x00, 0x00, 0x00, 0x00, 0x00, 0x90, 0x91, 0x50, 0x30, 0x50, 0x90, 0x00, 0x00, 0x00, 0x00, 0x00, 0xA0, 0x60, 0x00, 0x00, 0x10, 0xF0, 0x00, 0x00, 0x00, 0x00, 0x00, 0x40, 0xC1, 0x00, 0x00, 0x10, 0xF0, 0x00, 0x00, 0x00, 0x00, 0x00, 0xC0, 0x20, 0x20, 0x20, 0xC0, 0x00, 0x00, 0x00, 0x00, 0x00, 0x00, 0x00, 
     67          0x00, 0x00, 0x07, 0x04, 0x04, 0x04, 0x04, 0x04, 0x3F, 0x04, 0x00, 0x00, 0x02, 0x02, 0x0A, 0x3A, 0x2A, 0x2A, 0x2A, 0x3A, 0x02, 0x00, 0x00, 0x03, 0x04, 0x04, 0x03, 0x01, 0x1F, 0x00, 0x3F, 0x00, 0x00, 0x00, 0x00, 0x00, 0x00, 0x00, 0x00, 0x03, 0x02, 0x02, 0x1B, 0x24, 0x24, 0x1B, 0x00, 0x00, 0x00, 0x02, 0x02, 0x0A, 0x1A, 0x22, 0x2E, 0x22, 0x22, 0x02, 0x00, 0x00, 0x06, 0x09, 0x09, 0x06, 0x00, 0x1F, 0x02, 0x3F, 0x00, 0x00, 0x00, 0x00, 0x00, 0x00, 0x00, 0x02, 0x02, 0x02, 0x02, 0x02, 0x3E, 0x02, 0x02, 0x02, 0x00, 0x00, 0x02, 0x01, 0x04, 0x3D, 0x29, 0x2A, 0x28, 0x3F, 0x00, 0x00, 0x00, 0x08, 0x04, 0x03, 0x02, 0x04, 0x08, 0x00, 0x3F, 0x00, 0x00, 0x00, 0x08, 0x08, 0x08, 0x0F, 0x09, 0x09, 0x0E, 0x08, 0x08, 0x00, 0x00, 0x00, 0x00, 0x00
     68          };

   \                                 In segment DATA_C, align 4, align-sorted
     69          const unsigned char IMAGE_EpiaLogo10[] = {	// 죄송합니다 등록되지 않은 카드입니다.
   \                     IMAGE_EpiaLogo10:
   \   00000000   FFFFDFDFDF1F       DC8 255, 255, 223, 223, 223, 31, 223, 223, 223, 255, 31, 255, 255, 255
   \              DFDFDFFF1FFF
   \              FFFF        
   \   0000000E   FFFFFF7F7F9F       DC8 255, 255, 255, 127, 127, 159, 127, 127, 255, 255, 255, 127, 127, 95
   \              7F7FFFFFFF7F
   \              7F5F        
   \   0000001C   5F5F7F7FFFFF       DC8 95, 95, 127, 127, 255, 255, 31, 255, 255, 255, 31, 255, 255, 255
   \              1FFFFFFF1FFF
   \              FFFF        
   \   0000002A   FFFFFFFF1FFF       DC8 255, 255, 255, 255, 31, 255, 255, 255, 31, 223, 223, 223, 223, 223
   \              FFFF1FDFDFDF
   \              DFDF        
   \   00000038   FFFF1FFFFFFF       DC8 255, 255, 31, 255, 255, 255, 255, 255, 255, 255, 255, 255, 255, 255
   \              FFFFFFFFFFFF
   \              FFFF        
   \   00000046   FFFFFFFFFF1F       DC8 255, 255, 255, 255, 255, 31, 223, 223, 223, 223, 223, 223, 223, 255
   \              DFDFDFDFDFDF
   \              DFFF        
   \   00000054   FFFFFF5F5F5F       DC8 255, 255, 255, 95, 95, 95, 95, 95, 95, 95, 31, 255, 255, 255, 31
   \              5F5F5F5F1FFF
   \              FFFF1F      
   \   00000063   DFDFDFDFDFFF       DC8 223, 223, 223, 223, 223, 255, 255, 31, 255, 255, 255, 255, 255, 255
   \              FF1FFFFFFFFF
   \              FFFF        
   \   00000071   FFFFFFFFFFFF       DC8 255, 255, 255, 255, 255, 255, 255, 255, 255, 255, 255, 187, 189
   \              FFFFFFFFFFBB
   \              BD          
   \   0000007E   BE87BEBDBBFF       DC8 190, 135, 190, 189, 187, 255, 0, 255, 255, 255, 251, 154, 106, 107
   \              00FFFFFFFB9A
   \              6A6B        
   \   0000008C   6B696B6B9AFA       DC8 107, 105, 107, 107, 154, 250, 255, 255, 249, 6, 87, 86, 89, 95, 95
   \              FFFFF9065756
   \              595F5F      
   \   0000009B   5F08FEFEFF80       DC8 95, 8, 254, 254, 255, 128, 191, 191, 191, 191, 191, 191, 255, 0
   \              BFBFBFBFBFBF
   \              FF00        
   \   000000A9   FFFFFF80BFBF       DC8 255, 255, 255, 128, 191, 191, 191, 191, 191, 191, 255, 0, 251, 251
   \              BFBFBFBFFF00
   \              FBFB        
   \   000000B7   FFFFFF9FFFFF       DC8 255, 255, 255, 159, 255, 255, 255, 255, 255, 255, 255, 255, 255
   \              FFFFFFFFFFFF
   \              FF          
   \   000000C4   FB9A6A6A6A6A       DC8 251, 154, 106, 106, 106, 106, 106, 106, 154, 251, 255, 255, 247
   \              6A6A9AFBFFFF
   \              F7          
   \   000000D1   D4D5D5D5D1D5       DC8 212, 213, 213, 213, 209, 213, 213, 21, 247, 255, 255, 184, 187, 187
   \              D515F7FFFFB8
   \              BBBB        
   \   000000DF   83BBBBBFFF00       DC8 131, 187, 187, 191, 255, 0, 255, 255, 255, 255, 255, 255, 255, 255
   \              FFFFFFFFFFFF
   \              FFFF        
   \   000000ED   FFFFFFFFFFFF       DC8 255, 255, 255, 255, 255, 255, 255, 255, 255, 247, 247, 247, 7, 247
   \              FFFFFFF7F7F7
   \              07F7        
   \   000000FB   F7F7FF07FFFF       DC8 247, 247, 255, 7, 255, 255, 255, 255, 255, 255, 255, 255, 255, 143
   \              FFFFFFFFFFFF
   \              FF8F        
   \   00000109   777777778FFF       DC8 119, 119, 119, 119, 143, 255, 255, 7, 191, 191, 255, 255, 207, 183
   \              FF07BFBFFFFF
   \              CFB7        
   \   00000117   B7B7B7B7B7CF       DC8 183, 183, 183, 183, 183, 207, 255, 255, 255, 255, 255, 255, 255
   \              FFFFFFFFFFFF
   \              FF          
   \   00000124   FFFF77777777       DC8 255, 255, 119, 119, 119, 119, 119, 7, 255, 255, 7, 255, 255, 255
   \              7707FFFF07FF
   \              FFFF        
   \   00000132   FF07F7F7F7F7       DC8 255, 7, 247, 247, 247, 247, 247, 247, 247, 255, 255, 255, 143, 119
   \              F7F7F7FFFFFF
   \              8F77        
   \   00000140   7777778FFFFF       DC8 119, 119, 119, 143, 255, 255, 7, 255, 255, 255, 7, 255, 255, 255
   \              07FFFFFF07FF
   \              FFFF        
   \   0000014E   FFFFFFFF07FF       DC8 255, 255, 255, 255, 7, 255, 255, 255, 7, 247, 247, 247, 247, 247
   \              FFFF07F7F7F7
   \              F7F7        
   \   0000015C   FFFF07FFFFFF       DC8 255, 255, 7, 255, 255, 255, 255, 255, 255, 255, 255, 255, 255, 255
   \              FFFFFFFFFFFF
   \              FFFF        
   \   0000016A   FFFFFFFFFFFF       DC8 255, 255, 255, 255, 255, 255, 239, 243, 252, 255, 252, 243, 239
   \              EFF3FCFFFCF3
   \              EF          
   \   00000177   FFC0FFFFFFFF       DC8 255, 192, 255, 255, 255, 255, 255, 255, 255, 255, 255, 255, 195
   \              FFFFFFFFFFFF
   \              C3          
   \   00000184   DFDFDBEBD1D3       DC8 223, 223, 219, 235, 209, 211, 234, 251, 255, 255, 253, 197, 221
   \              EAFBFFFFFDC5
   \              DD          
   \   00000191   DDDDDDDDDDDD       DC8 221, 221, 221, 221, 221, 221, 253, 255, 255, 255, 255, 255, 255
   \              FDFFFFFFFFFF
   \              FF          
   \   0000019E   FFFFEFEFF7FB       DC8 255, 255, 239, 239, 247, 251, 252, 255, 255, 255, 192, 254, 254
   \              FCFFFFFFC0FE
   \              FE          
   \   000001AB   FFEFEEEEEEEE       DC8 255, 239, 238, 238, 238, 238, 238, 238, 238, 238, 239, 255, 255
   \              EEEEEEEEEFFF
   \              FF          
   \   000001B8   FFC1D7D7D7D7       DC8 255, 193, 215, 215, 215, 215, 215, 215, 193, 255, 255, 255, 224
   \              D7D7C1FFFFFF
   \              E0          
   \   000001C5   EFEFEFEFEFEF       DC8 239, 239, 239, 239, 239, 239, 255, 192, 255, 255, 255, 224, 239
   \              FFC0FFFFFFE0
   \              EF          
   \   000001D2   EFEFEFEFEFFF       DC8 239, 239, 239, 239, 239, 255, 192, 254, 254, 255, 255, 255, 255
   \              C0FEFEFFFFFF
   \              FF          
   \   000001DF   FFFFFFFFFFFF       DC8 255, 255, 255, 255, 255, 255, 255, 255, 255
   \              FFFFFF      
     70          0xFF, 0xFF, 0xDF, 0xDF, 0xDF, 0x1F, 0xDF, 0xDF, 0xDF, 0xFF, 0x1F, 0xFF, 0xFF, 0xFF, 0xFF, 0xFF, 0xFF, 0x7F, 0x7F, 0x9F, 0x7F, 0x7F, 0xFF, 0xFF, 0xFF, 0x7F, 0x7F, 0x5F, 0x5F, 0x5F, 0x7F, 0x7F, 0xFF, 0xFF, 0x1F, 0xFF, 0xFF, 0xFF, 0x1F, 0xFF, 0xFF, 0xFF, 0xFF, 0xFF, 0xFF, 0xFF, 0x1F, 0xFF, 0xFF, 0xFF, 0x1F, 0xDF, 0xDF, 0xDF, 0xDF, 0xDF, 0xFF, 0xFF, 0x1F, 0xFF, 0xFF, 0xFF, 0xFF, 0xFF, 0xFF, 0xFF, 0xFF, 0xFF, 0xFF, 0xFF, 0xFF, 0xFF, 0xFF, 0xFF, 0xFF, 0x1F, 0xDF, 0xDF, 0xDF, 0xDF, 0xDF, 0xDF, 0xDF, 0xFF, 0xFF, 0xFF, 0xFF, 0x5F, 0x5F, 0x5F, 0x5F, 0x5F, 0x5F, 0x5F, 0x1F, 0xFF, 0xFF, 0xFF, 0x1F, 0xDF, 0xDF, 0xDF, 0xDF, 0xDF, 0xFF, 0xFF, 0x1F, 0xFF, 0xFF, 0xFF, 0xFF, 0xFF, 0xFF, 0xFF, 0xFF, 0xFF, 0xFF, 0xFF, 0xFF, 0xFF, 0xFF, 0xFF, 
     71          0xFF, 0xFF, 0xBB, 0xBD, 0xBE, 0x87, 0xBE, 0xBD, 0xBB, 0xFF, 0x00, 0xFF, 0xFF, 0xFF, 0xFB, 0x9A, 0x6A, 0x6B, 0x6B, 0x69, 0x6B, 0x6B, 0x9A, 0xFA, 0xFF, 0xFF, 0xF9, 0x06, 0x57, 0x56, 0x59, 0x5F, 0x5F, 0x5F, 0x08, 0xFE, 0xFE, 0xFF, 0x80, 0xBF, 0xBF, 0xBF, 0xBF, 0xBF, 0xBF, 0xFF, 0x00, 0xFF, 0xFF, 0xFF, 0x80, 0xBF, 0xBF, 0xBF, 0xBF, 0xBF, 0xBF, 0xFF, 0x00, 0xFB, 0xFB, 0xFF, 0xFF, 0xFF, 0x9F, 0xFF, 0xFF, 0xFF, 0xFF, 0xFF, 0xFF, 0xFF, 0xFF, 0xFF, 0xFB, 0x9A, 0x6A, 0x6A, 0x6A, 0x6A, 0x6A, 0x6A, 0x9A, 0xFB, 0xFF, 0xFF, 0xF7, 0xD4, 0xD5, 0xD5, 0xD5, 0xD1, 0xD5, 0xD5, 0x15, 0xF7, 0xFF, 0xFF, 0xB8, 0xBB, 0xBB, 0x83, 0xBB, 0xBB, 0xBF, 0xFF, 0x00, 0xFF, 0xFF, 0xFF, 0xFF, 0xFF, 0xFF, 0xFF, 0xFF, 0xFF, 0xFF, 0xFF, 0xFF, 0xFF, 0xFF, 0xFF, 
     72          0xFF, 0xFF, 0xF7, 0xF7, 0xF7, 0x07, 0xF7, 0xF7, 0xF7, 0xFF, 0x07, 0xFF, 0xFF, 0xFF, 0xFF, 0xFF, 0xFF, 0xFF, 0xFF, 0xFF, 0x8F, 0x77, 0x77, 0x77, 0x77, 0x8F, 0xFF, 0xFF, 0x07, 0xBF, 0xBF, 0xFF, 0xFF, 0xCF, 0xB7, 0xB7, 0xB7, 0xB7, 0xB7, 0xB7, 0xCF, 0xFF, 0xFF, 0xFF, 0xFF, 0xFF, 0xFF, 0xFF, 0xFF, 0xFF, 0x77, 0x77, 0x77, 0x77, 0x77, 0x07, 0xFF, 0xFF, 0x07, 0xFF, 0xFF, 0xFF, 0xFF, 0x07, 0xF7, 0xF7, 0xF7, 0xF7, 0xF7, 0xF7, 0xF7, 0xFF, 0xFF, 0xFF, 0x8F, 0x77, 0x77, 0x77, 0x77, 0x8F, 0xFF, 0xFF, 0x07, 0xFF, 0xFF, 0xFF, 0x07, 0xFF, 0xFF, 0xFF, 0xFF, 0xFF, 0xFF, 0xFF, 0x07, 0xFF, 0xFF, 0xFF, 0x07, 0xF7, 0xF7, 0xF7, 0xF7, 0xF7, 0xFF, 0xFF, 0x07, 0xFF, 0xFF, 0xFF, 0xFF, 0xFF, 0xFF, 0xFF, 0xFF, 0xFF, 0xFF, 0xFF, 0xFF, 0xFF, 0xFF, 0xFF, 
     73          0xFF, 0xFF, 0xEF, 0xF3, 0xFC, 0xFF, 0xFC, 0xF3, 0xEF, 0xFF, 0xC0, 0xFF, 0xFF, 0xFF, 0xFF, 0xFF, 0xFF, 0xFF, 0xFF, 0xFF, 0xFF, 0xC3, 0xDF, 0xDF, 0xDB, 0xEB, 0xD1, 0xD3, 0xEA, 0xFB, 0xFF, 0xFF, 0xFD, 0xC5, 0xDD, 0xDD, 0xDD, 0xDD, 0xDD, 0xDD, 0xDD, 0xFD, 0xFF, 0xFF, 0xFF, 0xFF, 0xFF, 0xFF, 0xFF, 0xFF, 0xEF, 0xEF, 0xF7, 0xFB, 0xFC, 0xFF, 0xFF, 0xFF, 0xC0, 0xFE, 0xFE, 0xFF, 0xEF, 0xEE, 0xEE, 0xEE, 0xEE, 0xEE, 0xEE, 0xEE, 0xEE, 0xEF, 0xFF, 0xFF, 0xFF, 0xC1, 0xD7, 0xD7, 0xD7, 0xD7, 0xD7, 0xD7, 0xC1, 0xFF, 0xFF, 0xFF, 0xE0, 0xEF, 0xEF, 0xEF, 0xEF, 0xEF, 0xEF, 0xFF, 0xC0, 0xFF, 0xFF, 0xFF, 0xE0, 0xEF, 0xEF, 0xEF, 0xEF, 0xEF, 0xEF, 0xFF, 0xC0, 0xFE, 0xFE, 0xFF, 0xFF, 0xFF, 0xFF, 0xFF, 0xFF, 0xFF, 0xFF, 0xFF, 0xFF, 0xFF, 0xFF, 0xFF};

   \                                 In segment DATA_C, align 4, align-sorted
     74          const unsigned char IMAGE_EpiaLogo11[] = {	// 비상경보! 외부 침입 발생
   \                     IMAGE_EpiaLogo11:
   \   00000000   0000FCFC2020       DC8 0, 0, 252, 252, 32, 32, 32, 252, 252, 0, 0, 254, 254, 0, 0, 0, 0
   \              20FCFC0000FE
   \              FE00000000  
   \   00000011   8080C0603C3C       DC8 128, 128, 192, 96, 60, 60, 96, 192, 128, 0, 254, 254, 16, 16, 0, 0
   \              60C08000FEFE
   \              10100000    
   \   00000021   000000000000       DC8 0, 0, 0, 0, 0, 0, 0, 4, 132, 132, 196, 100, 124, 92, 72, 72, 254
   \              00048484C464
   \              7C5C4848FE  
   \   00000032   FE0000000000       DC8 254, 0, 0, 0, 0, 0, 0, 252, 252, 16, 16, 16, 16, 16, 16, 252, 252
   \              00FCFC101010
   \              101010FCFC  
   \   00000043   000000000000       DC8 0, 0, 0, 0, 0, 0, 0, 0, 0, 0, 0, 252, 252, 0, 0, 0, 0, 0, 0, 0, 0
   \              0000000000FC
   \              FC0000000000
   \              000000      
   \   00000058   000000000000       DC8 0, 0, 0, 0, 0, 0, 0, 0, 0, 0, 0, 0, 0, 0, 0, 0, 0, 0, 0, 0, 0, 0, 0
   \              000000000000
   \              000000000000
   \              0000000000  
   \   0000006F   000000000000       DC8 0, 0, 0, 0, 0, 0, 0, 0, 0, 0, 0, 0, 0, 7, 7, 4, 4, 4, 7, 7, 0, 0
   \              000000000000
   \              000707040404
   \              07070000    
   \   00000085   3F3F00000000       DC8 63, 63, 0, 0, 0, 0, 0, 0, 24, 60, 36, 36, 36, 36, 36, 36, 61, 25, 0
   \              0000183C2424
   \              242424243D19
   \              00          
   \   00000098   000000000000       DC8 0, 0, 0, 0, 0, 0, 0, 0, 0, 1, 1, 25, 60, 36, 36, 36, 36, 36, 36, 61
   \              000000010119
   \              3C2424242424
   \              243D        
   \   000000AC   190000000010       DC8 25, 0, 0, 0, 0, 16, 16, 17, 17, 17, 17, 31, 31, 17, 17, 17, 17, 16
   \              10111111111F
   \              1F1111111110
   \   000000BE   100000000000       DC8 16, 0, 0, 0, 0, 0, 0, 0, 0, 0, 25, 25, 0, 0, 0, 0, 0, 0, 0, 0, 0, 0
   \              000000001919
   \              000000000000
   \              00000000    
   \   000000D4   000000000000       DC8 0, 0, 0, 0, 0, 0, 0, 0, 0, 0, 0, 0, 0, 0, 0, 0, 0, 0, 0, 0, 0, 0, 0
   \              000000000000
   \              000000000000
   \              0000000000  
   \   000000EB   000000000000       DC8 0, 0, 0, 0, 0, 0, 0, 0, 0, 0, 0, 128, 192, 96, 48, 24, 12, 4, 0, 0
   \              000000000080
   \              C06030180C04
   \              0000        
   \   000000FF   00387C44C4C4       DC8 0, 56, 124, 68, 196, 196, 68, 124, 56, 0, 254, 254, 0, 0, 0, 0, 0
   \              447C3800FEFE
   \              0000000000  
   \   00000110   007C7C505050       DC8 0, 124, 124, 80, 80, 80, 80, 80, 80, 124, 124, 0, 0, 0, 0, 0, 8
   \              5050507C7C00
   \              0000000008  
   \   00000121   88CA7A7ACA88       DC8 136, 202, 122, 122, 202, 136, 8, 0, 254, 254, 0, 0, 0, 0, 0, 120
   \              0800FEFE0000
   \              00000078    
   \   00000131   FC848484FC78       DC8 252, 132, 132, 132, 252, 120, 0, 0, 254, 254, 0, 0, 0, 0, 0, 252
   \              0000FEFE0000
   \              000000FC    
   \   00000141   FC909090FCFC       DC8 252, 144, 144, 144, 252, 252, 0, 0, 254, 254, 16, 16, 0, 0, 0, 128
   \              0000FEFE1010
   \              00000080    
   \   00000151   E07C7CE080FE       DC8 224, 124, 124, 224, 128, 254, 254, 16, 254, 254, 0, 0, 0, 0, 4, 12
   \              FE10FEFE0000
   \              0000040C    
   \   00000161   183060C08000       DC8 24, 48, 96, 192, 128, 0, 0, 0, 0, 0, 0, 0, 0, 0, 0, 0, 1, 3, 6, 12
   \              000000000000
   \              000000000103
   \              060C        
   \   00000175   181000000404       DC8 24, 16, 0, 0, 4, 4, 4, 4, 7, 7, 4, 4, 4, 4, 63, 63, 0, 0, 0, 0, 2
   \              040407070404
   \              04043F3F0000
   \              000002      
   \   0000018A   02020202023E       DC8 2, 2, 2, 2, 2, 62, 62, 2, 2, 2, 2, 2, 2, 0, 0, 1, 1, 61, 60, 36, 36
   \              3E0202020202
   \              02000001013D
   \              3C2424      
   \   0000019F   242525243D3D       DC8 36, 37, 37, 36, 61, 61, 0, 0, 0, 0, 0, 0, 62, 62, 40, 40, 40, 40
   \              000000000000
   \              3E3E28282828
   \   000001B1   28283E3E0000       DC8 40, 40, 62, 62, 0, 0, 0, 0, 0, 0, 58, 58, 42, 42, 42, 42, 42, 42
   \              000000003A3A
   \              2A2A2A2A2A2A
   \   000001C3   2E2E00000000       DC8 46, 46, 0, 0, 0, 0, 1, 1, 24, 60, 36, 36, 36, 37, 37, 36, 61, 25, 0
   \              0101183C2424
   \              242525243D19
   \              00          
   \   000001D6   00000010180C       DC8 0, 0, 0, 16, 24, 12, 6, 3, 1, 0, 0, 0, 0, 0, 0, 0, 0, 0
   \              060301000000
   \              000000000000
     75          0x00, 0x00, 0xFC, 0xFC, 0x20, 0x20, 0x20, 0xFC, 0xFC, 0x00, 0x00, 0xFE, 0xFE, 0x00, 0x00, 0x00, 0x00, 0x80, 0x80, 0xC0, 0x60, 0x3C, 0x3C, 0x60, 0xC0, 0x80, 0x00, 0xFE, 0xFE, 0x10, 0x10, 0x00, 0x00, 0x00, 0x00, 0x00, 0x00, 0x00, 0x00, 0x00, 0x04, 0x84, 0x84, 0xC4, 0x64, 0x7C, 0x5C, 0x48, 0x48, 0xFE, 0xFE, 0x00, 0x00, 0x00, 0x00, 0x00, 0x00, 0xFC, 0xFC, 0x10, 0x10, 0x10, 0x10, 0x10, 0x10, 0xFC, 0xFC, 0x00, 0x00, 0x00, 0x00, 0x00, 0x00, 0x00, 0x00, 0x00, 0x00, 0x00, 0xFC, 0xFC, 0x00, 0x00, 0x00, 0x00, 0x00, 0x00, 0x00, 0x00, 0x00, 0x00, 0x00, 0x00, 0x00, 0x00, 0x00, 0x00, 0x00, 0x00, 0x00, 0x00, 0x00, 0x00, 0x00, 0x00, 0x00, 0x00, 0x00, 0x00, 0x00, 0x00, 0x00, 0x00, 0x00, 0x00, 0x00, 0x00, 0x00, 0x00, 0x00, 0x00, 0x00, 0x00, 
     76          0x00, 0x00, 0x07, 0x07, 0x04, 0x04, 0x04, 0x07, 0x07, 0x00, 0x00, 0x3F, 0x3F, 0x00, 0x00, 0x00, 0x00, 0x00, 0x00, 0x18, 0x3C, 0x24, 0x24, 0x24, 0x24, 0x24, 0x24, 0x3D, 0x19, 0x00, 0x00, 0x00, 0x00, 0x00, 0x00, 0x00, 0x00, 0x00, 0x00, 0x01, 0x01, 0x19, 0x3C, 0x24, 0x24, 0x24, 0x24, 0x24, 0x24, 0x3D, 0x19, 0x00, 0x00, 0x00, 0x00, 0x10, 0x10, 0x11, 0x11, 0x11, 0x11, 0x1F, 0x1F, 0x11, 0x11, 0x11, 0x11, 0x10, 0x10, 0x00, 0x00, 0x00, 0x00, 0x00, 0x00, 0x00, 0x00, 0x00, 0x19, 0x19, 0x00, 0x00, 0x00, 0x00, 0x00, 0x00, 0x00, 0x00, 0x00, 0x00, 0x00, 0x00, 0x00, 0x00, 0x00, 0x00, 0x00, 0x00, 0x00, 0x00, 0x00, 0x00, 0x00, 0x00, 0x00, 0x00, 0x00, 0x00, 0x00, 0x00, 0x00, 0x00, 0x00, 0x00, 0x00, 0x00, 0x00, 0x00, 0x00, 0x00, 0x00, 0x00, 
     77          0x00, 0x00, 0x80, 0xC0, 0x60, 0x30, 0x18, 0x0C, 0x04, 0x00, 0x00, 0x00, 0x38, 0x7C, 0x44, 0xC4, 0xC4, 0x44, 0x7C, 0x38, 0x00, 0xFE, 0xFE, 0x00, 0x00, 0x00, 0x00, 0x00, 0x00, 0x7C, 0x7C, 0x50, 0x50, 0x50, 0x50, 0x50, 0x50, 0x7C, 0x7C, 0x00, 0x00, 0x00, 0x00, 0x00, 0x08, 0x88, 0xCA, 0x7A, 0x7A, 0xCA, 0x88, 0x08, 0x00, 0xFE, 0xFE, 0x00, 0x00, 0x00, 0x00, 0x00, 0x78, 0xFC, 0x84, 0x84, 0x84, 0xFC, 0x78, 0x00, 0x00, 0xFE, 0xFE, 0x00, 0x00, 0x00, 0x00, 0x00, 0xFC, 0xFC, 0x90, 0x90, 0x90, 0xFC, 0xFC, 0x00, 0x00, 0xFE, 0xFE, 0x10, 0x10, 0x00, 0x00, 0x00, 0x80, 0xE0, 0x7C, 0x7C, 0xE0, 0x80, 0xFE, 0xFE, 0x10, 0xFE, 0xFE, 0x00, 0x00, 0x00, 0x00, 0x04, 0x0C, 0x18, 0x30, 0x60, 0xC0, 0x80, 0x00, 0x00, 0x00, 0x00, 0x00, 0x00, 0x00, 0x00, 
     78          0x00, 0x00, 0x00, 0x01, 0x03, 0x06, 0x0C, 0x18, 0x10, 0x00, 0x00, 0x04, 0x04, 0x04, 0x04, 0x07, 0x07, 0x04, 0x04, 0x04, 0x04, 0x3F, 0x3F, 0x00, 0x00, 0x00, 0x00, 0x02, 0x02, 0x02, 0x02, 0x02, 0x02, 0x3E, 0x3E, 0x02, 0x02, 0x02, 0x02, 0x02, 0x02, 0x00, 0x00, 0x01, 0x01, 0x3D, 0x3C, 0x24, 0x24, 0x24, 0x25, 0x25, 0x24, 0x3D, 0x3D, 0x00, 0x00, 0x00, 0x00, 0x00, 0x00, 0x3E, 0x3E, 0x28, 0x28, 0x28, 0x28, 0x28, 0x28, 0x3E, 0x3E, 0x00, 0x00, 0x00, 0x00, 0x00, 0x00, 0x3A, 0x3A, 0x2A, 0x2A, 0x2A, 0x2A, 0x2A, 0x2A, 0x2E, 0x2E, 0x00, 0x00, 0x00, 0x00, 0x01, 0x01, 0x18, 0x3C, 0x24, 0x24, 0x24, 0x25, 0x25, 0x24, 0x3D, 0x19, 0x00, 0x00, 0x00, 0x00, 0x10, 0x18, 0x0C, 0x06, 0x03, 0x01, 0x00, 0x00, 0x00, 0x00, 0x00, 0x00, 0x00, 0x00, 0x00
     79          };

   \                                 In segment DATA_C, align 4, align-sorted
     80          const unsigned char IMAGE_EpiaLogo12[] = {	// 무선출입통제시스템
   \                     IMAGE_EpiaLogo12:
   \   00000000   000000000000       DC8 0, 0, 0, 0, 0, 0, 0, 0, 0, 0, 0, 0, 0, 0, 0, 0, 0, 0, 0, 0, 0, 128
   \              000000000000
   \              000000000000
   \              00000080    
   \   00000016   808000000000       DC8 128, 128, 0, 0, 0, 0, 0, 0, 0, 0, 0, 0, 0, 0, 0, 0, 0, 0, 0, 0, 0
   \              000000000000
   \              000000000000
   \              000000      
   \   0000002B   000080808000       DC8 0, 0, 128, 128, 128, 0, 0, 0, 0, 0, 0, 0, 0, 0, 0, 0, 0, 0, 0, 0, 0
   \              000000000000
   \              000000000000
   \              000000      
   \   00000040   000000000080       DC8 0, 0, 0, 0, 0, 128, 192, 192, 0, 128, 128, 0, 0, 0, 0, 0, 0, 0, 0
   \              C0C000808000
   \              000000000000
   \              00          
   \   00000053   008080800000       DC8 0, 128, 128, 128, 0, 0, 0, 0, 0, 0, 0, 0, 0, 0, 0, 0, 0, 0, 0, 0, 0
   \              000000000000
   \              000000000000
   \              000000      
   \   00000068   0000000080C0       DC8 0, 0, 0, 0, 128, 192, 192, 0, 128, 128, 0, 0, 0, 0, 0, 0, 0, 0, 0
   \              C00080800000
   \              000000000000
   \              00          
   \   0000007B   00017F7F4141       DC8 0, 1, 127, 127, 65, 65, 127, 127, 71, 0, 0, 0, 32, 48, 24, 15, 7
   \              7F7F47000000
   \              2030180F07  
   \   0000008C   0F383808FFFF       DC8 15, 56, 56, 8, 255, 255, 0, 0, 66, 98, 35, 51, 27, 31, 54, 98, 64
   \              000042622333
   \              1B1F366240  
   \   0000009D   0000003C7E63       DC8 0, 0, 0, 60, 126, 99, 65, 99, 126, 60, 0, 255, 255, 0, 0, 1, 127
   \              41637E3C00FF
   \              FF0000017F  
   \   000000AE   7FC9C9494949       DC8 127, 201, 201, 73, 73, 73, 64, 0, 0, 65, 97, 49, 25, 29, 31, 55
   \              400000416131
   \              191D1F37    
   \   000000BE   6948FFFF00FF       DC8 105, 72, 255, 255, 0, 255, 255, 0, 32, 48, 24, 15, 7, 15, 56, 48, 0
   \              FF002030180F
   \              070F383000  
   \   000000CF   FFFF00002030       DC8 255, 255, 0, 0, 32, 48, 24, 15, 7, 15, 56, 48, 0, 0, 0, 1, 127, 127
   \              180F070F3830
   \              000000017F7F
   \   000000E1   494949494948       DC8 73, 73, 73, 73, 73, 72, 255, 255, 0, 255, 255, 0, 0, 0, 0, 0, 0, 0
   \              FFFF00FFFF00
   \              000000000000
   \   000000F3   000001010101       DC8 0, 0, 1, 1, 1, 1, 7, 7, 1, 1, 1, 1, 0, 0, 0, 0, 8, 248, 248, 0, 0
   \              070701010101
   \              0000000008F8
   \              F80000      
   \   00000108   000407030001       DC8 0, 4, 7, 3, 0, 1, 37, 237, 233, 47, 47, 45, 61, 61, 5, 0, 0, 0, 0
   \              25EDE92F2F2D
   \              3D3D05000000
   \              00          
   \   0000011B   04FCFC202020       DC8 4, 252, 252, 32, 32, 32, 36, 255, 255, 0, 1, 1, 225, 241, 25, 9, 25
   \              24FFFF000101
   \              E1F1190919  
   \   0000012C   F1E101000000       DC8 241, 225, 1, 0, 0, 0, 0, 0, 0, 0, 0, 0, 0, 0, 3, 3, 0, 7, 7, 0, 0
   \              000000000000
   \              000003030007
   \              070000      
   \   00000141   000000000000       DC8 0, 0, 0, 0, 0, 0, 0, 0, 7, 7, 0, 1, 1, 1, 1, 1, 1, 1, 1, 1, 1, 1, 0
   \              000007070001
   \              010101010101
   \              0101010100  
   \   00000158   000000000004       DC8 0, 0, 0, 0, 0, 4, 252, 252, 4, 7, 135, 252, 123, 7, 4, 0, 0, 0, 0
   \              FCFC040787FC
   \              7B0704000000
   \              00          
   \   0000016B   000000000000       DC8 0, 0, 0, 0, 0, 0, 0, 0, 0, 0, 0, 0, 0, 0, 0, 0, 0, 0, 0, 3, 3, 2, 2
   \              000000000000
   \              000000000000
   \              0003030202  
   \   00000182   020202020000       DC8 2, 2, 2, 2, 0, 0, 0, 1, 1, 1, 1, 1, 1, 1, 1, 0, 0, 0, 0, 0, 7, 7, 2
   \              000101010101
   \              010101000000
   \              0000070702  
   \   00000199   020202030300       DC8 2, 2, 2, 3, 3, 0, 0, 0, 1, 3, 3, 2, 3, 3, 1, 0, 0, 0, 0, 0, 0, 0, 0
   \              000001030302
   \              030301000000
   \              0000000000  
   \   000001B0   000000000000       DC8 0, 0, 0, 0, 0, 0, 0, 0, 0, 0, 0, 0, 0, 0, 0, 0, 0, 0, 0, 0, 0, 0, 0
   \              000000000000
   \              000000000000
   \              0000000000  
   \   000001C7   000000000000       DC8 0, 0, 0, 0, 0, 0, 0, 0, 0, 0, 0, 0, 0, 0, 0, 0, 0, 7, 7, 2, 2, 3, 3
   \              000000000000
   \              000000000007
   \              0702020303  
   \   000001DE   020000000000       DC8 2, 0, 0, 0, 0, 0, 0, 0, 0, 0
   \              00000000    
     81          0x00, 0x00, 0x00, 0x00, 0x00, 0x00, 0x00, 0x00, 0x00, 0x00, 0x00, 0x00, 0x00, 0x00, 0x00, 0x00, 0x00, 0x00, 0x00, 0x00, 0x00, 0x80, 0x80, 0x80, 0x00, 0x00, 0x00, 0x00, 0x00, 0x00, 0x00, 0x00, 0x00, 0x00, 0x00, 0x00, 0x00, 0x00, 0x00, 0x00, 0x00, 0x00, 0x00, 0x00, 0x00, 0x80, 0x80, 0x80, 0x00, 0x00, 0x00, 0x00, 0x00, 0x00, 0x00, 0x00, 0x00, 0x00, 0x00, 0x00, 0x00, 0x00, 0x00, 0x00, 0x00, 0x00, 0x00, 0x00, 0x00, 0x80, 0xC0, 0xC0, 0x00, 0x80, 0x80, 0x00, 0x00, 0x00, 0x00, 0x00, 0x00, 0x00, 0x00, 0x00, 0x80, 0x80, 0x80, 0x00, 0x00, 0x00, 0x00, 0x00, 0x00, 0x00, 0x00, 0x00, 0x00, 0x00, 0x00, 0x00, 0x00, 0x00, 0x00, 0x00, 0x00, 0x00, 0x00, 0x00, 0x80, 0xC0, 0xC0, 0x00, 0x80, 0x80, 0x00, 0x00, 0x00, 0x00, 0x00, 0x00, 0x00, 0x00, 
     82          0x00, 0x00, 0x01, 0x7F, 0x7F, 0x41, 0x41, 0x7F, 0x7F, 0x47, 0x00, 0x00, 0x00, 0x20, 0x30, 0x18, 0x0F, 0x07, 0x0F, 0x38, 0x38, 0x08, 0xFF, 0xFF, 0x00, 0x00, 0x42, 0x62, 0x23, 0x33, 0x1B, 0x1F, 0x36, 0x62, 0x40, 0x00, 0x00, 0x00, 0x3C, 0x7E, 0x63, 0x41, 0x63, 0x7E, 0x3C, 0x00, 0xFF, 0xFF, 0x00, 0x00, 0x01, 0x7F, 0x7F, 0xC9, 0xC9, 0x49, 0x49, 0x49, 0x40, 0x00, 0x00, 0x41, 0x61, 0x31, 0x19, 0x1D, 0x1F, 0x37, 0x69, 0x48, 0xFF, 0xFF, 0x00, 0xFF, 0xFF, 0x00, 0x20, 0x30, 0x18, 0x0F, 0x07, 0x0F, 0x38, 0x30, 0x00, 0xFF, 0xFF, 0x00, 0x00, 0x20, 0x30, 0x18, 0x0F, 0x07, 0x0F, 0x38, 0x30, 0x00, 0x00, 0x00, 0x01, 0x7F, 0x7F, 0x49, 0x49, 0x49, 0x49, 0x49, 0x48, 0xFF, 0xFF, 0x00, 0xFF, 0xFF, 0x00, 0x00, 0x00, 0x00, 0x00, 0x00, 0x00, 0x00, 
     83          0x00, 0x01, 0x01, 0x01, 0x01, 0x07, 0x07, 0x01, 0x01, 0x01, 0x01, 0x00, 0x00, 0x00, 0x00, 0x08, 0xF8, 0xF8, 0x00, 0x00, 0x00, 0x04, 0x07, 0x03, 0x00, 0x01, 0x25, 0xED, 0xE9, 0x2F, 0x2F, 0x2D, 0x3D, 0x3D, 0x05, 0x00, 0x00, 0x00, 0x00, 0x04, 0xFC, 0xFC, 0x20, 0x20, 0x20, 0x24, 0xFF, 0xFF, 0x00, 0x01, 0x01, 0xE1, 0xF1, 0x19, 0x09, 0x19, 0xF1, 0xE1, 0x01, 0x00, 0x00, 0x00, 0x00, 0x00, 0x00, 0x00, 0x00, 0x00, 0x00, 0x00, 0x03, 0x03, 0x00, 0x07, 0x07, 0x00, 0x00, 0x00, 0x00, 0x00, 0x00, 0x00, 0x00, 0x00, 0x00, 0x07, 0x07, 0x00, 0x01, 0x01, 0x01, 0x01, 0x01, 0x01, 0x01, 0x01, 0x01, 0x01, 0x01, 0x00, 0x00, 0x00, 0x00, 0x00, 0x00, 0x04, 0xFC, 0xFC, 0x04, 0x07, 0x87, 0xFC, 0x7B, 0x07, 0x04, 0x00, 0x00, 0x00, 0x00, 0x00, 0x00, 0x00, 
     84          0x00, 0x00, 0x00, 0x00, 0x00, 0x00, 0x00, 0x00, 0x00, 0x00, 0x00, 0x00, 0x00, 0x00, 0x00, 0x00, 0x03, 0x03, 0x02, 0x02, 0x02, 0x02, 0x02, 0x02, 0x00, 0x00, 0x00, 0x01, 0x01, 0x01, 0x01, 0x01, 0x01, 0x01, 0x01, 0x00, 0x00, 0x00, 0x00, 0x00, 0x07, 0x07, 0x02, 0x02, 0x02, 0x02, 0x03, 0x03, 0x00, 0x00, 0x00, 0x01, 0x03, 0x03, 0x02, 0x03, 0x03, 0x01, 0x00, 0x00, 0x00, 0x00, 0x00, 0x00, 0x00, 0x00, 0x00, 0x00, 0x00, 0x00, 0x00, 0x00, 0x00, 0x00, 0x00, 0x00, 0x00, 0x00, 0x00, 0x00, 0x00, 0x00, 0x00, 0x00, 0x00, 0x00, 0x00, 0x00, 0x00, 0x00, 0x00, 0x00, 0x00, 0x00, 0x00, 0x00, 0x00, 0x00, 0x00, 0x00, 0x00, 0x00, 0x00, 0x00, 0x00, 0x00, 0x07, 0x07, 0x02, 0x02, 0x03, 0x03, 0x02, 0x00, 0x00, 0x00, 0x00, 0x00, 0x00, 0x00, 0x00, 0x00
     85          };

   \                                 In segment DATA_C, align 4, align-sorted
     86          const unsigned char IMAGE_EpiaLogo13[] = {	// 무선출입통제_한자
   \                     IMAGE_EpiaLogo13:
   \   00000000   000000000000       DC8 0, 0, 0, 0, 0, 0, 0, 0, 0, 0, 0, 0, 0, 0, 0, 0, 0, 0, 0, 0, 0, 0, 0
   \              000000000000
   \              000000000000
   \              0000000000  
   \   00000017   000000000000       DC8 0, 0, 0, 0, 0, 0, 0, 0, 0, 0, 0, 0, 0, 0, 0, 0, 0, 0, 0, 0, 0, 0, 0
   \              000000000000
   \              000000000000
   \              0000000000  
   \   0000002E   000000000000       DC8 0, 0, 0, 0, 0, 0, 0, 0, 0, 0, 0, 0, 0, 0, 0, 0, 0, 0, 0, 0, 0, 0, 0
   \              000000000000
   \              000000000000
   \              0000000000  
   \   00000045   000000000000       DC8 0, 0, 0, 0, 0, 0, 0, 0, 0, 0, 0, 0, 0, 0, 0, 0, 0, 0, 0, 0, 0, 0, 0
   \              000000000000
   \              000000000000
   \              0000000000  
   \   0000005C   000000000000       DC8 0, 0, 0, 0, 0, 0, 0, 0, 0, 0, 0, 0, 0, 0, 0, 0, 0, 0, 0, 0, 0, 0, 0
   \              000000000000
   \              000000000000
   \              0000000000  
   \   00000073   000000000000       DC8 0, 0, 0, 0, 0, 0, 0, 0, 0, 0, 0, 32, 240, 248, 28, 244, 240, 16
   \              000000000020
   \              F0F81CF4F010
   \   00000085   F0F010F0F010       DC8 240, 240, 16, 240, 240, 16, 16, 0, 0, 0, 0, 48, 112, 248, 236, 244
   \              100000000030
   \              70F8ECF4    
   \   00000095   90F0F0505C5C       DC8 144, 240, 240, 80, 92, 92, 80, 80, 240, 240, 0, 0, 0, 0, 0, 240
   \              5050F0F00000
   \              000000F0    
   \   000000A5   F0000000FCFC       DC8 240, 0, 0, 0, 252, 252, 0, 0, 0, 0, 240, 240, 0, 0, 0, 0, 0, 0, 0
   \              00000000F0F0
   \              000000000000
   \              00          
   \   000000B8   0008080808F8       DC8 0, 8, 8, 8, 8, 248, 248, 0, 0, 0, 0, 0, 0, 0, 0, 0, 0, 32, 112, 216
   \              F80000000000
   \              000000000020
   \              70D8        
   \   000000CC   C860301010D0       DC8 200, 96, 48, 16, 16, 208, 252, 60, 80, 208, 144, 16, 0, 0, 0, 0
   \              FC3C50D09010
   \              00000000    
   \   000000DC   C0F83828FCFC       DC8 192, 248, 56, 40, 252, 252, 32, 32, 32, 32, 240, 240, 0, 252, 252
   \              20202020F0F0
   \              00FCFC      
   \   000000EB   000000000000       DC8 0, 0, 0, 0, 0, 0, 0, 0, 0, 0, 0, 0, 1, 209, 255, 127, 17, 255, 255
   \              000000000000
   \              01D1FF7F11FF
   \              FF          
   \   000000FE   11FFFF113FFF       DC8 17, 255, 255, 17, 63, 255, 209, 145, 1, 0, 0, 128, 250, 123, 255
   \              D19101000080
   \              FA7BFF      
   \   0000010D   FE3BB3C7753D       DC8 254, 59, 179, 199, 117, 61, 13, 255, 255, 57, 109, 205, 132, 0, 0
   \              0DFFFF396DCD
   \              840000      
   \   0000011C   0000FBFB8181       DC8 0, 0, 251, 251, 129, 129, 129, 255, 255, 129, 129, 129, 129, 251
   \              81FFFF818181
   \              81FB        
   \   0000012A   FB0000000000       DC8 251, 0, 0, 0, 0, 0, 0, 128, 192, 224, 112, 60, 15, 7, 7, 31, 56
   \              0080C0E0703C
   \              0F07071F38  
   \   0000013B   70C080800000       DC8 112, 192, 128, 128, 0, 0, 0, 130, 250, 123, 255, 254, 127, 127, 131
   \              0082FA7BFFFE
   \              7F7F83      
   \   0000014A   E17F3FFFFF81       DC8 225, 127, 63, 255, 255, 129, 131, 226, 96, 0, 0, 0, 253, 253, 5, 5
   \              83E260000000
   \              FDFD0505    
   \   0000015A   FFFF0585FDFD       DC8 255, 255, 5, 133, 253, 253, 127, 127, 0, 255, 255, 0, 0, 0, 0, 0, 0
   \              7F7F00FFFF00
   \              0000000000  
   \   0000016B   000000000000       DC8 0, 0, 0, 0, 0, 0, 1, 1, 0, 0, 0, 1, 1, 0, 1, 1, 1, 0, 0, 0, 0, 0, 0
   \              010100000001
   \              010001010100
   \              0000000000  
   \   00000182   000000000101       DC8 0, 0, 0, 0, 1, 1, 0, 0, 0, 0, 1, 1, 1, 1, 0, 0, 0, 0, 0, 0, 0, 0, 1
   \              000000000101
   \              010100000000
   \              0000000001  
   \   00000199   010000000000       DC8 1, 0, 0, 0, 0, 0, 0, 0, 0, 0, 1, 1, 0, 0, 0, 0, 0, 1, 1, 0, 0, 0, 0
   \              000000000101
   \              000000000001
   \              0100000000  
   \   000001B0   000000000000       DC8 0, 0, 0, 0, 0, 0, 0, 1, 1, 1, 0, 0, 0, 0, 0, 1, 1, 0, 1, 1, 0, 0, 0
   \              000101010000
   \              000000010100
   \              0101000000  
   \   000001C7   000000000000       DC8 0, 0, 0, 0, 0, 0, 0, 0, 0, 0, 0, 0, 0, 1, 1, 0, 0, 0, 0, 0, 0, 1, 1
   \              000000000000
   \              000101000000
   \              0000000101  
   \   000001DE   010000000000       DC8 1, 0, 0, 0, 0, 0, 0, 0, 0, 0
   \              00000000    
     87          0x00, 0x00, 0x00, 0x00, 0x00, 0x00, 0x00, 0x00, 0x00, 0x00, 0x00, 0x00, 0x00, 0x00, 0x00, 0x00, 0x00, 0x00, 0x00, 0x00, 0x00, 0x00, 0x00, 0x00, 0x00, 0x00, 0x00, 0x00, 0x00, 0x00, 0x00, 0x00, 0x00, 0x00, 0x00, 0x00, 0x00, 0x00, 0x00, 0x00, 0x00, 0x00, 0x00, 0x00, 0x00, 0x00, 0x00, 0x00, 0x00, 0x00, 0x00, 0x00, 0x00, 0x00, 0x00, 0x00, 0x00, 0x00, 0x00, 0x00, 0x00, 0x00, 0x00, 0x00, 0x00, 0x00, 0x00, 0x00, 0x00, 0x00, 0x00, 0x00, 0x00, 0x00, 0x00, 0x00, 0x00, 0x00, 0x00, 0x00, 0x00, 0x00, 0x00, 0x00, 0x00, 0x00, 0x00, 0x00, 0x00, 0x00, 0x00, 0x00, 0x00, 0x00, 0x00, 0x00, 0x00, 0x00, 0x00, 0x00, 0x00, 0x00, 0x00, 0x00, 0x00, 0x00, 0x00, 0x00, 0x00, 0x00, 0x00, 0x00, 0x00, 0x00, 0x00, 0x00, 0x00, 0x00, 0x00, 0x00, 0x00, 0x00, 
     88          0x00, 0x00, 0x00, 0x00, 0x20, 0xF0, 0xF8, 0x1C, 0xF4, 0xF0, 0x10, 0xF0, 0xF0, 0x10, 0xF0, 0xF0, 0x10, 0x10, 0x00, 0x00, 0x00, 0x00, 0x30, 0x70, 0xF8, 0xEC, 0xF4, 0x90, 0xF0, 0xF0, 0x50, 0x5C, 0x5C, 0x50, 0x50, 0xF0, 0xF0, 0x00, 0x00, 0x00, 0x00, 0x00, 0xF0, 0xF0, 0x00, 0x00, 0x00, 0xFC, 0xFC, 0x00, 0x00, 0x00, 0x00, 0xF0, 0xF0, 0x00, 0x00, 0x00, 0x00, 0x00, 0x00, 0x00, 0x00, 0x08, 0x08, 0x08, 0x08, 0xF8, 0xF8, 0x00, 0x00, 0x00, 0x00, 0x00, 0x00, 0x00, 0x00, 0x00, 0x00, 0x20, 0x70, 0xD8, 0xC8, 0x60, 0x30, 0x10, 0x10, 0xD0, 0xFC, 0x3C, 0x50, 0xD0, 0x90, 0x10, 0x00, 0x00, 0x00, 0x00, 0xC0, 0xF8, 0x38, 0x28, 0xFC, 0xFC, 0x20, 0x20, 0x20, 0x20, 0xF0, 0xF0, 0x00, 0xFC, 0xFC, 0x00, 0x00, 0x00, 0x00, 0x00, 0x00, 0x00, 0x00, 0x00, 
     89          0x00, 0x00, 0x00, 0x01, 0xD1, 0xFF, 0x7F, 0x11, 0xFF, 0xFF, 0x11, 0xFF, 0xFF, 0x11, 0x3F, 0xFF, 0xD1, 0x91, 0x01, 0x00, 0x00, 0x80, 0xFA, 0x7B, 0xFF, 0xFE, 0x3B, 0xB3, 0xC7, 0x75, 0x3D, 0x0D, 0xFF, 0xFF, 0x39, 0x6D, 0xCD, 0x84, 0x00, 0x00, 0x00, 0x00, 0xFB, 0xFB, 0x81, 0x81, 0x81, 0xFF, 0xFF, 0x81, 0x81, 0x81, 0x81, 0xFB, 0xFB, 0x00, 0x00, 0x00, 0x00, 0x00, 0x00, 0x80, 0xC0, 0xE0, 0x70, 0x3C, 0x0F, 0x07, 0x07, 0x1F, 0x38, 0x70, 0xC0, 0x80, 0x80, 0x00, 0x00, 0x00, 0x82, 0xFA, 0x7B, 0xFF, 0xFE, 0x7F, 0x7F, 0x83, 0xE1, 0x7F, 0x3F, 0xFF, 0xFF, 0x81, 0x83, 0xE2, 0x60, 0x00, 0x00, 0x00, 0xFD, 0xFD, 0x05, 0x05, 0xFF, 0xFF, 0x05, 0x85, 0xFD, 0xFD, 0x7F, 0x7F, 0x00, 0xFF, 0xFF, 0x00, 0x00, 0x00, 0x00, 0x00, 0x00, 0x00, 0x00, 0x00, 
     90          0x00, 0x00, 0x00, 0x01, 0x01, 0x00, 0x00, 0x00, 0x01, 0x01, 0x00, 0x01, 0x01, 0x01, 0x00, 0x00, 0x00, 0x00, 0x00, 0x00, 0x00, 0x00, 0x00, 0x00, 0x01, 0x01, 0x00, 0x00, 0x00, 0x00, 0x01, 0x01, 0x01, 0x01, 0x00, 0x00, 0x00, 0x00, 0x00, 0x00, 0x00, 0x00, 0x01, 0x01, 0x00, 0x00, 0x00, 0x00, 0x00, 0x00, 0x00, 0x00, 0x00, 0x01, 0x01, 0x00, 0x00, 0x00, 0x00, 0x00, 0x01, 0x01, 0x00, 0x00, 0x00, 0x00, 0x00, 0x00, 0x00, 0x00, 0x00, 0x00, 0x00, 0x01, 0x01, 0x01, 0x00, 0x00, 0x00, 0x00, 0x00, 0x01, 0x01, 0x00, 0x01, 0x01, 0x00, 0x00, 0x00, 0x00, 0x00, 0x00, 0x00, 0x00, 0x00, 0x00, 0x00, 0x00, 0x00, 0x00, 0x00, 0x00, 0x01, 0x01, 0x00, 0x00, 0x00, 0x00, 0x00, 0x00, 0x01, 0x01, 0x01, 0x00, 0x00, 0x00, 0x00, 0x00, 0x00, 0x00, 0x00, 0x00
     91          };

   \                                 In segment DATA_C, align 4, align-sorted
     92          const unsigned char IMAGE_EpiaLogo14[] = {	// 周宗會
   \                     IMAGE_EpiaLogo14:
   \   00000000   000000000000       DC8 0, 0, 0, 0, 0, 0, 0, 192, 48, 48, 136, 136, 72, 72, 72, 72, 72, 136
   \              00C030308888
   \              484848484888
   \   00000012   3030C0C00000       DC8 48, 48, 192, 192, 0, 0, 0, 0, 0, 0, 0, 0, 0, 128, 128, 128, 128
   \              000000000000
   \              0080808080  
   \   00000023   808080808080       DC8 128, 128, 128, 128, 128, 128, 128, 128, 128, 192, 192, 128, 0, 0, 0
   \              808080C0C080
   \              000000      
   \   00000032   000080800000       DC8 0, 0, 128, 128, 0, 0, 0, 0, 0, 224, 224, 0, 0, 0, 0, 0, 0, 128, 128
   \              000000E0E000
   \              000000000080
   \              80          
   \   00000045   000000000000       DC8 0, 0, 0, 0, 0, 0, 0, 0, 0, 0, 128, 192, 224, 224, 128, 128, 0, 0, 0
   \              0000000080C0
   \              E0E080800000
   \              00          
   \   00000058   000000000000       DC8 0, 0, 0, 0, 0, 0, 0, 0, 0, 224, 24, 24, 196, 196, 36, 36, 36, 36
   \              000000E01818
   \              C4C424242424
   \   0000006A   24C41818E0E0       DC8 36, 196, 24, 24, 224, 224, 0, 0, 0, 0, 0, 0, 0, 0, 0, 0, 0, 0, 0
   \              000000000000
   \              000000000000
   \              00          
   \   0000007D   E0E000001F10       DC8 224, 224, 0, 0, 31, 16, 16, 31, 31, 16, 16, 16, 16, 16, 31, 16, 16
   \              101F1F101010
   \              10101F1010  
   \   0000008E   1F1F90E0E000       DC8 31, 31, 144, 224, 224, 0, 0, 0, 0, 0, 0, 255, 255, 20, 148, 148
   \              0000000000FF
   \              FF149494    
   \   0000009E   949F9F94D6DE       DC8 148, 159, 159, 148, 214, 222, 156, 16, 255, 255, 0, 0, 0, 0, 0, 140
   \              9C10FFFF0000
   \              0000008C    
   \   000000AE   8F8389898989       DC8 143, 131, 137, 137, 137, 137, 137, 137, 137, 137, 137, 141, 141
   \              89898989898D
   \              8D          
   \   000000BB   89CDC7C30100       DC8 137, 205, 199, 195, 1, 0, 0, 16, 16, 24, 248, 252, 54, 243, 213, 20
   \              00101018F8FC
   \              36F3D514    
   \   000000CB   F4F496F77732       DC8 244, 244, 150, 247, 119, 50, 254, 252, 28, 8, 0, 0, 240, 240, 0, 0
   \              FEFC1C080000
   \              F0F00000    
   \   000000DB   0F08080F0F08       DC8 15, 8, 8, 15, 15, 8, 8, 8, 8, 8, 15, 8, 8, 15, 15, 200, 240, 240, 0
   \              080808080F08
   \              080F0FC8F0F0
   \              00          
   \   000000EE   000000000000       DC8 0, 0, 0, 0, 0, 0, 0, 0, 0, 255, 255, 0, 0, 0, 0, 0, 0, 0, 0, 28, 28
   \              000000FFFF00
   \              000000000000
   \              001C1C      
   \   00000103   000000000000       DC8 0, 0, 0, 0, 0, 0, 0, 255, 255, 255, 0, 0, 0, 128, 224, 124, 31, 3
   \              00FFFFFF0000
   \              0080E07C1F03
   \   00000115   000F0F040404       DC8 0, 15, 15, 4, 4, 4, 4, 79, 79, 64, 192, 255, 127, 0, 0, 0, 0, 64
   \              044F4F40C0FF
   \              7F0000000040
   \   00000127   406030180F07       DC8 64, 96, 48, 24, 15, 7, 130, 130, 255, 255, 0, 2, 6, 4, 12, 56, 48
   \              8282FFFF0002
   \              06040C3830  
   \   00000138   200000000000       DC8 32, 0, 0, 0, 0, 0, 0, 3, 255, 255, 75, 75, 75, 75, 75, 75, 75, 75
   \              0003FFFF4B4B
   \              4B4B4B4B4B4B
   \   0000014A   FFFF03000000       DC8 255, 255, 3, 0, 0, 0, 0, 127, 127, 128, 128, 0, 0, 0, 0, 0, 0, 14
   \              007F7F808000
   \              00000000000E
   \   0000015C   0E0000000000       DC8 14, 0, 0, 0, 0, 0, 0, 0, 255, 127, 127, 0, 0, 0, 0, 0, 0, 0, 0, 0
   \              0000FF7F7F00
   \              000000000000
   \              0000        
   \   00000170   000000070706       DC8 0, 0, 0, 7, 7, 6, 6, 6, 6, 6, 6, 6, 6, 6, 6, 6, 6, 6, 6, 6, 7, 0, 0
   \              060606060606
   \              060606060606
   \              0606070000  
   \   00000187   000000000000       DC8 0, 0, 0, 0, 0, 0, 0, 0, 0, 0, 0, 0, 0, 0, 0, 0, 0, 0, 0, 0, 0, 0, 0
   \              000000000000
   \              000000000000
   \              0000000000  
   \   0000019E   000000000000       DC8 0, 0, 0, 0, 0, 0, 0, 0, 0, 0, 0, 0, 0, 0, 0, 0, 0, 0, 0, 0, 0, 0, 0
   \              000000000000
   \              000000000000
   \              0000000000  
   \   000001B5   000000000000       DC8 0, 0, 0, 0, 0, 0, 0, 0, 0, 0, 0, 0, 0, 0, 0, 0, 0, 0, 0, 0, 0, 0, 0
   \              000000000000
   \              000000000000
   \              0000000000  
   \   000001CC   000303030303       DC8 0, 3, 3, 3, 3, 3, 3, 3, 3, 3, 3, 3, 3, 3, 3, 3, 3, 3, 3, 0, 0, 0, 0
   \              030303030303
   \              030303030303
   \              0300000000  
   \   000001E3   0000000000         DC8 0, 0, 0, 0, 0
     93          0x00, 0x00, 0x00, 0x00, 0x00, 0x00, 0x00, 0xC0, 0x30, 0x30, 0x88, 0x88, 0x48, 0x48, 0x48, 0x48, 0x48, 0x88, 0x30, 0x30, 0xC0, 0xC0, 0x00, 0x00, 0x00, 0x00, 0x00, 0x00, 0x00, 0x00, 0x00, 0x80, 0x80, 0x80, 0x80, 0x80, 0x80, 0x80, 0x80, 0x80, 0x80, 0x80, 0x80, 0x80, 0xC0, 0xC0, 0x80, 0x00, 0x00, 0x00, 0x00, 0x00, 0x80, 0x80, 0x00, 0x00, 0x00, 0x00, 0x00, 0xE0, 0xE0, 0x00, 0x00, 0x00, 0x00, 0x00, 0x00, 0x80, 0x80, 0x00, 0x00, 0x00, 0x00, 0x00, 0x00, 0x00, 0x00, 0x00, 0x00, 0x80, 0xC0, 0xE0, 0xE0, 0x80, 0x80, 0x00, 0x00, 0x00, 0x00, 0x00, 0x00, 0x00, 0x00, 0x00, 0x00, 0x00, 0x00, 0xE0, 0x18, 0x18, 0xC4, 0xC4, 0x24, 0x24, 0x24, 0x24, 0x24, 0xC4, 0x18, 0x18, 0xE0, 0xE0, 0x00, 0x00, 0x00, 0x00, 0x00, 0x00, 0x00, 0x00, 0x00, 0x00, 
     94          0x00, 0x00, 0x00, 0xE0, 0xE0, 0x00, 0x00, 0x1F, 0x10, 0x10, 0x1F, 0x1F, 0x10, 0x10, 0x10, 0x10, 0x10, 0x1F, 0x10, 0x10, 0x1F, 0x1F, 0x90, 0xE0, 0xE0, 0x00, 0x00, 0x00, 0x00, 0x00, 0x00, 0xFF, 0xFF, 0x14, 0x94, 0x94, 0x94, 0x9F, 0x9F, 0x94, 0xD6, 0xDE, 0x9C, 0x10, 0xFF, 0xFF, 0x00, 0x00, 0x00, 0x00, 0x00, 0x8C, 0x8F, 0x83, 0x89, 0x89, 0x89, 0x89, 0x89, 0x89, 0x89, 0x89, 0x89, 0x8D, 0x8D, 0x89, 0xCD, 0xC7, 0xC3, 0x01, 0x00, 0x00, 0x10, 0x10, 0x18, 0xF8, 0xFC, 0x36, 0xF3, 0xD5, 0x14, 0xF4, 0xF4, 0x96, 0xF7, 0x77, 0x32, 0xFE, 0xFC, 0x1C, 0x08, 0x00, 0x00, 0xF0, 0xF0, 0x00, 0x00, 0x0F, 0x08, 0x08, 0x0F, 0x0F, 0x08, 0x08, 0x08, 0x08, 0x08, 0x0F, 0x08, 0x08, 0x0F, 0x0F, 0xC8, 0xF0, 0xF0, 0x00, 0x00, 0x00, 0x00, 0x00, 0x00, 0x00, 
     95          0x00, 0x00, 0x00, 0xFF, 0xFF, 0x00, 0x00, 0x00, 0x00, 0x00, 0x00, 0x00, 0x00, 0x1C, 0x1C, 0x00, 0x00, 0x00, 0x00, 0x00, 0x00, 0x00, 0xFF, 0xFF, 0xFF, 0x00, 0x00, 0x00, 0x80, 0xE0, 0x7C, 0x1F, 0x03, 0x00, 0x0F, 0x0F, 0x04, 0x04, 0x04, 0x04, 0x4F, 0x4F, 0x40, 0xC0, 0xFF, 0x7F, 0x00, 0x00, 0x00, 0x00, 0x40, 0x40, 0x60, 0x30, 0x18, 0x0F, 0x07, 0x82, 0x82, 0xFF, 0xFF, 0x00, 0x02, 0x06, 0x04, 0x0C, 0x38, 0x30, 0x20, 0x00, 0x00, 0x00, 0x00, 0x00, 0x00, 0x03, 0xFF, 0xFF, 0x4B, 0x4B, 0x4B, 0x4B, 0x4B, 0x4B, 0x4B, 0x4B, 0xFF, 0xFF, 0x03, 0x00, 0x00, 0x00, 0x00, 0x7F, 0x7F, 0x80, 0x80, 0x00, 0x00, 0x00, 0x00, 0x00, 0x00, 0x0E, 0x0E, 0x00, 0x00, 0x00, 0x00, 0x00, 0x00, 0x00, 0xFF, 0x7F, 0x7F, 0x00, 0x00, 0x00, 0x00, 0x00, 0x00, 0x00, 
     96          0x00, 0x00, 0x00, 0x00, 0x00, 0x07, 0x07, 0x06, 0x06, 0x06, 0x06, 0x06, 0x06, 0x06, 0x06, 0x06, 0x06, 0x06, 0x06, 0x06, 0x06, 0x06, 0x07, 0x00, 0x00, 0x00, 0x00, 0x00, 0x00, 0x00, 0x00, 0x00, 0x00, 0x00, 0x00, 0x00, 0x00, 0x00, 0x00, 0x00, 0x00, 0x00, 0x00, 0x00, 0x00, 0x00, 0x00, 0x00, 0x00, 0x00, 0x00, 0x00, 0x00, 0x00, 0x00, 0x00, 0x00, 0x00, 0x00, 0x00, 0x00, 0x00, 0x00, 0x00, 0x00, 0x00, 0x00, 0x00, 0x00, 0x00, 0x00, 0x00, 0x00, 0x00, 0x00, 0x00, 0x00, 0x00, 0x00, 0x00, 0x00, 0x00, 0x00, 0x00, 0x00, 0x00, 0x00, 0x00, 0x00, 0x00, 0x00, 0x00, 0x00, 0x00, 0x00, 0x03, 0x03, 0x03, 0x03, 0x03, 0x03, 0x03, 0x03, 0x03, 0x03, 0x03, 0x03, 0x03, 0x03, 0x03, 0x03, 0x03, 0x03, 0x00, 0x00, 0x00, 0x00, 0x00, 0x00, 0x00, 0x00, 0x00 
     97          };

   \                                 In segment DATA_C, align 4, align-sorted
     98          const unsigned char IMAGE_EpiaLogo15[] = {	// 중앙박물관
   \                     IMAGE_EpiaLogo15:
   \   00000000   000000000000       DC8 0, 0, 0, 0, 0, 0, 0, 0, 0, 0, 128, 0, 0, 0, 0, 0, 0, 0, 0, 0, 0, 0
   \              000000008000
   \              000000000000
   \              00000000    
   \   00000016   000000000000       DC8 0, 0, 0, 0, 0, 0, 0, 0, 0, 0, 128, 0, 0, 0, 0, 0, 0, 0, 0, 0, 0, 0
   \              000000008000
   \              000000000000
   \              00000000    
   \   0000002C   000000008000       DC8 0, 0, 0, 0, 128, 0, 0, 0, 0, 0, 0, 0, 0, 128, 0, 0, 128, 128, 0, 0
   \              000000000000
   \              008000008080
   \              0000        
   \   00000040   000000000000       DC8 0, 0, 0, 0, 0, 0, 0, 0, 128, 0, 0, 0, 0, 0, 0, 128, 0, 0, 0, 0, 0
   \              000080000000
   \              000000800000
   \              000000      
   \   00000055   000000000000       DC8 0, 0, 0, 0, 0, 0, 0, 0, 0, 128, 0, 0, 0, 0, 0, 0, 0, 128, 0, 0, 0
   \              000000800000
   \              000000000080
   \              000000      
   \   0000006A   000000000000       DC8 0, 0, 0, 0, 0, 0, 0, 0, 0, 0, 0, 0, 0, 0, 0, 0, 0, 0, 0, 248, 8, 8
   \              000000000000
   \              000000000000
   \              00F80808    
   \   00000080   08080808FF08       DC8 8, 8, 8, 8, 255, 8, 8, 8, 8, 8, 8, 8, 248, 0, 0, 0, 0, 0, 0, 0, 0
   \              080808080808
   \              F80000000000
   \              000000      
   \   00000095   F808080808FF       DC8 248, 8, 8, 8, 8, 255, 8, 8, 8, 8, 8, 248, 0, 0, 0, 0, 0, 0, 8, 8, 8
   \              0808080808F8
   \              000000000000
   \              080808      
   \   000000AA   FF08080002FA       DC8 255, 8, 8, 0, 2, 250, 42, 42, 42, 255, 42, 42, 42, 43, 250, 2, 0, 0
   \              2A2A2AFF2A2A
   \              2A2BFA020000
   \   000000BC   0000601F0B08       DC8 0, 0, 96, 31, 11, 8, 255, 8, 136, 128, 96, 56, 14, 197, 124, 4, 244
   \              FF0888806038
   \              0EC57C04F4  
   \   000000CD   3C04FC000000       DC8 60, 4, 252, 0, 0, 0, 0, 8, 236, 46, 41, 41, 43, 226, 0, 30, 2, 242
   \              0008EC2E2929
   \              2BE2001E02F2
   \   000000DF   12131212F202       DC8 18, 19, 18, 18, 242, 2, 30, 0, 0, 0, 0, 0, 0, 0, 0, 0, 0, 0, 0, 0
   \              1E0000000000
   \              000000000000
   \              0000        
   \   000000F3   000000000702       DC8 0, 0, 0, 0, 7, 2, 2, 2, 2, 2, 2, 255, 2, 2, 2, 2, 2, 2, 2, 7, 0, 0
   \              0202020202FF
   \              020202020202
   \              02070000    
   \   00000109   000000818181       DC8 0, 0, 0, 129, 129, 129, 193, 97, 33, 25, 13, 7, 7, 13, 17, 33, 97
   \              C16121190D07
   \              070D112161  
   \   0000011A   C1C181810000       DC8 193, 193, 129, 129, 0, 0, 0, 0, 0, 0, 255, 0, 0, 16, 16, 23, 49
   \              00000000FF00
   \              0010101731  
   \   0000012B   7151131111FD       DC8 113, 81, 19, 17, 17, 253, 17, 19, 16, 0, 0, 0, 0, 6, 2, 2, 3, 255
   \              111310000000
   \              0006020203FF
   \   0000013D   010010188CC7       DC8 1, 0, 16, 24, 140, 199, 97, 48, 30, 3, 128, 248, 31, 0, 0, 0, 0, 0
   \              61301E0380F8
   \              1F0000000000
   \   0000014F   FF5555555557       DC8 255, 85, 85, 85, 85, 87, 0, 0, 0, 255, 137, 137, 137, 137, 137, 248
   \              000000FF8989
   \              898989F8    
   \   0000015F   000000000000       DC8 0, 0, 0, 0, 0, 0, 0, 0, 0, 0, 0, 0, 0, 0, 0, 0, 0, 0, 0, 0, 0, 0, 0
   \              000000000000
   \              000000000000
   \              0000000000  
   \   00000176   000001000000       DC8 0, 0, 1, 0, 0, 0, 0, 0, 0, 0, 0, 0, 0, 0, 0, 0, 1, 0, 0, 0, 0, 0, 0
   \              000000000000
   \              000000000100
   \              0000000000  
   \   0000018D   000000000000       DC8 0, 0, 0, 0, 0, 0, 0, 0, 0, 0, 0, 0, 0, 0, 0, 0, 0, 1, 0, 0, 0, 0, 0
   \              000000000000
   \              000000000001
   \              0000000000  
   \   000001A4   000000000303       DC8 0, 0, 0, 0, 3, 3, 1, 0, 0, 0, 0, 0, 0, 0, 0, 0, 0, 0, 3, 0, 0, 0, 0
   \              010000000000
   \              000000000000
   \              0300000000  
   \   000001BB   000000000001       DC8 0, 0, 0, 0, 0, 1, 1, 0, 0, 0, 0, 0, 0, 0, 1, 0, 0, 0, 0, 0, 0, 0, 0
   \              010000000000
   \              000001000000
   \              0000000000  
   \   000001D2   010000000000       DC8 1, 0, 0, 0, 0, 0, 1, 0, 0, 0, 0, 0, 0, 0, 0, 0, 0, 0, 0, 0, 0, 0
   \              010000000000
   \              000000000000
   \              00000000    
     99          0x00, 0x00, 0x00, 0x00, 0x00, 0x00, 0x00, 0x00, 0x00, 0x00, 0x80, 0x00, 0x00, 0x00, 0x00, 0x00, 0x00, 0x00, 0x00, 0x00, 0x00, 0x00, 0x00, 0x00, 0x00, 0x00, 0x00, 0x00, 0x00, 0x00, 0x00, 0x00, 0x80, 0x00, 0x00, 0x00, 0x00, 0x00, 0x00, 0x00, 0x00, 0x00, 0x00, 0x00, 0x00, 0x00, 0x00, 0x00, 0x80, 0x00, 0x00, 0x00, 0x00, 0x00, 0x00, 0x00, 0x00, 0x80, 0x00, 0x00, 0x80, 0x80, 0x00, 0x00, 0x00, 0x00, 0x00, 0x00, 0x00, 0x00, 0x00, 0x00, 0x80, 0x00, 0x00, 0x00, 0x00, 0x00, 0x00, 0x80, 0x00, 0x00, 0x00, 0x00, 0x00, 0x00, 0x00, 0x00, 0x00, 0x00, 0x00, 0x00, 0x00, 0x00, 0x80, 0x00, 0x00, 0x00, 0x00, 0x00, 0x00, 0x00, 0x80, 0x00, 0x00, 0x00, 0x00, 0x00, 0x00, 0x00, 0x00, 0x00, 0x00, 0x00, 0x00, 0x00, 0x00, 0x00, 0x00, 0x00, 0x00, 0x00, 
    100          0x00, 0x00, 0x00, 0xF8, 0x08, 0x08, 0x08, 0x08, 0x08, 0x08, 0xFF, 0x08, 0x08, 0x08, 0x08, 0x08, 0x08, 0x08, 0xF8, 0x00, 0x00, 0x00, 0x00, 0x00, 0x00, 0x00, 0x00, 0xF8, 0x08, 0x08, 0x08, 0x08, 0xFF, 0x08, 0x08, 0x08, 0x08, 0x08, 0xF8, 0x00, 0x00, 0x00, 0x00, 0x00, 0x00, 0x08, 0x08, 0x08, 0xFF, 0x08, 0x08, 0x00, 0x02, 0xFA, 0x2A, 0x2A, 0x2A, 0xFF, 0x2A, 0x2A, 0x2A, 0x2B, 0xFA, 0x02, 0x00, 0x00, 0x00, 0x00, 0x60, 0x1F, 0x0B, 0x08, 0xFF, 0x08, 0x88, 0x80, 0x60, 0x38, 0x0E, 0xC5, 0x7C, 0x04, 0xF4, 0x3C, 0x04, 0xFC, 0x00, 0x00, 0x00, 0x00, 0x08, 0xEC, 0x2E, 0x29, 0x29, 0x2B, 0xE2, 0x00, 0x1E, 0x02, 0xF2, 0x12, 0x13, 0x12, 0x12, 0xF2, 0x02, 0x1E, 0x00, 0x00, 0x00, 0x00, 0x00, 0x00, 0x00, 0x00, 0x00, 0x00, 0x00, 0x00, 0x00, 0x00, 
    101          0x00, 0x00, 0x00, 0x07, 0x02, 0x02, 0x02, 0x02, 0x02, 0x02, 0xFF, 0x02, 0x02, 0x02, 0x02, 0x02, 0x02, 0x02, 0x07, 0x00, 0x00, 0x00, 0x00, 0x00, 0x81, 0x81, 0x81, 0xC1, 0x61, 0x21, 0x19, 0x0D, 0x07, 0x07, 0x0D, 0x11, 0x21, 0x61, 0xC1, 0xC1, 0x81, 0x81, 0x00, 0x00, 0x00, 0x00, 0x00, 0x00, 0xFF, 0x00, 0x00, 0x10, 0x10, 0x17, 0x31, 0x71, 0x51, 0x13, 0x11, 0x11, 0xFD, 0x11, 0x13, 0x10, 0x00, 0x00, 0x00, 0x00, 0x06, 0x02, 0x02, 0x03, 0xFF, 0x01, 0x00, 0x10, 0x18, 0x8C, 0xC7, 0x61, 0x30, 0x1E, 0x03, 0x80, 0xF8, 0x1F, 0x00, 0x00, 0x00, 0x00, 0x00, 0xFF, 0x55, 0x55, 0x55, 0x55, 0x57, 0x00, 0x00, 0x00, 0xFF, 0x89, 0x89, 0x89, 0x89, 0x89, 0xF8, 0x00, 0x00, 0x00, 0x00, 0x00, 0x00, 0x00, 0x00, 0x00, 0x00, 0x00, 0x00, 0x00, 0x00, 0x00, 
    102          0x00, 0x00, 0x00, 0x00, 0x00, 0x00, 0x00, 0x00, 0x00, 0x00, 0x01, 0x00, 0x00, 0x00, 0x00, 0x00, 0x00, 0x00, 0x00, 0x00, 0x00, 0x00, 0x00, 0x00, 0x01, 0x00, 0x00, 0x00, 0x00, 0x00, 0x00, 0x00, 0x00, 0x00, 0x00, 0x00, 0x00, 0x00, 0x00, 0x00, 0x00, 0x00, 0x00, 0x00, 0x00, 0x00, 0x00, 0x00, 0x01, 0x00, 0x00, 0x00, 0x00, 0x00, 0x00, 0x00, 0x00, 0x00, 0x03, 0x03, 0x01, 0x00, 0x00, 0x00, 0x00, 0x00, 0x00, 0x00, 0x00, 0x00, 0x00, 0x00, 0x03, 0x00, 0x00, 0x00, 0x00, 0x00, 0x00, 0x00, 0x00, 0x00, 0x01, 0x01, 0x00, 0x00, 0x00, 0x00, 0x00, 0x00, 0x00, 0x01, 0x00, 0x00, 0x00, 0x00, 0x00, 0x00, 0x00, 0x00, 0x01, 0x00, 0x00, 0x00, 0x00, 0x00, 0x01, 0x00, 0x00, 0x00, 0x00, 0x00, 0x00, 0x00, 0x00, 0x00, 0x00, 0x00, 0x00, 0x00, 0x00, 0x00
    103          };

   \                                 In segment DATA_C, align 4, align-sorted
    104          const unsigned char IMAGE_EpiaLogo16[] = {	// 방문환영
   \                     IMAGE_EpiaLogo16:
   \   00000000   000000202020       DC8 0, 0, 0, 32, 32, 32, 32, 32, 32, 48, 32, 0, 0, 0, 0, 0, 0, 0, 0
   \              202020302000
   \              000000000000
   \              00          
   \   00000013   F01000000000       DC8 240, 16, 0, 0, 0, 0, 0, 0, 0, 0, 0, 0, 0, 240, 32, 32, 32, 32, 32
   \              000000000000
   \              00F020202020
   \              20          
   \   00000026   2020F0200000       DC8 32, 32, 240, 32, 0, 0, 0, 0, 240, 32, 32, 32, 32, 32, 32, 32, 240
   \              0000F0202020
   \              20202020F0  
   \   00000037   200000000040       DC8 32, 0, 0, 0, 0, 64, 64, 64, 64, 240, 64, 64, 64, 64, 240, 80, 64
   \              404040F04040
   \              4040F05040  
   \   00000048   4060400000E0       DC8 64, 96, 64, 0, 0, 224, 32, 0, 0, 0, 0, 0, 0, 0, 0, 0, 0, 0, 0, 32
   \              200000000000
   \              000000000000
   \              0020        
   \   0000005C   40C000000000       DC8 64, 192, 0, 0, 0, 0, 0, 192, 64, 64, 32, 32, 16, 128, 128, 128, 128
   \              00C040402020
   \              1080808080  
   \   0000006D   8080C0800000       DC8 128, 128, 192, 128, 0, 0, 0, 0, 0, 0, 0, 0, 0, 0, 0, 0, 34, 34, 34
   \              000000000000
   \              000000002222
   \              22          
   \   00000080   222232B2A302       DC8 34, 34, 50, 178, 163, 2, 0, 2, 2, 2, 2, 2, 254, 135, 130, 130, 130
   \              000202020202
   \              FE87828282  
   \   00000091   82C383020000       DC8 130, 195, 131, 2, 0, 0, 0, 0, 0, 255, 18, 18, 18, 18, 18, 18, 18
   \              000000FF1212
   \              1212121212  
   \   000000A2   3F0000000000       DC8 63, 0, 0, 0, 0, 0, 63, 18, 18, 18, 18, 18, 18, 18, 255, 0, 0, 0, 0
   \              3F1212121212
   \              1212FF000000
   \              00          
   \   000000B5   00007CA4E4A5       DC8 0, 0, 124, 164, 228, 165, 126, 4, 128, 124, 37, 36, 36, 126, 4, 128
   \              7E04807C2524
   \              247E0480    
   \   000000C5   601EEBE82888       DC8 96, 30, 235, 232, 40, 136, 104, 60, 8, 0, 0, 0, 0, 0, 0, 4, 8, 24
   \              683C08000000
   \              000000040818
   \   000000D7   000000000000       DC8 0, 0, 0, 0, 0, 0, 255, 0, 0, 0, 0, 0, 255, 0, 0, 0, 0, 0, 255, 0, 0
   \              FF0000000000
   \              FF0000000000
   \              FF0000      
   \   000000EC   000000000000       DC8 0, 0, 0, 0, 0, 0, 0, 0, 0, 0, 0, 248, 17, 17, 17, 17, 17, 249, 17
   \              0000000000F8
   \              1111111111F9
   \              11          
   \   000000FF   000000008060       DC8 0, 0, 0, 0, 128, 96, 30, 3, 0, 0, 0, 0, 224, 63, 1, 0, 0, 0, 0, 0
   \              1E0300000000
   \              E03F01000000
   \              0000        
   \   00000113   00FF00000000       DC8 0, 255, 0, 0, 0, 0, 0, 0, 0, 0, 0, 0, 0, 0, 0, 0, 0, 0, 0, 0, 0, 0
   \              000000000000
   \              000000000000
   \              00000000    
   \   00000129   00FF00000000       DC8 0, 255, 0, 0, 0, 0, 32, 16, 12, 255, 146, 146, 146, 146, 255, 146
   \              20100CFF9292
   \              9292FF92    
   \   00000139   9292DB930001       DC8 146, 146, 219, 147, 0, 1, 0, 192, 63, 7, 56, 192, 0, 0, 0, 0, 0, 0
   \              00C03F0738C0
   \              000000000000
   \   0000014B   000002020202       DC8 0, 0, 2, 2, 2, 2, 255, 2, 0, 0, 32, 48, 31, 24, 8, 8, 4, 4, 255, 0
   \              FF0200002030
   \              1F1808080404
   \              FF00        
   \   0000015F   00808080FF00       DC8 0, 128, 128, 128, 255, 0, 0, 0, 0, 0, 0, 0, 0, 0, 0, 0, 0, 0, 15, 2
   \              000000000000
   \              000000000000
   \              0F02        
   \   00000173   020202222F10       DC8 2, 2, 2, 34, 47, 16, 8, 8, 4, 2, 1, 0, 8, 8, 24, 24, 12, 6, 1, 0, 0
   \              080804020100
   \              080818180C06
   \              010000      
   \   00000188   000000000000       DC8 0, 0, 0, 0, 0, 0, 31, 0, 0, 0, 0, 0, 0, 0, 0, 0, 0, 0, 0, 0, 0, 0
   \              1F0000000000
   \              000000000000
   \              00000000    
   \   0000019E   000008081818       DC8 0, 0, 8, 8, 24, 24, 15, 0, 0, 0, 0, 0, 0, 0, 31, 4, 4, 4, 4, 7, 4
   \              0F0000000000
   \              00001F040404
   \              040704      
   \   000001B3   040406140804       DC8 4, 4, 6, 20, 8, 4, 2, 1, 0, 0, 0, 1, 3, 14, 28, 8, 0, 0, 0, 0, 0, 4
   \              020100000001
   \              030E1C080000
   \              00000004    
   \   000001C9   020201020404       DC8 2, 2, 1, 2, 4, 4, 4, 8, 8, 8, 8, 8, 8, 8, 11, 8, 8, 8, 8, 8, 12, 12
   \              040808080808
   \              08080B080808
   \              08080C0C    
   \   000001DF   040000000000       DC8 4, 0, 0, 0, 0, 0, 0, 0, 0
   \              000000      
    105          0x00, 0x00, 0x00, 0x20, 0x20, 0x20, 0x20, 0x20, 0x20, 0x30, 0x20, 0x00, 0x00, 0x00, 0x00, 0x00, 0x00, 0x00, 0x00, 0xF0, 0x10, 0x00, 0x00, 0x00, 0x00, 0x00, 0x00, 0x00, 0x00, 0x00, 0x00, 0x00, 0xF0, 0x20, 0x20, 0x20, 0x20, 0x20, 0x20, 0x20, 0xF0, 0x20, 0x00, 0x00, 0x00, 0x00, 0xF0, 0x20, 0x20, 0x20, 0x20, 0x20, 0x20, 0x20, 0xF0, 0x20, 0x00, 0x00, 0x00, 0x00, 0x40, 0x40, 0x40, 0x40, 0xF0, 0x40, 0x40, 0x40, 0x40, 0xF0, 0x50, 0x40, 0x40, 0x60, 0x40, 0x00, 0x00, 0xE0, 0x20, 0x00, 0x00, 0x00, 0x00, 0x00, 0x00, 0x00, 0x00, 0x00, 0x00, 0x00, 0x00, 0x20, 0x40, 0xC0, 0x00, 0x00, 0x00, 0x00, 0x00, 0xC0, 0x40, 0x40, 0x20, 0x20, 0x10, 0x80, 0x80, 0x80, 0x80, 0x80, 0x80, 0xC0, 0x80, 0x00, 0x00, 0x00, 0x00, 0x00, 0x00, 0x00, 0x00, 0x00, 
    106          0x00, 0x00, 0x00, 0x22, 0x22, 0x22, 0x22, 0x22, 0x32, 0xB2, 0xA3, 0x02, 0x00, 0x02, 0x02, 0x02, 0x02, 0x02, 0xFE, 0x87, 0x82, 0x82, 0x82, 0x82, 0xC3, 0x83, 0x02, 0x00, 0x00, 0x00, 0x00, 0x00, 0xFF, 0x12, 0x12, 0x12, 0x12, 0x12, 0x12, 0x12, 0x3F, 0x00, 0x00, 0x00, 0x00, 0x00, 0x3F, 0x12, 0x12, 0x12, 0x12, 0x12, 0x12, 0x12, 0xFF, 0x00, 0x00, 0x00, 0x00, 0x00, 0x00, 0x7C, 0xA4, 0xE4, 0xA5, 0x7E, 0x04, 0x80, 0x7C, 0x25, 0x24, 0x24, 0x7E, 0x04, 0x80, 0x60, 0x1E, 0xEB, 0xE8, 0x28, 0x88, 0x68, 0x3C, 0x08, 0x00, 0x00, 0x00, 0x00, 0x00, 0x00, 0x04, 0x08, 0x18, 0x00, 0x00, 0x00, 0x00, 0x00, 0x00, 0xFF, 0x00, 0x00, 0x00, 0x00, 0x00, 0xFF, 0x00, 0x00, 0x00, 0x00, 0x00, 0xFF, 0x00, 0x00, 0x00, 0x00, 0x00, 0x00, 0x00, 0x00, 0x00, 0x00, 
    107          0x00, 0x00, 0x00, 0xF8, 0x11, 0x11, 0x11, 0x11, 0x11, 0xF9, 0x11, 0x00, 0x00, 0x00, 0x00, 0x80, 0x60, 0x1E, 0x03, 0x00, 0x00, 0x00, 0x00, 0xE0, 0x3F, 0x01, 0x00, 0x00, 0x00, 0x00, 0x00, 0x00, 0xFF, 0x00, 0x00, 0x00, 0x00, 0x00, 0x00, 0x00, 0x00, 0x00, 0x00, 0x00, 0x00, 0x00, 0x00, 0x00, 0x00, 0x00, 0x00, 0x00, 0x00, 0x00, 0xFF, 0x00, 0x00, 0x00, 0x00, 0x20, 0x10, 0x0C, 0xFF, 0x92, 0x92, 0x92, 0x92, 0xFF, 0x92, 0x92, 0x92, 0xDB, 0x93, 0x00, 0x01, 0x00, 0xC0, 0x3F, 0x07, 0x38, 0xC0, 0x00, 0x00, 0x00, 0x00, 0x00, 0x00, 0x00, 0x00, 0x02, 0x02, 0x02, 0x02, 0xFF, 0x02, 0x00, 0x00, 0x20, 0x30, 0x1F, 0x18, 0x08, 0x08, 0x04, 0x04, 0xFF, 0x00, 0x00, 0x80, 0x80, 0x80, 0xFF, 0x00, 0x00, 0x00, 0x00, 0x00, 0x00, 0x00, 0x00, 0x00, 0x00, 
    108          0x00, 0x00, 0x00, 0x0F, 0x02, 0x02, 0x02, 0x02, 0x22, 0x2F, 0x10, 0x08, 0x08, 0x04, 0x02, 0x01, 0x00, 0x08, 0x08, 0x18, 0x18, 0x0C, 0x06, 0x01, 0x00, 0x00, 0x00, 0x00, 0x00, 0x00, 0x00, 0x00, 0x1F, 0x00, 0x00, 0x00, 0x00, 0x00, 0x00, 0x00, 0x00, 0x00, 0x00, 0x00, 0x00, 0x00, 0x00, 0x00, 0x00, 0x00, 0x08, 0x08, 0x18, 0x18, 0x0F, 0x00, 0x00, 0x00, 0x00, 0x00, 0x00, 0x00, 0x1F, 0x04, 0x04, 0x04, 0x04, 0x07, 0x04, 0x04, 0x04, 0x06, 0x14, 0x08, 0x04, 0x02, 0x01, 0x00, 0x00, 0x00, 0x01, 0x03, 0x0E, 0x1C, 0x08, 0x00, 0x00, 0x00, 0x00, 0x00, 0x04, 0x02, 0x02, 0x01, 0x02, 0x04, 0x04, 0x04, 0x08, 0x08, 0x08, 0x08, 0x08, 0x08, 0x08, 0x0B, 0x08, 0x08, 0x08, 0x08, 0x08, 0x0C, 0x0C, 0x04, 0x00, 0x00, 0x00, 0x00, 0x00, 0x00, 0x00, 0x00
    109          };  

   \                                 In segment DATA_C, align 4, align-sorted
    110          const unsigned char IMAGE_EpiaLogo17[] = {	// 공동현관
   \                     IMAGE_EpiaLogo17:
   \   00000000   000000000000       DC8 0, 0, 0, 0, 0, 0, 0, 0, 0, 240, 16, 0, 0, 0, 0, 0, 240, 16, 0, 0, 0
   \              000000F01000
   \              00000000F010
   \              000000      
   \   00000015   000000000000       DC8 0, 0, 0, 0, 0, 0, 0, 0, 0, 0, 224, 32, 32, 32, 32, 32, 32, 32, 32
   \              00000000E020
   \              202020202020
   \              20          
   \   00000028   202020202020       DC8 32, 32, 32, 32, 32, 32, 32, 32, 32, 240, 96, 0, 0, 0, 0, 0, 0, 0, 0
   \              202020F06000
   \              000000000000
   \              00          
   \   0000003B   000000000000       DC8 0, 0, 0, 0, 0, 0, 0, 0, 248, 0, 0, 0, 0, 0, 0, 0, 0, 128, 128, 0, 0
   \              0000F8000000
   \              000000000080
   \              800000      
   \   00000050   00000000F090       DC8 0, 0, 0, 0, 240, 144, 144, 144, 144, 144, 144, 248, 0, 0, 0, 0, 248
   \              9090909090F8
   \              00000000F8  
   \   00000061   909090909090       DC8 144, 144, 144, 144, 144, 144, 144, 240, 0, 0, 0, 0, 0, 0, 0, 0, 0
   \              90F000000000
   \              0000000000  
   \   00000072   000000000000       DC8 0, 0, 0, 0, 0, 0, 0, 0, 0, 0, 0, 4, 4, 4, 4, 4, 4, 255, 4, 4, 4, 4
   \              000000000004
   \              0404040404FF
   \              04040404    
   \   00000088   0404FF040404       DC8 4, 4, 255, 4, 4, 4, 4, 6, 6, 4, 0, 0, 0, 0, 0, 0, 0, 255, 0, 0, 4
   \              040606040000
   \              0000000000FF
   \              000004      
   \   0000009D   04E424242424       DC8 4, 228, 36, 36, 36, 36, 36, 36, 36, 228, 38, 4, 0, 0, 255, 0, 0, 0
   \              242424E42604
   \              0000FF000000
   \   000000AF   000000010101       DC8 0, 0, 0, 1, 1, 1, 1, 33, 65, 65, 193, 225, 17, 13, 7, 3, 1, 129
   \              01214141C1E1
   \              110D07030181
   \   000000C1   C17119110101       DC8 193, 113, 25, 17, 1, 1, 1, 1, 0, 0, 0, 0, 0, 255, 4, 4, 20, 52, 204
   \              010100000000
   \              00FF04041434
   \              CC          
   \   000000D4   4CAF90001020       DC8 76, 175, 144, 0, 16, 32, 111, 148, 76, 52, 20, 4, 4, 4, 255, 0, 0
   \              6F944C341404
   \              0404FF0000  
   \   000000E5   000000000000       DC8 0, 0, 0, 0, 0, 0, 0, 0, 0, 0, 0, 0, 0, 0, 0, 0, 0, 2, 2, 2, 2, 130
   \              000000000000
   \              000000000002
   \              02020282    
   \   000000FB   C262331A1202       DC8 194, 98, 51, 26, 18, 2, 2, 2, 2, 19, 18, 34, 66, 194, 130, 3, 3, 2
   \              020202131222
   \              42C282030302
   \   0000010D   000000000000       DC8 0, 0, 0, 0, 0, 0, 255, 0, 0, 0, 0, 63, 8, 8, 8, 8, 8, 8, 8, 63, 0
   \              FF000000003F
   \              080808080808
   \              083F00      
   \   00000122   000000FF0000       DC8 0, 0, 0, 255, 0, 0, 0, 0, 0, 0, 0, 0, 0, 0, 0, 0, 0, 128, 128, 193
   \              000000000000
   \              000000000080
   \              80C1        
   \   00000136   A3908C828180       DC8 163, 144, 140, 130, 129, 128, 136, 144, 160, 64, 192, 0, 0, 0, 0, 0
   \              8890A040C000
   \              00000000    
   \   00000146   0000FF000602       DC8 0, 0, 255, 0, 6, 2, 255, 66, 65, 193, 125, 7, 2, 6, 251, 66, 66, 66
   \              FF4241C17D07
   \              0206FB424242
   \   00000158   F90F0000FF00       DC8 249, 15, 0, 0, 255, 0, 0, 0, 0, 0, 0, 0, 0, 0, 0, 0, 0, 0, 0, 0, 0
   \              000000000000
   \              000000000000
   \              000000      
   \   0000016D   000000000402       DC8 0, 0, 0, 0, 4, 2, 1, 0, 0, 0, 0, 0, 0, 0, 0, 0, 0, 0, 0, 0, 0, 0, 1
   \              010000000000
   \              000000000000
   \              0000000001  
   \   00000184   030000000000       DC8 3, 0, 0, 0, 0, 0, 0, 0, 0, 7, 0, 0, 0, 0, 0, 0, 0, 0, 0, 0, 0, 0, 0
   \              000000070000
   \              000000000000
   \              0000000000  
   \   0000019B   020606060300       DC8 2, 6, 6, 6, 3, 0, 0, 0, 0, 0, 0, 1, 1, 1, 1, 1, 1, 1, 0, 0, 0, 0, 0
   \              000000000001
   \              010101010101
   \              0000000000  
   \   000001B2   000000000000       DC8 0, 0, 0, 0, 0, 0, 0, 0, 1, 3, 0, 0, 0, 0, 0, 0, 15, 0, 8, 8, 4, 4
   \              000001030000
   \              000000000F00
   \              08080404    
   \   000001C8   020100000000       DC8 2, 1, 0, 0, 0, 0, 7, 0, 0, 0, 3, 4, 12, 12, 7, 0, 0, 0, 0, 0, 0, 0
   \              070000000304
   \              0C0C07000000
   \              00000000    
   \   000001DE   000000000000       DC8 0, 0, 0, 0, 0, 0, 0, 0, 0, 0
   \              00000000    
    111          0x00, 0x00, 0x00, 0x00, 0x00, 0x00, 0x00, 0x00, 0x00, 0xF0, 0x10, 0x00, 0x00, 0x00, 0x00, 0x00, 0xF0, 0x10, 0x00, 0x00, 0x00, 0x00, 0x00, 0x00, 0x00, 0x00, 0x00, 0x00, 0x00, 0x00, 0x00, 0xE0, 0x20, 0x20, 0x20, 0x20, 0x20, 0x20, 0x20, 0x20, 0x20, 0x20, 0x20, 0x20, 0x20, 0x20, 0x20, 0x20, 0x20, 0xF0, 0x60, 0x00, 0x00, 0x00, 0x00, 0x00, 0x00, 0x00, 0x00, 0x00, 0x00, 0x00, 0x00, 0x00, 0x00, 0x00, 0x00, 0xF8, 0x00, 0x00, 0x00, 0x00, 0x00, 0x00, 0x00, 0x00, 0x80, 0x80, 0x00, 0x00, 0x00, 0x00, 0x00, 0x00, 0xF0, 0x90, 0x90, 0x90, 0x90, 0x90, 0x90, 0xF8, 0x00, 0x00, 0x00, 0x00, 0xF8, 0x90, 0x90, 0x90, 0x90, 0x90, 0x90, 0x90, 0xF0, 0x00, 0x00, 0x00, 0x00, 0x00, 0x00, 0x00, 0x00, 0x00, 0x00, 0x00, 0x00, 0x00, 0x00, 0x00, 0x00, 0x00, 
    112          0x00, 0x00, 0x00, 0x04, 0x04, 0x04, 0x04, 0x04, 0x04, 0xFF, 0x04, 0x04, 0x04, 0x04, 0x04, 0x04, 0xFF, 0x04, 0x04, 0x04, 0x04, 0x06, 0x06, 0x04, 0x00, 0x00, 0x00, 0x00, 0x00, 0x00, 0x00, 0xFF, 0x00, 0x00, 0x04, 0x04, 0xE4, 0x24, 0x24, 0x24, 0x24, 0x24, 0x24, 0x24, 0xE4, 0x26, 0x04, 0x00, 0x00, 0xFF, 0x00, 0x00, 0x00, 0x00, 0x00, 0x00, 0x01, 0x01, 0x01, 0x01, 0x21, 0x41, 0x41, 0xC1, 0xE1, 0x11, 0x0D, 0x07, 0x03, 0x01, 0x81, 0xC1, 0x71, 0x19, 0x11, 0x01, 0x01, 0x01, 0x01, 0x00, 0x00, 0x00, 0x00, 0x00, 0xFF, 0x04, 0x04, 0x14, 0x34, 0xCC, 0x4C, 0xAF, 0x90, 0x00, 0x10, 0x20, 0x6F, 0x94, 0x4C, 0x34, 0x14, 0x04, 0x04, 0x04, 0xFF, 0x00, 0x00, 0x00, 0x00, 0x00, 0x00, 0x00, 0x00, 0x00, 0x00, 0x00, 0x00, 0x00, 0x00, 0x00, 0x00, 0x00, 
    113          0x00, 0x00, 0x02, 0x02, 0x02, 0x02, 0x82, 0xC2, 0x62, 0x33, 0x1A, 0x12, 0x02, 0x02, 0x02, 0x02, 0x13, 0x12, 0x22, 0x42, 0xC2, 0x82, 0x03, 0x03, 0x02, 0x00, 0x00, 0x00, 0x00, 0x00, 0x00, 0xFF, 0x00, 0x00, 0x00, 0x00, 0x3F, 0x08, 0x08, 0x08, 0x08, 0x08, 0x08, 0x08, 0x3F, 0x00, 0x00, 0x00, 0x00, 0xFF, 0x00, 0x00, 0x00, 0x00, 0x00, 0x00, 0x00, 0x00, 0x00, 0x00, 0x00, 0x00, 0x00, 0x80, 0x80, 0xC1, 0xA3, 0x90, 0x8C, 0x82, 0x81, 0x80, 0x88, 0x90, 0xA0, 0x40, 0xC0, 0x00, 0x00, 0x00, 0x00, 0x00, 0x00, 0x00, 0xFF, 0x00, 0x06, 0x02, 0xFF, 0x42, 0x41, 0xC1, 0x7D, 0x07, 0x02, 0x06, 0xFB, 0x42, 0x42, 0x42, 0xF9, 0x0F, 0x00, 0x00, 0xFF, 0x00, 0x00, 0x00, 0x00, 0x00, 0x00, 0x00, 0x00, 0x00, 0x00, 0x00, 0x00, 0x00, 0x00, 0x00, 0x00, 0x00, 
    114          0x00, 0x00, 0x00, 0x04, 0x02, 0x01, 0x00, 0x00, 0x00, 0x00, 0x00, 0x00, 0x00, 0x00, 0x00, 0x00, 0x00, 0x00, 0x00, 0x00, 0x00, 0x01, 0x03, 0x00, 0x00, 0x00, 0x00, 0x00, 0x00, 0x00, 0x00, 0x07, 0x00, 0x00, 0x00, 0x00, 0x00, 0x00, 0x00, 0x00, 0x00, 0x00, 0x00, 0x00, 0x00, 0x02, 0x06, 0x06, 0x06, 0x03, 0x00, 0x00, 0x00, 0x00, 0x00, 0x00, 0x01, 0x01, 0x01, 0x01, 0x01, 0x01, 0x01, 0x00, 0x00, 0x00, 0x00, 0x00, 0x00, 0x00, 0x00, 0x00, 0x00, 0x00, 0x00, 0x00, 0x01, 0x03, 0x00, 0x00, 0x00, 0x00, 0x00, 0x00, 0x0F, 0x00, 0x08, 0x08, 0x04, 0x04, 0x02, 0x01, 0x00, 0x00, 0x00, 0x00, 0x07, 0x00, 0x00, 0x00, 0x03, 0x04, 0x0C, 0x0C, 0x07, 0x00, 0x00, 0x00, 0x00, 0x00, 0x00, 0x00, 0x00, 0x00, 0x00, 0x00, 0x00, 0x00, 0x00, 0x00, 0x00, 0x00};

   \                                 In segment DATA_C, align 4, align-sorted
    115          const unsigned char IMAGE_EpiaLogo18[] = {	// VISION
   \                     IMAGE_EpiaLogo18:
   \   00000000   000000000000       DC8 0, 0, 0, 0, 0, 0, 0, 0, 0, 0, 0, 0, 0, 0, 0, 0, 0, 0, 0, 0, 0, 0, 0
   \              000000000000
   \              000000000000
   \              0000000000  
   \   00000017   000000000000       DC8 0, 0, 0, 0, 0, 0, 0, 0, 0, 0, 0, 0, 0, 0, 0, 0, 0, 0, 0, 0, 0, 0, 0
   \              000000000000
   \              000000000000
   \              0000000000  
   \   0000002E   000000000000       DC8 0, 0, 0, 0, 0, 0, 0, 0, 0, 0, 0, 0, 0, 0, 0, 0, 0, 0, 0, 0, 0, 0, 0
   \              000000000000
   \              000000000000
   \              0000000000  
   \   00000045   000000000000       DC8 0, 0, 0, 0, 0, 0, 0, 0, 0, 0, 0, 0, 0, 0, 0, 0, 0, 0, 0, 0, 0, 0, 0
   \              000000000000
   \              000000000000
   \              0000000000  
   \   0000005C   000000000000       DC8 0, 0, 0, 0, 0, 0, 0, 0, 0, 0, 0, 0, 0, 0, 0, 0, 0, 0, 0, 0, 0, 0, 0
   \              000000000000
   \              000000000000
   \              0000000000  
   \   00000073   000000000000       DC8 0, 0, 0, 0, 0, 0, 0, 0, 0, 0, 0, 0, 0, 0, 1, 15, 63, 255, 254, 240
   \              000000000000
   \              0000010F3FFF
   \              FEF0        
   \   00000087   800000000000       DC8 128, 0, 0, 0, 0, 0, 0, 0, 0, 128, 224, 248, 255, 127, 31, 7, 1, 0
   \              00000080E0F8
   \              FF7F1F070100
   \   00000099   FFFFFF7F0000       DC8 255, 255, 255, 127, 0, 0, 0, 0, 120, 252, 254, 255, 199, 7, 3, 3, 3
   \              000078FCFEFF
   \              C707030303  
   \   000000AA   030606000000       DC8 3, 6, 6, 0, 0, 0, 0, 0, 255, 255, 255, 127, 0, 0, 0, 0, 128, 224
   \              0000FFFFFF7F
   \              0000000080E0
   \   000000BC   F0F8FC3E0E06       DC8 240, 248, 252, 62, 14, 6, 7, 7, 3, 3, 3, 3, 3, 7, 7, 14, 30, 124
   \              070703030303
   \              0307070E1E7C
   \   000000CE   FCF8F0800000       DC8 252, 248, 240, 128, 0, 0, 0, 0, 255, 255, 255, 255, 31, 127, 252
   \              0000FFFFFFFF
   \              1F7FFC      
   \   000000DD   F8E0C0000000       DC8 248, 224, 192, 0, 0, 0, 0, 0, 0, 0, 255, 255, 255, 127, 0, 0, 0, 0
   \              00000000FFFF
   \              FF7F00000000
   \   000000EF   000000000000       DC8 0, 0, 0, 0, 0, 0, 0, 0, 0, 0, 0, 0, 0, 0, 0, 1, 7, 63, 255, 252
   \              000000000000
   \              00000001073F
   \              FFFC        
   \   00000103   E0000080E0F8       DC8 224, 0, 0, 128, 224, 248, 254, 127, 31, 7, 1, 0, 0, 0, 0, 192, 255
   \              FE7F1F070100
   \              000000C0FF  
   \   00000114   FFFF00000000       DC8 255, 255, 0, 0, 0, 0, 0, 0, 0, 1, 3, 7, 15, 15, 30, 60, 248, 240
   \              000000010307
   \              0F0F1E3CF8F0
   \   00000126   E0C0000000C0       DC8 224, 192, 0, 0, 0, 192, 255, 255, 255, 0, 0, 0, 0, 0, 63, 255, 255
   \              FFFFFF000000
   \              00003FFFFF  
   \   00000137   FFC000000000       DC8 255, 192, 0, 0, 0, 0, 0, 0, 0, 0, 0, 0, 0, 0, 0, 0, 192, 255, 255
   \              000000000000
   \              00000000C0FF
   \              FF          
   \   0000014A   FF3F00000080       DC8 255, 63, 0, 0, 0, 128, 255, 255, 255, 7, 0, 0, 1, 3, 15, 31, 127
   \              FFFFFF070000
   \              01030F1F7F  
   \   0000015B   FEF8E0C000FE       DC8 254, 248, 224, 192, 0, 254, 255, 255, 255, 0, 0, 0, 0, 0, 0, 0, 0
   \              FFFFFF000000
   \              0000000000  
   \   0000016C   000000000000       DC8 0, 0, 0, 0, 0, 0, 0, 0, 0, 0, 0, 0, 0, 0, 0, 1, 7, 31, 31, 30, 31
   \              000000000000
   \              00000001071F
   \              1F1E1F      
   \   00000181   1F0701000000       DC8 31, 7, 1, 0, 0, 0, 0, 0, 0, 0, 0, 31, 31, 31, 31, 0, 0, 0, 0, 12
   \              00000000001F
   \              1F1F1F000000
   \              000C        
   \   00000195   0C1C18181818       DC8 12, 28, 24, 24, 24, 24, 24, 28, 28, 15, 15, 7, 3, 0, 0, 0, 31, 31
   \              181C1C0F0F07
   \              030000001F1F
   \   000001A7   1F1F00000000       DC8 31, 31, 0, 0, 0, 0, 0, 0, 1, 3, 7, 7, 15, 14, 28, 28, 24, 24, 24
   \              000001030707
   \              0F0E1C1C1818
   \              18          
   \   000001BA   1818181C0C0E       DC8 24, 24, 24, 28, 12, 14, 15, 7, 3, 1, 0, 0, 0, 0, 0, 31, 31, 31, 31
   \              0F0703010000
   \              0000001F1F1F
   \              1F          
   \   000001CD   000000000000       DC8 0, 0, 0, 0, 0, 0, 0, 0, 0, 3, 15, 31, 31, 31, 31, 31, 31, 0, 0, 0
   \              000000030F1F
   \              1F1F1F1F1F00
   \              0000        
   \   000001E1   000000000000       DC8 0, 0, 0, 0, 0, 0, 0
   \              00          
    116          0x00, 0x00, 0x00, 0x00, 0x00, 0x00, 0x00, 0x00, 0x00, 0x00, 0x00, 0x00, 0x00, 0x00, 0x00, 0x00, 0x00, 0x00, 0x00, 0x00, 0x00, 0x00, 0x00, 0x00, 0x00, 0x00, 0x00, 0x00, 0x00, 0x00, 0x00, 0x00, 0x00, 0x00, 0x00, 0x00, 0x00, 0x00, 0x00, 0x00, 0x00, 0x00, 0x00, 0x00, 0x00, 0x00, 0x00, 0x00, 0x00, 0x00, 0x00, 0x00, 0x00, 0x00, 0x00, 0x00, 0x00, 0x00, 0x00, 0x00, 0x00, 0x00, 0x00, 0x00, 0x00, 0x00, 0x00, 0x00, 0x00, 0x00, 0x00, 0x00, 0x00, 0x00, 0x00, 0x00, 0x00, 0x00, 0x00, 0x00, 0x00, 0x00, 0x00, 0x00, 0x00, 0x00, 0x00, 0x00, 0x00, 0x00, 0x00, 0x00, 0x00, 0x00, 0x00, 0x00, 0x00, 0x00, 0x00, 0x00, 0x00, 0x00, 0x00, 0x00, 0x00, 0x00, 0x00, 0x00, 0x00, 0x00, 0x00, 0x00, 0x00, 0x00, 0x00, 0x00, 0x00, 0x00, 0x00, 0x00, 0x00, 0x00, 
    117          0x00, 0x00, 0x00, 0x00, 0x00, 0x00, 0x00, 0x01, 0x0F, 0x3F, 0xFF, 0xFE, 0xF0, 0x80, 0x00, 0x00, 0x00, 0x00, 0x00, 0x00, 0x00, 0x00, 0x80, 0xE0, 0xF8, 0xFF, 0x7F, 0x1F, 0x07, 0x01, 0x00, 0xFF, 0xFF, 0xFF, 0x7F, 0x00, 0x00, 0x00, 0x00, 0x78, 0xFC, 0xFE, 0xFF, 0xC7, 0x07, 0x03, 0x03, 0x03, 0x03, 0x06, 0x06, 0x00, 0x00, 0x00, 0x00, 0x00, 0xFF, 0xFF, 0xFF, 0x7F, 0x00, 0x00, 0x00, 0x00, 0x80, 0xE0, 0xF0, 0xF8, 0xFC, 0x3E, 0x0E, 0x06, 0x07, 0x07, 0x03, 0x03, 0x03, 0x03, 0x03, 0x07, 0x07, 0x0E, 0x1E, 0x7C, 0xFC, 0xF8, 0xF0, 0x80, 0x00, 0x00, 0x00, 0x00, 0xFF, 0xFF, 0xFF, 0xFF, 0x1F, 0x7F, 0xFC, 0xF8, 0xE0, 0xC0, 0x00, 0x00, 0x00, 0x00, 0x00, 0x00, 0x00, 0xFF, 0xFF, 0xFF, 0x7F, 0x00, 0x00, 0x00, 0x00, 0x00, 0x00, 0x00, 0x00, 0x00, 
    118          0x00, 0x00, 0x00, 0x00, 0x00, 0x00, 0x00, 0x00, 0x00, 0x00, 0x01, 0x07, 0x3F, 0xFF, 0xFC, 0xE0, 0x00, 0x00, 0x80, 0xE0, 0xF8, 0xFE, 0x7F, 0x1F, 0x07, 0x01, 0x00, 0x00, 0x00, 0x00, 0xC0, 0xFF, 0xFF, 0xFF, 0x00, 0x00, 0x00, 0x00, 0x00, 0x00, 0x00, 0x01, 0x03, 0x07, 0x0F, 0x0F, 0x1E, 0x3C, 0xF8, 0xF0, 0xE0, 0xC0, 0x00, 0x00, 0x00, 0xC0, 0xFF, 0xFF, 0xFF, 0x00, 0x00, 0x00, 0x00, 0x00, 0x3F, 0xFF, 0xFF, 0xFF, 0xC0, 0x00, 0x00, 0x00, 0x00, 0x00, 0x00, 0x00, 0x00, 0x00, 0x00, 0x00, 0x00, 0x00, 0x00, 0xC0, 0xFF, 0xFF, 0xFF, 0x3F, 0x00, 0x00, 0x00, 0x80, 0xFF, 0xFF, 0xFF, 0x07, 0x00, 0x00, 0x01, 0x03, 0x0F, 0x1F, 0x7F, 0xFE, 0xF8, 0xE0, 0xC0, 0x00, 0xFE, 0xFF, 0xFF, 0xFF, 0x00, 0x00, 0x00, 0x00, 0x00, 0x00, 0x00, 0x00, 0x00, 0x00, 
    119          0x00, 0x00, 0x00, 0x00, 0x00, 0x00, 0x00, 0x00, 0x00, 0x00, 0x00, 0x00, 0x00, 0x01, 0x07, 0x1F, 0x1F, 0x1E, 0x1F, 0x1F, 0x07, 0x01, 0x00, 0x00, 0x00, 0x00, 0x00, 0x00, 0x00, 0x00, 0x1F, 0x1F, 0x1F, 0x1F, 0x00, 0x00, 0x00, 0x00, 0x0C, 0x0C, 0x1C, 0x18, 0x18, 0x18, 0x18, 0x18, 0x1C, 0x1C, 0x0F, 0x0F, 0x07, 0x03, 0x00, 0x00, 0x00, 0x1F, 0x1F, 0x1F, 0x1F, 0x00, 0x00, 0x00, 0x00, 0x00, 0x00, 0x01, 0x03, 0x07, 0x07, 0x0F, 0x0E, 0x1C, 0x1C, 0x18, 0x18, 0x18, 0x18, 0x18, 0x18, 0x1C, 0x0C, 0x0E, 0x0F, 0x07, 0x03, 0x01, 0x00, 0x00, 0x00, 0x00, 0x00, 0x1F, 0x1F, 0x1F, 0x1F, 0x00, 0x00, 0x00, 0x00, 0x00, 0x00, 0x00, 0x00, 0x00, 0x03, 0x0F, 0x1F, 0x1F, 0x1F, 0x1F, 0x1F, 0x1F, 0x00, 0x00, 0x00, 0x00, 0x00, 0x00, 0x00, 0x00, 0x00, 0x00
    120          };

   \                                 In segment DATA_C, align 4, align-sorted
    121          const unsigned char IMAGE_EpiaLogo19[] = {	// DayTime
   \                     IMAGE_EpiaLogo19:
   \   00000000   000000000000       DC8 0, 0, 0, 0, 0, 0, 0, 0, 192, 192, 128, 128, 128, 128, 128, 128, 128
   \              0000C0C08080
   \              8080808080  
   \   00000011   808080000000       DC8 128, 128, 128, 0, 0, 0, 0, 0, 0, 0, 0, 0, 0, 0, 0, 0, 0, 0, 0, 0, 0
   \              000000000000
   \              000000000000
   \              000000      
   \   00000026   000000000000       DC8 0, 0, 0, 0, 0, 0, 0, 0, 0, 0, 0, 0, 0, 0, 0, 0, 0, 0, 0, 0, 0, 0
   \              000000000000
   \              000000000000
   \              00000000    
   \   0000003C   808080808080       DC8 128, 128, 128, 128, 128, 128, 128, 128, 128, 128, 128, 128, 128
   \              808080808080
   \              80          
   \   00000049   808000000000       DC8 128, 128, 0, 0, 0, 0, 0, 128, 192, 192, 128, 0, 0, 0, 0, 0, 0, 0, 0
   \              0080C0C08000
   \              000000000000
   \              00          
   \   0000005C   000000000000       DC8 0, 0, 0, 0, 0, 0, 0, 0, 0, 0, 0, 0, 0, 0, 0, 0, 0, 0, 0, 0, 0, 0, 0
   \              000000000000
   \              000000000000
   \              0000000000  
   \   00000073   000000000000       DC8 0, 0, 0, 0, 0, 0, 0, 0, 0, 0, 0, 0, 0, 0, 3, 31, 255, 255, 227, 3
   \              000000000000
   \              0000031FFFFF
   \              E303        
   \   00000087   010101010101       DC8 1, 1, 1, 1, 1, 1, 1, 3, 3, 7, 14, 30, 124, 248, 240, 128, 0, 0, 0
   \              010303070E1E
   \              7CF8F0800000
   \              00          
   \   0000009A   606030303030       DC8 96, 96, 48, 48, 48, 48, 112, 224, 224, 192, 0, 0, 0, 28, 124, 248
   \              70E0E0C00000
   \              001C7CF8    
   \   000000AA   F0C00000E0FE       DC8 240, 192, 0, 0, 224, 254, 254, 62, 30, 31, 15, 3, 3, 1, 1, 1, 1, 1
   \              FE3E1E1F0F03
   \              030101010101
   \   000000BC   FFFFFF010101       DC8 255, 255, 255, 1, 1, 1, 1, 1, 1, 3, 3, 3, 0, 0, 241, 243, 243, 1, 0
   \              010101030303
   \              0000F1F3F301
   \              00          
   \   000000CF   000080F8F8F8       DC8 0, 0, 128, 248, 248, 248, 64, 96, 96, 224, 192, 224, 224, 48, 48
   \              406060E0C0E0
   \              E03030      
   \   000000DE   70F0E0800000       DC8 112, 240, 224, 128, 0, 0, 0, 0, 0, 192, 224, 240, 56, 28, 12, 12
   \              000000C0E0F0
   \              381C0C0C    
   \   000000EE   0C1C38F80000       DC8 12, 28, 56, 248, 0, 0, 0, 0, 0, 0, 0, 0, 0, 0, 0, 255, 255, 255, 0
   \              000000000000
   \              000000FFFFFF
   \              00          
   \   00000101   000000000000       DC8 0, 0, 0, 0, 0, 0, 0, 0, 0, 0, 0, 0, 128, 255, 255, 127, 0, 0, 224
   \              000000000000
   \              80FFFF7F0000
   \              E0          
   \   00000114   F8F81C0C0C0C       DC8 248, 248, 28, 12, 12, 12, 12, 24, 255, 255, 254, 0, 0, 0, 0, 1, 131
   \              0C18FFFFFE00
   \              0000000183  
   \   00000125   EFFFFE3F0F01       DC8 239, 255, 254, 63, 15, 1, 0, 0, 0, 0, 0, 0, 0, 0, 0, 0, 0, 255, 255
   \              000000000000
   \              0000000000FF
   \              FF          
   \   00000138   FF0000000000       DC8 255, 0, 0, 0, 0, 0, 0, 0, 0, 0, 0, 0, 255, 255, 255, 0, 0, 0, 0
   \              000000000000
   \              FFFFFF000000
   \              00          
   \   0000014B   FFFFFF010000       DC8 255, 255, 255, 1, 0, 0, 0, 255, 255, 255, 0, 0, 0, 0, 255, 255, 255
   \              00FFFFFF0000
   \              0000FFFFFF  
   \   0000015C   000000007FFF       DC8 0, 0, 0, 0, 127, 255, 255, 140, 12, 12, 12, 12, 12, 14, 134, 135, 0
   \              FF8C0C0C0C0C
   \              0C0E868700  
   \   0000016D   000000000000       DC8 0, 0, 0, 0, 0, 0, 0, 0, 0, 48, 63, 63, 63, 32, 32, 32, 32, 32, 32
   \              000000303F3F
   \              3F2020202020
   \              20          
   \   00000180   20303030381C       DC8 32, 48, 48, 48, 56, 28, 14, 15, 7, 1, 0, 0, 0, 3, 15, 15, 28, 24
   \              0E0F07010000
   \              00030F0F1C18
   \   00000192   1818083C3F1F       DC8 24, 24, 8, 60, 63, 31, 1, 0, 0, 0, 56, 62, 31, 15, 3, 0, 0, 0, 0, 0
   \              01000000383E
   \              1F0F03000000
   \              0000        
   \   000001A6   000000000000       DC8 0, 0, 0, 0, 0, 0, 0, 0, 0, 0, 63, 63, 63, 0, 0, 0, 0, 0, 0, 0, 0, 0
   \              000000003F3F
   \              3F0000000000
   \              00000000    
   \   000001BC   000E0F0F0000       DC8 0, 14, 15, 15, 0, 0, 0, 0, 0, 15, 31, 31, 0, 0, 0, 0, 7, 15, 15, 0
   \              0000000F1F1F
   \              00000000070F
   \              0F00        
   \   000001D0   0000001F1F03       DC8 0, 0, 0, 31, 31, 3, 0, 0, 0, 0, 0, 1, 3, 7, 7, 6, 6, 6, 7, 3, 3, 1
   \              000000000001
   \              030707060606
   \              07030301    
   \   000001E6   0000               DC8 0, 0
    122          0x00, 0x00, 0x00, 0x00, 0x00, 0x00, 0x00, 0x00, 0xC0, 0xC0, 0x80, 0x80, 0x80, 0x80, 0x80, 0x80, 0x80, 0x80, 0x80, 0x80, 0x00, 0x00, 0x00, 0x00, 0x00, 0x00, 0x00, 0x00, 0x00, 0x00, 0x00, 0x00, 0x00, 0x00, 0x00, 0x00, 0x00, 0x00, 0x00, 0x00, 0x00, 0x00, 0x00, 0x00, 0x00, 0x00, 0x00, 0x00, 0x00, 0x00, 0x00, 0x00, 0x00, 0x00, 0x00, 0x00, 0x00, 0x00, 0x00, 0x00, 0x80, 0x80, 0x80, 0x80, 0x80, 0x80, 0x80, 0x80, 0x80, 0x80, 0x80, 0x80, 0x80, 0x80, 0x80, 0x00, 0x00, 0x00, 0x00, 0x00, 0x80, 0xC0, 0xC0, 0x80, 0x00, 0x00, 0x00, 0x00, 0x00, 0x00, 0x00, 0x00, 0x00, 0x00, 0x00, 0x00, 0x00, 0x00, 0x00, 0x00, 0x00, 0x00, 0x00, 0x00, 0x00, 0x00, 0x00, 0x00, 0x00, 0x00, 0x00, 0x00, 0x00, 0x00, 0x00, 0x00, 0x00, 0x00, 0x00, 0x00, 0x00, 0x00, 
    123          0x00, 0x00, 0x00, 0x00, 0x00, 0x00, 0x00, 0x03, 0x1F, 0xFF, 0xFF, 0xE3, 0x03, 0x01, 0x01, 0x01, 0x01, 0x01, 0x01, 0x01, 0x03, 0x03, 0x07, 0x0E, 0x1E, 0x7C, 0xF8, 0xF0, 0x80, 0x00, 0x00, 0x00, 0x60, 0x60, 0x30, 0x30, 0x30, 0x30, 0x70, 0xE0, 0xE0, 0xC0, 0x00, 0x00, 0x00, 0x1C, 0x7C, 0xF8, 0xF0, 0xC0, 0x00, 0x00, 0xE0, 0xFE, 0xFE, 0x3E, 0x1E, 0x1F, 0x0F, 0x03, 0x03, 0x01, 0x01, 0x01, 0x01, 0x01, 0xFF, 0xFF, 0xFF, 0x01, 0x01, 0x01, 0x01, 0x01, 0x01, 0x03, 0x03, 0x03, 0x00, 0x00, 0xF1, 0xF3, 0xF3, 0x01, 0x00, 0x00, 0x00, 0x80, 0xF8, 0xF8, 0xF8, 0x40, 0x60, 0x60, 0xE0, 0xC0, 0xE0, 0xE0, 0x30, 0x30, 0x70, 0xF0, 0xE0, 0x80, 0x00, 0x00, 0x00, 0x00, 0x00, 0xC0, 0xE0, 0xF0, 0x38, 0x1C, 0x0C, 0x0C, 0x0C, 0x1C, 0x38, 0xF8, 0x00, 0x00, 
    124          0x00, 0x00, 0x00, 0x00, 0x00, 0x00, 0x00, 0x00, 0x00, 0xFF, 0xFF, 0xFF, 0x00, 0x00, 0x00, 0x00, 0x00, 0x00, 0x00, 0x00, 0x00, 0x00, 0x00, 0x00, 0x00, 0x80, 0xFF, 0xFF, 0x7F, 0x00, 0x00, 0xE0, 0xF8, 0xF8, 0x1C, 0x0C, 0x0C, 0x0C, 0x0C, 0x18, 0xFF, 0xFF, 0xFE, 0x00, 0x00, 0x00, 0x00, 0x01, 0x83, 0xEF, 0xFF, 0xFE, 0x3F, 0x0F, 0x01, 0x00, 0x00, 0x00, 0x00, 0x00, 0x00, 0x00, 0x00, 0x00, 0x00, 0x00, 0xFF, 0xFF, 0xFF, 0x00, 0x00, 0x00, 0x00, 0x00, 0x00, 0x00, 0x00, 0x00, 0x00, 0x00, 0xFF, 0xFF, 0xFF, 0x00, 0x00, 0x00, 0x00, 0xFF, 0xFF, 0xFF, 0x01, 0x00, 0x00, 0x00, 0xFF, 0xFF, 0xFF, 0x00, 0x00, 0x00, 0x00, 0xFF, 0xFF, 0xFF, 0x00, 0x00, 0x00, 0x00, 0x7F, 0xFF, 0xFF, 0x8C, 0x0C, 0x0C, 0x0C, 0x0C, 0x0C, 0x0E, 0x86, 0x87, 0x00, 0x00, 
    125          0x00, 0x00, 0x00, 0x00, 0x00, 0x00, 0x00, 0x00, 0x30, 0x3F, 0x3F, 0x3F, 0x20, 0x20, 0x20, 0x20, 0x20, 0x20, 0x20, 0x30, 0x30, 0x30, 0x38, 0x1C, 0x0E, 0x0F, 0x07, 0x01, 0x00, 0x00, 0x00, 0x03, 0x0F, 0x0F, 0x1C, 0x18, 0x18, 0x18, 0x08, 0x3C, 0x3F, 0x1F, 0x01, 0x00, 0x00, 0x00, 0x38, 0x3E, 0x1F, 0x0F, 0x03, 0x00, 0x00, 0x00, 0x00, 0x00, 0x00, 0x00, 0x00, 0x00, 0x00, 0x00, 0x00, 0x00, 0x00, 0x00, 0x3F, 0x3F, 0x3F, 0x00, 0x00, 0x00, 0x00, 0x00, 0x00, 0x00, 0x00, 0x00, 0x00, 0x0E, 0x0F, 0x0F, 0x00, 0x00, 0x00, 0x00, 0x00, 0x0F, 0x1F, 0x1F, 0x00, 0x00, 0x00, 0x00, 0x07, 0x0F, 0x0F, 0x00, 0x00, 0x00, 0x00, 0x1F, 0x1F, 0x03, 0x00, 0x00, 0x00, 0x00, 0x00, 0x01, 0x03, 0x07, 0x07, 0x06, 0x06, 0x06, 0x07, 0x03, 0x03, 0x01, 0x00, 0x00
    126          };

   \                                 In segment DATA_C, align 4, align-sorted
    127          const unsigned char IMAGE_EpiaLogo20[] = {	// 사랑하는
   \                     IMAGE_EpiaLogo20:
   \   00000000   000000000000       DC8 0, 0, 0, 0, 0, 0, 240, 240, 240, 0, 0, 0, 0, 0, 0, 0, 0, 0, 0, 0
   \              F0F0F0000000
   \              000000000000
   \              0000        
   \   00000014   F0F0F00000F0       DC8 240, 240, 240, 0, 0, 240, 240, 240, 0, 0, 0, 0, 0, 0, 0, 0, 192
   \              F0F000000000
   \              00000000C0  
   \   00000025   E0E0F0F0F0F0       DC8 224, 224, 240, 240, 240, 240, 224, 224, 192, 0, 192, 224, 224, 240
   \              E0E0C000C0E0
   \              E0F0        
   \   00000033   F0F0F0E0E0C0       DC8 240, 240, 240, 224, 224, 192, 0, 0, 0, 0, 0, 0, 192, 192, 192, 192
   \              000000000000
   \              C0C0C0C0    
   \   00000043   C0C0C0F0F0F0       DC8 192, 192, 192, 240, 240, 240, 240, 192, 192, 192, 192, 192, 0, 0, 0
   \              F0C0C0C0C0C0
   \              000000      
   \   00000052   00F0F0F00000       DC8 0, 240, 240, 240, 0, 0, 0, 0, 0, 0, 0, 224, 224, 224, 0, 0, 0, 0, 0
   \              0000000000E0
   \              E0E000000000
   \              00          
   \   00000065   000000000000       DC8 0, 0, 0, 0, 0, 0, 0, 0, 0, 0, 0, 0, 0, 0, 0, 0, 0, 0, 0, 0, 0, 0, 0
   \              000000000000
   \              000000000000
   \              0000000000  
   \   0000007C   00000000FFFF       DC8 0, 0, 0, 0, 255, 255, 255, 0, 0, 0, 0, 0, 0, 0, 0, 0, 0, 0, 255
   \              FF0000000000
   \              000000000000
   \              FF          
   \   0000008F   FFFF7070FFFF       DC8 255, 255, 112, 112, 255, 255, 255, 0, 0, 0, 0, 0, 0, 0, 15, 127
   \              FF0000000000
   \              00000F7F    
   \   0000009F   FFFFFFFFFFFF       DC8 255, 255, 255, 255, 255, 255, 255, 255, 255, 255, 255, 255, 255
   \              FFFFFFFFFFFF
   \              FF          
   \   000000AC   FFFFFFFFFFFF       DC8 255, 255, 255, 255, 255, 255, 255, 31, 0, 0, 0, 0, 0, 1, 241, 253
   \              FF1F00000000
   \              0001F1FD    
   \   000000BC   FF0703010101       DC8 255, 7, 3, 1, 1, 1, 1, 1, 3, 15, 255, 255, 249, 0, 0, 0, 0, 255
   \              0101030FFFFF
   \              F900000000FF
   \   000000CE   FFFFE0E0E000       DC8 255, 255, 224, 224, 224, 0, 0, 0, 0, 159, 159, 159, 156, 156, 156
   \              0000009F9F9F
   \              9C9C9C      
   \   000000DD   9C9C9C9C9C9C       DC8 156, 156, 156, 156, 156, 156, 156, 156, 156, 156, 156, 156, 156
   \              9C9C9C9C9C9C
   \              9C          
   \   000000EA   9C9C9C800000       DC8 156, 156, 156, 128, 0, 0, 0, 0, 0, 0, 0, 0, 0, 0, 0, 0, 127, 127
   \              000000000000
   \              000000007F7F
   \   000000FC   7F7070707070       DC8 127, 112, 112, 112, 112, 112, 112, 112, 112, 112, 112, 0, 255, 255
   \              707070707000
   \              FFFF        
   \   0000010A   FF0000FFFFFF       DC8 255, 0, 0, 255, 255, 255, 0, 0, 0, 0, 0, 0, 0, 0, 0, 1, 7, 15, 63
   \              000000000000
   \              00000001070F
   \              3F          
   \   0000011D   7FFFFFFFFFFF       DC8 127, 255, 255, 255, 255, 255, 255, 255, 255, 255, 127, 63, 15, 7, 1
   \              FFFFFFFF7F3F
   \              0F0701      
   \   0000012C   000000000000       DC8 0, 0, 0, 0, 0, 0, 0, 0, 1, 7, 15, 31, 28, 56, 56, 56, 56, 56, 28
   \              000001070F1F
   \              1C3838383838
   \              1C          
   \   0000013F   1F0F07010000       DC8 31, 15, 7, 1, 0, 0, 0, 0, 255, 255, 255, 0, 0, 0, 0, 0, 0, 0, 227
   \              0000FFFFFF00
   \              000000000000
   \              E3          
   \   00000152   E3E303030303       DC8 227, 227, 3, 3, 3, 3, 3, 3, 3, 3, 3, 3, 3, 3, 3, 3, 3, 3, 3, 3, 3
   \              030303030303
   \              030303030303
   \              030303      
   \   00000167   030000000000       DC8 3, 0, 0, 0, 0, 0, 0, 0, 0, 0, 0, 0, 0, 0, 0, 0, 0, 0, 0, 0, 0, 0, 0
   \              000000000000
   \              000000000000
   \              0000000000  
   \   0000017E   000000000F0F       DC8 0, 0, 0, 0, 15, 15, 15, 0, 0, 15, 15, 15, 0, 0, 0, 0, 0, 0, 0, 0, 0
   \              0F00000F0F0F
   \              000000000000
   \              000000      
   \   00000193   000000000001       DC8 0, 0, 0, 0, 0, 1, 3, 7, 15, 31, 15, 7, 3, 0, 0, 0, 0, 0, 0, 0, 0, 0
   \              03070F1F0F07
   \              030000000000
   \              00000000    
   \   000001A9   000000000000       DC8 0, 0, 0, 0, 0, 0, 0, 0, 0, 0, 0, 0, 0, 0, 0, 0, 0, 0, 0, 0, 0, 0, 0
   \              000000000000
   \              000000000000
   \              0000000000  
   \   000001C0   001F1F1F0000       DC8 0, 31, 31, 31, 0, 0, 0, 0, 0, 0, 0, 31, 31, 31, 28, 28, 28, 28, 28
   \              00000000001F
   \              1F1F1C1C1C1C
   \              1C          
   \   000001D3   1C1C1C1C1C1C       DC8 28, 28, 28, 28, 28, 28, 28, 28, 28, 28, 28, 28, 28, 28, 0, 0, 0, 0
   \              1C1C1C1C1C1C
   \              1C1C00000000
   \   000001E5   000000             DC8 0, 0, 0
    128          0x00, 0x00, 0x00, 0x00, 0x00, 0x00, 0xF0, 0xF0, 0xF0, 0x00, 0x00, 0x00, 0x00, 0x00, 0x00, 0x00, 0x00, 0x00, 0x00, 0x00, 0xF0, 0xF0, 0xF0, 0x00, 0x00, 0xF0, 0xF0, 0xF0, 0x00, 0x00, 0x00, 0x00, 0x00, 0x00, 0x00, 0x00, 0xC0, 0xE0, 0xE0, 0xF0, 0xF0, 0xF0, 0xF0, 0xE0, 0xE0, 0xC0, 0x00, 0xC0, 0xE0, 0xE0, 0xF0, 0xF0, 0xF0, 0xF0, 0xE0, 0xE0, 0xC0, 0x00, 0x00, 0x00, 0x00, 0x00, 0x00, 0xC0, 0xC0, 0xC0, 0xC0, 0xC0, 0xC0, 0xC0, 0xF0, 0xF0, 0xF0, 0xF0, 0xC0, 0xC0, 0xC0, 0xC0, 0xC0, 0x00, 0x00, 0x00, 0x00, 0xF0, 0xF0, 0xF0, 0x00, 0x00, 0x00, 0x00, 0x00, 0x00, 0x00, 0xE0, 0xE0, 0xE0, 0x00, 0x00, 0x00, 0x00, 0x00, 0x00, 0x00, 0x00, 0x00, 0x00, 0x00, 0x00, 0x00, 0x00, 0x00, 0x00, 0x00, 0x00, 0x00, 0x00, 0x00, 0x00, 0x00, 0x00, 0x00, 0x00, 
    129          0x00, 0x00, 0x00, 0x00, 0x00, 0x00, 0xFF, 0xFF, 0xFF, 0x00, 0x00, 0x00, 0x00, 0x00, 0x00, 0x00, 0x00, 0x00, 0x00, 0x00, 0xFF, 0xFF, 0xFF, 0x70, 0x70, 0xFF, 0xFF, 0xFF, 0x00, 0x00, 0x00, 0x00, 0x00, 0x00, 0x00, 0x0F, 0x7F, 0xFF, 0xFF, 0xFF, 0xFF, 0xFF, 0xFF, 0xFF, 0xFF, 0xFF, 0xFF, 0xFF, 0xFF, 0xFF, 0xFF, 0xFF, 0xFF, 0xFF, 0xFF, 0xFF, 0xFF, 0x1F, 0x00, 0x00, 0x00, 0x00, 0x00, 0x01, 0xF1, 0xFD, 0xFF, 0x07, 0x03, 0x01, 0x01, 0x01, 0x01, 0x01, 0x03, 0x0F, 0xFF, 0xFF, 0xF9, 0x00, 0x00, 0x00, 0x00, 0xFF, 0xFF, 0xFF, 0xE0, 0xE0, 0xE0, 0x00, 0x00, 0x00, 0x00, 0x9F, 0x9F, 0x9F, 0x9C, 0x9C, 0x9C, 0x9C, 0x9C, 0x9C, 0x9C, 0x9C, 0x9C, 0x9C, 0x9C, 0x9C, 0x9C, 0x9C, 0x9C, 0x9C, 0x9C, 0x9C, 0x9C, 0x80, 0x00, 0x00, 0x00, 0x00, 0x00, 0x00, 
    130          0x00, 0x00, 0x00, 0x00, 0x00, 0x00, 0x7F, 0x7F, 0x7F, 0x70, 0x70, 0x70, 0x70, 0x70, 0x70, 0x70, 0x70, 0x70, 0x70, 0x00, 0xFF, 0xFF, 0xFF, 0x00, 0x00, 0xFF, 0xFF, 0xFF, 0x00, 0x00, 0x00, 0x00, 0x00, 0x00, 0x00, 0x00, 0x00, 0x01, 0x07, 0x0F, 0x3F, 0x7F, 0xFF, 0xFF, 0xFF, 0xFF, 0xFF, 0xFF, 0xFF, 0xFF, 0xFF, 0x7F, 0x3F, 0x0F, 0x07, 0x01, 0x00, 0x00, 0x00, 0x00, 0x00, 0x00, 0x00, 0x00, 0x01, 0x07, 0x0F, 0x1F, 0x1C, 0x38, 0x38, 0x38, 0x38, 0x38, 0x1C, 0x1F, 0x0F, 0x07, 0x01, 0x00, 0x00, 0x00, 0x00, 0xFF, 0xFF, 0xFF, 0x00, 0x00, 0x00, 0x00, 0x00, 0x00, 0x00, 0xE3, 0xE3, 0xE3, 0x03, 0x03, 0x03, 0x03, 0x03, 0x03, 0x03, 0x03, 0x03, 0x03, 0x03, 0x03, 0x03, 0x03, 0x03, 0x03, 0x03, 0x03, 0x03, 0x03, 0x00, 0x00, 0x00, 0x00, 0x00, 0x00, 
    131          0x00, 0x00, 0x00, 0x00, 0x00, 0x00, 0x00, 0x00, 0x00, 0x00, 0x00, 0x00, 0x00, 0x00, 0x00, 0x00, 0x00, 0x00, 0x00, 0x00, 0x0F, 0x0F, 0x0F, 0x00, 0x00, 0x0F, 0x0F, 0x0F, 0x00, 0x00, 0x00, 0x00, 0x00, 0x00, 0x00, 0x00, 0x00, 0x00, 0x00, 0x00, 0x00, 0x00, 0x01, 0x03, 0x07, 0x0F, 0x1F, 0x0F, 0x07, 0x03, 0x00, 0x00, 0x00, 0x00, 0x00, 0x00, 0x00, 0x00, 0x00, 0x00, 0x00, 0x00, 0x00, 0x00, 0x00, 0x00, 0x00, 0x00, 0x00, 0x00, 0x00, 0x00, 0x00, 0x00, 0x00, 0x00, 0x00, 0x00, 0x00, 0x00, 0x00, 0x00, 0x00, 0x1F, 0x1F, 0x1F, 0x00, 0x00, 0x00, 0x00, 0x00, 0x00, 0x00, 0x1F, 0x1F, 0x1F, 0x1C, 0x1C, 0x1C, 0x1C, 0x1C, 0x1C, 0x1C, 0x1C, 0x1C, 0x1C, 0x1C, 0x1C, 0x1C, 0x1C, 0x1C, 0x1C, 0x1C, 0x1C, 0x1C, 0x00, 0x00, 0x00, 0x00, 0x00, 0x00, 0x00
    132          };

   \                                 In segment DATA_C, align 4, align-sorted
    133          const unsigned char IMAGE_EpiaLogo21[] = {	// 이연경의
   \                     IMAGE_EpiaLogo21:
   \   00000000   000000000080       DC8 0, 0, 0, 0, 0, 128, 192, 192, 224, 224, 224, 224, 224, 192, 192
   \              C0C0E0E0E0E0
   \              E0C0C0      
   \   0000000F   800000000000       DC8 128, 0, 0, 0, 0, 0, 0, 0, 240, 240, 240, 240, 0, 0, 0, 0, 0, 0, 128
   \              0000F0F0F0F0
   \              000000000000
   \              80          
   \   00000022   C0E0E0E0E0E0       DC8 192, 224, 224, 224, 224, 224, 224, 192, 128, 0, 0, 0, 128, 192, 192
   \              E0C080000000
   \              80C0C0      
   \   00000031   C0C0C0F0F0F0       DC8 192, 192, 192, 240, 240, 240, 240, 0, 0, 0, 0, 128, 192, 192, 192
   \              F00000000080
   \              C0C0C0      
   \   00000040   C0C0C0C0C0C0       DC8 192, 192, 192, 192, 192, 192, 192, 192, 192, 192, 192, 192, 0, 0
   \              C0C0C0C0C0C0
   \              0000        
   \   0000004E   808080F0F0F0       DC8 128, 128, 128, 240, 240, 240, 240, 0, 0, 0, 0, 0, 0, 0, 0, 128, 192
   \              F00000000000
   \              00000080C0  
   \   0000005F   E0E0E0E0E0E0       DC8 224, 224, 224, 224, 224, 224, 192, 128, 0, 0, 0, 0, 0, 0, 0, 240
   \              C08000000000
   \              000000F0    
   \   0000006F   F8F8F0000000       DC8 248, 248, 240, 0, 0, 0, 0, 0, 0, 0, 0, 0, 0, 0, 0, 30, 127, 255
   \              000000000000
   \              0000001E7FFF
   \   00000081   FFE1C0C0C0E1       DC8 255, 225, 192, 192, 192, 225, 255, 255, 127, 30, 0, 0, 0, 0, 0, 0
   \              FFFF7F1E0000
   \              00000000    
   \   00000091   FFFFFFFF0000       DC8 255, 255, 255, 255, 0, 0, 0, 0, 0, 31, 63, 127, 255, 241, 224, 224
   \              0000001F3F7F
   \              FFF1E0E0    
   \   000000A1   F1FF7F3F1F00       DC8 241, 255, 127, 63, 31, 0, 0, 49, 57, 57, 57, 57, 57, 255, 255, 255
   \              003139393939
   \              39FFFFFF    
   \   000000B1   FF0000000000       DC8 255, 0, 0, 0, 0, 0, 1, 1, 1, 1, 1, 1, 1, 1, 1, 1, 1, 255, 255, 255
   \              010101010101
   \              0101010101FF
   \              FFFF        
   \   000000C5   FF0031737373       DC8 255, 0, 49, 115, 115, 115, 255, 255, 255, 255, 0, 0, 0, 0, 0, 0, 0
   \              FFFFFFFF0000
   \              0000000000  
   \   000000D6   0F1F3F7F7970       DC8 15, 31, 63, 127, 121, 112, 112, 121, 127, 63, 31, 15, 0, 0, 0, 0, 0
   \              70797F3F1F0F
   \              0000000000  
   \   000000E7   00FFFFFFFF00       DC8 0, 255, 255, 255, 255, 0, 0, 0, 0, 0, 0, 0, 0, 0, 0, 0, 0, 0, 0, 0
   \              000000000000
   \              000000000000
   \              0000        
   \   000000FB   000101010101       DC8 0, 1, 1, 1, 1, 1, 0, 0, 0, 0, 0, 0, 0, 0, 0, 0, 255, 255, 255, 255
   \              000000000000
   \              00000000FFFF
   \              FFFF        
   \   0000010F   000000000000       DC8 0, 0, 0, 0, 0, 0, 248, 248, 248, 248, 0, 0, 0, 0, 0, 0, 0, 0, 0, 0
   \              F8F8F8F80000
   \              000000000000
   \              0000        
   \   00000123   000000000007       DC8 0, 0, 0, 0, 0, 7, 15, 15, 7, 0, 0, 0, 0, 0, 0, 0, 0, 0, 0, 0, 0, 0
   \              0F0F07000000
   \              000000000000
   \              00000000    
   \   00000139   0000F8FCFEFF       DC8 0, 0, 248, 252, 254, 255, 143, 7, 143, 255, 254, 252, 249, 1, 1, 1
   \              8F078FFFFEFC
   \              F9010101    
   \   00000149   00000000000E       DC8 0, 0, 0, 0, 0, 14, 14, 14, 14, 14, 14, 14, 14, 14, 14, 14, 14, 14
   \              0E0E0E0E0E0E
   \              0E0E0E0E0E0E
   \   0000015B   0E0E0E0E0E0E       DC8 14, 14, 14, 14, 14, 14, 14, 255, 255, 255, 255, 0, 0, 0, 0, 0, 0, 0
   \              0EFFFFFFFF00
   \              000000000000
   \   0000016D   000000000000       DC8 0, 0, 0, 0, 0, 0, 0, 0, 0, 0, 0, 0, 0, 0, 0, 0, 0, 0, 0, 0, 0, 0, 0
   \              000000000000
   \              000000000000
   \              0000000000  
   \   00000184   00070F0F0700       DC8 0, 7, 15, 15, 7, 0, 0, 0, 0, 0, 0, 7, 7, 7, 7, 7, 7, 7, 7, 7, 7, 7
   \              000000000007
   \              070707070707
   \              07070707    
   \   0000019A   070707070707       DC8 7, 7, 7, 7, 7, 7, 7, 7, 7, 7, 7, 7, 0, 0, 0, 0, 0, 0, 0, 0, 0, 0, 0
   \              070707070707
   \              000000000000
   \              0000000000  
   \   000001B1   000000000001       DC8 0, 0, 0, 0, 0, 1, 3, 7, 7, 7, 7, 7, 3, 1, 0, 0, 0, 0, 0, 0, 0, 0, 0
   \              030707070707
   \              030100000000
   \              0000000000  
   \   000001C8   000000000000       DC8 0, 0, 0, 0, 0, 0, 0, 0, 0, 0, 0, 0, 0, 0, 0, 0, 0, 0, 0, 0, 7, 7, 7
   \              000000000000
   \              000000000000
   \              0000070707  
   \   000001DF   070000000000       DC8 7, 0, 0, 0, 0, 0, 0, 0, 0
   \              000000      
    134          0x00, 0x00, 0x00, 0x00, 0x00, 0x80, 0xC0, 0xC0, 0xE0, 0xE0, 0xE0, 0xE0, 0xE0, 0xC0, 0xC0, 0x80, 0x00, 0x00, 0x00, 0x00, 0x00, 0x00, 0x00, 0xF0, 0xF0, 0xF0, 0xF0, 0x00, 0x00, 0x00, 0x00, 0x00, 0x00, 0x80, 0xC0, 0xE0, 0xE0, 0xE0, 0xE0, 0xE0, 0xE0, 0xC0, 0x80, 0x00, 0x00, 0x00, 0x80, 0xC0, 0xC0, 0xC0, 0xC0, 0xC0, 0xF0, 0xF0, 0xF0, 0xF0, 0x00, 0x00, 0x00, 0x00, 0x80, 0xC0, 0xC0, 0xC0, 0xC0, 0xC0, 0xC0, 0xC0, 0xC0, 0xC0, 0xC0, 0xC0, 0xC0, 0xC0, 0xC0, 0xC0, 0x00, 0x00, 0x80, 0x80, 0x80, 0xF0, 0xF0, 0xF0, 0xF0, 0x00, 0x00, 0x00, 0x00, 0x00, 0x00, 0x00, 0x00, 0x80, 0xC0, 0xE0, 0xE0, 0xE0, 0xE0, 0xE0, 0xE0, 0xC0, 0x80, 0x00, 0x00, 0x00, 0x00, 0x00, 0x00, 0x00, 0xF0, 0xF8, 0xF8, 0xF0, 0x00, 0x00, 0x00, 0x00, 0x00, 0x00, 0x00, 0x00, 
    135          0x00, 0x00, 0x00, 0x00, 0x1E, 0x7F, 0xFF, 0xFF, 0xE1, 0xC0, 0xC0, 0xC0, 0xE1, 0xFF, 0xFF, 0x7F, 0x1E, 0x00, 0x00, 0x00, 0x00, 0x00, 0x00, 0xFF, 0xFF, 0xFF, 0xFF, 0x00, 0x00, 0x00, 0x00, 0x00, 0x1F, 0x3F, 0x7F, 0xFF, 0xF1, 0xE0, 0xE0, 0xF1, 0xFF, 0x7F, 0x3F, 0x1F, 0x00, 0x00, 0x31, 0x39, 0x39, 0x39, 0x39, 0x39, 0xFF, 0xFF, 0xFF, 0xFF, 0x00, 0x00, 0x00, 0x00, 0x00, 0x01, 0x01, 0x01, 0x01, 0x01, 0x01, 0x01, 0x01, 0x01, 0x01, 0x01, 0xFF, 0xFF, 0xFF, 0xFF, 0x00, 0x31, 0x73, 0x73, 0x73, 0xFF, 0xFF, 0xFF, 0xFF, 0x00, 0x00, 0x00, 0x00, 0x00, 0x00, 0x00, 0x0F, 0x1F, 0x3F, 0x7F, 0x79, 0x70, 0x70, 0x79, 0x7F, 0x3F, 0x1F, 0x0F, 0x00, 0x00, 0x00, 0x00, 0x00, 0x00, 0xFF, 0xFF, 0xFF, 0xFF, 0x00, 0x00, 0x00, 0x00, 0x00, 0x00, 0x00, 0x00, 
    136          0x00, 0x00, 0x00, 0x00, 0x00, 0x00, 0x00, 0x00, 0x01, 0x01, 0x01, 0x01, 0x01, 0x00, 0x00, 0x00, 0x00, 0x00, 0x00, 0x00, 0x00, 0x00, 0x00, 0xFF, 0xFF, 0xFF, 0xFF, 0x00, 0x00, 0x00, 0x00, 0x00, 0x00, 0xF8, 0xF8, 0xF8, 0xF8, 0x00, 0x00, 0x00, 0x00, 0x00, 0x00, 0x00, 0x00, 0x00, 0x00, 0x00, 0x00, 0x00, 0x00, 0x00, 0x07, 0x0F, 0x0F, 0x07, 0x00, 0x00, 0x00, 0x00, 0x00, 0x00, 0x00, 0x00, 0x00, 0x00, 0x00, 0x00, 0x00, 0x00, 0x00, 0xF8, 0xFC, 0xFE, 0xFF, 0x8F, 0x07, 0x8F, 0xFF, 0xFE, 0xFC, 0xF9, 0x01, 0x01, 0x01, 0x00, 0x00, 0x00, 0x00, 0x00, 0x0E, 0x0E, 0x0E, 0x0E, 0x0E, 0x0E, 0x0E, 0x0E, 0x0E, 0x0E, 0x0E, 0x0E, 0x0E, 0x0E, 0x0E, 0x0E, 0x0E, 0x0E, 0x0E, 0x0E, 0xFF, 0xFF, 0xFF, 0xFF, 0x00, 0x00, 0x00, 0x00, 0x00, 0x00, 0x00, 0x00, 
    137          0x00, 0x00, 0x00, 0x00, 0x00, 0x00, 0x00, 0x00, 0x00, 0x00, 0x00, 0x00, 0x00, 0x00, 0x00, 0x00, 0x00, 0x00, 0x00, 0x00, 0x00, 0x00, 0x00, 0x07, 0x0F, 0x0F, 0x07, 0x00, 0x00, 0x00, 0x00, 0x00, 0x00, 0x07, 0x07, 0x07, 0x07, 0x07, 0x07, 0x07, 0x07, 0x07, 0x07, 0x07, 0x07, 0x07, 0x07, 0x07, 0x07, 0x07, 0x07, 0x07, 0x07, 0x07, 0x07, 0x07, 0x00, 0x00, 0x00, 0x00, 0x00, 0x00, 0x00, 0x00, 0x00, 0x00, 0x00, 0x00, 0x00, 0x00, 0x00, 0x00, 0x01, 0x03, 0x07, 0x07, 0x07, 0x07, 0x07, 0x03, 0x01, 0x00, 0x00, 0x00, 0x00, 0x00, 0x00, 0x00, 0x00, 0x00, 0x00, 0x00, 0x00, 0x00, 0x00, 0x00, 0x00, 0x00, 0x00, 0x00, 0x00, 0x00, 0x00, 0x00, 0x00, 0x00, 0x00, 0x00, 0x00, 0x00, 0x07, 0x07, 0x07, 0x07, 0x00, 0x00, 0x00, 0x00, 0x00, 0x00, 0x00, 0x00
    138          };

   \                                 In segment DATA_C, align 4, align-sorted
    139          const unsigned char IMAGE_EpiaLogo22[] = {	// 졸업을
   \                     IMAGE_EpiaLogo22:
   \   00000000   000000000000       DC8 0, 0, 0, 0, 0, 0, 0, 0, 0, 0, 0, 0, 224, 224, 224, 224, 224, 224
   \              000000000000
   \              E0E0E0E0E0E0
   \   00000012   E0E0E0E0E0E0       DC8 224, 224, 224, 224, 224, 224, 224, 224, 224, 224, 224, 224, 224
   \              E0E0E0E0E0E0
   \              E0          
   \   0000001F   E0E0E0E0E0E0       DC8 224, 224, 224, 224, 224, 224, 224, 224, 224, 0, 0, 0, 0, 0, 0, 0, 0
   \              E0E0E0000000
   \              0000000000  
   \   00000030   00C0E0E0F0F0       DC8 0, 192, 224, 224, 240, 240, 240, 240, 240, 224, 224, 192, 0, 0, 0
   \              F0F0F0E0E0C0
   \              000000      
   \   0000003F   000000000000       DC8 0, 0, 0, 0, 0, 0, 240, 248, 248, 240, 0, 0, 0, 0, 0, 0, 0, 0, 0, 0
   \              F0F8F8F00000
   \              000000000000
   \              0000        
   \   00000053   000000000000       DC8 0, 0, 0, 0, 0, 0, 224, 240, 240, 120, 120, 120, 120, 240, 240, 224
   \              E0F0F0787878
   \              78F0F0E0    
   \   00000063   000000000000       DC8 0, 0, 0, 0, 0, 0, 0, 0, 0, 0, 0, 0, 0, 0, 0, 0, 0, 0, 0, 0, 0, 0, 0
   \              000000000000
   \              000000000000
   \              0000000000  
   \   0000007A   000000000000       DC8 0, 0, 0, 0, 0, 0, 0, 0, 0, 0, 0, 128, 136, 188, 188, 156, 156, 158
   \              000000000080
   \              88BCBC9C9C9E
   \   0000008C   8E8E8F878787       DC8 142, 142, 143, 135, 135, 135, 231, 243, 243, 231, 135, 135, 135
   \              E7F3F3E78787
   \              87          
   \   00000099   8F8E8E9E9E9C       DC8 143, 142, 142, 158, 158, 156, 188, 188, 136, 128, 0, 0, 0, 0, 0, 0
   \              BCBC88800000
   \              00000000    
   \   000000A9   001F7FFFFFF1       DC8 0, 31, 127, 255, 255, 241, 224, 224, 224, 241, 255, 255, 127, 31, 0
   \              E0E0E0F1FFFF
   \              7F1F00      
   \   000000B8   040E0E0E0E0E       DC8 4, 14, 14, 14, 14, 14, 14, 255, 255, 255, 255, 0, 0, 0, 0, 0, 0
   \              0EFFFFFFFF00
   \              0000000000  
   \   000000C9   808080808080       DC8 128, 128, 128, 128, 128, 128, 128, 128, 128, 131, 159, 191, 191
   \              808080839FBF
   \              BF          
   \   000000D6   F8F8F8F8BFBF       DC8 248, 248, 248, 248, 191, 191, 159, 131, 128, 128, 128, 128, 128
   \              9F8380808080
   \              80          
   \   000000E3   808080800000       DC8 128, 128, 128, 128, 0, 0, 0, 0, 0, 0, 0, 0, 0, 0, 0, 0, 0, 0, 0, 0
   \              000000000000
   \              000000000000
   \              0000        
   \   000000F7   000000000000       DC8 0, 0, 0, 0, 0, 0, 0, 0, 3, 187, 251, 187, 187, 187, 187, 187, 187
   \              000003BBFBBB
   \              BBBBBBBBBB  
   \   00000108   BBBBBBBBBBBB       DC8 187, 187, 187, 187, 187, 187, 187, 187, 187, 187, 187, 187, 187
   \              BBBBBBBBBBBB
   \              BB          
   \   00000115   BBBBFBFBFBFB       DC8 187, 187, 251, 251, 251, 251, 3, 3, 0, 0, 0, 0, 0, 0, 0, 0, 252
   \              030300000000
   \              00000000FC  
   \   00000126   FCFCFD717171       DC8 252, 252, 253, 113, 113, 113, 113, 112, 112, 112, 112, 112, 112
   \              717070707070
   \              70          
   \   00000133   707070707070       DC8 112, 112, 112, 112, 112, 112, 253, 253, 253, 253, 0, 0, 0, 0, 0, 0
   \              FDFDFDFD0000
   \              00000000    
   \   00000143   03BBFBBBBBBB       DC8 3, 187, 251, 187, 187, 187, 187, 187, 187, 187, 187, 187, 187, 187
   \              BBBBBBBBBBBB
   \              BBBB        
   \   00000151   BBBBBBBBBBBB       DC8 187, 187, 187, 187, 187, 187, 187, 187, 187, 187, 251, 251, 251
   \              BBBBBBBBFBFB
   \              FB          
   \   0000015E   FB0303000000       DC8 251, 3, 3, 0, 0, 0, 0, 0, 0, 0, 0, 0, 0, 0, 0, 0, 0, 0, 0, 0, 0, 0
   \              000000000000
   \              000000000000
   \              00000000    
   \   00000174   000000000000       DC8 0, 0, 0, 0, 0, 0, 31, 31, 31, 31, 29, 29, 29, 29, 29, 29, 29, 29
   \              1F1F1F1F1D1D
   \              1D1D1D1D1D1D
   \   00000186   1D1D1D1D1D1D       DC8 29, 29, 29, 29, 29, 29, 29, 29, 29, 29, 29, 29, 29, 29, 29, 16, 0
   \              1D1D1D1D1D1D
   \              1D1D1D1000  
   \   00000197   000000000000       DC8 0, 0, 0, 0, 0, 0, 0, 0, 15, 31, 31, 31, 30, 30, 30, 30, 30, 28, 28
   \              00000F1F1F1F
   \              1E1E1E1E1E1C
   \              1C          
   \   000001AA   1C1C1C1C1C1C       DC8 28, 28, 28, 28, 28, 28, 28, 30, 30, 31, 31, 31, 31, 0, 0, 0, 0, 0
   \              1C1E1E1F1F1F
   \              1F0000000000
   \   000001BC   00001F1F1F1F       DC8 0, 0, 31, 31, 31, 31, 29, 29, 29, 29, 29, 29, 29, 29, 29, 29, 29
   \              1D1D1D1D1D1D
   \              1D1D1D1D1D  
   \   000001CD   1D1D1D1D1D1D       DC8 29, 29, 29, 29, 29, 29, 29, 29, 29, 29, 29, 29, 16, 0, 0, 0, 0, 0
   \              1D1D1D1D1D1D
   \              100000000000
   \   000001DF   000000000000       DC8 0, 0, 0, 0, 0, 0, 0, 0, 0
   \              000000      
    140          0x00, 0x00, 0x00, 0x00, 0x00, 0x00, 0x00, 0x00, 0x00, 0x00, 0x00, 0x00, 0xE0, 0xE0, 0xE0, 0xE0, 0xE0, 0xE0, 0xE0, 0xE0, 0xE0, 0xE0, 0xE0, 0xE0, 0xE0, 0xE0, 0xE0, 0xE0, 0xE0, 0xE0, 0xE0, 0xE0, 0xE0, 0xE0, 0xE0, 0xE0, 0xE0, 0xE0, 0xE0, 0xE0, 0x00, 0x00, 0x00, 0x00, 0x00, 0x00, 0x00, 0x00, 0x00, 0xC0, 0xE0, 0xE0, 0xF0, 0xF0, 0xF0, 0xF0, 0xF0, 0xE0, 0xE0, 0xC0, 0x00, 0x00, 0x00, 0x00, 0x00, 0x00, 0x00, 0x00, 0x00, 0xF0, 0xF8, 0xF8, 0xF0, 0x00, 0x00, 0x00, 0x00, 0x00, 0x00, 0x00, 0x00, 0x00, 0x00, 0x00, 0x00, 0x00, 0x00, 0x00, 0x00, 0xE0, 0xF0, 0xF0, 0x78, 0x78, 0x78, 0x78, 0xF0, 0xF0, 0xE0, 0x00, 0x00, 0x00, 0x00, 0x00, 0x00, 0x00, 0x00, 0x00, 0x00, 0x00, 0x00, 0x00, 0x00, 0x00, 0x00, 0x00, 0x00, 0x00, 0x00, 0x00, 0x00, 0x00, 
    141          0x00, 0x00, 0x00, 0x00, 0x00, 0x00, 0x00, 0x00, 0x00, 0x00, 0x00, 0x80, 0x88, 0xBC, 0xBC, 0x9C, 0x9C, 0x9E, 0x8E, 0x8E, 0x8F, 0x87, 0x87, 0x87, 0xE7, 0xF3, 0xF3, 0xE7, 0x87, 0x87, 0x87, 0x8F, 0x8E, 0x8E, 0x9E, 0x9E, 0x9C, 0xBC, 0xBC, 0x88, 0x80, 0x00, 0x00, 0x00, 0x00, 0x00, 0x00, 0x00, 0x1F, 0x7F, 0xFF, 0xFF, 0xF1, 0xE0, 0xE0, 0xE0, 0xF1, 0xFF, 0xFF, 0x7F, 0x1F, 0x00, 0x04, 0x0E, 0x0E, 0x0E, 0x0E, 0x0E, 0x0E, 0xFF, 0xFF, 0xFF, 0xFF, 0x00, 0x00, 0x00, 0x00, 0x00, 0x00, 0x80, 0x80, 0x80, 0x80, 0x80, 0x80, 0x80, 0x80, 0x80, 0x83, 0x9F, 0xBF, 0xBF, 0xF8, 0xF8, 0xF8, 0xF8, 0xBF, 0xBF, 0x9F, 0x83, 0x80, 0x80, 0x80, 0x80, 0x80, 0x80, 0x80, 0x80, 0x80, 0x00, 0x00, 0x00, 0x00, 0x00, 0x00, 0x00, 0x00, 0x00, 0x00, 0x00, 0x00, 0x00, 
    142          0x00, 0x00, 0x00, 0x00, 0x00, 0x00, 0x00, 0x00, 0x00, 0x00, 0x00, 0x03, 0xBB, 0xFB, 0xBB, 0xBB, 0xBB, 0xBB, 0xBB, 0xBB, 0xBB, 0xBB, 0xBB, 0xBB, 0xBB, 0xBB, 0xBB, 0xBB, 0xBB, 0xBB, 0xBB, 0xBB, 0xBB, 0xBB, 0xBB, 0xFB, 0xFB, 0xFB, 0xFB, 0x03, 0x03, 0x00, 0x00, 0x00, 0x00, 0x00, 0x00, 0x00, 0x00, 0xFC, 0xFC, 0xFC, 0xFD, 0x71, 0x71, 0x71, 0x71, 0x70, 0x70, 0x70, 0x70, 0x70, 0x70, 0x70, 0x70, 0x70, 0x70, 0x70, 0x70, 0xFD, 0xFD, 0xFD, 0xFD, 0x00, 0x00, 0x00, 0x00, 0x00, 0x00, 0x03, 0xBB, 0xFB, 0xBB, 0xBB, 0xBB, 0xBB, 0xBB, 0xBB, 0xBB, 0xBB, 0xBB, 0xBB, 0xBB, 0xBB, 0xBB, 0xBB, 0xBB, 0xBB, 0xBB, 0xBB, 0xBB, 0xBB, 0xBB, 0xFB, 0xFB, 0xFB, 0xFB, 0x03, 0x03, 0x00, 0x00, 0x00, 0x00, 0x00, 0x00, 0x00, 0x00, 0x00, 0x00, 0x00, 0x00, 0x00, 
    143          0x00, 0x00, 0x00, 0x00, 0x00, 0x00, 0x00, 0x00, 0x00, 0x00, 0x00, 0x00, 0x1F, 0x1F, 0x1F, 0x1F, 0x1D, 0x1D, 0x1D, 0x1D, 0x1D, 0x1D, 0x1D, 0x1D, 0x1D, 0x1D, 0x1D, 0x1D, 0x1D, 0x1D, 0x1D, 0x1D, 0x1D, 0x1D, 0x1D, 0x1D, 0x1D, 0x1D, 0x1D, 0x10, 0x00, 0x00, 0x00, 0x00, 0x00, 0x00, 0x00, 0x00, 0x00, 0x0F, 0x1F, 0x1F, 0x1F, 0x1E, 0x1E, 0x1E, 0x1E, 0x1E, 0x1C, 0x1C, 0x1C, 0x1C, 0x1C, 0x1C, 0x1C, 0x1C, 0x1C, 0x1E, 0x1E, 0x1F, 0x1F, 0x1F, 0x1F, 0x00, 0x00, 0x00, 0x00, 0x00, 0x00, 0x00, 0x1F, 0x1F, 0x1F, 0x1F, 0x1D, 0x1D, 0x1D, 0x1D, 0x1D, 0x1D, 0x1D, 0x1D, 0x1D, 0x1D, 0x1D, 0x1D, 0x1D, 0x1D, 0x1D, 0x1D, 0x1D, 0x1D, 0x1D, 0x1D, 0x1D, 0x1D, 0x1D, 0x10, 0x00, 0x00, 0x00, 0x00, 0x00, 0x00, 0x00, 0x00, 0x00, 0x00, 0x00, 0x00, 0x00, 0x00
    144          };

   \                                 In segment DATA_C, align 4, align-sorted
    145          const unsigned char IMAGE_EpiaLogo23[] = {	// 축하합니다
   \                     IMAGE_EpiaLogo23:
   \   00000000   FF01010181C1       DC8 255, 1, 1, 1, 129, 193, 193, 193, 193, 249, 241, 241, 241, 193, 193
   \              C1C1C1F9F1F1
   \              F1C1C1      
   \   0000000F   C1C101010101       DC8 193, 193, 1, 1, 1, 1, 1, 97, 225, 225, 225, 225, 249, 249, 249, 241
   \              0161E1E1E1E1
   \              F9F9F9F1    
   \   0000001F   E1E1C1410101       DC8 225, 225, 193, 65, 1, 1, 225, 225, 225, 225, 1, 1, 1, 1, 1, 1, 1
   \              E1E1E1E10101
   \              0101010101  
   \   00000030   61E1E1E1E1F9       DC8 97, 225, 225, 225, 225, 249, 249, 249, 241, 225, 225, 193, 65, 1, 1
   \              F9F9F1E1E1C1
   \              410101      
   \   0000003F   E1E1E1E10101       DC8 225, 225, 225, 225, 1, 1, 1, 1, 1, 1, 1, 1, 225, 225, 225, 225, 1
   \              010101010101
   \              E1E1E1E101  
   \   00000050   010101010101       DC8 1, 1, 1, 1, 1, 1, 1, 1, 1, 225, 225, 225, 33, 1, 1, 1, 1, 241, 241
   \              010101E1E1E1
   \              2101010101F1
   \              F1          
   \   00000063   F1E121212121       DC8 241, 225, 33, 33, 33, 33, 97, 97, 97, 1, 1, 1, 225, 225, 225, 225
   \              616161010101
   \              E1E1E1E1    
   \   00000073   010101010101       DC8 1, 1, 1, 1, 1, 1, 255, 255, 0, 0, 0, 0, 192, 240, 252, 255, 63, 15
   \              FFFF00000000
   \              C0F0FCFF3F0F
   \   00000085   0F18387060C0       DC8 15, 24, 56, 112, 96, 192, 0, 0, 0, 0, 0, 63, 127, 255, 225, 192
   \              00000000003F
   \              7FFFE1C0    
   \   00000095   808080C0E1FF       DC8 128, 128, 128, 192, 225, 255, 127, 30, 0, 0, 255, 255, 255, 13, 12
   \              7F1E0000FFFF
   \              FF0D0C      
   \   000000A4   0C0C0C000000       DC8 12, 12, 12, 0, 0, 0, 63, 127, 255, 225, 192, 128, 128, 128, 192
   \              3F7FFFE1C080
   \              8080C0      
   \   000000B3   E1FF7F1E0000       DC8 225, 255, 127, 30, 0, 0, 255, 255, 255, 13, 12, 12, 12, 12, 0, 0, 0
   \              FFFFFF0D0C0C
   \              0C0C000000  
   \   000000C4   00FFFFFF8380       DC8 0, 255, 255, 255, 131, 128, 128, 128, 128, 128, 192, 192, 192, 0
   \              80808080C0C0
   \              C000        
   \   000000D2   80FFFFFF0000       DC8 128, 255, 255, 255, 0, 0, 0, 0, 0, 255, 255, 255, 131, 128, 128
   \              000000FFFFFF
   \              838080      
   \   000000E1   808080C0C0C0       DC8 128, 128, 128, 192, 192, 192, 0, 0, 255, 255, 255, 13, 12, 12, 12
   \              0000FFFFFF0D
   \              0C0C0C      
   \   000000F0   0C0000FFFF00       DC8 12, 0, 0, 255, 255, 0, 0, 0, 1, 140, 77, 77, 204, 252, 252, 252
   \              0000018C4D4D
   \              CCFCFCFC    
   \   00000100   DCC4C4C4C604       DC8 220, 196, 196, 196, 198, 4, 0, 0, 0, 0, 0, 0, 0, 1, 1, 1, 1, 1, 1
   \              000000000000
   \              000101010101
   \              01          
   \   00000113   010000000000       DC8 1, 0, 0, 0, 0, 0, 3, 3, 3, 0, 0, 0, 0, 0, 0, 0, 0, 0, 0, 0, 1, 1, 1
   \              030303000000
   \              000000000000
   \              0000010101  
   \   0000012A   01010101FCFC       DC8 1, 1, 1, 1, 252, 252, 252, 60, 48, 51, 51, 51, 240, 252, 252, 248
   \              FC3C30333333
   \              F0FCFCF8    
   \   0000013A   000000000001       DC8 0, 0, 0, 0, 0, 1, 1, 1, 1, 0, 0, 0, 0, 0, 0, 0, 0, 0, 3, 3, 3, 3, 0
   \              010101000000
   \              000000000000
   \              0303030300  
   \   00000151   000000000101       DC8 0, 0, 0, 0, 1, 1, 1, 1, 1, 1, 0, 0, 0, 0, 0, 0, 0, 0, 3, 3, 3, 0, 0
   \              010101010000
   \              000000000000
   \              0303030000  
   \   00000168   0000000000FF       DC8 0, 0, 0, 0, 0, 255, 255, 128, 128, 128, 128, 128, 128, 128, 128
   \              FF8080808080
   \              808080      
   \   00000177   80808080BFBF       DC8 128, 128, 128, 128, 191, 191, 191, 128, 128, 128, 128, 128, 128
   \              BF8080808080
   \              80          
   \   00000184   808080808080       DC8 128, 128, 128, 128, 128, 128, 128, 128, 128, 128, 128, 128, 128
   \              808080808080
   \              80          
   \   00000191   808080808080       DC8 128, 128, 128, 128, 128, 128, 128, 128, 128, 128, 128, 128, 128
   \              808080808080
   \              80          
   \   0000019E   808080808080       DC8 128, 128, 128, 128, 128, 128, 128, 128, 128, 128, 131, 131, 131
   \              808080808383
   \              83          
   \   000001AB   838383838383       DC8 131, 131, 131, 131, 131, 131, 131, 131, 131, 128, 128, 128, 128
   \              838383808080
   \              80          
   \   000001B8   808080808080       DC8 128, 128, 128, 128, 128, 128, 128, 128, 128, 128, 128, 128, 128
   \              808080808080
   \              80          
   \   000001C5   808080808080       DC8 128, 128, 128, 128, 128, 128, 128, 128, 128, 128, 128, 128, 128
   \              808080808080
   \              80          
   \   000001D2   808080808080       DC8 128, 128, 128, 128, 128, 128, 128, 128, 128, 128, 128, 128, 128
   \              808080808080
   \              80          
   \   000001DF   808080808080       DC8 128, 128, 128, 128, 128, 128, 128, 128, 255
   \              8080FF      
    146          0xFF, 0x01, 0x01, 0x01, 0x81, 0xC1, 0xC1, 0xC1, 0xC1, 0xF9, 0xF1, 0xF1, 0xF1, 0xC1, 0xC1, 0xC1, 0xC1, 0x01, 0x01, 0x01, 0x01, 0x01, 0x61, 0xE1, 0xE1, 0xE1, 0xE1, 0xF9, 0xF9, 0xF9, 0xF1, 0xE1, 0xE1, 0xC1, 0x41, 0x01, 0x01, 0xE1, 0xE1, 0xE1, 0xE1, 0x01, 0x01, 0x01, 0x01, 0x01, 0x01, 0x01, 0x61, 0xE1, 0xE1, 0xE1, 0xE1, 0xF9, 0xF9, 0xF9, 0xF1, 0xE1, 0xE1, 0xC1, 0x41, 0x01, 0x01, 0xE1, 0xE1, 0xE1, 0xE1, 0x01, 0x01, 0x01, 0x01, 0x01, 0x01, 0x01, 0x01, 0xE1, 0xE1, 0xE1, 0xE1, 0x01, 0x01, 0x01, 0x01, 0x01, 0x01, 0x01, 0x01, 0x01, 0x01, 0xE1, 0xE1, 0xE1, 0x21, 0x01, 0x01, 0x01, 0x01, 0xF1, 0xF1, 0xF1, 0xE1, 0x21, 0x21, 0x21, 0x21, 0x61, 0x61, 0x61, 0x01, 0x01, 0x01, 0xE1, 0xE1, 0xE1, 0xE1, 0x01, 0x01, 0x01, 0x01, 0x01, 0x01, 0xFF, 
    147          0xFF, 0x00, 0x00, 0x00, 0x00, 0xC0, 0xF0, 0xFC, 0xFF, 0x3F, 0x0F, 0x0F, 0x18, 0x38, 0x70, 0x60, 0xC0, 0x00, 0x00, 0x00, 0x00, 0x00, 0x3F, 0x7F, 0xFF, 0xE1, 0xC0, 0x80, 0x80, 0x80, 0xC0, 0xE1, 0xFF, 0x7F, 0x1E, 0x00, 0x00, 0xFF, 0xFF, 0xFF, 0x0D, 0x0C, 0x0C, 0x0C, 0x0C, 0x00, 0x00, 0x00, 0x3F, 0x7F, 0xFF, 0xE1, 0xC0, 0x80, 0x80, 0x80, 0xC0, 0xE1, 0xFF, 0x7F, 0x1E, 0x00, 0x00, 0xFF, 0xFF, 0xFF, 0x0D, 0x0C, 0x0C, 0x0C, 0x0C, 0x00, 0x00, 0x00, 0x00, 0xFF, 0xFF, 0xFF, 0x83, 0x80, 0x80, 0x80, 0x80, 0x80, 0xC0, 0xC0, 0xC0, 0x00, 0x80, 0xFF, 0xFF, 0xFF, 0x00, 0x00, 0x00, 0x00, 0x00, 0xFF, 0xFF, 0xFF, 0x83, 0x80, 0x80, 0x80, 0x80, 0x80, 0xC0, 0xC0, 0xC0, 0x00, 0x00, 0xFF, 0xFF, 0xFF, 0x0D, 0x0C, 0x0C, 0x0C, 0x0C, 0x00, 0x00, 0xFF, 
    148          0xFF, 0x00, 0x00, 0x00, 0x01, 0x8C, 0x4D, 0x4D, 0xCC, 0xFC, 0xFC, 0xFC, 0xDC, 0xC4, 0xC4, 0xC4, 0xC6, 0x04, 0x00, 0x00, 0x00, 0x00, 0x00, 0x00, 0x00, 0x01, 0x01, 0x01, 0x01, 0x01, 0x01, 0x01, 0x00, 0x00, 0x00, 0x00, 0x00, 0x03, 0x03, 0x03, 0x00, 0x00, 0x00, 0x00, 0x00, 0x00, 0x00, 0x00, 0x00, 0x00, 0x00, 0x01, 0x01, 0x01, 0x01, 0x01, 0x01, 0x01, 0xFC, 0xFC, 0xFC, 0x3C, 0x30, 0x33, 0x33, 0x33, 0xF0, 0xFC, 0xFC, 0xF8, 0x00, 0x00, 0x00, 0x00, 0x00, 0x01, 0x01, 0x01, 0x01, 0x00, 0x00, 0x00, 0x00, 0x00, 0x00, 0x00, 0x00, 0x00, 0x03, 0x03, 0x03, 0x03, 0x00, 0x00, 0x00, 0x00, 0x00, 0x01, 0x01, 0x01, 0x01, 0x01, 0x01, 0x00, 0x00, 0x00, 0x00, 0x00, 0x00, 0x00, 0x00, 0x03, 0x03, 0x03, 0x00, 0x00, 0x00, 0x00, 0x00, 0x00, 0x00, 0xFF, 
    149          0xFF, 0x80, 0x80, 0x80, 0x80, 0x80, 0x80, 0x80, 0x80, 0x80, 0x80, 0x80, 0x80, 0xBF, 0xBF, 0xBF, 0x80, 0x80, 0x80, 0x80, 0x80, 0x80, 0x80, 0x80, 0x80, 0x80, 0x80, 0x80, 0x80, 0x80, 0x80, 0x80, 0x80, 0x80, 0x80, 0x80, 0x80, 0x80, 0x80, 0x80, 0x80, 0x80, 0x80, 0x80, 0x80, 0x80, 0x80, 0x80, 0x80, 0x80, 0x80, 0x80, 0x80, 0x80, 0x80, 0x80, 0x80, 0x80, 0x83, 0x83, 0x83, 0x83, 0x83, 0x83, 0x83, 0x83, 0x83, 0x83, 0x83, 0x83, 0x80, 0x80, 0x80, 0x80, 0x80, 0x80, 0x80, 0x80, 0x80, 0x80, 0x80, 0x80, 0x80, 0x80, 0x80, 0x80, 0x80, 0x80, 0x80, 0x80, 0x80, 0x80, 0x80, 0x80, 0x80, 0x80, 0x80, 0x80, 0x80, 0x80, 0x80, 0x80, 0x80, 0x80, 0x80, 0x80, 0x80, 0x80, 0x80, 0x80, 0x80, 0x80, 0x80, 0x80, 0x80, 0x80, 0x80, 0x80, 0x80, 0x80, 0x80, 0xFF
    150          };

   \                                 In segment DATA_C, align 4, align-sorted
    151          const unsigned char IMAGE_EpiaLogo24[] = {	// 아빠
   \                     IMAGE_EpiaLogo24:
   \   00000000   000000000000       DC8 0, 0, 0, 0, 0, 0, 0, 0, 0, 0, 0, 0, 0, 0, 0, 0, 0, 0, 0, 0, 0, 0, 0
   \              000000000000
   \              000000000000
   \              0000000000  
   \   00000017   008080000000       DC8 0, 128, 128, 0, 0, 0, 0, 0, 0, 0, 0, 128, 128, 0, 0, 0, 0, 0, 0, 0
   \              000000000080
   \              800000000000
   \              0000        
   \   0000002B   000000000000       DC8 0, 0, 0, 0, 0, 0, 0, 0, 0, 128, 128, 0, 0, 0, 0, 0, 0, 0, 0, 0, 0
   \              000000808000
   \              000000000000
   \              000000      
   \   00000040   000000000000       DC8 0, 0, 0, 0, 0, 0, 0, 0, 0, 192, 224, 112, 24, 24, 112, 224, 192, 0
   \              000000C0E070
   \              181870E0C000
   \   00000052   000000000000       DC8 0, 0, 0, 0, 0, 0, 0, 0, 0, 0, 0, 0, 0, 0, 0, 0, 0, 192, 224, 112
   \              000000000000
   \              0000000000C0
   \              E070        
   \   00000066   181870E0C000       DC8 24, 24, 112, 224, 192, 0, 0, 0, 0, 0, 0, 0, 0, 0, 0, 0, 0, 0, 0, 0
   \              000000000000
   \              000000000000
   \              0000        
   \   0000007A   000000000000       DC8 0, 0, 0, 0, 0, 0, 0, 240, 248, 12, 6, 6, 14, 12, 12, 252, 240, 0, 0
   \              00F0F80C0606
   \              0E0C0CFCF000
   \              00          
   \   0000008D   000000C0FFFF       DC8 0, 0, 0, 192, 255, 255, 193, 192, 192, 192, 192, 128, 0, 128, 255
   \              C1C0C0C0C080
   \              0080FF      
   \   0000009C   FFC1E060FFFF       DC8 255, 193, 224, 96, 255, 255, 48, 48, 48, 252, 255, 51, 0, 0, 0, 0
   \              303030FCFF33
   \              00000000    
   \   000000AC   C0FFFFC1C0C0       DC8 192, 255, 255, 193, 192, 192, 192, 192, 128, 0, 0, 0, 0, 0, 0, 0, 0
   \              C0C080000000
   \              0000000000  
   \   000000BD   000000000001       DC8 0, 0, 0, 0, 0, 1, 1, 0, 0, 0, 0, 0, 0, 1, 0, 0, 0, 0, 0, 0, 0, 0, 0
   \              010000000000
   \              000100000000
   \              0000000000  
   \   000000D4   000000000000       DC8 0, 0, 0, 0, 0, 0, 0, 0, 1, 1, 0, 0, 0, 0, 0, 0, 1, 0, 0, 0, 0, 0, 0
   \              000001010000
   \              000000000100
   \              0000000000  
   \   000000EB   000000000000       DC8 0, 0, 0, 0, 0, 0, 0, 0, 0, 0, 0, 0, 0, 0, 0, 0, 0, 3, 7, 6, 6, 6, 6
   \              000000000000
   \              000000000003
   \              0706060606  
   \   00000102   030300000000       DC8 3, 3, 0, 0, 0, 0, 0, 0, 255, 255, 0, 0, 0, 0, 0, 0, 0, 0, 7, 127
   \              0000FFFF0000
   \              000000000000
   \              077F        
   \   00000116   7F6020207F3F       DC8 127, 96, 32, 32, 127, 63, 48, 48, 48, 63, 63, 0, 0, 0, 0, 0, 255
   \              3030303F3F00
   \              00000000FF  
   \   00000127   FF0000000000       DC8 255, 0, 0, 0, 0, 0, 0, 0, 0, 0, 0, 0, 0, 0, 0, 0, 0, 0, 0, 0, 0, 0
   \              000000000000
   \              000000000000
   \              00000000    
   \   0000013D   000000000000       DC8 0, 0, 0, 0, 0, 0, 0, 0, 0, 8, 12, 12, 12, 12, 12, 12, 12, 12, 12
   \              000000080C0C
   \              0C0C0C0C0C0C
   \              0C          
   \   00000150   0C0C0C0C0C00       DC8 12, 12, 12, 12, 12, 0, 0, 0, 0, 0, 0, 0, 0, 0, 0, 0, 0, 0, 0, 0, 0
   \              000000000000
   \              000000000000
   \              000000      
   \   00000165   000000000000       DC8 0, 0, 0, 0, 0, 0, 0, 0, 0, 0, 0, 0, 0, 0, 0, 0, 0, 0, 0, 0, 0, 0, 0
   \              000000000000
   \              000000000000
   \              0000000000  
   \   0000017C   000000000000       DC8 0, 0, 0, 0, 0, 0, 0, 0, 63, 63, 0, 0, 0, 0, 0, 0, 0, 0, 0, 0, 0, 0
   \              00003F3F0000
   \              000000000000
   \              00000000    
   \   00000192   000000000000       DC8 0, 0, 0, 0, 0, 0, 0, 0, 0, 0, 0, 0, 0, 0, 63, 63, 0, 0, 0, 0, 0, 0
   \              000000000000
   \              00003F3F0000
   \              00000000    
   \   000001A8   000000000000       DC8 0, 0, 0, 0, 0, 0, 0, 0, 0, 0, 0, 0, 0, 0, 0, 0, 0, 0, 0, 0, 0, 0, 0
   \              000000000000
   \              000000000000
   \              0000000000  
   \   000001BF   000000000000       DC8 0, 0, 0, 0, 0, 0, 0, 0, 0, 0, 0, 0, 0, 0, 0, 0, 0, 0, 0, 0, 0, 0, 0
   \              000000000000
   \              000000000000
   \              0000000000  
   \   000001D6   000000000000       DC8 0, 0, 0, 0, 0, 0, 0, 0, 0, 0, 0, 0, 0, 0, 0, 0, 0, 0
   \              000000000000
   \              000000000000
    152          0x00, 0x00, 0x00, 0x00, 0x00, 0x00, 0x00, 0x00, 0x00, 0x00, 0x00, 0x00, 0x00, 0x00, 0x00, 0x00, 0x00, 0x00, 0x00, 0x00, 0x00, 0x00, 0x00, 0x00, 0x80, 0x80, 0x00, 0x00, 0x00, 0x00, 0x00, 0x00, 0x00, 0x00, 0x80, 0x80, 0x00, 0x00, 0x00, 0x00, 0x00, 0x00, 0x00, 0x00, 0x00, 0x00, 0x00, 0x00, 0x00, 0x00, 0x00, 0x00, 0x80, 0x80, 0x00, 0x00, 0x00, 0x00, 0x00, 0x00, 0x00, 0x00, 0x00, 0x00, 0x00, 0x00, 0x00, 0x00, 0x00, 0x00, 0x00, 0x00, 0x00, 0xC0, 0xE0, 0x70, 0x18, 0x18, 0x70, 0xE0, 0xC0, 0x00, 0x00, 0x00, 0x00, 0x00, 0x00, 0x00, 0x00, 0x00, 0x00, 0x00, 0x00, 0x00, 0x00, 0x00, 0x00, 0x00, 0x00, 0xC0, 0xE0, 0x70, 0x18, 0x18, 0x70, 0xE0, 0xC0, 0x00, 0x00, 0x00, 0x00, 0x00, 0x00, 0x00, 0x00, 0x00, 0x00, 0x00, 0x00, 0x00, 0x00, 0x00, 
    153          0x00, 0x00, 0x00, 0x00, 0x00, 0x00, 0x00, 0xF0, 0xF8, 0x0C, 0x06, 0x06, 0x0E, 0x0C, 0x0C, 0xFC, 0xF0, 0x00, 0x00, 0x00, 0x00, 0x00, 0xC0, 0xFF, 0xFF, 0xC1, 0xC0, 0xC0, 0xC0, 0xC0, 0x80, 0x00, 0x80, 0xFF, 0xFF, 0xC1, 0xE0, 0x60, 0xFF, 0xFF, 0x30, 0x30, 0x30, 0xFC, 0xFF, 0x33, 0x00, 0x00, 0x00, 0x00, 0xC0, 0xFF, 0xFF, 0xC1, 0xC0, 0xC0, 0xC0, 0xC0, 0x80, 0x00, 0x00, 0x00, 0x00, 0x00, 0x00, 0x00, 0x00, 0x00, 0x00, 0x00, 0x00, 0x00, 0x01, 0x01, 0x00, 0x00, 0x00, 0x00, 0x00, 0x00, 0x01, 0x00, 0x00, 0x00, 0x00, 0x00, 0x00, 0x00, 0x00, 0x00, 0x00, 0x00, 0x00, 0x00, 0x00, 0x00, 0x00, 0x00, 0x01, 0x01, 0x00, 0x00, 0x00, 0x00, 0x00, 0x00, 0x01, 0x00, 0x00, 0x00, 0x00, 0x00, 0x00, 0x00, 0x00, 0x00, 0x00, 0x00, 0x00, 0x00, 0x00, 0x00, 
    154          0x00, 0x00, 0x00, 0x00, 0x00, 0x00, 0x00, 0x00, 0x03, 0x07, 0x06, 0x06, 0x06, 0x06, 0x03, 0x03, 0x00, 0x00, 0x00, 0x00, 0x00, 0x00, 0xFF, 0xFF, 0x00, 0x00, 0x00, 0x00, 0x00, 0x00, 0x00, 0x00, 0x07, 0x7F, 0x7F, 0x60, 0x20, 0x20, 0x7F, 0x3F, 0x30, 0x30, 0x30, 0x3F, 0x3F, 0x00, 0x00, 0x00, 0x00, 0x00, 0xFF, 0xFF, 0x00, 0x00, 0x00, 0x00, 0x00, 0x00, 0x00, 0x00, 0x00, 0x00, 0x00, 0x00, 0x00, 0x00, 0x00, 0x00, 0x00, 0x00, 0x00, 0x00, 0x00, 0x00, 0x00, 0x00, 0x00, 0x00, 0x00, 0x00, 0x00, 0x00, 0x08, 0x0C, 0x0C, 0x0C, 0x0C, 0x0C, 0x0C, 0x0C, 0x0C, 0x0C, 0x0C, 0x0C, 0x0C, 0x0C, 0x0C, 0x00, 0x00, 0x00, 0x00, 0x00, 0x00, 0x00, 0x00, 0x00, 0x00, 0x00, 0x00, 0x00, 0x00, 0x00, 0x00, 0x00, 0x00, 0x00, 0x00, 0x00, 0x00, 0x00, 0x00, 0x00, 
    155          0x00, 0x00, 0x00, 0x00, 0x00, 0x00, 0x00, 0x00, 0x00, 0x00, 0x00, 0x00, 0x00, 0x00, 0x00, 0x00, 0x00, 0x00, 0x00, 0x00, 0x00, 0x00, 0x3F, 0x3F, 0x00, 0x00, 0x00, 0x00, 0x00, 0x00, 0x00, 0x00, 0x00, 0x00, 0x00, 0x00, 0x00, 0x00, 0x00, 0x00, 0x00, 0x00, 0x00, 0x00, 0x00, 0x00, 0x00, 0x00, 0x00, 0x00, 0x3F, 0x3F, 0x00, 0x00, 0x00, 0x00, 0x00, 0x00, 0x00, 0x00, 0x00, 0x00, 0x00, 0x00, 0x00, 0x00, 0x00, 0x00, 0x00, 0x00, 0x00, 0x00, 0x00, 0x00, 0x00, 0x00, 0x00, 0x00, 0x00, 0x00, 0x00, 0x00, 0x00, 0x00, 0x00, 0x00, 0x00, 0x00, 0x00, 0x00, 0x00, 0x00, 0x00, 0x00, 0x00, 0x00, 0x00, 0x00, 0x00, 0x00, 0x00, 0x00, 0x00, 0x00, 0x00, 0x00, 0x00, 0x00, 0x00, 0x00, 0x00, 0x00, 0x00, 0x00, 0x00, 0x00, 0x00, 0x00, 0x00, 0x00, 0x00, 0x00
    156          };

   \                                 In segment DATA_C, align 4, align-sorted
    157          const unsigned char IMAGE_TEST[] = {/*122 x 32  TEST image */ 
   \                     IMAGE_TEST:
   \   00000000   000000000000       DC8 0, 0, 0, 0, 0, 0, 0, 0, 128, 64, 32, 16, 8, 4, 2, 1, 1, 2, 4, 8, 16
   \              000080402010
   \              080402010102
   \              040810      
   \   00000015   204080000000       DC8 32, 64, 128, 0, 0, 0, 0, 0, 0, 0, 0, 0, 0, 0, 0, 0, 0, 0, 0, 128
   \              000000000000
   \              000000000000
   \              0080        
   \   00000029   402010080402       DC8 64, 32, 16, 8, 4, 2, 1, 1, 2, 4, 8, 16, 32, 64, 128, 0, 0, 0, 0, 0
   \              010102040810
   \              204080000000
   \              0000        
   \   0000003D   000000000000       DC8 0, 0, 0, 0, 0, 0, 0, 0, 0, 0, 0, 128, 64, 32, 16, 8, 4, 2, 1, 1, 2
   \              000000000080
   \              402010080402
   \              010102      
   \   00000052   040810204080       DC8 4, 8, 16, 32, 64, 128, 0, 0, 0, 0, 0, 0, 0, 0, 0, 0, 0, 0, 0, 0, 0
   \              000000000000
   \              000000000000
   \              000000      
   \   00000067   008040201008       DC8 0, 128, 64, 32, 16, 8, 4, 2, 1, 1, 2, 4, 8, 16, 32, 64, 128, 0, 0
   \              040201010204
   \              081020408000
   \              00          
   \   0000007A   804020100804       DC8 128, 64, 32, 16, 8, 4, 2, 1, 0, 0, 0, 0, 0, 0, 0, 0, 0, 0, 0, 0, 0
   \              020100000000
   \              000000000000
   \              000000      
   \   0000008F   000000010204       DC8 0, 0, 0, 1, 2, 4, 8, 16, 32, 64, 128, 128, 64, 32, 16, 8, 4, 2, 1
   \              081020408080
   \              402010080402
   \              01          
   \   000000A2   000000000000       DC8 0, 0, 0, 0, 0, 0, 0, 0, 0, 0, 0, 0, 0, 0, 0, 0, 1, 2, 4, 8, 16, 32
   \              000000000000
   \              000000000102
   \              04081020    
   \   000000B8   408080402010       DC8 64, 128, 128, 64, 32, 16, 8, 4, 2, 1, 0, 0, 0, 0, 0, 0, 0, 0, 0, 0
   \              080402010000
   \              000000000000
   \              0000        
   \   000000CC   000000000000       DC8 0, 0, 0, 0, 0, 0, 1, 2, 4, 8, 16, 32, 64, 128, 128, 64, 32, 16, 8
   \              010204081020
   \              408080402010
   \              08          
   \   000000DF   040201000000       DC8 4, 2, 1, 0, 0, 0, 0, 0, 0, 0, 0, 0, 0, 0, 0, 0, 0, 0, 0, 1, 2, 1, 2
   \              000000000000
   \              000000000000
   \              0001020102  
   \   000000F6   040810204080       DC8 4, 8, 16, 32, 64, 128, 0, 0, 0, 0, 0, 0, 0, 0, 0, 0, 0, 0, 0, 0, 0
   \              000000000000
   \              000000000000
   \              000000      
   \   0000010B   008040201008       DC8 0, 128, 64, 32, 16, 8, 4, 2, 1, 1, 2, 4, 8, 16, 32, 64, 128, 0, 0
   \              040201010204
   \              081020408000
   \              00          
   \   0000011E   000000000000       DC8 0, 0, 0, 0, 0, 0, 0, 0, 0, 0, 0, 0, 0, 0, 128, 64, 32, 16, 8, 4, 2
   \              000000000000
   \              000080402010
   \              080402      
   \   00000133   010102040810       DC8 1, 1, 2, 4, 8, 16, 32, 64, 128, 0, 0, 0, 0, 0, 0, 0, 0, 0, 0, 0, 0
   \              204080000000
   \              000000000000
   \              000000      
   \   00000148   000000008040       DC8 0, 0, 0, 0, 128, 64, 32, 16, 8, 4, 2, 1, 1, 2, 4, 8, 16, 32, 64
   \              201008040201
   \              010204081020
   \              40          
   \   0000015B   800000000000       DC8 128, 0, 0, 0, 0, 0, 0, 0, 0, 0, 0, 0, 0, 0, 0, 0, 0, 128, 64, 0, 0
   \              000000000000
   \              000000000080
   \              400000      
   \   00000170   000000000000       DC8 0, 0, 0, 0, 0, 0, 1, 2, 4, 8, 16, 32, 64, 128, 128, 64, 32, 16, 8
   \              010204081020
   \              408080402010
   \              08          
   \   00000183   040201000000       DC8 4, 2, 1, 0, 0, 0, 0, 0, 0, 0, 0, 0, 0, 0, 0, 0, 0, 0, 0, 1, 2, 4, 8
   \              000000000000
   \              000000000000
   \              0001020408  
   \   0000019A   102040808040       DC8 16, 32, 64, 128, 128, 64, 32, 16, 8, 4, 2, 1, 0, 0, 0, 0, 0, 0, 0
   \              201008040201
   \              000000000000
   \              00          
   \   000001AD   000000000000       DC8 0, 0, 0, 0, 0, 0, 0, 0, 0, 1, 2, 4, 8, 16, 32, 64, 128, 128, 64, 32
   \              000000010204
   \              081020408080
   \              4020        
   \   000001C1   100804020100       DC8 16, 8, 4, 2, 1, 0, 0, 0, 0, 0, 0, 0, 0, 0, 0, 0, 0, 0, 0, 0, 0, 1
   \              000000000000
   \              000000000000
   \              00000001    
   \   000001D7   020408102040       DC8 2, 4, 8, 16, 32, 64, 128, 128, 64, 32, 16, 8, 4, 2, 1, 0, 0
   \              808040201008
   \              0402010000  
    158          0x00, 0x00, 0x00, 0x00, 0x00, 0x00, 0x00, 0x00, 0x80, 0x40, 0x20, 0x10, 0x08, 0x04, 0x02, 0x01, 0x01, 0x02, 0x04, 0x08, 0x10, 0x20, 0x40, 0x80, 0x00, 0x00, 0x00, 0x00, 0x00, 0x00, 0x00, 0x00, 0x00, 0x00, 0x00, 0x00, 0x00, 0x00, 0x00, 0x00, 0x80, 0x40, 0x20, 0x10, 0x08, 0x04, 0x02, 0x01, 0x01, 0x02, 0x04, 0x08, 0x10, 0x20, 0x40, 0x80, 0x00, 0x00, 0x00, 0x00, 0x00, 0x00, 0x00, 0x00, 0x00, 0x00, 0x00, 0x00, 0x00, 0x00, 0x00, 0x00, 0x80, 0x40, 0x20, 0x10, 0x08, 0x04, 0x02, 0x01, 0x01, 0x02, 0x04, 0x08, 0x10, 0x20, 0x40, 0x80, 0x00, 0x00, 0x00, 0x00, 0x00, 0x00, 0x00, 0x00, 0x00, 0x00, 0x00, 0x00, 0x00, 0x00, 0x00, 0x00, 0x80, 0x40, 0x20, 0x10, 0x08, 0x04, 0x02, 0x01, 0x01, 0x02, 0x04, 0x08, 0x10, 0x20, 0x40, 0x80, 0x00, 0x00, 
    159          0x80, 0x40, 0x20, 0x10, 0x08, 0x04, 0x02, 0x01, 0x00, 0x00, 0x00, 0x00, 0x00, 0x00, 0x00, 0x00, 0x00, 0x00, 0x00, 0x00, 0x00, 0x00, 0x00, 0x00, 0x01, 0x02, 0x04, 0x08, 0x10, 0x20, 0x40, 0x80, 0x80, 0x40, 0x20, 0x10, 0x08, 0x04, 0x02, 0x01, 0x00, 0x00, 0x00, 0x00, 0x00, 0x00, 0x00, 0x00, 0x00, 0x00, 0x00, 0x00, 0x00, 0x00, 0x00, 0x00, 0x01, 0x02, 0x04, 0x08, 0x10, 0x20, 0x40, 0x80, 0x80, 0x40, 0x20, 0x10, 0x08, 0x04, 0x02, 0x01, 0x00, 0x00, 0x00, 0x00, 0x00, 0x00, 0x00, 0x00, 0x00, 0x00, 0x00, 0x00, 0x00, 0x00, 0x00, 0x00, 0x01, 0x02, 0x04, 0x08, 0x10, 0x20, 0x40, 0x80, 0x80, 0x40, 0x20, 0x10, 0x08, 0x04, 0x02, 0x01, 0x00, 0x00, 0x00, 0x00, 0x00, 0x00, 0x00, 0x00, 0x00, 0x00, 0x00, 0x00, 0x00, 0x00, 0x00, 0x00, 0x01, 0x02, 
    160          0x01, 0x02, 0x04, 0x08, 0x10, 0x20, 0x40, 0x80, 0x00, 0x00, 0x00, 0x00, 0x00, 0x00, 0x00, 0x00, 0x00, 0x00, 0x00, 0x00, 0x00, 0x00, 0x00, 0x00, 0x80, 0x40, 0x20, 0x10, 0x08, 0x04, 0x02, 0x01, 0x01, 0x02, 0x04, 0x08, 0x10, 0x20, 0x40, 0x80, 0x00, 0x00, 0x00, 0x00, 0x00, 0x00, 0x00, 0x00, 0x00, 0x00, 0x00, 0x00, 0x00, 0x00, 0x00, 0x00, 0x80, 0x40, 0x20, 0x10, 0x08, 0x04, 0x02, 0x01, 0x01, 0x02, 0x04, 0x08, 0x10, 0x20, 0x40, 0x80, 0x00, 0x00, 0x00, 0x00, 0x00, 0x00, 0x00, 0x00, 0x00, 0x00, 0x00, 0x00, 0x00, 0x00, 0x00, 0x00, 0x80, 0x40, 0x20, 0x10, 0x08, 0x04, 0x02, 0x01, 0x01, 0x02, 0x04, 0x08, 0x10, 0x20, 0x40, 0x80, 0x00, 0x00, 0x00, 0x00, 0x00, 0x00, 0x00, 0x00, 0x00, 0x00, 0x00, 0x00, 0x00, 0x00, 0x00, 0x00, 0x80, 0x40, 
    161          0x00, 0x00, 0x00, 0x00, 0x00, 0x00, 0x00, 0x00, 0x01, 0x02, 0x04, 0x08, 0x10, 0x20, 0x40, 0x80, 0x80, 0x40, 0x20, 0x10, 0x08, 0x04, 0x02, 0x01, 0x00, 0x00, 0x00, 0x00, 0x00, 0x00, 0x00, 0x00, 0x00, 0x00, 0x00, 0x00, 0x00, 0x00, 0x00, 0x00, 0x01, 0x02, 0x04, 0x08, 0x10, 0x20, 0x40, 0x80, 0x80, 0x40, 0x20, 0x10, 0x08, 0x04, 0x02, 0x01, 0x00, 0x00, 0x00, 0x00, 0x00, 0x00, 0x00, 0x00, 0x00, 0x00, 0x00, 0x00, 0x00, 0x00, 0x00, 0x00, 0x01, 0x02, 0x04, 0x08, 0x10, 0x20, 0x40, 0x80, 0x80, 0x40, 0x20, 0x10, 0x08, 0x04, 0x02, 0x01, 0x00, 0x00, 0x00, 0x00, 0x00, 0x00, 0x00, 0x00, 0x00, 0x00, 0x00, 0x00, 0x00, 0x00, 0x00, 0x00, 0x01, 0x02, 0x04, 0x08, 0x10, 0x20, 0x40, 0x80, 0x80, 0x40, 0x20, 0x10, 0x08, 0x04, 0x02, 0x01, 0x00, 0x00, 
    162          };

   \                                 In segment DATA_C, align 4, align-sorted
    163          const unsigned char IMAGE_TEST1[] = {/*122 x 32  TEST image */
   \                     IMAGE_TEST1:
   \   00000000   000101020203       DC8 0, 1, 1, 2, 2, 3, 3, 4, 4, 5, 5, 6, 6, 7, 7, 8, 8, 9, 9, 10, 10, 11
   \              030404050506
   \              060707080809
   \              090A0A0B    
   \   00000016   0B0C0C0D0D0E       DC8 11, 12, 12, 13, 13, 14, 14, 15, 15, 16, 17, 17, 18, 18, 19, 19, 20
   \              0E0F0F101111
   \              1212131314  
   \   00000027   141515161617       DC8 20, 21, 21, 22, 22, 23, 23, 24, 24, 25, 25, 26, 26, 27, 27, 28, 28
   \              17181819191A
   \              1A1B1B1C1C  
   \   00000038   1D1D1E1E1F1F       DC8 29, 29, 30, 30, 31, 31, 32, 33, 33, 34, 34, 35, 35, 36, 36, 37, 37
   \              202121222223
   \              2324242525  
   \   00000049   262627272828       DC8 38, 38, 39, 39, 40, 40, 41, 41, 42, 42, 43, 43, 44, 44, 45, 45, 46
   \              29292A2A2B2B
   \              2C2C2D2D2E  
   \   0000005A   2E2F2F303131       DC8 46, 47, 47, 48, 49, 49, 50, 50, 51, 51, 52, 52, 53, 53, 54, 54, 55
   \              323233333434
   \              3535363637  
   \   0000006B   37383839393A       DC8 55, 56, 56, 57, 57, 58, 58, 59, 59, 60, 60, 61, 61, 62, 62, 63, 63
   \              3A3B3B3C3C3D
   \              3D3E3E3F3F  
   \   0000007C   404141424243       DC8 64, 65, 65, 66, 66, 67, 67, 68, 68, 69, 69, 70, 70, 71, 71, 72, 72
   \              434444454546
   \              4647474848  
   \   0000008D   49494A4A4B4B       DC8 73, 73, 74, 74, 75, 75, 76, 76, 77, 77, 78, 78, 79, 79, 80, 81, 81
   \              4C4C4D4D4E4E
   \              4F4F505151  
   \   0000009E   525253535454       DC8 82, 82, 83, 83, 84, 84, 85, 85, 86, 86, 87, 87, 88, 88, 89, 89, 90
   \              555556565757
   \              585859595A  
   \   000000AF   5A5B5B5C5C5D       DC8 90, 91, 91, 92, 92, 93, 93, 94, 94, 95, 95, 96, 97, 97, 98, 98, 99
   \              5D5E5E5F5F60
   \              6161626263  
   \   000000C0   636464656566       DC8 99, 100, 100, 101, 101, 102, 102, 103, 103, 104, 104, 105, 105, 106
   \              666767686869
   \              696A        
   \   000000CE   6A6B6B6C6C6D       DC8 106, 107, 107, 108, 108, 109, 109, 110, 110, 111, 111, 112, 113
   \              6D6E6E6F6F70
   \              71          
   \   000000DB   717272737374       DC8 113, 114, 114, 115, 115, 116, 116, 117, 117, 118, 118, 119, 119
   \              747575767677
   \              77          
   \   000000E8   787879797A7A       DC8 120, 120, 121, 121, 122, 122, 123, 123, 124, 124, 125, 125, 126
   \              7B7B7C7C7D7D
   \              7E          
   \   000000F5   7E7F7F808181       DC8 126, 127, 127, 128, 129, 129, 130, 130, 131, 131, 132, 132, 133
   \              828283838484
   \              85          
   \   00000102   858686878788       DC8 133, 134, 134, 135, 135, 136, 136, 137, 137, 138, 138, 139, 139
   \              8889898A8A8B
   \              8B          
   \   0000010F   8C8C8D8D8E8E       DC8 140, 140, 141, 141, 142, 142, 143, 143, 144, 145, 145, 146, 146
   \              8F8F90919192
   \              92          
   \   0000011C   939394949595       DC8 147, 147, 148, 148, 149, 149, 150, 150, 151, 151, 152, 152, 153
   \              969697979898
   \              99          
   \   00000129   999A9A9B9B9C       DC8 153, 154, 154, 155, 155, 156, 156, 157, 157, 158, 158, 159, 159
   \              9C9D9D9E9E9F
   \              9F          
   \   00000136   A0A1A1A2A2A3       DC8 160, 161, 161, 162, 162, 163, 163, 164, 164, 165, 165, 166, 166
   \              A3A4A4A5A5A6
   \              A6          
   \   00000143   A7A7A8A8A9A9       DC8 167, 167, 168, 168, 169, 169, 170, 170, 171, 171, 172, 172, 173
   \              AAAAABABACAC
   \              AD          
   \   00000150   ADAEAEAFAFB0       DC8 173, 174, 174, 175, 175, 176, 177, 177, 178, 178, 179, 179, 180
   \              B1B1B2B2B3B3
   \              B4          
   \   0000015D   B4B5B5B6B6B7       DC8 180, 181, 181, 182, 182, 183, 183, 184, 184, 185, 185, 186, 186
   \              B7B8B8B9B9BA
   \              BA          
   \   0000016A   BBBBBCBCBDBD       DC8 187, 187, 188, 188, 189, 189, 190, 190, 191, 191, 192, 193, 193
   \              BEBEBFBFC0C1
   \              C1          
   \   00000177   C2C2C3C3C4C4       DC8 194, 194, 195, 195, 196, 196, 197, 197, 198, 198, 199, 199, 200
   \              C5C5C6C6C7C7
   \              C8          
   \   00000184   C8C9C9CACACB       DC8 200, 201, 201, 202, 202, 203, 203, 204, 204, 205, 205, 206, 206
   \              CBCCCCCDCDCE
   \              CE          
   \   00000191   CFCFD0D1D1D2       DC8 207, 207, 208, 209, 209, 210, 210, 211, 211, 212, 212, 213, 213
   \              D2D3D3D4D4D5
   \              D5          
   \   0000019E   D6D6D7D7D8D8       DC8 214, 214, 215, 215, 216, 216, 217, 217, 218, 218, 219, 219, 220
   \              D9D9DADADBDB
   \              DC          
   \   000001AB   DCDDDDDEDEDF       DC8 220, 221, 221, 222, 222, 223, 223, 224, 225, 225, 226, 226, 227
   \              DFE0E1E1E2E2
   \              E3          
   \   000001B8   E3E4E4E5E5E6       DC8 227, 228, 228, 229, 229, 230, 230, 231, 231, 232, 232, 233, 233
   \              E6E7E7E8E8E9
   \              E9          
   \   000001C5   EAEAEBEBECEC       DC8 234, 234, 235, 235, 236, 236, 237, 237, 238, 238, 239, 239, 240
   \              EDEDEEEEEFEF
   \              F0          
   \   000001D2   F1F1F2F2F3F3       DC8 241, 241, 242, 242, 243, 243, 244, 244, 245, 245, 246, 246, 247
   \              F4F4F5F5F6F6
   \              F7          
   \   000001DF   F7F8F8F9F9FA       DC8 247, 248, 248, 249, 249, 250, 250, 251, 251, 252, 252, 253, 253
   \              FAFBFBFCFCFD
   \              FD          
   \   000001EC   FEFEFFFF           DC8 254, 254, 255, 255
    164          0x00, 0x01, 0x01, 0x02, 0x02, 0x03, 0x03, 0x04, 0x04, 0x05, 0x05, 0x06, 0x06, 0x07, 0x07, 0x08, 0x08, 0x09, 0x09, 0x0A, 0x0A, 0x0B, 0x0B, 0x0C, 0x0C, 0x0D, 0x0D, 0x0E, 0x0E, 0x0F, 0x0F, 0x10, 0x11, 0x11, 0x12, 0x12, 0x13, 0x13, 0x14, 0x14, 0x15, 0x15, 0x16, 0x16, 0x17, 0x17, 0x18, 0x18, 0x19, 0x19, 0x1A, 0x1A, 0x1B, 0x1B, 0x1C, 0x1C, 0x1D, 0x1D, 0x1E, 0x1E, 0x1F, 0x1F, 0x20, 0x21, 0x21, 0x22, 0x22, 0x23, 0x23, 0x24, 0x24, 0x25, 0x25, 0x26, 0x26, 0x27, 0x27, 0x28, 0x28, 0x29, 0x29, 0x2A, 0x2A, 0x2B, 0x2B, 0x2C, 0x2C, 0x2D, 0x2D, 0x2E, 0x2E, 0x2F, 0x2F, 0x30, 0x31, 0x31, 0x32, 0x32, 0x33, 0x33, 0x34, 0x34, 0x35, 0x35, 0x36, 0x36, 0x37, 0x37, 0x38, 0x38, 0x39, 0x39, 0x3A, 0x3A, 0x3B, 0x3B, 0x3C, 0x3C, 0x3D, 0x3D, 0x3E, 0x3E, 0x3F, 0x3F,
    165          0x40, 0x41, 0x41, 0x42, 0x42, 0x43, 0x43, 0x44, 0x44, 0x45, 0x45, 0x46, 0x46, 0x47, 0x47, 0x48, 0x48, 0x49, 0x49, 0x4A, 0x4A, 0x4B, 0x4B, 0x4C, 0x4C, 0x4D, 0x4D, 0x4E, 0x4E, 0x4F, 0x4F, 0x50, 0x51, 0x51, 0x52, 0x52, 0x53, 0x53, 0x54, 0x54, 0x55, 0x55, 0x56, 0x56, 0x57, 0x57, 0x58, 0x58, 0x59, 0x59, 0x5A, 0x5A, 0x5B, 0x5B, 0x5C, 0x5C, 0x5D, 0x5D, 0x5E, 0x5E, 0x5F, 0x5F, 0x60, 0x61, 0x61, 0x62, 0x62, 0x63, 0x63, 0x64, 0x64, 0x65, 0x65, 0x66, 0x66, 0x67, 0x67, 0x68, 0x68, 0x69, 0x69, 0x6A, 0x6A, 0x6B, 0x6B, 0x6C, 0x6C, 0x6D, 0x6D, 0x6E, 0x6E, 0x6F, 0x6F, 0x70, 0x71, 0x71, 0x72, 0x72, 0x73, 0x73, 0x74, 0x74, 0x75, 0x75, 0x76, 0x76, 0x77, 0x77, 0x78, 0x78, 0x79, 0x79, 0x7A, 0x7A, 0x7B, 0x7B, 0x7C, 0x7C, 0x7D, 0x7D, 0x7E, 0x7E, 0x7F, 0x7F,
    166          0x80, 0x81, 0x81, 0x82, 0x82, 0x83, 0x83, 0x84, 0x84, 0x85, 0x85, 0x86, 0x86, 0x87, 0x87, 0x88, 0x88, 0x89, 0x89, 0x8A, 0x8A, 0x8B, 0x8B, 0x8C, 0x8C, 0x8D, 0x8D, 0x8E, 0x8E, 0x8F, 0x8F, 0x90, 0x91, 0x91, 0x92, 0x92, 0x93, 0x93, 0x94, 0x94, 0x95, 0x95, 0x96, 0x96, 0x97, 0x97, 0x98, 0x98, 0x99, 0x99, 0x9A, 0x9A, 0x9B, 0x9B, 0x9C, 0x9C, 0x9D, 0x9D, 0x9E, 0x9E, 0x9F, 0x9F, 0xA0, 0xA1, 0xA1, 0xA2, 0xA2, 0xA3, 0xA3, 0xA4, 0xA4, 0xA5, 0xA5, 0xA6, 0xA6, 0xA7, 0xA7, 0xA8, 0xA8, 0xA9, 0xA9, 0xAA, 0xAA, 0xAB, 0xAB, 0xAC, 0xAC, 0xAD, 0xAD, 0xAE, 0xAE, 0xAF, 0xAF, 0xB0, 0xB1, 0xB1, 0xB2, 0xB2, 0xB3, 0xB3, 0xB4, 0xB4, 0xB5, 0xB5, 0xB6, 0xB6, 0xB7, 0xB7, 0xB8, 0xB8, 0xB9, 0xB9, 0xBA, 0xBA, 0xBB, 0xBB, 0xBC, 0xBC, 0xBD, 0xBD, 0xBE, 0xBE, 0xBF, 0xBF,
    167          0xC0, 0xC1, 0xC1, 0xC2, 0xC2, 0xC3, 0xC3, 0xC4, 0xC4, 0xC5, 0xC5, 0xC6, 0xC6, 0xC7, 0xC7, 0xC8, 0xC8, 0xC9, 0xC9, 0xCA, 0xCA, 0xCB, 0xCB, 0xCC, 0xCC, 0xCD, 0xCD, 0xCE, 0xCE, 0xCF, 0xCF, 0xD0, 0xD1, 0xD1, 0xD2, 0xD2, 0xD3, 0xD3, 0xD4, 0xD4, 0xD5, 0xD5, 0xD6, 0xD6, 0xD7, 0xD7, 0xD8, 0xD8, 0xD9, 0xD9, 0xDA, 0xDA, 0xDB, 0xDB, 0xDC, 0xDC, 0xDD, 0xDD, 0xDE, 0xDE, 0xDF, 0xDF, 0xE0, 0xE1, 0xE1, 0xE2, 0xE2, 0xE3, 0xE3, 0xE4, 0xE4, 0xE5, 0xE5, 0xE6, 0xE6, 0xE7, 0xE7, 0xE8, 0xE8, 0xE9, 0xE9, 0xEA, 0xEA, 0xEB, 0xEB, 0xEC, 0xEC, 0xED, 0xED, 0xEE, 0xEE, 0xEF, 0xEF, 0xF0, 0xF1, 0xF1, 0xF2, 0xF2, 0xF3, 0xF3, 0xF4, 0xF4, 0xF5, 0xF5, 0xF6, 0xF6, 0xF7, 0xF7, 0xF8, 0xF8, 0xF9, 0xF9, 0xFA, 0xFA, 0xFB, 0xFB, 0xFC, 0xFC, 0xFD, 0xFD, 0xFE, 0xFE, 0xFF, 0xFF};
    168          
    169          // image pointer

   \                                 In segment DATA_I, align 4, align-sorted
    170          const unsigned char*	pImagePtr[] = {
   \                     pImagePtr:
   \   00000000                      DS8 108
   \   0000006C                      REQUIRE `?<Initializer for pImagePtr>`
    171           &IMAGE_EpiaLogo[0],   &IMAGE_EpiaLogo1[0],  &IMAGE_EpiaLogo2[0],  &IMAGE_EpiaLogo3[0],
    172           &IMAGE_EpiaLogo4[0],  &IMAGE_EpiaLogo5[0],  &IMAGE_EpiaLogo6[0],  &IMAGE_EpiaLogo7[0],
    173           &IMAGE_EpiaLogo8[0],  &IMAGE_EpiaLogo9[0],  &IMAGE_EpiaLogo10[0], &IMAGE_EpiaLogo11[0],
    174           &IMAGE_EpiaLogo12[0], &IMAGE_EpiaLogo13[0], &IMAGE_EpiaLogo14[0], &IMAGE_EpiaLogo15[0],
    175           &IMAGE_EpiaLogo16[0], &IMAGE_EpiaLogo17[0], &IMAGE_EpiaLogo18[0], &IMAGE_EpiaLogo19[0],
    176           &IMAGE_EpiaLogo20[0], &IMAGE_EpiaLogo21[0], &IMAGE_EpiaLogo22[0], &IMAGE_EpiaLogo23[0],
    177           &IMAGE_EpiaLogo24[0], &IMAGE_TEST[0],       &IMAGE_TEST1[0]
    178          };
    179          

   \                                 In segment DATA_C, align 4, align-sorted
    180          const unsigned char ASCII_FONT6x7[128][6] = {	/* 5x7 ASCII character font */
   \                     ASCII_FONT6x7:
   \   00000000   000000000000       DC8 0, 0, 0, 0, 0, 0, 248, 4, 20, 4, 4, 20, 248, 252, 108, 124, 124
   \              F80414040414
   \              F8FC6C7C7C  
   \   00000011   6C00F0F8F8F0       DC8 108, 0, 240, 248, 248, 240, 248, 0, 64, 224, 240, 248, 240, 224
   \              F80040E0F0F8
   \              F0E0        
   \   0000001F   E0F81C1CF860       DC8 224, 248, 28, 28, 248, 96, 240, 248, 252, 252, 248, 0, 0, 96, 240
   \              F0F8FCFCF800
   \              0060F0      
   \   0000002E   F06000FF1F0F       DC8 240, 96, 0, 255, 31, 15, 15, 15, 0, 0, 224, 16, 16, 16, 0, 255, 31
   \              0F0F0000E010
   \              101000FF1F  
   \   0000003F   EFEFEF000090       DC8 239, 239, 239, 0, 0, 144, 72, 124, 72, 0, 48, 72, 132, 132, 132, 0
   \              487C48003048
   \              84848400    
   \   0000004F   0000FC040800       DC8 0, 0, 252, 4, 8, 0, 0, 0, 252, 20, 20, 80, 80, 224, 188, 188, 224
   \              0000FC141450
   \              50E0BCBCE0  
   \   00000060   0000FCF8F0E0       DC8 0, 0, 252, 248, 240, 224, 0, 0, 64, 224, 240, 248, 0, 16, 24, 252
   \              000040E0F0F8
   \              001018FC    
   \   00000070   FC180000FCFC       DC8 252, 24, 0, 0, 252, 252, 0, 0, 56, 124, 68, 252, 252, 4, 0, 196
   \              0000387C44FC
   \              FC0400C4    
   \   00000080   EE3A12320000       DC8 238, 58, 18, 50, 0, 0, 0, 0, 0, 0, 0, 16, 24, 252, 252, 24, 0, 16
   \              000000000010
   \              18FCFC180010
   \   00000092   18FCFC180000       DC8 24, 252, 252, 24, 0, 0, 0, 252, 252, 0, 0, 64, 64, 64, 80, 240, 0
   \              00FCFC000040
   \              404050F000  
   \   000000A3   40E0F05040F8       DC8 64, 224, 240, 80, 64, 248, 0, 0, 0, 0, 0, 64, 224, 80, 64, 64, 80
   \              000000000040
   \              E050404050  
   \   000000B4   000000C0F0C0       DC8 0, 0, 0, 192, 240, 192, 0, 16, 112, 240, 240, 240, 0, 0, 0, 0, 0, 0
   \              001070F0F0F0
   \              000000000000
   \   000000C6   00004F000000       DC8 0, 0, 79, 0, 0, 0, 0, 7, 0, 7, 0, 0, 20, 127, 20, 127, 20, 0, 36
   \              000700070000
   \              147F147F1400
   \              24          
   \   000000D9   2A7F2A120023       DC8 42, 127, 42, 18, 0, 35, 19, 8, 100, 98, 0, 54, 73, 85, 34, 80, 0, 0
   \              130864620036
   \              495522500000
   \   000000EB   050300000000       DC8 5, 3, 0, 0, 0, 0, 28, 34, 65, 0, 0, 0, 65, 34, 28, 0, 0, 20, 8, 62
   \              1C2241000000
   \              41221C000014
   \              083E        
   \   000000FF   08140008083E       DC8 8, 20, 0, 8, 8, 62, 8, 8, 0, 0, 80, 48, 0, 0, 0, 8, 8, 8, 8, 8, 0
   \              080800005030
   \              000000080808
   \              080800      
   \   00000114   006060000000       DC8 0, 96, 96, 0, 0, 0, 32, 16, 8, 4, 2, 0, 62, 81, 73, 69, 62, 0, 0
   \              201008040200
   \              3E5149453E00
   \              00          
   \   00000127   427F40000042       DC8 66, 127, 64, 0, 0, 66, 97, 81, 73, 70, 0, 33, 65, 69, 75, 49, 0, 24
   \              615149460021
   \              41454B310018
   \   00000139   14127F100027       DC8 20, 18, 127, 16, 0, 39, 69, 69, 69, 57, 0, 60, 74, 73, 73, 48, 0, 1
   \              45454539003C
   \              4A4949300001
   \   0000014B   710905030036       DC8 113, 9, 5, 3, 0, 54, 73, 73, 73, 54, 0, 6, 73, 73, 41, 30, 0, 0, 54
   \              494949360006
   \              4949291E0000
   \              36          
   \   0000015E   360000000056       DC8 54, 0, 0, 0, 0, 86, 54, 0, 0, 0, 8, 20, 34, 65, 0, 0, 20, 20, 20
   \              360000000814
   \              224100001414
   \              14          
   \   00000171   141400004122       DC8 20, 20, 0, 0, 65, 34, 20, 8, 0, 2, 1, 81, 9, 6, 0, 50, 73, 121, 65
   \              140800020151
   \              090600324979
   \              41          
   \   00000184   3E007E111111       DC8 62, 0, 126, 17, 17, 17, 126, 0, 127, 73, 73, 73, 54, 0, 62, 65, 65
   \              7E007F494949
   \              36003E4141  
   \   00000195   4122007F4141       DC8 65, 34, 0, 127, 65, 65, 34, 28, 0, 127, 73, 73, 73, 65, 0, 127, 9
   \              221C007F4949
   \              4941007F09  
   \   000001A6   090901003E41       DC8 9, 9, 1, 0, 62, 65, 73, 73, 122, 0, 127, 8, 8, 8, 127, 0, 0, 65
   \              49497A007F08
   \              08087F000041
   \   000001B8   7F4100002040       DC8 127, 65, 0, 0, 32, 64, 65, 63, 1, 0, 127, 8, 20, 34, 65, 0, 127, 64
   \              413F01007F08
   \              142241007F40
   \   000001CA   404040007F02       DC8 64, 64, 64, 0, 127, 2, 12, 2, 127, 0, 127, 4, 8, 16, 127, 0, 62, 65
   \              0C027F007F04
   \              08107F003E41
   \   000001DC   41413E007F09       DC8 65, 65, 62, 0, 127, 9, 9, 9, 6, 0, 62, 65, 81, 33, 94, 0, 127, 9
   \              090906003E41
   \              51215E007F09
   \   000001EE   192946002649       DC8 25, 41, 70, 0, 38, 73, 73, 73, 50, 0, 1, 1, 127, 1, 1, 0, 63, 64
   \              494932000101
   \              7F0101003F40
   \   00000200   40403F001F20       DC8 64, 64, 63, 0, 31, 32, 64, 32, 31, 0, 63, 64, 56, 64, 63, 0, 99, 20
   \              40201F003F40
   \              38403F006314
   \   00000212   081463000708       DC8 8, 20, 99, 0, 7, 8, 112, 8, 7, 0, 97, 81, 73, 69, 67, 0, 0, 127, 65
   \              700807006151
   \              49454300007F
   \              41          
   \   00000225   410000020408       DC8 65, 0, 0, 2, 4, 8, 16, 32, 0, 0, 65, 65, 127, 0, 0, 4, 2, 1, 2, 4
   \              102000004141
   \              7F0000040201
   \              0204        
   \   00000239   004040404040       DC8 0, 64, 64, 64, 64, 64, 0, 0, 1, 2, 4, 0, 0, 32, 84, 84, 84, 120, 0
   \              000001020400
   \              002054545478
   \              00          
   \   0000024C   7F4844443800       DC8 127, 72, 68, 68, 56, 0, 56, 68, 68, 68, 32, 0, 56, 68, 68, 72, 127
   \              384444442000
   \              384444487F  
   \   0000025D   003854545418       DC8 0, 56, 84, 84, 84, 24, 0, 8, 126, 9, 1, 2, 0, 12, 82, 82, 82, 62, 0
   \              00087E090102
   \              000C5252523E
   \              00          
   \   00000270   7F0804047800       DC8 127, 8, 4, 4, 120, 0, 0, 4, 125, 0, 0, 0, 32, 64, 68, 61, 0, 0, 127
   \              00047D000000
   \              2040443D0000
   \              7F          
   \   00000283   102844000000       DC8 16, 40, 68, 0, 0, 0, 65, 127, 64, 0, 0, 124, 4, 24, 4, 124, 0, 124
   \              417F4000007C
   \              0418047C007C
   \   00000295   080404780038       DC8 8, 4, 4, 120, 0, 56, 68, 68, 68, 56, 0, 124, 20, 20, 20, 8, 0, 8
   \              44444438007C
   \              141414080008
   \   000002A7   1414187C007C       DC8 20, 20, 24, 124, 0, 124, 8, 4, 4, 8, 0, 72, 84, 84, 84, 32, 0, 4
   \              080404080048
   \              545454200004
   \   000002B9   3F444020003C       DC8 63, 68, 64, 32, 0, 60, 64, 64, 32, 124, 0, 28, 32, 64, 32, 28, 0
   \              4040207C001C
   \              2040201C00  
   \   000002CA   3C4030403C00       DC8 60, 64, 48, 64, 60, 0, 68, 40, 16, 40, 68, 0, 12, 80, 80, 80, 60, 0
   \              442810284400
   \              0C5050503C00
   \   000002DC   4464544C4400       DC8 68, 100, 84, 76, 68, 0, 0, 8, 54, 65, 0, 0, 0, 0, 119, 0, 0, 0, 0
   \              000836410000
   \              000077000000
   \              00          
   \   000002EF   413608000008       DC8 65, 54, 8, 0, 0, 8, 4, 8, 16, 8, 0, 128, 192, 96, 48, 96, 192
   \              040810080080
   \              C0603060C0  
    181                  {0x00, 0x00, 0x00, 0x00, 0x00, 0x00}, 	/* 0x00 */
    182                  {0xF8, 0x04, 0x14, 0x04, 0x04, 0x14}, 	/* 0x01 */
    183                  {0xF8, 0xFC, 0x6C, 0x7C, 0x7C, 0x6C}, 	/* 0x02 */
    184                  {0x00, 0xF0, 0xF8, 0xF8, 0xF0, 0xF8}, 	/* 0x03 */
    185                  {0x00, 0x40, 0xE0, 0xF0, 0xF8, 0xF0}, 	/* 0x04 */
    186                  {0xE0, 0xE0, 0xF8, 0x1C, 0x1C, 0xF8}, 	/* 0x05 */
    187                  {0x60, 0xF0, 0xF8, 0xFC, 0xFC, 0xF8}, 	/* 0x06 */
    188                  {0x00, 0x00, 0x60, 0xF0, 0xF0, 0x60}, 	/* 0x07 */
    189                  {0x00, 0xFF, 0x1F, 0x0F, 0x0F, 0x0F}, 	/* 0x08 */
    190                  {0x00, 0x00, 0xE0, 0x10, 0x10, 0x10}, 	/* 0x09 */
    191                  {0x00, 0xFF, 0x1F, 0xEF, 0xEF, 0xEF}, 	/* 0x0A */
    192                  {0x00, 0x00, 0x90, 0x48, 0x7C, 0x48}, 	/* 0x0B */
    193                  {0x00, 0x30, 0x48, 0x84, 0x84, 0x84}, 	/* 0x0C */
    194                  {0x00, 0x00, 0x00, 0xFC, 0x04, 0x08}, 	/* 0x0D */
    195                  {0x00, 0x00, 0x00, 0xFC, 0x14, 0x14}, 	/* 0x0E */
    196                  {0x50, 0x50, 0xE0, 0xBC, 0xBC, 0xE0}, 	/* 0x0F */
    197                  {0x00, 0x00, 0xFC, 0xF8, 0xF0, 0xE0}, 	/* 0x10 */
    198                  {0x00, 0x00, 0x40, 0xE0, 0xF0, 0xF8}, 	/* 0x11 */
    199                  {0x00, 0x10, 0x18, 0xFC, 0xFC, 0x18}, 	/* 0x12 */
    200                  {0x00, 0x00, 0xFC, 0xFC, 0x00, 0x00}, 	/* 0x13 */
    201                  {0x38, 0x7C, 0x44, 0xFC, 0xFC, 0x04}, 	/* 0x14 */
    202                  {0x00, 0xC4, 0xEE, 0x3A, 0x12, 0x32}, 	/* 0x15 */
    203                  {0x00, 0x00, 0x00, 0x00, 0x00, 0x00}, 	/* 0x16 */
    204                  {0x00, 0x10, 0x18, 0xFC, 0xFC, 0x18}, 	/* 0x17 */
    205                  {0x00, 0x10, 0x18, 0xFC, 0xFC, 0x18}, 	/* 0x18 */
    206                  {0x00, 0x00, 0x00, 0xFC, 0xFC, 0x00}, 	/* 0x19 */
    207                  {0x00, 0x40, 0x40, 0x40, 0x50, 0xF0}, 	/* 0x1A */
    208                  {0x00, 0x40, 0xE0, 0xF0, 0x50, 0x40}, 	/* 0x1B */
    209                  {0xF8, 0x00, 0x00, 0x00, 0x00, 0x00}, 	/* 0x1C */
    210                  {0x40, 0xE0, 0x50, 0x40, 0x40, 0x50}, 	/* 0x1D */
    211                  {0x00, 0x00, 0x00, 0xC0, 0xF0, 0xC0}, 	/* 0x1E */
    212                  {0x00, 0x10, 0x70, 0xF0, 0xF0, 0xF0}, 	/* 0x1F */
    213          	{0x00, 0x00, 0x00, 0x00, 0x00, 0x00},	/* 0x20 space */
    214          	{0x00, 0x00, 0x4f, 0x00, 0x00, 0x00},	/* 0x21 ! */
    215          	{0x00, 0x07, 0x00, 0x07, 0x00, 0x00},	/* 0x22 " */
    216          	{0x14, 0x7f, 0x14, 0x7f, 0x14, 0x00},	/* 0x23 # */
    217          	{0x24, 0x2a, 0x7f, 0x2a, 0x12, 0x00},	/* 0x24 $ */
    218          	{0x23, 0x13, 0x08, 0x64, 0x62, 0x00},	/* 0x25 % */
    219          	{0x36, 0x49, 0x55, 0x22, 0x50, 0x00},	/* 0x26 & */
    220          	{0x00, 0x05, 0x03, 0x00, 0x00, 0x00},	/* 0x27 ' */
    221          	{0x00, 0x1c, 0x22, 0x41, 0x00, 0x00},	/* 0x28 ( */
    222          	{0x00, 0x41, 0x22, 0x1c, 0x00, 0x00},	/* 0x29 ) */
    223          	{0x14, 0x08, 0x3e, 0x08, 0x14, 0x00},	/* 0x2a * */
    224          	{0x08, 0x08, 0x3e, 0x08, 0x08, 0x00},	/* 0x2b + */
    225          	{0x00, 0x50, 0x30, 0x00, 0x00, 0x00},	/* 0x2c , */
    226          	{0x08, 0x08, 0x08, 0x08, 0x08, 0x00},	/* 0x2d - */
    227          	{0x00, 0x60, 0x60, 0x00, 0x00, 0x00},	/* 0x2e . */
    228          	{0x20, 0x10, 0x08, 0x04, 0x02, 0x00},	/* 0x2f / */
    229          	{0x3e, 0x51, 0x49, 0x45, 0x3e, 0x00},	/* 0x30 0 */
    230          	{0x00, 0x42, 0x7f, 0x40, 0x00, 0x00},	/* 0x31 1 */
    231          	{0x42, 0x61, 0x51, 0x49, 0x46, 0x00},	/* 0x32 2 */
    232          	{0x21, 0x41, 0x45, 0x4b, 0x31, 0x00},	/* 0x33 3 */
    233          	{0x18, 0x14, 0x12, 0x7f, 0x10, 0x00},	/* 0x34 4 */
    234          	{0x27, 0x45, 0x45, 0x45, 0x39, 0x00},	/* 0x35 5 */
    235          	{0x3c, 0x4a, 0x49, 0x49, 0x30, 0x00},	/* 0x36 6 */
    236          	{0x01, 0x71, 0x09, 0x05, 0x03, 0x00},	/* 0x37 7 */
    237          	{0x36, 0x49, 0x49, 0x49, 0x36, 0x00},	/* 0x38 8 */
    238          	{0x06, 0x49, 0x49, 0x29, 0x1e, 0x00},	/* 0x39 9 */
    239          	{0x00, 0x36, 0x36, 0x00, 0x00, 0x00},	/* 0x3a : */
    240          	{0x00, 0x56, 0x36, 0x00, 0x00, 0x00},	/* 0x3b ; */
    241          	{0x08, 0x14, 0x22, 0x41, 0x00, 0x00},	/* 0x3c < */
    242          	{0x14, 0x14, 0x14, 0x14, 0x14, 0x00},	/* 0x3d = */
    243          	{0x00, 0x41, 0x22, 0x14, 0x08, 0x00},	/* 0x3e > */
    244          	{0x02, 0x01, 0x51, 0x09, 0x06, 0x00},	/* 0x3f ? */
    245          	{0x32, 0x49, 0x79, 0x41, 0x3e, 0x00},	/* 0x40 @ */
    246          	{0x7e, 0x11, 0x11, 0x11, 0x7e, 0x00},	/* 0x41 A */
    247          	{0x7f, 0x49, 0x49, 0x49, 0x36, 0x00},	/* 0x42 B */
    248          	{0x3e, 0x41, 0x41, 0x41, 0x22, 0x00},	/* 0x43 C */
    249          	{0x7f, 0x41, 0x41, 0x22, 0x1c, 0x00},	/* 0x44 D */
    250          	{0x7f, 0x49, 0x49, 0x49, 0x41, 0x00},	/* 0x45 E */
    251          	{0x7f, 0x09, 0x09, 0x09, 0x01, 0x00},	/* 0x46 F */
    252          	{0x3e, 0x41, 0x49, 0x49, 0x7a, 0x00},	/* 0x47 G */
    253          	{0x7f, 0x08, 0x08, 0x08, 0x7f, 0x00},	/* 0x48 H */
    254          	{0x00, 0x41, 0x7f, 0x41, 0x00, 0x00},	/* 0x49 I */
    255          	{0x20, 0x40, 0x41, 0x3f, 0x01, 0x00},	/* 0x4a J */
    256          	{0x7f, 0x08, 0x14, 0x22, 0x41, 0x00},	/* 0x4b K */
    257          	{0x7f, 0x40, 0x40, 0x40, 0x40, 0x00},	/* 0x4c L */
    258          	{0x7f, 0x02, 0x0c, 0x02, 0x7f, 0x00},	/* 0x4d M */
    259          	{0x7f, 0x04, 0x08, 0x10, 0x7f, 0x00},	/* 0x4e N */
    260          	{0x3e, 0x41, 0x41, 0x41, 0x3e, 0x00},	/* 0x4f O */
    261          	{0x7f, 0x09, 0x09, 0x09, 0x06, 0x00},	/* 0x50 P */
    262          	{0x3e, 0x41, 0x51, 0x21, 0x5e, 0x00},	/* 0x51 Q */
    263          	{0x7f, 0x09, 0x19, 0x29, 0x46, 0x00},	/* 0x52 R */
    264          	{0x26, 0x49, 0x49, 0x49, 0x32, 0x00},	/* 0x53 S */
    265          	{0x01, 0x01, 0x7f, 0x01, 0x01, 0x00},	/* 0x54 T */
    266          	{0x3f, 0x40, 0x40, 0x40, 0x3f, 0x00},	/* 0x55 U */
    267          	{0x1f, 0x20, 0x40, 0x20, 0x1f, 0x00},	/* 0x56 V */
    268          	{0x3f, 0x40, 0x38, 0x40, 0x3f, 0x00},	/* 0x57 W */
    269          	{0x63, 0x14, 0x08, 0x14, 0x63, 0x00},	/* 0x58 X */
    270          	{0x07, 0x08, 0x70, 0x08, 0x07, 0x00},	/* 0x59 Y */
    271          	{0x61, 0x51, 0x49, 0x45, 0x43, 0x00},	/* 0x5a Z */
    272          	{0x00, 0x7f, 0x41, 0x41, 0x00, 0x00},	/* 0x5b [ */
    273          	{0x02, 0x04, 0x08, 0x10, 0x20, 0x00},	/* 0x5c \ */
    274          	{0x00, 0x41, 0x41, 0x7f, 0x00, 0x00},	/* 0x5d ] */
    275          	{0x04, 0x02, 0x01, 0x02, 0x04, 0x00},	/* 0x5e ^ */
    276          	{0x40, 0x40, 0x40, 0x40, 0x40, 0x00},	/* 0x5f _ */
    277          	{0x00, 0x01, 0x02, 0x04, 0x00, 0x00},	/* 0x60 ` */
    278          	{0x20, 0x54, 0x54, 0x54, 0x78, 0x00},	/* 0x61 a */
    279          	{0x7f, 0x48, 0x44, 0x44, 0x38, 0x00},	/* 0x62 b */
    280          	{0x38, 0x44, 0x44, 0x44, 0x20, 0x00},	/* 0x63 c */
    281          	{0x38, 0x44, 0x44, 0x48, 0x7f, 0x00},	/* 0x64 d */
    282          	{0x38, 0x54, 0x54, 0x54, 0x18, 0x00},	/* 0x65 e */
    283          	{0x08, 0x7e, 0x09, 0x01, 0x02, 0x00},	/* 0x66 f */
    284          	{0x0c, 0x52, 0x52, 0x52, 0x3e, 0x00},	/* 0x67 g */
    285          	{0x7f, 0x08, 0x04, 0x04, 0x78, 0x00},	/* 0x68 h */
    286          	{0x00, 0x04, 0x7d, 0x00, 0x00, 0x00},	/* 0x69 i */
    287          	{0x20, 0x40, 0x44, 0x3d, 0x00, 0x00},	/* 0x6a j */
    288          	{0x7f, 0x10, 0x28, 0x44, 0x00, 0x00},	/* 0x6b k */
    289          	{0x00, 0x41, 0x7f, 0x40, 0x00, 0x00},	/* 0x6c l */
    290          	{0x7c, 0x04, 0x18, 0x04, 0x7c, 0x00},	/* 0x6d m */
    291          	{0x7c, 0x08, 0x04, 0x04, 0x78, 0x00},	/* 0x6e n */
    292          	{0x38, 0x44, 0x44, 0x44, 0x38, 0x00},	/* 0x6f o */
    293          	{0x7c, 0x14, 0x14, 0x14, 0x08, 0x00},	/* 0x70 p */
    294          	{0x08, 0x14, 0x14, 0x18, 0x7c, 0x00},	/* 0x71 q */
    295          	{0x7c, 0x08, 0x04, 0x04, 0x08, 0x00},	/* 0x72 r */
    296          	{0x48, 0x54, 0x54, 0x54, 0x20, 0x00},	/* 0x73 s */
    297          	{0x04, 0x3f, 0x44, 0x40, 0x20, 0x00},	/* 0x74 t */
    298          	{0x3c, 0x40, 0x40, 0x20, 0x7c, 0x00},	/* 0x75 u */
    299          	{0x1c, 0x20, 0x40, 0x20, 0x1c, 0x00},	/* 0x76 v */
    300          	{0x3c, 0x40, 0x30, 0x40, 0x3c, 0x00},	/* 0x77 w */
    301          	{0x44, 0x28, 0x10, 0x28, 0x44, 0x00},	/* 0x78 x */
    302          	{0x0c, 0x50, 0x50, 0x50, 0x3c, 0x00},	/* 0x79 y */
    303          	{0x44, 0x64, 0x54, 0x4c, 0x44, 0x00},	/* 0x7a z */
    304          	{0x00, 0x08, 0x36, 0x41, 0x00, 0x00},	/* 0x7b { */
    305          	{0x00, 0x00, 0x77, 0x00, 0x00, 0x00},	/* 0x7c | */
    306          	{0x00, 0x41, 0x36, 0x08, 0x00, 0x00},	/* 0x7d } */
    307          	{0x08, 0x04, 0x08, 0x10, 0x08, 0x00},  	/* 0x7e ~ */
    308                  {0x80, 0xC0, 0x60, 0x30, 0x60, 0xC0}};  /* 0x7F   */
    309          
    310          /* ------------------------------------------------------- */
    311          /*	8x16 Dot English(ASCII) Character Font		   */
    312          /* ------------------------------------------------------- */

   \                                 In segment DATA_C, align 4, align-sorted
    313          const unsigned char ASCII_FONT8x16[128][16] = {		/* 8x16 ASCII character font */
   \                     ASCII_FONT8x16:
   \   00000000   000000000000       DC8 0, 0, 0, 0, 0, 0, 0, 0, 0, 0, 0, 0, 0, 0, 0, 0, 248, 4, 20, 4, 4
   \              000000000000
   \              00000000F804
   \              140404      
   \   00000015   1404F8070809       DC8 20, 4, 248, 7, 8, 9, 11, 11, 9, 8, 7, 248, 252, 108, 124, 124, 108
   \              0B0B090807F8
   \              FC6C7C7C6C  
   \   00000026   FCF8070F0F0C       DC8 252, 248, 7, 15, 15, 12, 12, 15, 15, 7, 0, 240, 248, 248, 240, 248
   \              0C0F0F0700F0
   \              F8F8F0F8    
   \   00000036   F8F000000103       DC8 248, 240, 0, 0, 1, 3, 7, 3, 1, 0, 0, 64, 224, 240, 248, 240, 224
   \              070301000040
   \              E0F0F8F0E0  
   \   00000047   400000000103       DC8 64, 0, 0, 0, 1, 3, 1, 0, 0, 224, 224, 248, 28, 28, 248, 224, 224, 0
   \              010000E0E0F8
   \              1C1CF8E0E000
   \   00000059   000407070400       DC8 0, 4, 7, 7, 4, 0, 0, 96, 240, 248, 252, 252, 248, 240, 96, 0, 0, 4
   \              0060F0F8FCFC
   \              F8F060000004
   \   0000006B   070704000000       DC8 7, 7, 4, 0, 0, 0, 0, 96, 240, 240, 96, 0, 0, 0, 0, 0, 0, 0, 0, 0, 0
   \              0060F0F06000
   \              000000000000
   \              000000      
   \   00000080   00FF1F0F0F0F       DC8 0, 255, 31, 15, 15, 15, 31, 255, 0, 255, 255, 254, 254, 254, 255
   \              1FFF00FFFFFE
   \              FEFEFF      
   \   0000008F   FF0000E01010       DC8 255, 0, 0, 224, 16, 16, 16, 224, 0, 0, 0, 0, 1, 1, 1, 0, 0, 0, 255
   \              10E000000000
   \              010101000000
   \              FF          
   \   000000A2   1FEFEFEF1FFF       DC8 31, 239, 239, 239, 31, 255, 0, 255, 255, 254, 254, 254, 255, 255, 0
   \              00FFFFFEFEFE
   \              FFFF00      
   \   000000B1   0090487C4890       DC8 0, 144, 72, 124, 72, 144, 0, 0, 3, 4, 8, 8, 8, 4, 3, 0, 48, 72, 132
   \              000003040808
   \              080403003048
   \              84          
   \   000000C4   848448300002       DC8 132, 132, 72, 48, 0, 2, 2, 2, 15, 2, 2, 2, 0, 0, 0, 252, 4, 8, 112
   \              02020F020202
   \              000000FC0408
   \              70          
   \   000000D7   0000060F0700       DC8 0, 0, 6, 15, 7, 0, 0, 0, 0, 0, 0, 0, 252, 20, 20, 20, 252, 0, 12
   \              000000000000
   \              FC141414FC00
   \              0C          
   \   000000EA   1E0F00060F07       DC8 30, 15, 0, 6, 15, 7, 80, 80, 224, 188, 188, 224, 80, 80, 1, 1, 0, 7
   \              5050E0BCBCE0
   \              505001010007
   \   000000FC   070001010000       DC8 7, 0, 1, 1, 0, 0, 252, 248, 240, 224, 64, 0, 0, 0, 7, 3, 1, 0, 0, 0
   \              FCF8F0E04000
   \              000007030100
   \              0000        
   \   00000110   000040E0F0F8       DC8 0, 0, 64, 224, 240, 248, 252, 0, 0, 0, 0, 0, 1, 3, 7, 0, 0, 16, 24
   \              FC0000000000
   \              010307000010
   \              18          
   \   00000123   FCFC18100000       DC8 252, 252, 24, 16, 0, 0, 1, 3, 7, 7, 3, 1, 0, 0, 0, 252, 252, 0, 0
   \              010307070301
   \              000000FCFC00
   \              00          
   \   00000136   FCFC00000404       DC8 252, 252, 0, 0, 4, 4, 0, 0, 4, 4, 56, 124, 68, 252, 252, 4, 252
   \              00000404387C
   \              44FCFC04FC  
   \   00000147   FC0000000707       DC8 252, 0, 0, 0, 7, 7, 0, 7, 7, 0, 196, 238, 58, 18, 50, 230, 196, 0
   \              00070700C4EE
   \              3A1232E6C400
   \   00000159   08191312171D       DC8 8, 25, 19, 18, 23, 29, 8, 0, 0, 0, 0, 0, 0, 0, 0, 0, 14, 14, 14, 14
   \              080000000000
   \              000000000E0E
   \              0E0E        
   \   0000016D   0E0E00001018       DC8 14, 14, 0, 0, 16, 24, 252, 252, 24, 16, 0, 8, 9, 11, 15, 15, 11, 9
   \              FCFC18100008
   \              090B0F0F0B09
   \   0000017F   08001018FCFC       DC8 8, 0, 16, 24, 252, 252, 24, 16, 0, 0, 0, 0, 7, 7, 0, 0, 0, 0, 0, 0
   \              181000000000
   \              070700000000
   \              0000        
   \   00000193   FCFC00000000       DC8 252, 252, 0, 0, 0, 0, 1, 3, 7, 7, 3, 1, 0, 0, 64, 64, 64, 80, 240
   \              010307070301
   \              000040404050
   \              F0          
   \   000001A6   E04000000000       DC8 224, 64, 0, 0, 0, 0, 1, 1, 0, 0, 0, 64, 224, 240, 80, 64, 64, 64, 0
   \              010100000040
   \              E0F050404040
   \              00          
   \   000001B9   000001010000       DC8 0, 0, 1, 1, 0, 0, 0, 248, 0, 0, 0, 0, 0, 0, 0, 3, 2, 2, 2, 2, 2, 2
   \              00F800000000
   \              000000030202
   \              02020202    
   \   000001CF   0240E0504040       DC8 2, 64, 224, 80, 64, 64, 80, 224, 64, 0, 0, 1, 0, 0, 1, 0, 0, 0, 0
   \              50E040000001
   \              000001000000
   \              00          
   \   000001E2   00C0F0C00000       DC8 0, 192, 240, 192, 0, 0, 0, 4, 7, 7, 7, 7, 7, 4, 0, 16, 112, 240
   \              000407070707
   \              0704001070F0
   \   000001F4   F0F070100000       DC8 240, 240, 112, 16, 0, 0, 0, 1, 7, 1, 0, 0, 0, 0, 0, 0, 0, 0, 0, 0
   \              000107010000
   \              000000000000
   \              0000        
   \   00000208   000000000000       DC8 0, 0, 0, 0, 0, 0, 0, 0, 0, 0, 56, 252, 252, 56, 0, 0, 0, 0, 0, 13
   \              0000000038FC
   \              FC3800000000
   \              000D        
   \   0000021C   0D000000000E       DC8 13, 0, 0, 0, 0, 14, 30, 0, 0, 30, 14, 0, 0, 0, 0, 0, 0, 0, 0, 0, 32
   \              1E00001E0E00
   \              000000000000
   \              000020      
   \   00000231   F8F820F8F820       DC8 248, 248, 32, 248, 248, 32, 0, 2, 15, 15, 2, 15, 15, 2, 0, 56, 124
   \              00020F0F020F
   \              0F0200387C  
   \   00000242   444747CC9800       DC8 68, 71, 71, 204, 152, 0, 6, 12, 8, 56, 56, 15, 7, 0, 48, 48, 0, 128
   \              060C0838380F
   \              070030300080
   \   00000254   C06030000C06       DC8 192, 96, 48, 0, 12, 6, 3, 1, 0, 12, 12, 0, 128, 216, 124, 228, 188
   \              0301000C0C00
   \              80D87CE4BC  
   \   00000265   D84000070F08       DC8 216, 64, 0, 7, 15, 8, 8, 7, 15, 8, 0, 0, 16, 30, 14, 0, 0, 0, 0, 0
   \              08070F080000
   \              101E0E000000
   \              0000        
   \   00000279   000000000000       DC8 0, 0, 0, 0, 0, 0, 0, 0, 0, 240, 248, 12, 4, 0, 0, 0, 0, 3, 7, 12, 8
   \              000000F0F80C
   \              040000000003
   \              070C08      
   \   0000028E   00000000040C       DC8 0, 0, 0, 0, 4, 12, 248, 240, 0, 0, 0, 0, 8, 12, 7, 3, 0, 0, 128
   \              F8F000000000
   \              080C07030000
   \              80          
   \   000002A1   A0E0C0C0E0A0       DC8 160, 224, 192, 192, 224, 160, 128, 0, 2, 3, 1, 1, 3, 2, 0, 0, 128
   \              800002030101
   \              0302000080  
   \   000002B2   80E0E0808000       DC8 128, 224, 224, 128, 128, 0, 0, 0, 0, 3, 3, 0, 0, 0, 0, 0, 0, 0, 0
   \              000000030300
   \              000000000000
   \              00          
   \   000002C5   000000000010       DC8 0, 0, 0, 0, 0, 16, 30, 14, 0, 0, 0, 128, 128, 128, 128, 128, 128
   \              1E0E00000080
   \              8080808080  
   \   000002D6   800000000000       DC8 128, 0, 0, 0, 0, 0, 0, 0, 0, 0, 0, 0, 0, 0, 0, 0, 0, 0, 0, 0, 0, 12
   \              000000000000
   \              000000000000
   \              0000000C    
   \   000002EC   0C0000000000       DC8 12, 0, 0, 0, 0, 0, 0, 128, 192, 96, 48, 0, 12, 6, 3, 1, 0, 0, 0, 0
   \              0080C0603000
   \              0C0603010000
   \              0000        
   \   00000300   F0F80CC40CF8       DC8 240, 248, 12, 196, 12, 248, 240, 0, 3, 7, 12, 8, 12, 7, 3, 0, 0, 16
   \              F00003070C08
   \              0C0703000010
   \   00000312   18FCFC000000       DC8 24, 252, 252, 0, 0, 0, 0, 8, 8, 15, 15, 8, 8, 0, 8, 12, 132, 196
   \              0008080F0F08
   \              0800080C84C4
   \   00000324   643C18000E0F       DC8 100, 60, 24, 0, 14, 15, 9, 8, 8, 12, 12, 0, 8, 12, 68, 68, 68, 252
   \              0908080C0C00
   \              080C444444FC
   \   00000336   B800040C0808       DC8 184, 0, 4, 12, 8, 8, 8, 15, 7, 0, 192, 224, 176, 152, 252, 252, 128
   \              080F0700C0E0
   \              B098FCFC80  
   \   00000347   00000000080F       DC8 0, 0, 0, 0, 8, 15, 15, 8, 0, 124, 124, 68, 68, 68, 196, 132, 0, 4
   \              0F08007C7C44
   \              4444C4840004
   \   00000359   0C0808080F07       DC8 12, 8, 8, 8, 15, 7, 0, 240, 248, 76, 68, 68, 192, 128, 0, 7, 15, 8
   \              00F0F84C4444
   \              C08000070F08
   \   0000036B   08080F07000C       DC8 8, 8, 15, 7, 0, 12, 12, 4, 132, 196, 124, 60, 0, 0, 0, 15, 15, 0, 0
   \              0C0484C47C3C
   \              0000000F0F00
   \              00          
   \   0000037E   0000B8FC4444       DC8 0, 0, 184, 252, 68, 68, 68, 252, 184, 0, 7, 15, 8, 8, 8, 15, 7, 0
   \              44FCB800070F
   \              0808080F0700
   \   00000390   387C444444FC       DC8 56, 124, 68, 68, 68, 252, 248, 0, 0, 8, 8, 8, 12, 7, 3, 0, 0, 0, 0
   \              F80000080808
   \              0C0703000000
   \              00          
   \   000003A3   303000000000       DC8 48, 48, 0, 0, 0, 0, 0, 0, 6, 6, 0, 0, 0, 0, 0, 0, 48, 48, 0, 0, 0
   \              000006060000
   \              000000003030
   \              000000      
   \   000003B8   0000080E0600       DC8 0, 0, 8, 14, 6, 0, 0, 0, 0, 128, 192, 96, 48, 24, 8, 0, 0, 0, 1, 3
   \              00000080C060
   \              301808000000
   \              0103        
   \   000003CC   060C08000020       DC8 6, 12, 8, 0, 0, 32, 32, 32, 32, 32, 32, 0, 0, 1, 1, 1, 1, 1, 1, 0
   \              202020202000
   \              000101010101
   \              0100        
   \   000003E0   0008183060C0       DC8 0, 8, 24, 48, 96, 192, 128, 0, 0, 8, 12, 6, 3, 1, 0, 0, 24, 28, 4
   \              800000080C06
   \              03010000181C
   \              04          
   \   000003F3   C4E43C180000       DC8 196, 228, 60, 24, 0, 0, 0, 0, 13, 13, 0, 0, 0, 240, 248, 8, 200
   \              00000D0D0000
   \              00F0F808C8  
   \   00000404   C8F8F000070F       DC8 200, 248, 240, 0, 7, 15, 8, 11, 11, 11, 1, 0, 224, 240, 152, 140
   \              080B0B0B0100
   \              E0F0988C    
   \   00000414   98F0E0000F0F       DC8 152, 240, 224, 0, 15, 15, 0, 0, 0, 15, 15, 0, 4, 252, 252, 68, 68
   \              0000000F0F00
   \              04FCFC4444  
   \   00000425   FCB800080F0F       DC8 252, 184, 0, 8, 15, 15, 8, 8, 15, 7, 0, 240, 248, 12, 4, 4, 12, 24
   \              08080F0700F0
   \              F80C04040C18
   \   00000437   0003070C0808       DC8 0, 3, 7, 12, 8, 8, 12, 6, 0, 4, 252, 252, 4, 12, 248, 240, 0, 8, 15
   \              0C060004FCFC
   \              040CF8F00008
   \              0F          
   \   0000044A   0F080C070300       DC8 15, 8, 12, 7, 3, 0, 4, 252, 252, 68, 228, 12, 28, 0, 8, 15, 15, 8
   \              04FCFC44E40C
   \              1C00080F0F08
   \   0000045C   080C0E0004FC       DC8 8, 12, 14, 0, 4, 252, 252, 68, 228, 12, 28, 0, 8, 15, 15, 8, 0, 0
   \              FC44E40C1C00
   \              080F0F080000
   \   0000046E   0000F0F80C84       DC8 0, 0, 240, 248, 12, 132, 132, 140, 152, 0, 3, 7, 12, 8, 8, 7, 15, 0
   \              848C98000307
   \              0C0808070F00
   \   00000480   FCFC404040FC       DC8 252, 252, 64, 64, 64, 252, 252, 0, 15, 15, 0, 0, 0, 15, 15, 0, 0, 0
   \              FC000F0F0000
   \              000F0F000000
   \   00000492   04FCFC040000       DC8 4, 252, 252, 4, 0, 0, 0, 0, 8, 15, 15, 8, 0, 0, 0, 0, 0, 4, 252
   \              0000080F0F08
   \              000000000004
   \              FC          
   \   000004A5   FC0400070F08       DC8 252, 4, 0, 7, 15, 8, 8, 15, 7, 0, 0, 4, 252, 252, 192, 224, 60, 28
   \              080F07000004
   \              FCFCC0E03C1C
   \   000004B7   00080F0F0001       DC8 0, 8, 15, 15, 0, 1, 15, 14, 0, 4, 252, 252, 4, 0, 0, 0, 0, 8, 15
   \              0F0E0004FCFC
   \              040000000008
   \              0F          
   \   000004CA   0F08080C0E00       DC8 15, 8, 8, 12, 14, 0, 252, 252, 56, 112, 56, 252, 252, 0, 15, 15, 0
   \              FCFC387038FC
   \              FC000F0F00  
   \   000004DB   00000F0F00FC       DC8 0, 0, 15, 15, 0, 252, 252, 56, 112, 224, 252, 252, 0, 15, 15, 0, 0
   \              FC3870E0FCFC
   \              000F0F0000  
   \   000004EC   000F0F00F8FC       DC8 0, 15, 15, 0, 248, 252, 4, 4, 4, 252, 248, 0, 7, 15, 8, 8, 8, 15, 7
   \              040404FCF800
   \              070F0808080F
   \              07          
   \   000004FF   0004FCFC4444       DC8 0, 4, 252, 252, 68, 68, 124, 56, 0, 8, 15, 15, 8, 0, 0, 0, 0, 248
   \              7C3800080F0F
   \              0800000000F8
   \   00000511   FC040404FCF8       DC8 252, 4, 4, 4, 252, 248, 0, 7, 15, 8, 14, 60, 63, 39, 0, 4, 252, 252
   \              00070F080E3C
   \              3F270004FCFC
   \   00000523   44C4FC380008       DC8 68, 196, 252, 56, 0, 8, 15, 15, 0, 0, 15, 15, 0, 24, 60, 100, 68
   \              0F0F00000F0F
   \              00183C6444  
   \   00000534   C49C1800060E       DC8 196, 156, 24, 0, 6, 14, 8, 8, 8, 15, 7, 0, 0, 28, 12, 252, 252, 12
   \              0808080F0700
   \              001C0CFCFC0C
   \   00000546   1C000000080F       DC8 28, 0, 0, 0, 8, 15, 15, 8, 0, 0, 252, 252, 0, 0, 0, 252, 252, 0, 7
   \              0F080000FCFC
   \              000000FCFC00
   \              07          
   \   00000559   0F0808080F07       DC8 15, 8, 8, 8, 15, 7, 0, 252, 252, 0, 0, 0, 252, 252, 0, 1, 3, 6, 12
   \              00FCFC000000
   \              FCFC00010306
   \              0C          
   \   0000056C   06030100FCFC       DC8 6, 3, 1, 0, 252, 252, 0, 192, 0, 252, 252, 0, 7, 15, 14, 3, 14, 15
   \              00C000FCFC00
   \              070F0E030E0F
   \   0000057E   07000C3CF0E0       DC8 7, 0, 12, 60, 240, 224, 240, 60, 12, 0, 12, 15, 3, 1, 3, 15, 12, 0
   \              F03C0C000C0F
   \              0301030F0C00
   \   00000590   003C7CC0C07C       DC8 0, 60, 124, 192, 192, 124, 60, 0, 0, 0, 8, 15, 15, 8, 0, 0, 28, 12
   \              3C000000080F
   \              0F0800001C0C
   \   000005A2   84C4643C1C00       DC8 132, 196, 100, 60, 28, 0, 14, 15, 9, 8, 8, 12, 14, 0, 0, 0, 252
   \              0E0F0908080C
   \              0E000000FC  
   \   000005B3   FC0404000000       DC8 252, 4, 4, 0, 0, 0, 0, 15, 15, 8, 8, 0, 0, 56, 112, 224, 192, 128
   \              000F0F080800
   \              003870E0C080
   \   000005C5   000000000000       DC8 0, 0, 0, 0, 0, 0, 1, 3, 7, 14, 0, 0, 0, 4, 4, 252, 252, 0, 0, 0, 0
   \              0103070E0000
   \              000404FCFC00
   \              000000      
   \   000005DA   08080F0F0000       DC8 8, 8, 15, 15, 0, 0, 8, 12, 6, 3, 6, 12, 8, 0, 0, 0, 0, 0, 0, 0, 0
   \              080C0603060C
   \              080000000000
   \              000000      
   \   000005EF   000000000000       DC8 0, 0, 0, 0, 0, 0, 0, 0, 0, 32, 32, 32, 32, 32, 32, 32, 32, 0, 0, 3
   \              000000202020
   \              202020202000
   \              0003        
   \   00000603   070400000000       DC8 7, 4, 0, 0, 0, 0, 0, 0, 0, 0, 0, 0, 0, 0, 160, 160, 160, 224, 192
   \              000000000000
   \              0000A0A0A0E0
   \              C0          
   \   00000616   0000070F0808       DC8 0, 0, 7, 15, 8, 8, 7, 15, 8, 0, 4, 252, 252, 32, 96, 192, 128, 0, 0
   \              070F080004FC
   \              FC2060C08000
   \              00          
   \   00000629   0F0F08080F07       DC8 15, 15, 8, 8, 15, 7, 0, 192, 224, 32, 32, 32, 96, 64, 0, 7, 15, 8
   \              00C0E0202020
   \              604000070F08
   \   0000063B   08080C040080       DC8 8, 8, 12, 4, 0, 128, 192, 96, 36, 252, 252, 0, 0, 7, 15, 8, 8, 7
   \              C06024FCFC00
   \              00070F080807
   \   0000064D   0F0800C0E0A0       DC8 15, 8, 0, 192, 224, 160, 160, 160, 224, 192, 0, 7, 15, 8, 8, 8, 12
   \              A0A0E0C00007
   \              0F0808080C  
   \   0000065E   040040F8FC44       DC8 4, 0, 64, 248, 252, 68, 12, 24, 0, 0, 8, 15, 15, 8, 0, 0, 0, 0, 192
   \              0C180000080F
   \              0F0800000000
   \              C0          
   \   00000671   E02020C0E020       DC8 224, 32, 32, 192, 224, 32, 0, 39, 111, 72, 72, 127, 63, 0, 0, 4
   \              00276F48487F
   \              3F000004    
   \   00000681   FCFC4020E0C0       DC8 252, 252, 64, 32, 224, 192, 0, 8, 15, 15, 0, 0, 15, 15, 0, 0, 0, 32
   \              00080F0F0000
   \              0F0F00000020
   \   00000693   ECEC00000000       DC8 236, 236, 0, 0, 0, 0, 0, 8, 15, 15, 8, 0, 0, 0, 0, 0, 0, 32, 236
   \              00080F0F0800
   \              000000000020
   \              EC          
   \   000006A6   EC0000307040       DC8 236, 0, 0, 48, 112, 64, 64, 127, 63, 0, 4, 252, 252, 128, 192, 96
   \              407F3F0004FC
   \              FC80C060    
   \   000006B6   2000080F0F01       DC8 32, 0, 8, 15, 15, 1, 3, 14, 12, 0, 0, 0, 4, 252, 252, 0, 0, 0, 0, 0
   \              030E0C000000
   \              04FCFC000000
   \              0000        
   \   000006CA   080F0F080000       DC8 8, 15, 15, 8, 0, 0, 224, 224, 96, 192, 96, 224, 192, 0, 15, 15, 0
   \              E0E060C060E0
   \              C0000F0F00  
   \   000006DB   07000F0F0020       DC8 7, 0, 15, 15, 0, 32, 224, 192, 32, 32, 224, 192, 0, 0, 15, 15, 0, 0
   \              E0C02020E0C0
   \              00000F0F0000
   \   000006ED   0F0F00C0E020       DC8 15, 15, 0, 192, 224, 32, 32, 32, 224, 192, 0, 7, 15, 8, 8, 8, 15, 7
   \              2020E0C00007
   \              0F0808080F07
   \   000006FF   0020E0C02020       DC8 0, 32, 224, 192, 32, 32, 224, 192, 0, 64, 127, 127, 72, 8, 15, 7, 0
   \              E0C000407F7F
   \              48080F0700  
   \   00000710   C0E02020C0E0       DC8 192, 224, 32, 32, 192, 224, 32, 0, 7, 15, 8, 72, 127, 127, 64, 0
   \              2000070F0848
   \              7F7F4000    
   \   00000720   20E0C06020E0       DC8 32, 224, 192, 96, 32, 224, 192, 0, 8, 15, 15, 8, 0, 0, 0, 0, 64
   \              C000080F0F08
   \              0000000040  
   \   00000731   E0A020206040       DC8 224, 160, 32, 32, 96, 64, 0, 4, 12, 9, 9, 11, 14, 4, 0, 32, 32, 248
   \              00040C09090B
   \              0E04002020F8
   \   00000743   FC2020000000       DC8 252, 32, 32, 0, 0, 0, 0, 7, 15, 8, 12, 4, 0, 224, 224, 0, 0, 224
   \              00070F080C04
   \              00E0E00000E0
   \   00000755   E00000070F08       DC8 224, 0, 0, 7, 15, 8, 8, 7, 15, 8, 0, 0, 224, 224, 0, 0, 224, 224, 0
   \              08070F080000
   \              E0E00000E0E0
   \              00          
   \   00000768   0003070C0C07       DC8 0, 3, 7, 12, 12, 7, 3, 0, 224, 224, 0, 128, 0, 224, 224, 0, 7, 15
   \              0300E0E00080
   \              00E0E000070F
   \   0000077A   0C070C0F0700       DC8 12, 7, 12, 15, 7, 0, 32, 96, 192, 128, 192, 96, 32, 0, 8, 12, 7, 3
   \              2060C080C060
   \              2000080C0703
   \   0000078C   070C0800E0E0       DC8 7, 12, 8, 0, 224, 224, 0, 0, 0, 224, 224, 0, 71, 79, 72, 72, 104
   \              000000E0E000
   \              474F484868  
   \   0000079D   3F1F00606020       DC8 63, 31, 0, 96, 96, 32, 160, 224, 96, 32, 0, 12, 14, 11, 9, 8, 12
   \              A0E06020000C
   \              0E0B09080C  
   \   000007AE   0C00004040F8       DC8 12, 0, 0, 64, 64, 248, 188, 4, 4, 0, 0, 0, 0, 7, 15, 8, 8, 0, 0, 0
   \              BC0404000000
   \              00070F080800
   \              0000        
   \   000007C2   00BCBC000000       DC8 0, 188, 188, 0, 0, 0, 0, 0, 0, 15, 15, 0, 0, 0, 0, 4, 4, 188, 248
   \              0000000F0F00
   \              0000000404BC
   \              F8          
   \   000007D5   404000000808       DC8 64, 64, 0, 0, 8, 8, 15, 7, 0, 0, 0, 128, 192, 64, 192, 128, 192, 64
   \              0F0700000080
   \              C040C080C040
   \   000007E7   000000000000       DC8 0, 0, 0, 0, 0, 0, 0, 0, 0, 128, 192, 96, 48, 96, 192, 128, 0, 7, 7
   \              00000080C060
   \              3060C0800007
   \              07          
   \   000007FA   040404070700       DC8 4, 4, 4, 7, 7, 0

   \                                 In segment DATA_ID, align 4, align-sorted
   \                     `?<Initializer for pImagePtr>`:
   \   00000000   ............       DC32 IMAGE_EpiaLogo, IMAGE_EpiaLogo1, IMAGE_EpiaLogo2, IMAGE_EpiaLogo3
   \              ............
   \              ........    
   \   00000010   ............       DC32 IMAGE_EpiaLogo4, IMAGE_EpiaLogo5, IMAGE_EpiaLogo6, IMAGE_EpiaLogo7
   \              ............
   \              ........    
   \   00000020   ............       DC32 IMAGE_EpiaLogo8, IMAGE_EpiaLogo9, IMAGE_EpiaLogo10
   \              ............
   \   0000002C   ............       DC32 IMAGE_EpiaLogo11, IMAGE_EpiaLogo12, IMAGE_EpiaLogo13
   \              ............
   \   00000038   ............       DC32 IMAGE_EpiaLogo14, IMAGE_EpiaLogo15, IMAGE_EpiaLogo16
   \              ............
   \   00000044   ............       DC32 IMAGE_EpiaLogo17, IMAGE_EpiaLogo18, IMAGE_EpiaLogo19
   \              ............
   \   00000050   ............       DC32 IMAGE_EpiaLogo20, IMAGE_EpiaLogo21, IMAGE_EpiaLogo22
   \              ............
   \   0000005C   ............       DC32 IMAGE_EpiaLogo23, IMAGE_EpiaLogo24, IMAGE_TEST, IMAGE_TEST1
   \              ............
   \              ........    
    314            {0x00,0x00,0x00,0x00,0x00,0x00,0x00,0x00,0x00,0x00,0x00,0x00,0x00,0x00,0x00,0x00}, /* 0x00 */
    315            {0xF8,0x04,0x14,0x04,0x04,0x14,0x04,0xF8,0x07,0x08,0x09,0x0B,0x0B,0x09,0x08,0x07}, /* 0x01 */
    316            {0xF8,0xFC,0x6C,0x7C,0x7C,0x6C,0xFC,0xF8,0x07,0x0F,0x0F,0x0C,0x0C,0x0F,0x0F,0x07}, /* 0x02 */
    317            {0x00,0xF0,0xF8,0xF8,0xF0,0xF8,0xF8,0xF0,0x00,0x00,0x01,0x03,0x07,0x03,0x01,0x00}, /* 0x03 */
    318            {0x00,0x40,0xE0,0xF0,0xF8,0xF0,0xE0,0x40,0x00,0x00,0x00,0x01,0x03,0x01,0x00,0x00}, /* 0x04 */
    319            {0xE0,0xE0,0xF8,0x1C,0x1C,0xF8,0xE0,0xE0,0x00,0x00,0x04,0x07,0x07,0x04,0x00,0x00}, /* 0x05 */
    320            {0x60,0xF0,0xF8,0xFC,0xFC,0xF8,0xF0,0x60,0x00,0x00,0x04,0x07,0x07,0x04,0x00,0x00}, /* 0x06 */
    321            {0x00,0x00,0x60,0xF0,0xF0,0x60,0x00,0x00,0x00,0x00,0x00,0x00,0x00,0x00,0x00,0x00}, /* 0x07 */
    322            {0x00,0xFF,0x1F,0x0F,0x0F,0x0F,0x1F,0xFF,0x00,0xFF,0xFF,0xFE,0xFE,0xFE,0xFF,0xFF}, /* 0x08 */
    323            {0x00,0x00,0xE0,0x10,0x10,0x10,0xE0,0x00,0x00,0x00,0x00,0x01,0x01,0x01,0x00,0x00}, /* 0x09 */
    324            {0x00,0xFF,0x1F,0xEF,0xEF,0xEF,0x1F,0xFF,0x00,0xFF,0xFF,0xFE,0xFE,0xFE,0xFF,0xFF}, /* 0x0A */
    325            {0x00,0x00,0x90,0x48,0x7C,0x48,0x90,0x00,0x00,0x03,0x04,0x08,0x08,0x08,0x04,0x03}, /* 0x0B */
    326            {0x00,0x30,0x48,0x84,0x84,0x84,0x48,0x30,0x00,0x02,0x02,0x02,0x0F,0x02,0x02,0x02}, /* 0x0C */
    327            {0x00,0x00,0x00,0xFC,0x04,0x08,0x70,0x00,0x00,0x06,0x0F,0x07,0x00,0x00,0x00,0x00}, /* 0x0D */
    328            {0x00,0x00,0x00,0xFC,0x14,0x14,0x14,0xFC,0x00,0x0C,0x1E,0x0F,0x00,0x06,0x0F,0x07}, /* 0x0E */
    329            {0x50,0x50,0xE0,0xBC,0xBC,0xE0,0x50,0x50,0x01,0x01,0x00,0x07,0x07,0x00,0x01,0x01}, /* 0x0F */
    330            {0x00,0x00,0xFC,0xF8,0xF0,0xE0,0x40,0x00,0x00,0x00,0x07,0x03,0x01,0x00,0x00,0x00}, /* 0x10 */
    331            {0x00,0x00,0x40,0xE0,0xF0,0xF8,0xFC,0x00,0x00,0x00,0x00,0x00,0x01,0x03,0x07,0x00}, /* 0x11 */
    332            {0x00,0x10,0x18,0xFC,0xFC,0x18,0x10,0x00,0x00,0x01,0x03,0x07,0x07,0x03,0x01,0x00}, /* 0x12 */
    333            {0x00,0x00,0xFC,0xFC,0x00,0x00,0xFC,0xFC,0x00,0x00,0x04,0x04,0x00,0x00,0x04,0x04}, /* 0x13 */
    334            {0x38,0x7C,0x44,0xFC,0xFC,0x04,0xFC,0xFC,0x00,0x00,0x00,0x07,0x07,0x00,0x07,0x07}, /* 0x14 */
    335            {0x00,0xC4,0xEE,0x3A,0x12,0x32,0xE6,0xC4,0x00,0x08,0x19,0x13,0x12,0x17,0x1D,0x08}, /* 0x15 */
    336            {0x00,0x00,0x00,0x00,0x00,0x00,0x00,0x00,0x00,0x0E,0x0E,0x0E,0x0E,0x0E,0x0E,0x00}, /* 0x16 */
    337            {0x00,0x10,0x18,0xFC,0xFC,0x18,0x10,0x00,0x08,0x09,0x0B,0x0F,0x0F,0x0B,0x09,0x08}, /* 0x17 */
    338            {0x00,0x10,0x18,0xFC,0xFC,0x18,0x10,0x00,0x00,0x00,0x00,0x07,0x07,0x00,0x00,0x00}, /* 0x18 */
    339            {0x00,0x00,0x00,0xFC,0xFC,0x00,0x00,0x00,0x00,0x01,0x03,0x07,0x07,0x03,0x01,0x00}, /* 0x19 */
    340            {0x00,0x40,0x40,0x40,0x50,0xF0,0xE0,0x40,0x00,0x00,0x00,0x00,0x01,0x01,0x00,0x00}, /* 0x1A */
    341            {0x00,0x40,0xE0,0xF0,0x50,0x40,0x40,0x40,0x00,0x00,0x00,0x01,0x01,0x00,0x00,0x00}, /* 0x1B */
    342            {0xF8,0x00,0x00,0x00,0x00,0x00,0x00,0x00,0x03,0x02,0x02,0x02,0x02,0x02,0x02,0x02}, /* 0x1C */
    343            {0x40,0xE0,0x50,0x40,0x40,0x50,0xE0,0x40,0x00,0x00,0x01,0x00,0x00,0x01,0x00,0x00}, /* 0x1D */
    344            {0x00,0x00,0x00,0xC0,0xF0,0xC0,0x00,0x00,0x00,0x04,0x07,0x07,0x07,0x07,0x07,0x04}, /* 0x1E */
    345            {0x00,0x10,0x70,0xF0,0xF0,0xF0,0x70,0x10,0x00,0x00,0x00,0x01,0x07,0x01,0x00,0x00}, /* 0x1F */
    346            {0x00,0x00,0x00,0x00,0x00,0x00,0x00,0x00,0x00,0x00,0x00,0x00,0x00,0x00,0x00,0x00}, /* space */
    347            {0x00,0x00,0x38,0xFC,0xFC,0x38,0x00,0x00,0x00,0x00,0x00,0x0D,0x0D,0x00,0x00,0x00}, /* ! */
    348            {0x00,0x0E,0x1E,0x00,0x00,0x1E,0x0E,0x00,0x00,0x00,0x00,0x00,0x00,0x00,0x00,0x00}, /* " */
    349            {0x20,0xF8,0xF8,0x20,0xF8,0xF8,0x20,0x00,0x02,0x0F,0x0F,0x02,0x0F,0x0F,0x02,0x00}, /* # */
    350            {0x38,0x7C,0x44,0x47,0x47,0xCC,0x98,0x00,0x06,0x0C,0x08,0x38,0x38,0x0F,0x07,0x00}, /* $ */
    351            {0x30,0x30,0x00,0x80,0xC0,0x60,0x30,0x00,0x0C,0x06,0x03,0x01,0x00,0x0C,0x0C,0x00}, /* % */
    352            {0x80,0xD8,0x7C,0xE4,0xBC,0xD8,0x40,0x00,0x07,0x0F,0x08,0x08,0x07,0x0F,0x08,0x00}, /* & */
    353            {0x00,0x10,0x1E,0x0E,0x00,0x00,0x00,0x00,0x00,0x00,0x00,0x00,0x00,0x00,0x00,0x00}, /* ' */
    354            {0x00,0x00,0xF0,0xF8,0x0C,0x04,0x00,0x00,0x00,0x00,0x03,0x07,0x0C,0x08,0x00,0x00}, /* ( */
    355            {0x00,0x00,0x04,0x0C,0xF8,0xF0,0x00,0x00,0x00,0x00,0x08,0x0C,0x07,0x03,0x00,0x00}, /* ) */
    356            {0x80,0xA0,0xE0,0xC0,0xC0,0xE0,0xA0,0x80,0x00,0x02,0x03,0x01,0x01,0x03,0x02,0x00}, /* * */
    357            {0x00,0x80,0x80,0xE0,0xE0,0x80,0x80,0x00,0x00,0x00,0x00,0x03,0x03,0x00,0x00,0x00}, /* + */
    358            {0x00,0x00,0x00,0x00,0x00,0x00,0x00,0x00,0x00,0x00,0x10,0x1E,0x0E,0x00,0x00,0x00}, /* , */
    359            {0x80,0x80,0x80,0x80,0x80,0x80,0x80,0x00,0x00,0x00,0x00,0x00,0x00,0x00,0x00,0x00}, /* - */
    360            {0x00,0x00,0x00,0x00,0x00,0x00,0x00,0x00,0x00,0x00,0x00,0x0C,0x0C,0x00,0x00,0x00}, /* . */
    361            {0x00,0x00,0x00,0x80,0xC0,0x60,0x30,0x00,0x0C,0x06,0x03,0x01,0x00,0x00,0x00,0x00}, /* / */
    362            {0xF0,0xF8,0x0C,0xC4,0x0C,0xF8,0xF0,0x00,0x03,0x07,0x0C,0x08,0x0C,0x07,0x03,0x00}, /* 0 */
    363            {0x00,0x10,0x18,0xFC,0xFC,0x00,0x00,0x00,0x00,0x08,0x08,0x0F,0x0F,0x08,0x08,0x00}, /* 1 */
    364            {0x08,0x0C,0x84,0xC4,0x64,0x3C,0x18,0x00,0x0E,0x0F,0x09,0x08,0x08,0x0C,0x0C,0x00}, /* 2 */
    365            {0x08,0x0C,0x44,0x44,0x44,0xFC,0xB8,0x00,0x04,0x0C,0x08,0x08,0x08,0x0F,0x07,0x00}, /* 3 */
    366            {0xC0,0xE0,0xB0,0x98,0xFC,0xFC,0x80,0x00,0x00,0x00,0x00,0x08,0x0F,0x0F,0x08,0x00}, /* 4 */
    367            {0x7C,0x7C,0x44,0x44,0x44,0xC4,0x84,0x00,0x04,0x0C,0x08,0x08,0x08,0x0F,0x07,0x00}, /* 5 */
    368            {0xF0,0xF8,0x4C,0x44,0x44,0xC0,0x80,0x00,0x07,0x0F,0x08,0x08,0x08,0x0F,0x07,0x00}, /* 6 */
    369            {0x0C,0x0C,0x04,0x84,0xC4,0x7C,0x3C,0x00,0x00,0x00,0x0F,0x0F,0x00,0x00,0x00,0x00}, /* 7 */
    370            {0xB8,0xFC,0x44,0x44,0x44,0xFC,0xB8,0x00,0x07,0x0F,0x08,0x08,0x08,0x0F,0x07,0x00}, /* 8 */
    371            {0x38,0x7C,0x44,0x44,0x44,0xFC,0xF8,0x00,0x00,0x08,0x08,0x08,0x0C,0x07,0x03,0x00}, /* 9 */
    372            {0x00,0x00,0x00,0x30,0x30,0x00,0x00,0x00,0x00,0x00,0x00,0x06,0x06,0x00,0x00,0x00}, /* : */
    373            {0x00,0x00,0x00,0x30,0x30,0x00,0x00,0x00,0x00,0x00,0x08,0x0E,0x06,0x00,0x00,0x00}, /* ; */
    374            {0x00,0x80,0xC0,0x60,0x30,0x18,0x08,0x00,0x00,0x00,0x01,0x03,0x06,0x0C,0x08,0x00}, /* < */
    375            {0x00,0x20,0x20,0x20,0x20,0x20,0x20,0x00,0x00,0x01,0x01,0x01,0x01,0x01,0x01,0x00}, /* = */
    376            {0x00,0x08,0x18,0x30,0x60,0xC0,0x80,0x00,0x00,0x08,0x0C,0x06,0x03,0x01,0x00,0x00}, /* > */
    377            {0x18,0x1C,0x04,0xC4,0xE4,0x3C,0x18,0x00,0x00,0x00,0x00,0x0D,0x0D,0x00,0x00,0x00}, /* ? */
    378            {0xF0,0xF8,0x08,0xC8,0xC8,0xF8,0xF0,0x00,0x07,0x0F,0x08,0x0B,0x0B,0x0B,0x01,0x00}, /* @ */
    379            {0xE0,0xF0,0x98,0x8C,0x98,0xF0,0xE0,0x00,0x0F,0x0F,0x00,0x00,0x00,0x0F,0x0F,0x00}, /* A */
    380            {0x04,0xFC,0xFC,0x44,0x44,0xFC,0xB8,0x00,0x08,0x0F,0x0F,0x08,0x08,0x0F,0x07,0x00}, /* B */
    381            {0xF0,0xF8,0x0C,0x04,0x04,0x0C,0x18,0x00,0x03,0x07,0x0C,0x08,0x08,0x0C,0x06,0x00}, /* C */
    382            {0x04,0xFC,0xFC,0x04,0x0C,0xF8,0xF0,0x00,0x08,0x0F,0x0F,0x08,0x0C,0x07,0x03,0x00}, /* D */
    383            {0x04,0xFC,0xFC,0x44,0xE4,0x0C,0x1C,0x00,0x08,0x0F,0x0F,0x08,0x08,0x0C,0x0E,0x00}, /* E */
    384            {0x04,0xFC,0xFC,0x44,0xE4,0x0C,0x1C,0x00,0x08,0x0F,0x0F,0x08,0x00,0x00,0x00,0x00}, /* F */
    385            {0xF0,0xF8,0x0C,0x84,0x84,0x8C,0x98,0x00,0x03,0x07,0x0C,0x08,0x08,0x07,0x0F,0x00}, /* G */
    386            {0xFC,0xFC,0x40,0x40,0x40,0xFC,0xFC,0x00,0x0F,0x0F,0x00,0x00,0x00,0x0F,0x0F,0x00}, /* H */
    387            {0x00,0x00,0x04,0xFC,0xFC,0x04,0x00,0x00,0x00,0x00,0x08,0x0F,0x0F,0x08,0x00,0x00}, /* I */
    388            {0x00,0x00,0x00,0x04,0xFC,0xFC,0x04,0x00,0x07,0x0F,0x08,0x08,0x0F,0x07,0x00,0x00}, /* J */
    389            {0x04,0xFC,0xFC,0xC0,0xE0,0x3C,0x1C,0x00,0x08,0x0F,0x0F,0x00,0x01,0x0F,0x0E,0x00}, /* K */
    390            {0x04,0xFC,0xFC,0x04,0x00,0x00,0x00,0x00,0x08,0x0F,0x0F,0x08,0x08,0x0C,0x0E,0x00}, /* L */
    391            {0xFC,0xFC,0x38,0x70,0x38,0xFC,0xFC,0x00,0x0F,0x0F,0x00,0x00,0x00,0x0F,0x0F,0x00}, /* M */
    392            {0xFC,0xFC,0x38,0x70,0xE0,0xFC,0xFC,0x00,0x0F,0x0F,0x00,0x00,0x00,0x0F,0x0F,0x00}, /* N */
    393            {0xF8,0xFC,0x04,0x04,0x04,0xFC,0xF8,0x00,0x07,0x0F,0x08,0x08,0x08,0x0F,0x07,0x00}, /* O */
    394            {0x04,0xFC,0xFC,0x44,0x44,0x7C,0x38,0x00,0x08,0x0F,0x0F,0x08,0x00,0x00,0x00,0x00}, /* P */
    395            {0xF8,0xFC,0x04,0x04,0x04,0xFC,0xF8,0x00,0x07,0x0F,0x08,0x0E,0x3C,0x3F,0x27,0x00}, /* Q */
    396            {0x04,0xFC,0xFC,0x44,0xC4,0xFC,0x38,0x00,0x08,0x0F,0x0F,0x00,0x00,0x0F,0x0F,0x00}, /* R */
    397            {0x18,0x3C,0x64,0x44,0xC4,0x9C,0x18,0x00,0x06,0x0E,0x08,0x08,0x08,0x0F,0x07,0x00}, /* S */
    398            {0x00,0x1C,0x0C,0xFC,0xFC,0x0C,0x1C,0x00,0x00,0x00,0x08,0x0F,0x0F,0x08,0x00,0x00}, /* T */
    399            {0xFC,0xFC,0x00,0x00,0x00,0xFC,0xFC,0x00,0x07,0x0F,0x08,0x08,0x08,0x0F,0x07,0x00}, /* U */
    400            {0xFC,0xFC,0x00,0x00,0x00,0xFC,0xFC,0x00,0x01,0x03,0x06,0x0C,0x06,0x03,0x01,0x00}, /* V */
    401            {0xFC,0xFC,0x00,0xC0,0x00,0xFC,0xFC,0x00,0x07,0x0F,0x0E,0x03,0x0E,0x0F,0x07,0x00}, /* W */
    402            {0x0C,0x3C,0xF0,0xE0,0xF0,0x3C,0x0C,0x00,0x0C,0x0F,0x03,0x01,0x03,0x0F,0x0C,0x00}, /* X */
    403            {0x00,0x3C,0x7C,0xC0,0xC0,0x7C,0x3C,0x00,0x00,0x00,0x08,0x0F,0x0F,0x08,0x00,0x00}, /* Y */
    404            {0x1C,0x0C,0x84,0xC4,0x64,0x3C,0x1C,0x00,0x0E,0x0F,0x09,0x08,0x08,0x0C,0x0E,0x00}, /* Z */
    405            {0x00,0x00,0xFC,0xFC,0x04,0x04,0x00,0x00,0x00,0x00,0x0F,0x0F,0x08,0x08,0x00,0x00}, /* [ */
    406            {0x38,0x70,0xE0,0xC0,0x80,0x00,0x00,0x00,0x00,0x00,0x00,0x01,0x03,0x07,0x0E,0x00}, /* \ */
    407            {0x00,0x00,0x04,0x04,0xFC,0xFC,0x00,0x00,0x00,0x00,0x08,0x08,0x0F,0x0F,0x00,0x00}, /* ] */
    408            {0x08,0x0C,0x06,0x03,0x06,0x0C,0x08,0x00,0x00,0x00,0x00,0x00,0x00,0x00,0x00,0x00}, /* ^ */
    409            {0x00,0x00,0x00,0x00,0x00,0x00,0x00,0x00,0x20,0x20,0x20,0x20,0x20,0x20,0x20,0x20}, /* _ */
    410            {0x00,0x00,0x03,0x07,0x04,0x00,0x00,0x00,0x00,0x00,0x00,0x00,0x00,0x00,0x00,0x00}, /* ` */
    411            {0x00,0xA0,0xA0,0xA0,0xE0,0xC0,0x00,0x00,0x07,0x0F,0x08,0x08,0x07,0x0F,0x08,0x00}, /* a */
    412            {0x04,0xFC,0xFC,0x20,0x60,0xC0,0x80,0x00,0x00,0x0F,0x0F,0x08,0x08,0x0F,0x07,0x00}, /* b */
    413            {0xC0,0xE0,0x20,0x20,0x20,0x60,0x40,0x00,0x07,0x0F,0x08,0x08,0x08,0x0C,0x04,0x00}, /* c */
    414            {0x80,0xC0,0x60,0x24,0xFC,0xFC,0x00,0x00,0x07,0x0F,0x08,0x08,0x07,0x0F,0x08,0x00}, /* d */
    415            {0xC0,0xE0,0xA0,0xA0,0xA0,0xE0,0xC0,0x00,0x07,0x0F,0x08,0x08,0x08,0x0C,0x04,0x00}, /* e */
    416            {0x40,0xF8,0xFC,0x44,0x0C,0x18,0x00,0x00,0x08,0x0F,0x0F,0x08,0x00,0x00,0x00,0x00}, /* f */
    417            {0xC0,0xE0,0x20,0x20,0xC0,0xE0,0x20,0x00,0x27,0x6F,0x48,0x48,0x7F,0x3F,0x00,0x00}, /* g */
    418            {0x04,0xFC,0xFC,0x40,0x20,0xE0,0xC0,0x00,0x08,0x0F,0x0F,0x00,0x00,0x0F,0x0F,0x00}, /* h */
    419            {0x00,0x00,0x20,0xEC,0xEC,0x00,0x00,0x00,0x00,0x00,0x08,0x0F,0x0F,0x08,0x00,0x00}, /* i */
    420            {0x00,0x00,0x00,0x00,0x20,0xEC,0xEC,0x00,0x00,0x30,0x70,0x40,0x40,0x7F,0x3F,0x00}, /* j */
    421            {0x04,0xFC,0xFC,0x80,0xC0,0x60,0x20,0x00,0x08,0x0F,0x0F,0x01,0x03,0x0E,0x0C,0x00}, /* k */
    422            {0x00,0x00,0x04,0xFC,0xFC,0x00,0x00,0x00,0x00,0x00,0x08,0x0F,0x0F,0x08,0x00,0x00}, /* l */
    423            {0xE0,0xE0,0x60,0xC0,0x60,0xE0,0xC0,0x00,0x0F,0x0F,0x00,0x07,0x00,0x0F,0x0F,0x00}, /* m */
    424            {0x20,0xE0,0xC0,0x20,0x20,0xE0,0xC0,0x00,0x00,0x0F,0x0F,0x00,0x00,0x0F,0x0F,0x00}, /* n */
    425            {0xC0,0xE0,0x20,0x20,0x20,0xE0,0xC0,0x00,0x07,0x0F,0x08,0x08,0x08,0x0F,0x07,0x00}, /* o */
    426            {0x20,0xE0,0xC0,0x20,0x20,0xE0,0xC0,0x00,0x40,0x7F,0x7F,0x48,0x08,0x0F,0x07,0x00}, /* p */
    427            {0xC0,0xE0,0x20,0x20,0xC0,0xE0,0x20,0x00,0x07,0x0F,0x08,0x48,0x7F,0x7F,0x40,0x00}, /* q */
    428            {0x20,0xE0,0xC0,0x60,0x20,0xE0,0xC0,0x00,0x08,0x0F,0x0F,0x08,0x00,0x00,0x00,0x00}, /* r */
    429            {0x40,0xE0,0xA0,0x20,0x20,0x60,0x40,0x00,0x04,0x0C,0x09,0x09,0x0B,0x0E,0x04,0x00}, /* s */
    430            {0x20,0x20,0xF8,0xFC,0x20,0x20,0x00,0x00,0x00,0x00,0x07,0x0F,0x08,0x0C,0x04,0x00}, /* t */
    431            {0xE0,0xE0,0x00,0x00,0xE0,0xE0,0x00,0x00,0x07,0x0F,0x08,0x08,0x07,0x0F,0x08,0x00}, /* u */
    432            {0x00,0xE0,0xE0,0x00,0x00,0xE0,0xE0,0x00,0x00,0x03,0x07,0x0C,0x0C,0x07,0x03,0x00}, /* v */
    433            {0xE0,0xE0,0x00,0x80,0x00,0xE0,0xE0,0x00,0x07,0x0F,0x0C,0x07,0x0C,0x0F,0x07,0x00}, /* w */
    434            {0x20,0x60,0xC0,0x80,0xC0,0x60,0x20,0x00,0x08,0x0C,0x07,0x03,0x07,0x0C,0x08,0x00}, /* x */
    435            {0xE0,0xE0,0x00,0x00,0x00,0xE0,0xE0,0x00,0x47,0x4F,0x48,0x48,0x68,0x3F,0x1F,0x00}, /* y */
    436            {0x60,0x60,0x20,0xA0,0xE0,0x60,0x20,0x00,0x0C,0x0E,0x0B,0x09,0x08,0x0C,0x0C,0x00}, /* z */
    437            {0x00,0x40,0x40,0xF8,0xBC,0x04,0x04,0x00,0x00,0x00,0x00,0x07,0x0F,0x08,0x08,0x00}, /* { */
    438            {0x00,0x00,0x00,0xBC,0xBC,0x00,0x00,0x00,0x00,0x00,0x00,0x0F,0x0F,0x00,0x00,0x00}, /* | */
    439            {0x00,0x04,0x04,0xBC,0xF8,0x40,0x40,0x00,0x00,0x08,0x08,0x0F,0x07,0x00,0x00,0x00}, /* } */
    440            {0x80,0xC0,0x40,0xC0,0x80,0xC0,0x40,0x00,0x00,0x00,0x00,0x00,0x00,0x00,0x00,0x00}, /* ~ */
    441            {0x80,0xC0,0x60,0x30,0x60,0xC0,0x80,0x00,0x07,0x07,0x04,0x04,0x04,0x07,0x07,0x00}}; /* 0x7F */


   Segment part sizes:

     Function/Label               Bytes
     --------------               -----
     ImageNO                         1
     IMAGE_EpiaLogo                488
     IMAGE_EpiaLogo1               488
     IMAGE_EpiaLogo2               488
     IMAGE_EpiaLogo3               488
     IMAGE_EpiaLogo4               488
     IMAGE_EpiaLogo5               488
     IMAGE_EpiaLogo6               488
     IMAGE_EpiaLogo7               488
     IMAGE_EpiaLogo8               488
     IMAGE_EpiaLogo9               488
     IMAGE_EpiaLogo10              488
     IMAGE_EpiaLogo11              488
     IMAGE_EpiaLogo12              488
     IMAGE_EpiaLogo13              488
     IMAGE_EpiaLogo14              488
     IMAGE_EpiaLogo15              488
     IMAGE_EpiaLogo16              488
     IMAGE_EpiaLogo17              488
     IMAGE_EpiaLogo18              488
     IMAGE_EpiaLogo19              488
     IMAGE_EpiaLogo20              488
     IMAGE_EpiaLogo21              488
     IMAGE_EpiaLogo22              488
     IMAGE_EpiaLogo23              488
     IMAGE_EpiaLogo24              488
     IMAGE_TEST                    488
     IMAGE_TEST1                   496
     pImagePtr                     108
     ASCII_FONT6x7                 768
     ASCII_FONT8x16               2048
     ?<Initializer for pImagePtr>  108
      Others                        24

 
 16 000 bytes in segment DATA_C
    108 bytes in segment DATA_I
    108 bytes in segment DATA_ID
      1 byte  in segment DATA_Z
     24 bytes in segment INITTAB
 
      0 bytes of CODE  memory (+ 24 bytes shared)
 16 108 bytes of CONST memory
    109 bytes of DATA  memory

Errors: none
Warnings: none
