##############################################################################
#                                                                            #
# IAR ARM ANSI C/C++ Compiler V4.40A/W32 EVALUATION    10/Jul/2007  17:53:05 #
# Copyright 1999-2005 IAR Systems. All rights reserved.                      #
#                                                                            #
#    Cpu mode        =  interwork                                            #
#    Endian          =  little                                               #
#    Stack alignment =  8                                                    #
#    Source file     =  C:\E-pia\EpiaLoadMonit_v01\EpiaLoadMonit\src\GULIM_1 #
#                       3_short.c                                            #
#    Command line    =  C:\E-pia\EpiaLoadMonit_v01\EpiaLoadMonit\src\GULIM_1 #
#                       3_short.c -D NDEBUG -lC C:\E-pia\EpiaLoadMonit_v01\E #
#                       piaLoadMonit\compil\Debug\List\ -lB                  #
#                       C:\E-pia\EpiaLoadMonit_v01\EpiaLoadMonit\compil\Debu #
#                       g\List\ -o C:\E-pia\EpiaLoadMonit_v01\EpiaLoadMonit\ #
#                       compil\Debug\Obj\ -z9 --debug --cpu_mode thumb       #
#                       --endian little --cpu ARM7TDMI --stack_align 8       #
#                       --interwork -e --fpu None --dlib_config "C:\Program  #
#                       Files\IAR Systems\Embedded Workbench 4.0             #
#                       Evaluation\ARM\LIB\dl4tptinl8n.h" -I                 #
#                       C:\E-pia\EpiaLoadMonit_v01\EpiaLoadMonit\compil\srcI #
#                       AR\ -I C:\E-pia\EpiaLoadMonit_v01\EpiaLoadMonit\comp #
#                       il\..\src\ -I C:\E-pia\EpiaLoadMonit_v01\EpiaLoadMon #
#                       it\compil\..\..\ -I "C:\Program Files\IAR            #
#                       Systems\Embedded Workbench 4.0 Evaluation\ARM\INC\"  #
#    List file       =  C:\E-pia\EpiaLoadMonit_v01\EpiaLoadMonit\compil\Debu #
#                       g\List\GULIM_13_short.lst                            #
#    Object file     =  C:\E-pia\EpiaLoadMonit_v01\EpiaLoadMonit\compil\Debu #
#                       g\Obj\GULIM_13_short.r79                             #
#                                                                            #
#                                                                            #
##############################################################################


   \                                 In segment DATA_C, align 4, align-sorted
C:\E-pia\EpiaLoadMonit_v01\EpiaLoadMonit\src\GULIM_13_short.c
      1          const unsigned short HANGUL_FONT16x16[][16] = {
   \                     HANGUL_FONT16x16:
   \   00000000   000000000000       DC16 0, 0, 0, 0, 0, 0, 0, 0, 0, 0, 0, 0, 0, 0, 0, 0, 0, 8192, 8200
   \              000000000000
   \              000000000000
   \              000000000000
   \              000000000000
   \              000000000020
   \              0820        
   \   00000026   082008100810       DC16 8200, 4104, 4104, 2056, 1544, 496, 0, 0, 0, 65532, 128, 128, 0, 0
   \              08080806F001
   \              000000000000
   \              FCFF80008000
   \              00000000    
   \   00000042   000104010409       DC16 256, 260, 2308, 2308, 2180, 2180, 2116, 2104, 2048, 2048, 2048
   \              040984088408
   \              440838080008
   \              00080008    
   \   00000058   FCF320002000       DC16 62460, 32, 32, 0, 0, 1024, 1028, 29700, 33284, 33284, 33028, 32900
   \              000000000004
   \              040404740482
   \              048204818480
   \   00000070   788000800080       DC16 32888, 32768, 32768, 32768, 36860, 64, 64, 0, 0, 256, 260, 28932
   \              0080FC8F4000
   \              400000000000
   \              000104010471
   \   00000088   048984888488       DC16 35076, 34948, 34948, 34884, 34872, 34816, 34816, 34816, 35836, 32
   \              448838880088
   \              00880088FC8B
   \              2000        
   \   0000009C   200000000000       DC16 32, 0, 0, 256, 260, 25860, 38148, 38020, 38020, 37956, 37944
   \              000104010465
   \              049584948494
   \              44943894    
   \   000000B2   009400940094       DC16 37888, 37888, 37888, 35324, 32, 32, 0, 0, 256, 25860, 38148, 38020
   \              FC8920002000
   \              000000000001
   \              046504958494
   \   000000CA   849444942488       DC16 38020, 37956, 34852, 1048, 1024, 1024, 1024, 63996, 32, 32, 0, 0
   \              180400040004
   \              0004FCF92000
   \              200000000000
   \   000000E2   000104650495       DC16 256, 25860, 38148, 38020, 38020, 34884, 36, 31768, 33792, 33792
   \              849484944488
   \              2400187C0084
   \              0084        
   \   000000F6   0084FC7D2000       DC16 33792, 32252, 32, 32, 0, 0, 256, 260, 30980, 35076, 34948, 34948
   \              200000000000
   \              000104010479
   \              048984888488
   \   0000010E   448838880088       DC16 34884, 34872, 34816, 34816, 34816, 31740, 32, 32, 0, 0, 512, 516
   \              00880088FC7B
   \              200020000000
   \              000000020402
   \   00000126   047D04918490       DC16 32004, 37124, 36996, 36932, 36900, 36888, 36864, 36864, 36864
   \              449024901890
   \              009000900090
   \   00000138   FC7D20002000       DC16 32252, 32, 32, 0, 0, 512, 516, 32004, 37124, 36996, 36932, 31780
   \              000000000002
   \              0402047D0491
   \              84904490247C
   \   00000150   188000800040       DC16 32792, 32768, 16384, 15360, 16892, 32800, 32800, 0, 0, 512, 516
   \              003CFC412080
   \              208000000000
   \              00020402    
   \   00000166   048104818440       DC16 33028, 33028, 16516, 16452, 8228, 6168, 8192, 16384, 16384, 34812
   \              444024201818
   \              002000400040
   \              FC87        
   \   0000017A   208020000000       DC16 32800, 32, 0, 0, 33280, 33284, 16644, 8452, 6276, 8260, 49188
   \              000000820482
   \              044104218418
   \              442024C0    
   \   00000190   184000200018       DC16 16408, 8192, 6144, 8192, 17404, 32800, 32, 0, 0, 256, 260, 12548
   \              0020FC432080
   \              200000000000
   \              000104010431
   \   000001A8   044984488484       DC16 18692, 18564, 33924, 33860, 33848, 33792, 18432, 18432, 13308, 32
   \              448438840084
   \              00480048FC33
   \              2000        
   \   000001BC   200000000000       DC16 32, 0, 0, 256, 33028, 35076, 35076, 18564, 18564, 10308, 6200
   \              000104810489
   \              048984488448
   \              44283818    
   \   000001D2   002800480048       DC16 10240, 18432, 18432, 35836, 32800, 32, 0, 0, 256, 260, 37124
   \              FC8B20802000
   \              000000000001
   \              04010491    
   \   000001E8   849084904454       DC16 36996, 36996, 21572, 21540, 13336, 21504, 21504, 36864, 37884
   \              245418340054
   \              00540090FC93
   \   000001FA   209020000000       DC16 36896, 32, 0, 0, 256, 260, 30980, 38020, 38020, 37956, 37924
   \              000000010401
   \              047984948494
   \              44942494    
   \   00000210   189400940094       DC16 37912, 37888, 37888, 37888, 38396, 32, 32, 0, 0, 512, 516, 35076
   \              0094FC952000
   \              200000000000
   \              000204020489
   \   00000228   048984F84488       DC16 35076, 63620, 34884, 34852, 34840, 34816, 63488, 34816, 35836, 32
   \              248818880088
   \              00F80088FC8B
   \              2000        
   \   0000023C   200000000000       DC16 32, 0, 0, 256, 260, 2308, 18564, 43140, 43588, 43556, 43544, 43520
   \              000104010409
   \              844884A844AA
   \              24AA18AA00AA
   \   00000254   00AA00A8FC49       DC16 43520, 43008, 18940, 2080, 32, 0
   \              200820000000
      2                  0x0000,0x0000,0x0000,0x0000,0x0000,0x0000,0x0000,0x0000,
      3          	0x0000,0x0000,0x0000,0x0000,0x0000,0x0000,0x0000,0x0000,
      4                  0x0000,0x2000,0x2008,0x2008,0x1008,0x1008,0x0808,0x0608,
      5                  0x01F0,0x0000,0x0000,0x0000,0xFFFC,0x0080,0x0080,0x0000,
      6                  0x0000,0x0100,0x0104,0x0904,0x0904,0x0884,0x0884,0x0844,
      7                  0x0838,0x0800,0x0800,0x0800,0xF3FC,0x0020,0x0020,0x0000,
      8                  0x0000,0x0400,0x0404,0x7404,0x8204,0x8204,0x8104,0x8084,
      9                  0x8078,0x8000,0x8000,0x8000,0x8FFC,0x0040,0x0040,0x0000,
     10                  0x0000,0x0100,0x0104,0x7104,0x8904,0x8884,0x8884,0x8844,
     11                  0x8838,0x8800,0x8800,0x8800,0x8BFC,0x0020,0x0020,0x0000,
     12                  0x0000,0x0100,0x0104,0x6504,0x9504,0x9484,0x9484,0x9444,
     13                  0x9438,0x9400,0x9400,0x9400,0x89FC,0x0020,0x0020,0x0000,
     14                  0x0000,0x0100,0x6504,0x9504,0x9484,0x9484,0x9444,0x8824,
     15                  0x0418,0x0400,0x0400,0x0400,0xF9FC,0x0020,0x0020,0x0000,
     16                  0x0000,0x0100,0x6504,0x9504,0x9484,0x9484,0x8844,0x0024,
     17                  0x7C18,0x8400,0x8400,0x8400,0x7DFC,0x0020,0x0020,0x0000,
     18                  0x0000,0x0100,0x0104,0x7904,0x8904,0x8884,0x8884,0x8844,
     19                  0x8838,0x8800,0x8800,0x8800,0x7BFC,0x0020,0x0020,0x0000,
     20                  0x0000,0x0200,0x0204,0x7D04,0x9104,0x9084,0x9044,0x9024,
     21                  0x9018,0x9000,0x9000,0x9000,0x7DFC,0x0020,0x0020,0x0000,
     22                  0x0000,0x0200,0x0204,0x7D04,0x9104,0x9084,0x9044,0x7C24,
     23                  0x8018,0x8000,0x4000,0x3C00,0x41FC,0x8020,0x8020,0x0000,
     24                  0x0000,0x0200,0x0204,0x8104,0x8104,0x4084,0x4044,0x2024,
     25                  0x1818,0x2000,0x4000,0x4000,0x87FC,0x8020,0x0020,0x0000,
     26                  0x0000,0x8200,0x8204,0x4104,0x2104,0x1884,0x2044,0xC024,
     27                  0x4018,0x2000,0x1800,0x2000,0x43FC,0x8020,0x0020,0x0000,
     28                  0x0000,0x0100,0x0104,0x3104,0x4904,0x4884,0x8484,0x8444,
     29                  0x8438,0x8400,0x4800,0x4800,0x33FC,0x0020,0x0020,0x0000,
     30                  0x0000,0x0100,0x8104,0x8904,0x8904,0x4884,0x4884,0x2844,
     31                  0x1838,0x2800,0x4800,0x4800,0x8BFC,0x8020,0x0020,0x0000,
     32                  0x0000,0x0100,0x0104,0x9104,0x9084,0x9084,0x5444,0x5424,
     33                  0x3418,0x5400,0x5400,0x9000,0x93FC,0x9020,0x0020,0x0000,
     34                  0x0000,0x0100,0x0104,0x7904,0x9484,0x9484,0x9444,0x9424,
     35                  0x9418,0x9400,0x9400,0x9400,0x95FC,0x0020,0x0020,0x0000,
     36                  0x0000,0x0200,0x0204,0x8904,0x8904,0xF884,0x8844,0x8824,
     37                  0x8818,0x8800,0xF800,0x8800,0x8BFC,0x0020,0x0020,0x0000,
     38                  0x0000,0x0100,0x0104,0x0904,0x4884,0xA884,0xAA44,0xAA24,
     39                  0xAA18,0xAA00,0xAA00,0xA800,0x49FC,0x0820,0x0020,0x0000};
     40          /*
     41                  0x0000,0x2000,0x2008,0x2008,0x1008,0x0808,0x0608,0x01F0,
     42                  0x0000,0x0000,0xFFFC,0x0100,0x0100,0xFFFC,0x0000,0x0000,
     43                  0x0000,0x0200,0x0204,0x0904,0x0904,0x0884,0x0844,0x0838,
     44                  0x0800,0x0800,0x0BFC,0x0820,0x0820,0xF3FC,0x0000,0x0000,
     45                  0x0000,0x0400,0x0404,0x7204,0x8104,0x8084,0x8064,0x8018,
     46                  0x8000,0x8000,0x87FC,0x8040,0x8040,0x8FFC,0x0000,0x0000,
     47                  0x0000,0x0100,0x0104,0x6484,0x9484,0x9444,0x9424,0x9418,
     48                  0x9400,0x9400,0x95FC,0x9420,0x9420,0x89FC,0x0000,0x0000,
     49                  0x0000,0x0200,0x0204,0x7904,0x8904,0x8884,0x8844,0x8838,
     50                  0x8800,0x8800,0x8BFC,0x8820,0x8820,0x7BFC,0x0000,0x0000,
     51                  0x0000,0x0200,0x0204,0x7D04,0x9104,0x9084,0x9044,0x9038,
     52                  0x9000,0x9000,0x91FC,0x9020,0x9020,0x7DFC,0x0000,0x0000,
     53                  0x0000,0x0200,0x0204,0x8104,0x8104,0x4084,0x4044,0x2038,
     54                  0x1800,0x2000,0x43FC,0x4020,0x8020,0x87FC,0x0000,0x0000,
     55                  0x0000,0x0200,0x8204,0x8104,0x4104,0x2084,0x1844,0x2038,
     56                  0xC000,0x4000,0x21FC,0x1820,0x2020,0x43FC,0x8000,0x0000,
     57                  0x0000,0x0200,0x0204,0x3104,0x4904,0x4884,0x8444,0x8438,
     58                  0x8400,0x8400,0x85FC,0x4820,0x4820,0x33FC,0x0000,0x0000,
     59                  0x0000,0x2000,0x2008,0x1008,0x1008,0x0808,0x0408,0x0308,
     60                  0x00F0,0x0000,0x0000,0x0000,0xFFFC,0x0420,0x0420,0x0000,
     61                  0x0000,0x0200,0x0204,0x0904,0x0904,0x0884,0x0844,0x0824,
     62                  0x0818,0x0800,0x0800,0x0800,0xF3FC,0x0048,0x0048,0x0000,
     63                  0x0000,0x0400,0x0404,0x7204,0x8204,0x8104,0x8084,0x8044,
     64                  0x8038,0x8000,0x8000,0x8000,0x8FFC,0x0110,0x0110,0x0000,
     65                  0x0000,0x0100,0x0104,0x6504,0x9484,0x9484,0x9444,0x9424,
     66                  0x9418,0x9400,0x9400,0x9400,0x89FC,0x0048,0x0048,0x0000,
     67                  0x0000,0x0200,0x0204,0x8104,0x8104,0x4084,0x4044,0x2024,
     68                  0x1818,0x2000,0x4000,0x4000,0x87FC,0x8048,0x0048,0x0000,
     69                  0x0000,0x0200,0x0204,0x3104,0x4904,0x4884,0x8444,0x8424,
     70                  0x8418,0x8400,0x4800,0x4800,0x33FC,0x0048,0x0048,0x0000,
     71                  0x0000,0x2000,0x2008,0x1008,0x0808,0x0408,0x0308,0x00F0,
     72                  0x0000,0x0000,0xFFFC,0x0820,0x0820,0xFFFC,0x0000,0x0000,
     73                  0x0000,0x0400,0x0404,0x7204,0x8104,0x8084,0x8064,0x8018,
     74                  0x8000,0x8000,0x87FC,0x8110,0x8110,0x8FFC,0x0000,0x0000,
     75                  0x0000,0x0100,0x0104,0x6484,0x9484,0x9444,0x9424,0x9418,
     76                  0x9400,0x9400,0x95FC,0x9490,0x9490,0x89FC,0x0000,0x0000,
     77                  0x0000,0x2000,0x2008,0x2008,0x1008,0x1008,0x0808,0x0608,
     78                  0x01F0,0x0080,0x0080,0x0080,0xFFFC,0x0000,0x0000,0x0000,
     79                  0x0000,0x0200,0x0204,0x0904,0x0904,0x0884,0x0844,0x0824,
     80                  0x0838,0x0820,0x0820,0x0820,0xF3FC,0x0000,0x0000,0x0000,
     81                  0x0000,0x0400,0x0404,0x7404,0x8204,0x8204,0x8104,0x8084,
     82                  0x8078,0x8020,0x8020,0x8020,0x8FFC,0x0000,0x0000,0x0000,
     83                  0x0000,0x0200,0x0204,0x7104,0x8904,0x8884,0x8844,0x8824,
     84                  0x8838,0x8820,0x8820,0x8820,0x8BFC,0x0000,0x0000,0x0000,
     85                  0x0000,0x0100,0x0104,0x6504,0x9504,0x9484,0x9484,0x9444,
     86                  0x9438,0x9420,0x9420,0x9420,0x89FC,0x0000,0x0000,0x0000,
     87                  0x0000,0x0100,0x6504,0x9504,0x9484,0x9484,0x8844,0x0024,
     88                  0x7C38,0x8420,0x8420,0x8420,0x7DFC,0x0000,0x0000,0x0000,
     89                  0x0000,0x0200,0x0204,0x7904,0x8904,0x8884,0x8844,0x8824,
     90                  0x8838,0x8820,0x8820,0x8820,0x7BFC,0x0000,0x0000,0x0000,
     91                  0x0000,0x0200,0x0204,0x7D04,0x9104,0x9084,0x9044,0x9024,
     92                  0x9038,0x9020,0x9020,0x9020,0x7DFC,0x0000,0x0000,0x0000,
     93                  0x0000,0x0100,0x0104,0x8104,0x8104,0x4084,0x2084,0x1044,
     94                  0x0C38,0x1020,0x2020,0x4020,0x87FC,0x8000,0x0000,0x0000,
     95                  0x0000,0x8200,0x8204,0x4104,0x2104,0x1884,0x2044,0xC024,
     96                  0x4038,0x2020,0x1820,0x2020,0x43FC,0x8000,0x0000,0x0000,
     97                  0x0000,0x0200,0x0204,0x3104,0x4904,0x4884,0x8444,0x8424,
     98                  0x8438,0x8420,0x4820,0x4820,0x33FC,0x0000,0x0000,0x0000,
     99                  0x0000,0x0200,0x0204,0x8904,0x8904,0x4884,0x4844,0x2824,
    100                  0x1838,0x2820,0x4820,0x4820,0x8BFC,0x8800,0x0000,0x0000,
    101                  0x0000,0x0100,0x0104,0x7904,0x9484,0x9484,0x9444,0x9424,
    102                  0x9438,0x9420,0x9420,0x9420,0x95FC,0x0000,0x0000,0x0000,
    103                  0x0000,0x0200,0x0204,0x8904,0x8904,0xF884,0x8844,0x8824,
    104                  0x8838,0x8820,0xF820,0x8820,0x8BFC,0x0000,0x0000,0x0000,
    105                  0x0000,0x0100,0x0104,0x0904,0x4884,0xA884,0xAA44,0xAA24,
    106                  0xAA38,0xAA20,0xAA20,0xA820,0x49FC,0x0800,0x0000,0x0000,
    107                  0x0000,0x2000,0x2008,0x2008,0x1008,0x0808,0x0608,0x01F0,
    108                  0x0080,0x0080,0xFFFC,0x0000,0x0000,0xFFFC,0x0000,0x0000,
    109                  0x0000,0x0400,0x0404,0x7204,0x8104,0x8084,0x8064,0x8018,
    110                  0x8020,0x8020,0x8FFC,0x8000,0x8000,0x9FFC,0x0000,0x0000,
    111                  0x0000,0x0100,0x0104,0x6484,0x9484,0x9444,0x9424,0x9438,
    112                  0x9420,0x9420,0x95FC,0x9400,0x9400,0x89FC,0x0000,0x0000,
    113                  0x0000,0x0200,0x0204,0x7904,0x8904,0x8884,0x8844,0x8838,
    114                  0x8820,0x8820,0x8BFC,0x8800,0x8800,0x7BFC,0x0000,0x0000,
    115                  0x0000,0x0200,0x0204,0x7D04,0x9104,0x9084,0x9044,0x9038,
    116                  0x9020,0x9020,0x91FC,0x9000,0x9000,0x7DFC,0x0000,0x0000,
    117                  0x0000,0x0200,0x0204,0x8104,0x8104,0x4084,0x4044,0x2038,
    118                  0x1820,0x2020,0x43FC,0x4000,0x8000,0x87FC,0x0000,0x0000,
    119                  0x0000,0x0100,0x8104,0x4104,0x2084,0x1884,0x2044,0x4038,
    120                  0x8020,0x4020,0x23FC,0x1800,0x2000,0x43FC,0x8000,0x0000,
    121                  0x0000,0x0200,0x0204,0x3104,0x4904,0x4884,0x8444,0x8438,
    122                  0x8420,0x8420,0x85FC,0x4800,0x4800,0x33FC,0x0000,0x0000,
    123                  0x0000,0x2000,0x2008,0x1008,0x1008,0x0808,0x0408,0x0308,
    124                  0x02F0,0x0220,0x0220,0x0220,0xFFFC,0x0000,0x0000,0x0000,
    125                  0x0000,0x0100,0x0104,0x0904,0x0904,0x0884,0x0884,0x0844,
    126                  0x0838,0x0848,0x0848,0x0848,0xF3FC,0x0000,0x0000,0x0000,
    127                  0x0000,0x0200,0x0A04,0x0904,0x0904,0x0884,0xF044,0x0024,
    128                  0x0818,0x0848,0x0848,0x0848,0xF3FC,0x0000,0x0000,0x0000,
    129                  0x0000,0x0400,0x0404,0x7404,0x8204,0x8204,0x8104,0x8084,
    130                  0x80F8,0x8090,0x8090,0x8090,0x8FFC,0x0000,0x0000,0x0000,
    131                  0x0000,0x0200,0x0204,0x7104,0x8904,0x8884,0x8844,0x8824,
    132                  0x8818,0x8848,0x8848,0x8848,0x8BFC,0x0000,0x0000,0x0000,
    133                  0x0000,0x0100,0x0104,0x6504,0x9504,0x9484,0x9484,0x9444,
    134                  0x9438,0x9448,0x9448,0x9448,0x89FC,0x0000,0x0000,0x0000,
    135                  0x0000,0x0200,0x0204,0x7904,0x8904,0x8884,0x8844,0x8824,
    136                  0x8818,0x8848,0x8848,0x8848,0x7BFC,0x0000,0x0000,0x0000,
    137                  0x0000,0x0200,0x0204,0x7D04,0x9104,0x9084,0x9044,0x9024,
    138                  0x9018,0x9048,0x9048,0x9048,0x7DFC,0x0000,0x0000,0x0000,
    139                  0x0000,0x0200,0x0204,0x8104,0x8104,0x4084,0x4044,0x2024,
    140                  0x1818,0x2048,0x4048,0x4048,0x87FC,0x8000,0x0000,0x0000,
    141                  0x0000,0x8200,0x8204,0x4104,0x2104,0x1884,0x2044,0xC024,
    142                  0x4018,0x2048,0x1848,0x2048,0x43FC,0x8000,0x0000,0x0000,
    143                  0x0000,0x0100,0x0104,0x3104,0x4904,0x4884,0x8484,0x8444,
    144                  0x8438,0x8448,0x4848,0x4848,0x33FC,0x0000,0x0000,0x0000,
    145                  0x0000,0x0100,0x0104,0x7904,0x9484,0x9484,0x9444,0x9424,
    146                  0x9418,0x9448,0x9448,0x9448,0x95FC,0x0000,0x0000,0x0000,
    147                  0x0000,0x2000,0x2008,0x2008,0x1008,0x0808,0x0608,0x03F0,
    148                  0x0220,0x0220,0xFFFC,0x0000,0x0000,0xFFFC,0x0000,0x0000,
    149                  0x0000,0x0400,0x0404,0x7204,0x8104,0x8084,0x8064,0x8098,
    150                  0x8090,0x8090,0x87FC,0x8000,0x8000,0x8FFC,0x0000,0x0000,
    151                  0x0000,0x0100,0x0104,0x6484,0x9484,0x9444,0x9424,0x9458,
    152                  0x9448,0x9448,0x95FC,0x9400,0x9400,0x89FC,0x0000,0x0000,
    153                  0x0000,0x0200,0x0204,0x7D04,0x9104,0x9084,0x9044,0x9078,
    154                  0x9048,0x9048,0x91FC,0x9000,0x9000,0x7DFC,0x0000,0x0000,
    155                  0x0000,0x0200,0x0204,0x8104,0x8104,0x4084,0x4044,0x2078,
    156                  0x1848,0x2048,0x43FC,0x4000,0x8000,0x87FC,0x0000,0x0000,
    157                  0x0000,0x0000,0x4000,0x4008,0x4008,0x4008,0x4008,0x7F08,
    158                  0x4008,0x4008,0x4008,0x4008,0x5C08,0x43F0,0x4000,0x0000,
    159                  0x0000,0x0000,0x0100,0x0904,0x0904,0x0904,0x0904,0x09E4,
    160                  0x0904,0x0904,0x0904,0x0904,0x0944,0xF138,0x0100,0x0000,
    161                  0x0000,0x0000,0x0200,0x7204,0x8204,0x8204,0x8204,0x83E4,
    162                  0x8204,0x8204,0x8204,0x8204,0x8284,0x8278,0x0200,0x0000,
    163                  0x0000,0x0000,0x0100,0x7104,0x8904,0x8904,0x8904,0x89E4,
    164                  0x8904,0x8904,0x8904,0x8904,0x8944,0x8938,0x0100,0x0000,
    165                  0x0000,0x0000,0x0100,0x6504,0x9504,0x9504,0x9504,0x95E4,
    166                  0x9504,0x9504,0x9504,0x9504,0x9544,0x8938,0x0100,0x0000,
    167                  0x0000,0x0000,0x0100,0x6504,0x9504,0x9504,0x9504,0x89E4,
    168                  0x0104,0x7D04,0x8504,0x8504,0x8544,0x7D38,0x0100,0x0000,
    169                  0x0000,0x0000,0x0100,0x6504,0x9504,0x9504,0x9504,0x89E4,
    170                  0x8104,0x8104,0x4104,0x3D04,0x4144,0x8138,0x8100,0x0000,
    171                  0x0000,0x0000,0x0100,0x6504,0x9504,0x9504,0x9504,0x89E4,
    172                  0x1104,0x5104,0xB504,0x9504,0xB544,0x5138,0x1100,0x0000,
    173                  0x0000,0x0000,0x0100,0x7904,0x8904,0x8904,0x8904,0x89E4,
    174                  0x8904,0x8904,0x8904,0x8904,0x8944,0x7938,0x0100,0x0000,
    175                  0x0000,0x0000,0x0100,0x7D04,0x9104,0x9104,0x9104,0x91E4,
    176                  0x9104,0x9104,0x9104,0x9104,0x9144,0x7D38,0x0100,0x0000,
    177                  0x0000,0x0000,0x8100,0x8104,0x8104,0x4104,0x4104,0x21E4,
    178                  0x1904,0x2104,0x4104,0x4104,0x8144,0x8138,0x8100,0x0000,
    179                  0x0000,0x0000,0x0100,0x3104,0x4904,0x4904,0x8504,0x85E4,
    180                  0x8504,0x8504,0x8504,0x4904,0x4944,0x3138,0x0100,0x0000,
    181                  0x0000,0x0000,0x0100,0x8904,0x8904,0x4904,0x4904,0x29E4,
    182                  0x1904,0x2904,0x4904,0x4904,0x8944,0x8938,0x0100,0x0000,
    183                  0x0000,0x2000,0x2008,0x2008,0x3F88,0x2008,0x2008,0x2008,
    184                  0x2C08,0x13F0,0x1000,0x0000,0xFFFC,0x0080,0x0080,0x0000,
    185                  0x0000,0x0100,0x0104,0x1104,0x11E4,0x1104,0x1104,0x1104,
    186                  0x1144,0x1138,0x1100,0x1000,0xE7FC,0x0040,0x0040,0x0000,
    187                  0x0000,0x0200,0x0204,0x7204,0x8204,0x83E4,0x8204,0x8204,
    188                  0x8284,0x8278,0x8200,0x8000,0x9FFC,0x0040,0x0040,0x0000,
    189                  0x0000,0x0100,0x0104,0x4904,0xA9E4,0xA904,0xA904,0xA904,
    190                  0xA944,0xA938,0xA900,0xA800,0x93FC,0x0040,0x0040,0x0000,
    191                  0x0000,0x0100,0x4904,0xA904,0xA9E4,0xA904,0x9104,0x0104,
    192                  0x7944,0x8938,0x8900,0x8800,0x7BFC,0x0040,0x0040,0x0000,
    193                  0x0000,0x0100,0x0104,0x7904,0x89E4,0x8904,0x8904,0x8904,
    194                  0x8944,0x8938,0x8900,0x8800,0x7BFC,0x0040,0x0040,0x0000,
    195                  0x0000,0x0100,0x0104,0x7904,0x91E4,0x9104,0x9104,0x9104,
    196                  0x9144,0x9138,0x9100,0x9000,0x7BFC,0x0040,0x0040,0x0000,
    197                  0x0000,0x0100,0x0104,0x8104,0x81E4,0x4104,0x4104,0x2104,
    198                  0x1944,0x2138,0x4100,0x4000,0x87FC,0x8040,0x0040,0x0000,
    199                  0x0000,0x0100,0x0104,0x7104,0x51E4,0x8904,0x8904,0x8904,
    200                  0x8944,0x8938,0x8900,0x5000,0x77FC,0x0040,0x0040,0x0000,
    201                  0x0000,0x2000,0x2008,0x3F88,0x2008,0x2008,0x2C08,0x23F0,
    202                  0x2000,0x0000,0xFFFC,0x0100,0x0100,0xFFFC,0x0000,0x0000,
    203                  0x0000,0x0200,0x0204,0x73E4,0x8204,0x8204,0x8284,0x8278,
    204                  0x8200,0x8000,0x8FFC,0x8040,0x8040,0x9FFC,0x0000,0x0000,
    205                  0x0000,0x0100,0x0104,0x49E4,0xA904,0xA904,0xA944,0xA938,
    206                  0xA900,0xA800,0xABFC,0xA840,0xA840,0x93FC,0x0000,0x0000,
    207                  0x0000,0x0100,0x0104,0x79E4,0xA104,0xA104,0xA144,0xA138,
    208                  0xA100,0xA000,0xA3FC,0xA040,0xA040,0x7BFC,0x0000,0x0000,
    209                  0x0000,0x0100,0x8104,0x81E4,0x4104,0x2104,0x1944,0x2138,
    210                  0xC100,0x4000,0x23FC,0x1840,0x2040,0x43FC,0x8000,0x0000,
    211                  0x0000,0x0100,0x0104,0x71E4,0x5104,0x8904,0x8944,0x8938,
    212                  0x8900,0x8800,0x8BFC,0x8840,0x5040,0x77FC,0x0000,0x0000,
    213                  0x0000,0x2000,0x2008,0x2008,0x3F88,0x2008,0x2008,0x2008,
    214                  0x2C08,0x13F0,0x1000,0x0000,0xFFFC,0x0000,0x0000,0x0000,
    215                  0x0000,0x0100,0x0104,0x1104,0x11E4,0x1104,0x1104,0x1104,
    216                  0x1144,0x1138,0x1100,0x1000,0xE7FC,0x0000,0x0000,0x0000,
    217                  0x0000,0x0200,0x0204,0x7204,0x83E4,0x8204,0x8204,0x8204,
    218                  0x8284,0x8278,0x8200,0x8000,0x9FFC,0x0000,0x0000,0x0000,
    219                  0x0000,0x0100,0x0104,0x4904,0xA9E4,0xA904,0xA904,0xA904,
    220                  0xA944,0xA938,0xA900,0xA800,0x93FC,0x0000,0x0000,0x0000,
    221                  0x0000,0x0100,0x0104,0x7904,0x89E4,0x8904,0x8904,0x8904,
    222                  0x8944,0x8938,0x8900,0x8800,0x7BFC,0x0000,0x0000,0x0000,
    223                  0x0000,0x0100,0x0104,0x7904,0x91E4,0x9104,0x9104,0x9104,
    224                  0x9144,0x9138,0x9100,0x9000,0x7BFC,0x0000,0x0000,0x0000,
    225                  0x0000,0x0100,0x0104,0x8104,0x81E4,0x4104,0x4104,0x2104,
    226                  0x1944,0x2138,0x4100,0x4000,0x87FC,0x8000,0x0000,0x0000,
    227                  0x0000,0x0100,0x0104,0x7104,0x51E4,0x8904,0x8904,0x8904,
    228                  0x8944,0x8938,0x8900,0x5000,0x77FC,0x0000,0x0000,0x0000,
    229                  0x0000,0x0000,0x4000,0x4008,0x4008,0x7F08,0x4008,0x4008,
    230                  0x4008,0x7F08,0x4008,0x4008,0x5C08,0x43F0,0x4000,0x0000,
    231                  0x0000,0x0000,0x0200,0x7204,0x8204,0x83E4,0x8204,0x8204,
    232                  0x8204,0x83E4,0x8204,0x8204,0x8284,0x8278,0x0200,0x0000,
    233                  0x0000,0x0000,0x0100,0x6504,0x9504,0x95E4,0x9504,0x9504,
    234                  0x9504,0x95E4,0x9504,0x9504,0x9544,0x8938,0x0100,0x0000,
    235                  0x0000,0x0000,0x0100,0x7D04,0x9104,0x91E4,0x9104,0x9104,
    236                  0x9104,0x91E4,0x9104,0x9104,0x9144,0x7D38,0x0100,0x0000,
    237                  0x0000,0x0000,0x0100,0x8104,0x8104,0x41E4,0x4104,0x2104,
    238                  0x1904,0x21E4,0x4104,0x4104,0x8144,0x8138,0x0100,0x0000,
    239                  0x0000,0x0000,0x0100,0x0104,0x0104,0x0104,0x0104,0x0104,
    240                  0xFF04,0x0104,0x0104,0x0104,0x0184,0x0178,0x0100,0x0000,
    241                  0x0000,0x0000,0x0080,0x0884,0x0884,0x0884,0x0884,0x0884,
    242                  0x0F84,0x0884,0x0884,0x0884,0x08C4,0xF0B8,0x0080,0x0000,
    243                  0x0000,0x0000,0x0100,0x7104,0x8104,0x8104,0x8104,0x8104,
    244                  0x9F04,0x8104,0x8104,0x8104,0x8184,0x8178,0x0100,0x0000,
    245                  0x0000,0x0000,0x0080,0x7084,0x8884,0x8884,0x8884,0x8884,
    246                  0x8F84,0x8884,0x8884,0x8884,0x88C4,0x88B8,0x0080,0x0000,
    247                  0x0000,0x0000,0x0080,0x6484,0x9484,0x9484,0x9484,0x9484,
    248                  0x9784,0x9484,0x9484,0x9484,0x94C4,0x88B8,0x0080,0x0000,
    249                  0x0000,0x0000,0x0080,0x6484,0x9484,0x9484,0x9484,0x8884,
    250                  0x8384,0x0484,0x0484,0x0484,0x04C4,0xF8B8,0x0080,0x0000,
    251                  0x0000,0x0000,0x0080,0x6484,0x9484,0x9484,0x9484,0x8884,
    252                  0x0384,0x7C84,0x8484,0x8484,0x84C4,0x7CB8,0x0080,0x0000,
    253                  0x0000,0x0000,0x0080,0x6484,0x9484,0x9484,0x9484,0x8884,
    254                  0x1384,0x5084,0xB484,0x9484,0xB4C4,0x50B8,0x1080,0x0000,
    255                  0x0000,0x0000,0x0080,0x7884,0x8884,0x8884,0x8884,0x8884,
    256                  0x8F84,0x8884,0x8884,0x8884,0x88C4,0x78B8,0x0080,0x0000,
    257                  0x0000,0x0000,0x0080,0x7C84,0x9084,0x9084,0x9084,0x9084,
    258                  0x9784,0x9084,0x9084,0x9084,0x90C4,0x7CB8,0x0080,0x0000,
    259                  0x0000,0x0000,0x0080,0x8084,0x8084,0x4084,0x4084,0x2084,
    260                  0x1784,0x2084,0x4084,0x4084,0x80C4,0x80B8,0x0080,0x0000,
    261                  0x0000,0x0000,0x0080,0x3084,0x4884,0x4884,0x8484,0x8484,
    262                  0x8784,0x8484,0x8484,0x4884,0x48C4,0x30B8,0x0080,0x0000,
    263                  0x0000,0x0000,0x0080,0x8884,0x8884,0x4884,0x4884,0x2884,
    264                  0x1F84,0x2884,0x4884,0x4884,0x88C4,0x88B8,0x0080,0x0000,
    265                  0x0000,0x0100,0x0104,0x0104,0x4104,0x3F04,0x0104,0x0104,
    266                  0x0984,0x0978,0x0900,0x0800,0xFFFC,0x0000,0x0000,0x0000,
    267                  0x0000,0x0080,0x0084,0x1084,0x1084,0x1784,0x1084,0x1084,
    268                  0x10C4,0x12B8,0x1280,0x1200,0xE7FC,0x0000,0x0000,0x0000,
    269                  0x0000,0x0100,0x0104,0x7104,0x8104,0x8104,0x8F04,0x8184,
    270                  0x8178,0x8500,0x8500,0x8400,0x9FFC,0x0000,0x0000,0x0000,
    271                  0x0000,0x0080,0x0084,0x4884,0xA884,0xAF84,0xA884,0xA884,
    272                  0xA8C4,0xAAB8,0xAA80,0xAA00,0x97FC,0x0000,0x0000,0x0000,
    273                  0x0000,0x0080,0x8084,0x8084,0x4084,0x3784,0x2084,0x4084,
    274                  0x80C4,0x82B8,0x4280,0x3200,0x27FC,0x4000,0x8000,0x0000,
    275                  0x0000,0x0080,0x0084,0x7084,0x5084,0x8F84,0x8884,0x8884,
    276                  0x88C4,0x8AB8,0x8A80,0x5200,0x77FC,0x0000,0x0000,0x0000,
    277                  0x0000,0x0200,0x0208,0x0208,0x4208,0x3E08,0x0308,0x02F0,
    278                  0x1200,0x1000,0xFFFC,0x0000,0x0000,0xFFFC,0x0000,0x0000,
    279                  0x0000,0x0080,0x0084,0x8084,0x8784,0x4084,0x40C4,0x22B8,
    280                  0x1A80,0x2200,0x47FC,0x4000,0x8000,0x8FFC,0x0000,0x0000,
    281                  0x0000,0x0100,0x0104,0x0104,0x4104,0x3F04,0x0104,0x0104,
    282                  0x0184,0x0178,0x0100,0x0000,0xFFFC,0x0000,0x0000,0x0000,
    283                  0x0000,0x0080,0x0084,0x1084,0x1084,0x1784,0x1084,0x1084,
    284                  0x10C4,0x10B8,0x1080,0x1000,0xE7FC,0x0000,0x0000,0x0000,
    285                  0x0000,0x0100,0x0104,0x6104,0x8104,0x8F04,0x8104,0x8104,
    286                  0x8184,0x8178,0x8100,0x8000,0x9FFC,0x0000,0x0000,0x0000,
    287                  0x0000,0x0080,0x0084,0x4884,0xA884,0xAF84,0xA884,0xA884,
    288                  0xA8C4,0xA8B8,0xA880,0xA800,0x93FC,0x0000,0x0000,0x0000,
    289                  0x0000,0x0080,0x0084,0x7084,0x9084,0x9784,0x9084,0x9084,
    290                  0x90C4,0x90B8,0x9080,0x9000,0x77FC,0x0000,0x0000,0x0000,
    291                  0x0000,0x0080,0x0084,0x7884,0xA084,0xA784,0xA084,0xA084,
    292                  0xA0C4,0xA0B8,0xA080,0xA000,0x7BFC,0x0000,0x0000,0x0000,
    293                  0x0000,0x0080,0x0084,0x8084,0x8084,0x4784,0x4084,0x2084,
    294                  0x18C4,0x20B8,0x4080,0x4000,0x87FC,0x8000,0x0000,0x0000,
    295                  0x0000,0x0000,0x0200,0x0204,0x8204,0x7E04,0x0204,0x0204,
    296                  0x0204,0x0204,0x0204,0xFE04,0x0304,0x02F8,0x0200,0x0000,
    297                  0x0000,0x0000,0x0100,0x7104,0x8104,0x8104,0x9F04,0x8104,
    298                  0x8104,0x8104,0x8104,0x9F04,0x8184,0x8178,0x0100,0x0000,
    299                  0x0000,0x0000,0x0080,0x6484,0x9484,0x9784,0x9484,0x9484,
    300                  0x9484,0x9484,0x9484,0x9784,0x94C4,0x88B8,0x0080,0x0000,
    301                  0x0000,0x0000,0x4000,0x4008,0x4008,0x4008,0x4008,0x4008,
    302                  0x4008,0x4008,0x4008,0x4008,0x5C08,0x43F0,0x4000,0x0000,
    303                  0x0000,0x0000,0x0080,0x0884,0x0884,0x0884,0x0884,0x0884,
    304                  0x0884,0x0884,0x0884,0x0884,0x08C4,0xF0B8,0x0080,0x0000,
    305                  0x0000,0x0000,0x0100,0x7104,0x8104,0x8104,0x8104,0x8104,
    306                  0x8104,0x8104,0x8104,0x8104,0x8184,0x8178,0x0100,0x0000,
    307                  0x0000,0x0000,0x0080,0x7084,0x8884,0x8884,0x8884,0x8884,
    308                  0x8884,0x8884,0x8884,0x8884,0x88C4,0x88B8,0x0080,0x0000,
    309                  0x0000,0x0000,0x0080,0x6484,0x9484,0x9484,0x9484,0x9484,
    310                  0x9484,0x9484,0x9484,0x9484,0x94C4,0x88B8,0x0080,0x0000,
    311                  0x0000,0x0000,0x0080,0x6484,0x9484,0x9484,0x9484,0x8884,
    312                  0x8084,0x0484,0x0484,0x0484,0x04C4,0xF8B8,0x0080,0x0000,
    313                  0x0000,0x0000,0x0080,0x7884,0x8884,0x8884,0x8884,0x8884,
    314                  0x8884,0x8884,0x8884,0x8884,0x88C4,0x78B8,0x0080,0x0000,
    315                  0x0000,0x0000,0x0080,0x7C84,0x9084,0x9084,0x9084,0x9084,
    316                  0x9084,0x9084,0x9084,0x9084,0x90C4,0x7CB8,0x0080,0x0000,
    317                  0x0000,0x0000,0x0080,0x8084,0x8084,0x4084,0x4084,0x2084,
    318                  0x1884,0x2084,0x4084,0x4084,0x80C4,0x80B8,0x0080,0x0000,
    319                  0x0000,0x0000,0x0080,0x2084,0x5084,0x5084,0x8884,0x8884,
    320                  0x8884,0x8884,0x8884,0x5084,0x50C4,0x20B8,0x0080,0x0000,
    321                  0x0000,0x1000,0x1008,0x1008,0x1008,0x1008,0x1008,0x1008,
    322                  0x1C08,0x13F0,0x1000,0x0000,0xFFFC,0x0000,0x0000,0x0000,
    323                  0x0000,0x2000,0x2008,0x2008,0x1008,0x1008,0x0808,0x0608,
    324                  0x01F0,0x0000,0x0000,0x0000,0xFFFC,0x0000,0x0000,0x0000,
    325                  0x0000,0x0200,0x0204,0x0904,0x0904,0x0884,0x0844,0x0824,
    326                  0x0818,0x0800,0x0800,0x0800,0xF3FC,0x0000,0x0000,0x0000,
    327                  0x0000,0x0400,0x0404,0x7404,0x8204,0x8204,0x8104,0x8084,
    328                  0x8078,0x8000,0x8000,0x8000,0x8FFC,0x0000,0x0000,0x0000,
    329                  0x0000,0x0200,0x0204,0x7104,0x8904,0x8884,0x8844,0x8824,
    330                  0x8818,0x8800,0x8800,0x8800,0x8BFC,0x0000,0x0000,0x0000,
    331                  0x0000,0x0100,0x0104,0x6504,0x9484,0x9484,0x9444,0x9424,
    332                  0x9418,0x9400,0x9400,0x9400,0x89FC,0x0000,0x0000,0x0000,
    333                  0x0000,0x0100,0x6504,0x9504,0x9484,0x9484,0x8844,0x0024,
    334                  0x7C18,0x8400,0x8400,0x8400,0x7DFC,0x0000,0x0000,0x0000,
    335                  0x0000,0x0100,0x0104,0x7904,0x8904,0x8884,0x8884,0x8844,
    336                  0x8838,0x8800,0x8800,0x8800,0x7BFC,0x0000,0x0000,0x0000,
    337                  0x0000,0x0200,0x0204,0x7D04,0x9104,0x9084,0x9044,0x9024,
    338                  0x9018,0x9000,0x9000,0x9000,0x7DFC,0x0000,0x0000,0x0000,
    339                  0x0000,0x0200,0x0204,0x8104,0x8104,0x4084,0x4044,0x2024,
    340                  0x1818,0x2000,0x4000,0x4000,0x87FC,0x8000,0x0000,0x0000,
    341                  0x0000,0x0200,0x0204,0x3104,0x4904,0x4884,0x8444,0x8424,
    342                  0x8418,0x8400,0x4800,0x4800,0x33FC,0x0000,0x0000,0x0000,
    343                  0x0000,0x0200,0x0204,0x8904,0x8904,0x4884,0x4844,0x2824,
    344                  0x1818,0x2800,0x4800,0x4800,0x8BFC,0x8800,0x0000,0x0000,
    345                  0x0000,0x0100,0x8904,0x8904,0x8904,0xF884,0x8884,0x8844,
    346                  0x8838,0x8800,0xF800,0x8800,0x8BFC,0x8800,0x0000,0x0000,
    347                  0x0000,0x1000,0x0808,0x0408,0x0308,0x20F0,0x1008,0x0808,
    348                  0x0608,0x01F0,0x0000,0x0000,0xFFFC,0x0080,0x0080,0x0000,
    349                  0x0000,0x0200,0x0104,0x0884,0x0864,0x0818,0x0A04,0x0904,
    350                  0x08C4,0x0838,0x0800,0x0800,0xF3FC,0x0020,0x0020,0x0000,
    351                  0x0000,0x0200,0x0904,0x0884,0x0864,0x0818,0xF204,0x0104,
    352                  0x08C4,0x0838,0x0800,0x0800,0xF3FC,0x0020,0x0020,0x0000,
    353                  0x0000,0x0200,0x0104,0x7084,0x8064,0x8418,0x8204,0x8104,
    354                  0x80C4,0x8038,0x8000,0x8000,0x8FFC,0x0040,0x0040,0x0000,
    355                  0x0000,0x0100,0x0084,0x6444,0x9424,0x9418,0x9504,0x9484,
    356                  0x9444,0x9438,0x9400,0x9400,0x89FC,0x0020,0x0020,0x0000,
    357                  0x0000,0x0100,0x6484,0x9444,0x9424,0x9418,0x8904,0x0084,
    358                  0x7C44,0x8438,0x8400,0x8400,0x7DFC,0x0020,0x0020,0x0000,
    359                  0x0000,0x0200,0x0104,0x7884,0x8864,0x8818,0x8A04,0x8904,
    360                  0x88C4,0x8838,0x8800,0x8800,0x7BFC,0x0020,0x0020,0x0000,
    361                  0x0000,0x0204,0x0104,0x7CC4,0x9038,0x9204,0x9104,0x90C4,
    362                  0x9038,0x9000,0x9000,0x9000,0x7DFC,0x0020,0x0020,0x0000,
    363                  0x0000,0x0200,0x0104,0x8084,0x8064,0x4018,0x4204,0x2104,
    364                  0x18C4,0x2038,0x4000,0x4000,0x87FC,0x8020,0x0020,0x0000,
    365                  0x0000,0x8200,0x8104,0x4084,0x2064,0x1818,0x2204,0xC104,
    366                  0x40C4,0x2038,0x1800,0x2000,0x43FC,0x8020,0x0020,0x0000,
    367                  0x0000,0x0200,0x0104,0x3084,0x4864,0x4818,0x8604,0x8504,
    368                  0x84C4,0x8438,0x4800,0x4800,0x33FC,0x0020,0x0020,0x0000,
    369                  0x0000,0x0100,0x0084,0x7844,0x9424,0x9418,0x9504,0x9484,
    370                  0x9444,0x9438,0x9400,0x9400,0x95FC,0x0020,0x0020,0x0000,
    371                  0x0000,0x1000,0x0808,0x0608,0x21F0,0x1008,0x0C08,0x03F0,
    372                  0x0000,0x0000,0xFFFC,0x0100,0x0100,0xFFFC,0x0000,0x0000,
    373                  0x0000,0x0200,0x0104,0x08C4,0x0838,0x0A04,0x0984,0x0878,
    374                  0x0800,0x0800,0x0BFC,0x0820,0x0820,0xF3FC,0x0000,0x0000,
    375                  0x0000,0x0200,0x0104,0x70C4,0x8438,0x8204,0x8184,0x8078,
    376                  0x8000,0x8000,0x87FC,0x8040,0x8040,0x8FFC,0x0000,0x0000,
    377                  0x0000,0x0100,0x0084,0x6464,0x9418,0x9504,0x94C4,0x9438,
    378                  0x9400,0x9400,0x95FC,0x9420,0x9420,0x89FC,0x0000,0x0000,
    379                  0x0000,0x0200,0x0104,0x78C4,0x8838,0x8A04,0x8984,0x8878,
    380                  0x8800,0x8800,0x8BFC,0x8820,0x8820,0x7BFC,0x0000,0x0000,
    381                  0x0000,0x0200,0x0104,0x7CC4,0x9038,0x9204,0x9184,0x9078,
    382                  0x9000,0x9000,0x91FC,0x9020,0x9020,0x7DFC,0x0000,0x0000,
    383                  0x0000,0x0200,0x0104,0x80C4,0x8038,0x4204,0x4184,0x2078,
    384                  0x1800,0x2000,0x43FC,0x4020,0x8020,0x87FC,0x0000,0x0000,
    385                  0x0000,0x0200,0x8104,0x80C4,0x4038,0x2204,0x1984,0x2078,
    386                  0xC000,0x4000,0x21FC,0x1820,0x2020,0x43FC,0x8000,0x0000,
    387                  0x0000,0x0200,0x0104,0x30C4,0x4838,0x4A04,0x8584,0x8478,
    388                  0x8400,0x8400,0x85FC,0x4820,0x4820,0x33FC,0x0000,0x0000,
    389                  0x0000,0x1000,0x0808,0x0408,0x0308,0x20F0,0x1008,0x0808,
    390                  0x0608,0x01F0,0x0000,0x0000,0xFFFC,0x0420,0x0420,0x0000,
    391                  0x0000,0x0200,0x0104,0x0884,0x0864,0x0818,0x0A04,0x0904,
    392                  0x08C4,0x0838,0x0800,0x0800,0xF3FC,0x0048,0x0048,0x0000,
    393                  0x0000,0x0100,0x0084,0x6444,0x9424,0x9418,0x9504,0x9484,
    394                  0x9444,0x9438,0x9400,0x9400,0x89FC,0x0048,0x0048,0x0000,
    395                  0x0000,0x1000,0x0808,0x0408,0x0308,0x20F0,0x1008,0x0808,
    396                  0x0608,0x01F0,0x0080,0x0080,0xFFFC,0x0000,0x0000,0x0000,
    397                  0x0000,0x0200,0x0104,0x0884,0x0864,0x0818,0x0A04,0x0904,
    398                  0x08C4,0x0838,0x0820,0x0820,0xF3FC,0x0000,0x0000,0x0000,
    399                  0x0000,0x0200,0x0904,0x0884,0x0864,0x0818,0xF204,0x0104,
    400                  0x08C4,0x0838,0x0820,0x0820,0xF3FC,0x0000,0x0000,0x0000,
    401                  0x0000,0x0200,0x0104,0x7084,0x8064,0x8418,0x8204,0x8104,
    402                  0x80C4,0x8038,0x8020,0x8020,0x8FFC,0x0000,0x0000,0x0000,
    403                  0x0000,0x0100,0x0084,0x6444,0x9424,0x9418,0x9504,0x9484,
    404                  0x9444,0x9438,0x9420,0x9420,0x89FC,0x0000,0x0000,0x0000,
    405                  0x0000,0x0200,0x0104,0x7884,0x8864,0x8818,0x8A04,0x8904,
    406                  0x88C4,0x8838,0x8820,0x8820,0x7BFC,0x0000,0x0000,0x0000,
    407                  0x0000,0x0200,0x0104,0x7C84,0x9064,0x9018,0x9204,0x9104,
    408                  0x90C4,0x9038,0x9020,0x9020,0x7DFC,0x0000,0x0000,0x0000,
    409                  0x0000,0x0200,0x0104,0x8084,0x8064,0x4018,0x4204,0x2104,
    410                  0x18C4,0x2038,0x4020,0x4020,0x87FC,0x8000,0x0000,0x0000,
    411                  0x0000,0x8200,0x8104,0x4084,0x2064,0x1818,0x2204,0xC104,
    412                  0x40C4,0x2038,0x1820,0x2020,0x43FC,0x8000,0x0000,0x0000,
    413                  0x0000,0x0200,0x0104,0x3084,0x4864,0x4818,0x8604,0x8504,
    414                  0x84C4,0x8438,0x4820,0x4820,0x33FC,0x0000,0x0000,0x0000,
    415                  0x0000,0x1000,0x0808,0x0608,0x21F0,0x1008,0x0C08,0x03F0,
    416                  0x0080,0x0080,0xFFFC,0x0000,0x0000,0xFFFC,0x0000,0x0000,
    417                  0x0000,0x0200,0x0104,0x08C4,0x0838,0x0A04,0x0984,0x0878,
    418                  0x0820,0x0820,0x0BFC,0x0800,0x0800,0xF3FC,0x0000,0x0000,
    419                  0x0000,0x0200,0x0104,0x70C4,0x8438,0x8204,0x8184,0x8078,
    420                  0x8020,0x8020,0x8FFC,0x8000,0x8000,0x9FFC,0x0000,0x0000,
    421                  0x0000,0x0200,0x0104,0x78C4,0x8838,0x8A04,0x8984,0x8878,
    422                  0x8820,0x8820,0x8BFC,0x8800,0x8800,0x7BFC,0x0000,0x0000,
    423                  0x0000,0x0200,0x0104,0x80C4,0x8038,0x4204,0x4184,0x2078,
    424                  0x1820,0x2020,0x43FC,0x4000,0x8000,0x87FC,0x0000,0x0000,
    425                  0x0000,0x0200,0x0104,0x30C4,0x4838,0x4A04,0x8584,0x8478,
    426                  0x8420,0x8420,0x85FC,0x4800,0x4800,0x33FC,0x0000,0x0000,
    427                  0x0000,0x1000,0x0808,0x0408,0x0308,0x20F0,0x1008,0x0808,
    428                  0x0608,0x01F0,0x0220,0x0220,0xFFFC,0x0000,0x0000,0x0000,
    429                  0x0000,0x0200,0x0104,0x7084,0x8064,0x8418,0x8204,0x8104,
    430                  0x80C4,0x8038,0x8090,0x8090,0x8FFC,0x0000,0x0000,0x0000,
    431                  0x0000,0x0100,0x0084,0x6444,0x9424,0x9418,0x9504,0x9484,
    432                  0x9444,0x9478,0x9448,0x9448,0x89FC,0x0000,0x0000,0x0000,
    433                  0x0000,0x0200,0x0104,0x8084,0x8064,0x4018,0x4204,0x2104,
    434                  0x18C4,0x2078,0x4048,0x4048,0x87FC,0x8000,0x0000,0x0000,
    435                  0x0000,0x0204,0x8104,0x40C4,0x2038,0x1A04,0x2104,0x40C4,
    436                  0x8038,0x4048,0x2048,0x1848,0x23FC,0x4000,0x8000,0x0000,
    437                  0x0000,0x0100,0x0084,0x7844,0x9424,0x9418,0x9504,0x9484,
    438                  0x9444,0x9478,0x9448,0x9448,0x95FC,0x0000,0x0000,0x0000,
    439                  0x0000,0x1000,0x0808,0x0608,0x21F0,0x1008,0x0C08,0x03F0,
    440                  0x0420,0x0420,0xFFFC,0x0000,0x0000,0xFFFC,0x0000,0x0000,
    441                  0x0000,0x0000,0x4000,0x4008,0x5008,0x4C08,0x43F0,0x4000,
    442                  0x7E00,0x4008,0x4008,0x4008,0x5808,0x47F0,0x4000,0x0000,
    443                  0x0000,0x0000,0x0100,0x0904,0x0904,0x0944,0x0938,0x0900,
    444                  0x09E0,0x0904,0x0904,0x0904,0x0944,0xF138,0x0100,0x0000,
    445                  0x0000,0x0000,0x0200,0x7204,0x8204,0x8284,0x8278,0x8200,
    446                  0x83C0,0x8204,0x8204,0x8204,0x8284,0x8278,0x0200,0x0000,
    447                  0x0000,0x0000,0x0100,0x7904,0x8104,0x8144,0x8138,0x9100,
    448                  0x51E0,0xB504,0x9504,0x9504,0xB544,0x5138,0x1100,0x0000,
    449                  0x0000,0x0000,0x0100,0x6504,0x9504,0x9544,0x9538,0x9500,
    450                  0x95E0,0x9504,0x9504,0x9504,0x9544,0x8938,0x0100,0x0000,
    451                  0x0000,0x0000,0x0100,0x7904,0x8904,0x8944,0x8938,0x8900,
    452                  0x89E0,0x8904,0x8904,0x8904,0x8944,0x7938,0x0100,0x0000,
    453                  0x0000,0x0000,0x0100,0x7D04,0x9104,0x9144,0x9138,0x9100,
    454                  0x91E0,0x9104,0x9104,0x9104,0x9144,0x7D38,0x0100,0x0000,
    455                  0x0000,0x0000,0x0100,0x8104,0x8104,0x4144,0x4138,0x2100,
    456                  0x19E0,0x2104,0x4104,0x4104,0x8144,0x8138,0x0100,0x0000,
    457                  0x0000,0x0000,0x0100,0x2104,0x5104,0x5144,0x8938,0x8900,
    458                  0x89E0,0x8904,0x8904,0x5104,0x5144,0x2138,0x0100,0x0000,
    459                  0x0000,0x0000,0x0100,0x8904,0x8904,0x4944,0x4938,0x2900,
    460                  0x19E0,0x2904,0x4904,0x4904,0x8944,0x8938,0x0100,0x0000,
    461                  0x0000,0x0000,0x0100,0x9104,0x9104,0x9144,0x5538,0x5500,
    462                  0x35E0,0x5504,0x5504,0x9104,0x9144,0x9138,0x0100,0x0000,
    463                  0x0000,0x2008,0x2408,0x2308,0x20F0,0x3F00,0x2008,0x2008,
    464                  0x2608,0x21F0,0x2000,0x0000,0xFFFC,0x0080,0x0080,0x0000,
    465                  0x0000,0x0104,0x0104,0x1144,0x1138,0x1100,0x11E4,0x1104,
    466                  0x1144,0x1138,0x1100,0x1000,0xE7FC,0x0020,0x0020,0x0000,
    467                  0x0000,0x0104,0x0104,0x4944,0xA938,0xA900,0xA9E4,0xA904,
    468                  0xA944,0xA938,0xA900,0xA800,0x93FC,0x0020,0x0020,0x0000,
    469                  0x0000,0x8104,0x8104,0x4144,0x2138,0x1900,0x21E4,0xC104,
    470                  0x4144,0x2138,0x1900,0x2000,0x43FC,0x8020,0x0020,0x0000,
    471                  0x0000,0x0104,0x0104,0x7144,0x5138,0x8900,0x89E4,0x8904,
    472                  0x8944,0x8938,0x8900,0x5000,0x77FC,0x0020,0x0020,0x0000,
    473                  0x0000,0x2008,0x2C08,0x23F0,0x2000,0x3F08,0x2008,0x2808,
    474                  0x27F0,0x0000,0xFFFC,0x0100,0x0100,0xFFFC,0x0000,0x0000,
    475                  0x0000,0x0104,0x0144,0x1138,0x1100,0x11E4,0x1104,0x1144,
    476                  0x1138,0x1000,0x13FC,0x1040,0x1040,0xE7FC,0x0000,0x0000,
    477                  0x0000,0x0104,0x0144,0x7138,0x5100,0x89E4,0x8904,0x8944,
    478                  0x8938,0x8800,0x8BFC,0x8840,0x5040,0x77FC,0x0000,0x0000,
    479                  0x0000,0x2008,0x2408,0x2308,0x20F0,0x3F00,0x2008,0x2008,
    480                  0x2608,0x21F0,0x2000,0x0000,0xFFFC,0x0000,0x0000,0x0000,
    481                  0x0000,0x0204,0x0204,0x7284,0x8278,0x8200,0x83C4,0x8204,
    482                  0x8284,0x8278,0x8200,0x8000,0x9FFC,0x0000,0x0000,0x0000,
    483                  0x0000,0x0104,0x0104,0x4944,0xA938,0xA900,0xA9E4,0xA904,
    484                  0xA944,0xA938,0xA900,0xA800,0x93FC,0x0000,0x0000,0x0000,
    485                  0x0000,0x0104,0x0104,0x7944,0x8938,0x8900,0x89E4,0x8904,
    486                  0x8944,0x8938,0x8900,0x8800,0x7BFC,0x0000,0x0000,0x0000,
    487                  0x0000,0x0104,0x0104,0x7944,0x9138,0x9100,0x91E4,0x9104,
    488                  0x9144,0x9138,0x9100,0x9000,0x7BFC,0x0000,0x0000,0x0000,
    489                  0x0000,0x0104,0x0104,0x7144,0x5138,0x8900,0x89E4,0x8904,
    490                  0x8944,0x8938,0x8900,0x5000,0x77FC,0x0000,0x0000,0x0000,
    491                  0x0000,0x0000,0x4000,0x4008,0x5008,0x4C08,0x43F0,0x7E00,
    492                  0x4000,0x4008,0x7E08,0x4008,0x5808,0x47F0,0x4000,0x0000,
    493                  0x0000,0x0000,0x0204,0x0204,0x0204,0x0304,0x02F8,0x0200,
    494                  0xFE04,0x0204,0x0204,0x0204,0x0304,0x02F8,0x0200,0x0000,
    495                  0x0000,0x0000,0x0080,0x0884,0x0884,0x0884,0x08C4,0x08B8,
    496                  0x0F80,0x0884,0x0884,0x0884,0x08C4,0xF0B8,0x0080,0x0000,
    497                  0x0000,0x0000,0x0100,0x7104,0x8104,0x8184,0x8178,0x8100,
    498                  0x9F00,0x8104,0x8104,0x8104,0x8184,0x8178,0x0100,0x0000,
    499                  0x0000,0x0000,0x0080,0x6484,0x9484,0x9484,0x94C4,0x94B8,
    500                  0x9780,0x9484,0x9484,0x9484,0x94C4,0x88B8,0x0080,0x0000,
    501                  0x0000,0x0000,0x0080,0x6484,0x9484,0x9484,0x94C4,0x88B8,
    502                  0x1380,0x5084,0xB484,0x9484,0xB4C4,0x50B8,0x1080,0x0000,
    503                  0x0000,0x0000,0x0080,0x7884,0x8884,0x8884,0x88C4,0x88B8,
    504                  0x8F80,0x8884,0x8884,0x8884,0x88C4,0x78B8,0x0080,0x0000,
    505                  0x0000,0x0000,0x0080,0x7C84,0x9084,0x9084,0x90C4,0x90B8,
    506                  0x9780,0x9084,0x9084,0x9084,0x90C4,0x7CB8,0x0080,0x0000,
    507                  0x0000,0x0000,0x0080,0x8084,0x8084,0x4084,0x40C4,0x20B8,
    508                  0x1780,0x2084,0x4084,0x4084,0x80C4,0x80B8,0x0080,0x0000,
    509                  0x0000,0x0000,0x0080,0x2084,0x5084,0x5084,0x88C4,0x88B8,
    510                  0x8F80,0x8884,0x8884,0x5084,0x50C4,0x20B8,0x0080,0x0000,
    511                  0x0000,0x0000,0x0080,0x8884,0x8884,0x4884,0x48C4,0x28B8,
    512                  0x1F80,0x2884,0x4884,0x4884,0x88C4,0x88B8,0x0080,0x0000,
    513                  0x0000,0x0104,0x0104,0x0184,0x4178,0x3F00,0x0104,0x0104,
    514                  0x0984,0x0978,0x0900,0x0800,0xFFFC,0x0000,0x0000,0x0000,
    515                  0x0000,0x0084,0x0084,0x48C4,0xA8B8,0xAF80,0xA884,0xA884,
    516                  0xA8C4,0xAAB8,0xAA80,0xAA00,0x97FC,0x0000,0x0000,0x0000,
    517                  0x0000,0x0084,0x8084,0x80C4,0x40B8,0x3780,0x2084,0x4084,
    518                  0x80C4,0x82B8,0x4280,0x3200,0x27FC,0x4000,0x8000,0x0000,
    519                  0x0000,0x0084,0x0084,0x70C4,0x50B8,0x8F80,0x8884,0x8884,
    520                  0x88C4,0x8AB8,0x8A80,0x5200,0x77FC,0x0000,0x0000,0x0000,
    521                  0x0000,0x0208,0x0208,0x0308,0x42F0,0x3E08,0x0208,0x0308,
    522                  0x12F0,0x1000,0xFFFC,0x0000,0x0000,0xFFFC,0x0000,0x0000,
    523                  0x0000,0x0084,0x0084,0x10C4,0x17B8,0x1084,0x1084,0x12C4,
    524                  0x12B8,0x1200,0x17FC,0x1000,0x1000,0xE7FC,0x0000,0x0000,
    525                  0x0000,0x0104,0x0184,0x6178,0x8F04,0x8104,0x8184,0x8578,
    526                  0x8500,0x8400,0x9FFC,0x8000,0x8000,0x9FFC,0x0000,0x0000,
    527                  0x0000,0x0084,0x0084,0x48C4,0xAFB8,0xA884,0xA884,0xAAC4,
    528                  0xAAB8,0xAA00,0xAFFC,0xA800,0xA800,0x97FC,0x0000,0x0000,
    529                  0x0000,0x0084,0x0084,0x70C4,0x97B8,0x9084,0x9084,0x92C4,
    530                  0x92B8,0x9200,0x97FC,0x9000,0x9000,0x77FC,0x0000,0x0000,
    531                  0x0000,0x0084,0x0084,0x78C4,0xA7B8,0xA084,0xA084,0xA2C4,
    532                  0xA2B8,0xA200,0xA7FC,0xA000,0xA000,0x7FFC,0x0000,0x0000,
    533                  0x0000,0x0084,0x8084,0x80C4,0x47B8,0x3084,0x2084,0x42C4,
    534                  0x82B8,0x8200,0x47FC,0x3000,0x2000,0x47FC,0x8000,0x0000,
    535                  0x0000,0x0100,0x0104,0x0104,0x0184,0x4178,0x3F04,0x0104,
    536                  0x0184,0x0178,0x0100,0x0000,0xFFFC,0x0000,0x0000,0x0000,
    537                  0x0000,0x0104,0x0104,0x6184,0x8178,0x8F00,0x8104,0x8104,
    538                  0x8184,0x8178,0x8100,0x8000,0x9FFC,0x0000,0x0000,0x0000,
    539                  0x0000,0x0084,0x0084,0x48C4,0xA8B8,0xAF80,0xA884,0xA884,
    540                  0xA8C4,0xA8B8,0xA880,0xA800,0x93FC,0x0000,0x0000,0x0000,
    541                  0x0000,0x0084,0x0084,0x70C4,0x90B8,0x9780,0x9084,0x9084,
    542                  0x90C4,0x90B8,0x9080,0x9000,0x77FC,0x0000,0x0000,0x0000,
    543                  0x0000,0x0084,0x0084,0x78C4,0xA0B8,0xA780,0xA084,0xA084,
    544                  0xA0C4,0xA0B8,0xA080,0xA000,0x7BFC,0x0000,0x0000,0x0000,
    545                  0x0000,0x0000,0x0204,0x0204,0x8204,0x7F04,0x02F8,0x0200,
    546                  0x0204,0x0204,0x0204,0xFE04,0x0304,0x02F8,0x0200,0x0000,
    547                  0x0000,0x0000,0x4000,0x4008,0x5008,0x4C08,0x43F0,0x4000,
    548                  0x4000,0x4008,0x4008,0x4008,0x5808,0x47F0,0x4000,0x0000,
    549                  0x0000,0x0000,0x0080,0x0884,0x0884,0x08C4,0x08B8,0x0880,
    550                  0x0880,0x0884,0x0884,0x0884,0x08C4,0xF0B8,0x0080,0x0000,
    551                  0x0000,0x0000,0x0100,0x7104,0x8104,0x8184,0x8178,0x8100,
    552                  0x8100,0x8104,0x8104,0x8104,0x8184,0x8178,0x0100,0x0000,
    553                  0x0000,0x0000,0x0080,0x7884,0x8084,0x80C4,0x80B8,0x9080,
    554                  0x5080,0xB484,0x9484,0x9484,0xB4C4,0x50B8,0x1080,0x0000,
    555                  0x0000,0x0000,0x0080,0x6484,0x9484,0x94C4,0x94B8,0x9480,
    556                  0x9480,0x9484,0x9484,0x9484,0x94C4,0x88B8,0x0080,0x0000,
    557                  0x0000,0x0000,0x0080,0x6484,0x9484,0x94C4,0x94B8,0x8880,
    558                  0x0080,0x7C84,0x8484,0x8484,0x84C4,0x7CB8,0x0080,0x0000,
    559                  0x0000,0x0000,0x0080,0x6484,0x9484,0x94C4,0x94B8,0x8880,
    560                  0x1080,0x5084,0xB484,0x9484,0xB4C4,0x50B8,0x1080,0x0000,
    561                  0x0000,0x0000,0x0080,0x7884,0x8884,0x88C4,0x88B8,0x8880,
    562                  0x8880,0x8884,0x8884,0x8884,0x88C4,0x78B8,0x0080,0x0000,
    563                  0x0000,0x0000,0x0080,0x7C84,0x9084,0x90C4,0x90B8,0x9080,
    564                  0x9080,0x9084,0x9084,0x9084,0x90C4,0x7CB8,0x0080,0x0000,
    565                  0x0000,0x0000,0x0080,0x8084,0x8084,0x40C4,0x40B8,0x2080,
    566                  0x1880,0x2084,0x4084,0x4084,0x80C4,0x80B8,0x0080,0x0000,
    567                  0x0000,0x0000,0x0080,0x2084,0x5084,0x50C4,0x88B8,0x8880,
    568                  0x8880,0x8884,0x8884,0x5084,0x50C4,0x20B8,0x0080,0x0000,
    569                  0x0000,0x0000,0x0080,0x7884,0x9484,0x94C4,0x94B8,0x9480,
    570                  0x9480,0x9484,0x9484,0x9484,0x94C4,0x94B8,0x0080,0x0000,
    571                  0x0000,0x1000,0x0808,0x0408,0x0308,0x20F0,0x1008,0x0808,
    572                  0x0608,0x01F0,0x0000,0x0000,0xFFFC,0x0000,0x0000,0x0000,
    573                  0x0000,0x0200,0x0104,0x0884,0x0864,0x0818,0x0A04,0x0904,
    574                  0x08C4,0x0838,0x0800,0x0800,0xF3FC,0x0000,0x0000,0x0000,
    575                  0x0000,0x0200,0x0104,0x7084,0x8064,0x8418,0x8204,0x8104,
    576                  0x80C4,0x8038,0x8000,0x8000,0x8FFC,0x0000,0x0000,0x0000,
    577                  0x0000,0x0100,0x0084,0x6444,0x9424,0x9418,0x9504,0x9484,
    578                  0x9444,0x9438,0x9400,0x9400,0x89FC,0x0000,0x0000,0x0000,
    579                  0x0000,0x0200,0x0104,0x7884,0x8864,0x8818,0x8A04,0x8904,
    580                  0x88C4,0x8838,0x8800,0x8800,0x7BFC,0x0000,0x0000,0x0000,
    581                  0x0000,0x0200,0x0104,0x7C84,0x9064,0x9018,0x9204,0x9104,
    582                  0x90C4,0x9038,0x9000,0x9000,0x7DFC,0x0000,0x0000,0x0000,
    583                  0x0000,0x0200,0x0104,0x8084,0x8064,0x4018,0x4204,0x2104,
    584                  0x18C4,0x2038,0x4000,0x4000,0x87FC,0x8000,0x0000,0x0000,
    585                  0x0000,0x0200,0x0104,0x3084,0x4864,0x4818,0x8604,0x8504,
    586                  0x84C4,0x8438,0x4800,0x4800,0x33FC,0x0000,0x0000,0x0000,
    587                  0x0000,0x0000,0x0FF8,0x1000,0x1000,0x1000,0x1000,0x1000,
    588                  0x1000,0x0800,0x0800,0x0000,0xFFFC,0x0080,0x0080,0x0000,
    589                  0x0000,0x0000,0x00FC,0x0900,0x0900,0x0900,0x0900,0x0900,
    590                  0x0900,0x0880,0x0880,0x0800,0xF3FC,0x0020,0x0020,0x0000,
    591                  0x0000,0x0000,0x08FC,0x0900,0x0900,0x0900,0xF100,0x0100,
    592                  0x0900,0x0880,0x0880,0x0800,0xF3FC,0x0020,0x0020,0x0000,
    593                  0x0000,0x0000,0x00FC,0x7100,0x8100,0x8100,0x8100,0x8100,
    594                  0x8100,0x8080,0x8080,0x8000,0x8FFC,0x0040,0x0040,0x0000,
    595                  0x0000,0x0000,0x00FC,0x7100,0x8900,0x8900,0x8900,0x8900,
    596                  0x8900,0x8880,0x8880,0x8800,0x8BFC,0x0020,0x0020,0x0000,
    597                  0x0000,0x0000,0x00FC,0x6500,0x9500,0x9500,0x9500,0x9500,
    598                  0x9500,0x9480,0x9480,0x9400,0x89FC,0x0020,0x0020,0x0000,
    599                  0x0000,0x0000,0x647C,0x9480,0x9480,0x9480,0x9480,0x8880,
    600                  0x0480,0x0440,0x0440,0x0400,0xF9FC,0x0020,0x0020,0x0000,
    601                  0x0000,0x0000,0x647C,0x9480,0x9480,0x9480,0x8880,0x0080,
    602                  0x7C80,0x8440,0x8440,0x8400,0x7DFC,0x0020,0x0020,0x0000,
    603                  0x0000,0x0000,0x00FC,0x7900,0x8900,0x8900,0x8900,0x8900,
    604                  0x8900,0x8880,0x8880,0x8800,0x7BFC,0x0020,0x0020,0x0000,
    605                  0x0000,0x0000,0x00FC,0x7D00,0x9100,0x9100,0x9100,0x9100,
    606                  0x9100,0x9080,0x9080,0x9000,0x7DFC,0x0020,0x0020,0x0000,
    607                  0x0000,0x0000,0x00FC,0x8100,0x8100,0x4100,0x4100,0x2100,
    608                  0x1900,0x2080,0x4080,0x4000,0x87FC,0x8020,0x0020,0x0000,
    609                  0x0000,0x8000,0x80FC,0x4100,0x2100,0x1900,0x2100,0xC100,
    610                  0x4100,0x2080,0x1880,0x2000,0x43FC,0x8020,0x0020,0x0000,
    611                  0x0000,0x0000,0x00FC,0x3100,0x4900,0x4900,0x8500,0x8500,
    612                  0x8500,0x8480,0x4880,0x4800,0x33FC,0x0020,0x0020,0x0000,
    613                  0x0000,0x0000,0x00FC,0x8900,0x8900,0x4900,0x4900,0x2900,
    614                  0x1900,0x2880,0x4880,0x4800,0x8BFC,0x8820,0x0020,0x0000,
    615                  0x0000,0x0000,0x007C,0x9080,0x9080,0x9080,0x5480,0x5480,
    616                  0x3480,0x5440,0x5440,0x9000,0x93FC,0x9020,0x0020,0x0000,
    617                  0x0000,0x0000,0x007C,0x7880,0x9480,0x9480,0x9480,0x9480,
    618                  0x9480,0x9440,0x9440,0x9400,0x95FC,0x0020,0x0020,0x0000,
    619                  0x0000,0x0000,0x007C,0x0880,0x4880,0xA880,0xAA80,0xAA80,
    620                  0xAA80,0xAA40,0xAA40,0xA800,0x49FC,0x0820,0x0020,0x0000,
    621                  0x0000,0x0000,0x0FF8,0x1000,0x1000,0x1000,0x1000,0x0800,
    622                  0x0800,0x0000,0xFFFC,0x0100,0x0100,0xFFFC,0x0000,0x0000,
    623                  0x0000,0x0000,0x00FC,0x0900,0x0900,0x0900,0x0900,0x0880,
    624                  0x0880,0x0800,0x0BFC,0x0820,0x0820,0xF3FC,0x0000,0x0000,
    625                  0x0000,0x0000,0x00FC,0x7100,0x8100,0x8100,0x8100,0x8080,
    626                  0x8080,0x8000,0x87FC,0x8020,0x8020,0x8FFC,0x0000,0x0000,
    627                  0x0000,0x0000,0x007C,0x6480,0x9480,0x9480,0x9480,0x9440,
    628                  0x9440,0x9400,0x95FC,0x9420,0x9420,0x89FC,0x0000,0x0000,
    629                  0x0000,0x0000,0x00FC,0x7900,0x8900,0x8900,0x8900,0x8880,
    630                  0x8880,0x8800,0x8BFC,0x8820,0x8820,0x7BFC,0x0000,0x0000,
    631                  0x0000,0x0000,0x00FC,0x7D00,0x9100,0x9100,0x9100,0x9080,
    632                  0x9080,0x9000,0x91FC,0x9020,0x9020,0x7DFC,0x0000,0x0000,
    633                  0x0000,0x0000,0x00FC,0x8100,0x8100,0x4100,0x4100,0x2080,
    634                  0x1880,0x2000,0x43FC,0x4020,0x8020,0x87FC,0x0000,0x0000,
    635                  0x0000,0x0000,0x80FC,0x8100,0x4100,0x2100,0x1900,0x2080,
    636                  0xC080,0x4000,0x21FC,0x1820,0x2020,0x43FC,0x8000,0x0000,
    637                  0x0000,0x0000,0x00FC,0x3100,0x4900,0x4900,0x8500,0x8480,
    638                  0x8480,0x8400,0x85FC,0x4820,0x4820,0x33FC,0x0000,0x0000,
    639                  0x0000,0x0000,0x0FF8,0x1000,0x1000,0x1000,0x1000,0x1000,
    640                  0x1000,0x0800,0x0800,0x0000,0xFFFC,0x0420,0x0420,0x0000,
    641                  0x0000,0x0000,0x00FC,0x0900,0x0900,0x0900,0x0900,0x0900,
    642                  0x0900,0x0880,0x0880,0x0800,0xF3FC,0x0048,0x0048,0x0000,
    643                  0x0000,0x0000,0x01FC,0x7200,0x8200,0x8200,0x8200,0x8200,
    644                  0x8200,0x8100,0x8100,0x8000,0x8FFC,0x0110,0x0110,0x0000,
    645                  0x0000,0x0000,0x007C,0x6480,0x9480,0x9480,0x9480,0x9480,
    646                  0x9480,0x9440,0x9440,0x9400,0x89FC,0x0048,0x0048,0x0000,
    647                  0x0000,0x0000,0x00FC,0x7900,0x8900,0x8900,0x8900,0x8900,
    648                  0x8900,0x8880,0x8880,0x8800,0x7BFC,0x0048,0x0048,0x0000,
    649                  0x0000,0x0000,0x00FC,0x3100,0x4900,0x4900,0x8500,0x8500,
    650                  0x8500,0x8480,0x4880,0x4800,0x33FC,0x0048,0x0048,0x0000,
    651                  0x0000,0x0000,0x0FF8,0x1000,0x1000,0x1000,0x1000,0x1000,
    652                  0x1040,0x0840,0x0840,0x0040,0xFFFC,0x0000,0x0000,0x0000,
    653                  0x0000,0x0000,0x00FC,0x0900,0x0900,0x0900,0x0900,0x0900,
    654                  0x0910,0x0910,0x0810,0x0810,0xF3FC,0x0000,0x0000,0x0000,
    655                  0x0000,0x0000,0x08FC,0x0900,0x0900,0x0900,0xF100,0x8100,
    656                  0x8110,0x4110,0x3810,0x4010,0x83FC,0x8000,0x0000,0x0000,
    657                  0x0000,0x0000,0x01FC,0x7200,0x8200,0x8200,0x8200,0x8200,
    658                  0x8210,0x8110,0x8110,0x8010,0x9FFC,0x0000,0x0000,0x0000,
    659                  0x0000,0x0000,0x007C,0x6480,0x9480,0x9480,0x9480,0x9480,
    660                  0x9490,0x9490,0x9410,0x9410,0x89FC,0x0000,0x0000,0x0000,
    661                  0x0000,0x0000,0x647C,0x9480,0x9480,0x9480,0x8880,0x0080,
    662                  0x7C90,0x8490,0x8410,0x8410,0x7DFC,0x0000,0x0000,0x0000,
    663                  0x0000,0x0000,0x647C,0x9480,0x9480,0x9480,0x8880,0x0080,
    664                  0x7C90,0x9090,0x9010,0x9010,0x7DFC,0x0000,0x0000,0x0000,
    665                  0x0000,0x0000,0x00FC,0x7900,0x8900,0x8900,0x8900,0x8900,
    666                  0x8910,0x8910,0x8810,0x8810,0x7BFC,0x0000,0x0000,0x0000,
    667                  0x0000,0x0000,0x00FC,0x7D00,0x9100,0x9100,0x9100,0x9100,
    668                  0x9110,0x9110,0x9010,0x9010,0x7DFC,0x0000,0x0000,0x0000,
    669                  0x0000,0x0000,0x00FC,0x8100,0x8100,0x4100,0x4100,0x2100,
    670                  0x1910,0x2110,0x4010,0x4010,0x87FC,0x8000,0x0000,0x0000,
    671                  0x0000,0x8000,0x80FC,0x4100,0x2100,0x1900,0x2100,0xC100,
    672                  0x4110,0x2110,0x1810,0x2010,0x43FC,0x8000,0x0000,0x0000,
    673                  0x0000,0x0000,0x00FC,0x3100,0x4900,0x4900,0x8500,0x8500,
    674                  0x8510,0x8510,0x4810,0x4810,0x33FC,0x0000,0x0000,0x0000,
    675                  0x0000,0x0000,0x007C,0x0880,0x4880,0xA880,0xAA80,0xAA80,
    676                  0xAA90,0xAA90,0xAA10,0xA810,0x49FC,0x0800,0x0000,0x0000,
    677                  0x0000,0x0000,0x0FF8,0x1000,0x1000,0x1000,0x1000,0x1040,
    678                  0x1040,0x0040,0xFFFC,0x0000,0x0000,0xFFFC,0x0000,0x0000,
    679                  0x0000,0x0000,0x00FC,0x0900,0x0900,0x0900,0x0900,0x0910,
    680                  0x0910,0x0810,0x0BFC,0x0800,0x0800,0xF3FC,0x0000,0x0000,
    681                  0x0000,0x0000,0x01FC,0x7200,0x8200,0x8200,0x8200,0x8220,
    682                  0x8220,0x8020,0x8FFC,0x8000,0x8000,0x9FFC,0x0000,0x0000,
    683                  0x0000,0x0000,0x007C,0x6480,0x9480,0x9480,0x9480,0x9490,
    684                  0x9410,0x9410,0x95FC,0x9400,0x9400,0x89FC,0x0000,0x0000,
    685                  0x0000,0x0000,0x00FC,0x7900,0x8900,0x8900,0x8900,0x8910,
    686                  0x8910,0x8810,0x8BFC,0x8800,0x8800,0x7BFC,0x0000,0x0000,
    687                  0x0000,0x0000,0x00FC,0x7D00,0x9100,0x9100,0x9100,0x9110,
    688                  0x9110,0x9010,0x91FC,0x9000,0x9000,0x7DFC,0x0000,0x0000,
    689                  0x0000,0x0000,0x00FC,0x8100,0x8100,0x4100,0x4100,0x2110,
    690                  0x1910,0x2010,0x43FC,0x4000,0x8000,0x87FC,0x0000,0x0000,
    691                  0x0000,0x0000,0x80FC,0x8100,0x4100,0x2100,0x1900,0x2110,
    692                  0xC110,0x4010,0x21FC,0x1800,0x2000,0x43FC,0x8000,0x0000,
    693                  0x0000,0x0000,0x00FC,0x3100,0x4900,0x4900,0x8500,0x8510,
    694                  0x8510,0x8410,0x85FC,0x4800,0x4800,0x33FC,0x0000,0x0000,
    695                  0x0000,0x0000,0x0FF8,0x1000,0x1000,0x1000,0x1000,0x1000,
    696                  0x1110,0x0910,0x0910,0x0110,0xFFFC,0x0000,0x0000,0x0000,
    697                  0x0000,0x0000,0x00FC,0x0900,0x0900,0x0900,0x0900,0x0900,
    698                  0x0900,0x0948,0x0848,0x0848,0xF3FC,0x0000,0x0000,0x0000,
    699                  0x0000,0x0000,0x01FC,0x7200,0x8200,0x8200,0x8200,0x8200,
    700                  0x8248,0x8248,0x8048,0x8048,0x8FFC,0x0000,0x0000,0x0000,
    701                  0x0000,0x0000,0x007C,0x6480,0x9480,0x9480,0x9480,0x9480,
    702                  0x9480,0x94C8,0x9448,0x9448,0x89FC,0x0000,0x0000,0x0000,
    703                  0x0000,0x0000,0x00FC,0x7900,0x8900,0x8900,0x8900,0x8900,
    704                  0x8900,0x8948,0x8848,0x8848,0x7BFC,0x0000,0x0000,0x0000,
    705                  0x0000,0x0000,0x00FC,0x7D00,0x9100,0x9100,0x9100,0x9100,
    706                  0x9100,0x9148,0x9048,0x9048,0x7DFC,0x0000,0x0000,0x0000,
    707                  0x0000,0x8000,0x80FC,0x4100,0x2100,0x1900,0x2100,0xC100,
    708                  0x4100,0x2148,0x1848,0x2048,0x43FC,0x8000,0x0000,0x0000,
    709                  0x0000,0x0000,0x00FC,0x3100,0x4900,0x4900,0x8500,0x8500,
    710                  0x8500,0x8548,0x4848,0x4848,0x33FC,0x0000,0x0000,0x0000,
    711                  0x0000,0x0000,0x00FC,0x2900,0x2900,0x2900,0x2900,0x2900,
    712                  0x2900,0x2948,0x2848,0x2848,0xF3FC,0x0000,0x0000,0x0000,
    713                  0x0000,0x0000,0x0FF8,0x1000,0x1000,0x1000,0x1000,0x1220,
    714                  0x1220,0x0220,0xFFFC,0x0000,0x0000,0xFFFC,0x0000,0x0000,
    715                  0x0000,0x0000,0x01FC,0x7200,0x8200,0x8200,0x8200,0x8248,
    716                  0x8248,0x8048,0x87FC,0x8000,0x8000,0x8FFC,0x0000,0x0000,
    717                  0x0000,0x0000,0x4000,0x41F8,0x4200,0x4200,0x4200,0x4200,
    718                  0x7E00,0x4200,0x4200,0x4200,0x4200,0x4200,0x4000,0x0000,
    719                  0x0000,0x0000,0x0100,0x091C,0x0920,0x0920,0x0920,0x0920,
    720                  0x09E0,0x0920,0x0920,0x0920,0x0920,0xF120,0x0100,0x0000,
    721                  0x0000,0x0000,0x0200,0x723C,0x8240,0x8240,0x8240,0x8240,
    722                  0x83C0,0x8240,0x8240,0x8240,0x8240,0x8240,0x0200,0x0000,
    723                  0x0000,0x0000,0x0100,0x651C,0x9520,0x9520,0x9520,0x9520,
    724                  0x95E0,0x9520,0x9520,0x9520,0x9520,0x8920,0x0100,0x0000,
    725                  0x0000,0x0000,0x0100,0x651C,0x9520,0x9520,0x9520,0x8920,
    726                  0x01E0,0x7D20,0x8520,0x8520,0x8520,0x7D20,0x0100,0x0000,
    727                  0x0000,0x0000,0x0100,0x791C,0x8920,0x8920,0x8920,0x8920,
    728                  0x89E0,0x8920,0x8920,0x8920,0x8920,0x7920,0x0100,0x0000,
    729                  0x0000,0x0000,0x0100,0x7D1C,0x9120,0x9120,0x9120,0x9120,
    730                  0x91E0,0x9120,0x9120,0x9120,0x9120,0x7D20,0x0100,0x0000,
    731                  0x0000,0x0000,0x0100,0x811C,0x8120,0x4120,0x4120,0x2120,
    732                  0x19E0,0x2120,0x4120,0x4120,0x8120,0x8120,0x0100,0x0000,
    733                  0x0000,0x0000,0x0100,0x211C,0x5120,0x5120,0x8920,0x8920,
    734                  0x89E0,0x8920,0x8920,0x5120,0x5120,0x2120,0x0100,0x0000,
    735                  0x0000,0x0000,0x0100,0x891C,0x8920,0xF920,0x8920,0x8920,
    736                  0x89E0,0x8920,0x8920,0xF920,0x8920,0x8920,0x0100,0x0000,
    737                  0x0000,0x0000,0x0080,0x088C,0x4890,0xA890,0xAA90,0xAA90,
    738                  0xAAF0,0xAA90,0xAA90,0xA890,0x4890,0x0890,0x0080,0x0000,
    739                  0x0000,0x2000,0x20F8,0x2100,0x2100,0x3F00,0x2100,0x2100,
    740                  0x2100,0x2100,0x2000,0x0000,0xFFFC,0x0100,0x0100,0x0000,
    741                  0x0000,0x0200,0x021C,0x7220,0x8220,0x83E0,0x8220,0x8220,
    742                  0x8220,0x8220,0x8200,0x8000,0x9FFC,0x0080,0x0080,0x0000,
    743                  0x0000,0x0100,0x011C,0x4920,0xA920,0xA9E0,0xA920,0xA920,
    744                  0xA920,0xA920,0xA900,0xA800,0x93FC,0x0020,0x0020,0x0000,
    745                  0x0000,0x8100,0x811C,0x4120,0x2120,0x19E0,0x2120,0xC120,
    746                  0x4120,0x2120,0x1900,0x2000,0x43FC,0x8020,0x0020,0x0000,
    747                  0x0000,0x2000,0x20F8,0x2100,0x2100,0x3F00,0x2100,0x2100,
    748                  0x2100,0x2100,0x2000,0x0000,0xFFFC,0x0000,0x0000,0x0000,
    749                  0x0000,0x0200,0x021C,0x7220,0x8220,0x83E0,0x8220,0x8220,
    750                  0x8220,0x8220,0x8200,0x8000,0x8FFC,0x0000,0x0000,0x0000,
    751                  0x0000,0x0100,0x011C,0x4920,0xA920,0xA9E0,0xA920,0xA920,
    752                  0xA920,0xA920,0xA900,0xA800,0x93FC,0x0000,0x0000,0x0000,
    753                  0x0000,0x0100,0x011C,0x7920,0x8920,0x89E0,0x8920,0x8920,
    754                  0x8920,0x8920,0x8900,0x8800,0x7BFC,0x0000,0x0000,0x0000,
    755                  0x0000,0x0100,0x011C,0x7920,0x9120,0x91E0,0x9120,0x9120,
    756                  0x9120,0x9120,0x9100,0x9000,0x7BFC,0x0000,0x0000,0x0000,
    757                  0x0000,0x0100,0x011C,0x8120,0x8120,0x41E0,0x4120,0x2120,
    758                  0x1920,0x2120,0x4100,0x4000,0x87FC,0x8000,0x0000,0x0000,
    759                  0x0000,0x0000,0x4000,0x41F8,0x4200,0x7E00,0x4200,0x4200,
    760                  0x4200,0x4200,0x4200,0x7E00,0x4200,0x4200,0x4000,0x0000,
    761                  0x0000,0x0000,0x0100,0x091C,0x0920,0x09E0,0x0920,0x0920,
    762                  0x0920,0x0920,0x0920,0x09E0,0x0920,0xF120,0x0100,0x0000,
    763                  0x0000,0x0000,0x0400,0x743C,0x8440,0x87C0,0x8440,0x8440,
    764                  0x8440,0x8440,0x8440,0x87C0,0x8440,0x8440,0x0400,0x0000,
    765                  0x0000,0x0000,0x0100,0x651C,0x9520,0x95E0,0x9520,0x9520,
    766                  0x9520,0x9520,0x9520,0x95E0,0x9520,0x8920,0x0100,0x0000,
    767                  0x0000,0x0000,0x0100,0x7D1C,0x9120,0x91E0,0x9120,0x9120,
    768                  0x9120,0x9120,0x9120,0x91E0,0x9120,0x7D20,0x0100,0x0000,
    769                  0x0000,0x0000,0x0100,0x811C,0x8120,0x41E0,0x4120,0x2120,
    770                  0x1920,0x2120,0x4120,0x41E0,0x8120,0x8120,0x0100,0x0000,
    771                  0x0000,0x0000,0x0100,0x211C,0x5120,0x51E0,0x8920,0x8920,
    772                  0x8920,0x8920,0x8920,0x51E0,0x5120,0x2120,0x0100,0x0000,
    773                  0x0000,0x0000,0x0200,0x023C,0x0240,0x0240,0x0240,0x0240,
    774                  0xFE40,0x0240,0x0240,0x0240,0x0240,0x0240,0x0200,0x0000,
    775                  0x0000,0x0000,0x0100,0x091C,0x0920,0x0920,0x0920,0x0920,
    776                  0x0F20,0x0920,0x0920,0x0920,0x0920,0xF120,0x0100,0x0000,
    777                  0x0000,0x0000,0x0200,0x723C,0x8240,0x8240,0x8240,0x8240,
    778                  0x9E40,0x8240,0x8240,0x8240,0x8240,0x8240,0x0200,0x0000,
    779                  0x0000,0x0000,0x0100,0x711C,0x8920,0x8920,0x8920,0x8920,
    780                  0x8F20,0x8920,0x8920,0x8920,0x8920,0x8920,0x0100,0x0000,
    781                  0x0000,0x0000,0x0080,0x649C,0x94A0,0x94A0,0x94A0,0x94A0,
    782                  0x97A0,0x94A0,0x94A0,0x94A0,0x94A0,0x88A0,0x0080,0x0000,
    783                  0x0000,0x0000,0x0100,0x791C,0x8920,0x8920,0x8920,0x8920,
    784                  0x8F20,0x8920,0x8920,0x8920,0x8920,0x7920,0x0100,0x0000,
    785                  0x0000,0x0000,0x0100,0x7D1C,0x9120,0x9120,0x9120,0x9120,
    786                  0x9720,0x9120,0x9120,0x9120,0x9120,0x7D20,0x0100,0x0000,
    787                  0x0000,0x0000,0x0100,0x811C,0x8120,0x4120,0x4120,0x2120,
    788                  0x1720,0x2120,0x4120,0x4120,0x8120,0x8120,0x0100,0x0000,
    789                  0x0000,0x0000,0x0100,0x211C,0x5120,0x5120,0x8920,0x8920,
    790                  0x8F20,0x8920,0x8920,0x5120,0x5120,0x2120,0x0100,0x0000,
    791                  0x0000,0x0100,0x011C,0x0120,0x4120,0x3F20,0x0120,0x0120,
    792                  0x0920,0x0920,0x0900,0x0800,0xFFFC,0x0000,0x0000,0x0000,
    793                  0x0000,0x0080,0x809C,0x80A0,0x40A0,0x37A0,0x20A0,0x40A0,
    794                  0x80A0,0x82A0,0x4280,0x3200,0x27FC,0x4000,0x8000,0x0000,
    795                  0x0000,0x0200,0x023C,0x0240,0x4240,0x3E40,0x0240,0x0240,
    796                  0x1200,0x1000,0xFFFC,0x0000,0x0000,0xFFFC,0x0000,0x0000,
    797                  0x0000,0x0100,0x011C,0x0120,0x4120,0x3F20,0x0120,0x0120,
    798                  0x0120,0x0120,0x0100,0x0000,0xFFFC,0x0000,0x0000,0x0000,
    799                  0x0000,0x0100,0x011C,0x6120,0x8120,0x8F20,0x8120,0x8120,
    800                  0x8120,0x8120,0x8100,0x8000,0x9FFC,0x0000,0x0000,0x0000,
    801                  0x0000,0x0080,0x009C,0x48A0,0xA8A0,0xAFA0,0xA8A0,0xA8A0,
    802                  0xA8A0,0xA8A0,0xA880,0xA800,0x93FC,0x0000,0x0000,0x0000,
    803                  0x0000,0x0080,0x009C,0x70A0,0x90A0,0x97A0,0x90A0,0x90A0,
    804                  0x90A0,0x90A0,0x9080,0x9000,0x77FC,0x0000,0x0000,0x0000,
    805                  0x0000,0x0080,0x009C,0x78A0,0xA0A0,0xA7A0,0xA0A0,0xA0A0,
    806                  0xA0A0,0xA0A0,0xA080,0xA000,0x7BFC,0x0000,0x0000,0x0000,
    807                  0x0000,0x0000,0x0400,0x043C,0x8440,0x7C40,0x0440,0x0440,
    808                  0x0440,0x0440,0x0440,0xFC40,0x0440,0x0440,0x0400,0x0000,
    809                  0x0000,0x0000,0x0100,0x091C,0x0920,0x0F20,0x0920,0x0920,
    810                  0x0920,0x0920,0x0920,0x0F20,0x0920,0xF120,0x0100,0x0000,
    811                  0x0000,0x0000,0x0080,0x649C,0x94A0,0x97A0,0x94A0,0x94A0,
    812                  0x94A0,0x94A0,0x94A0,0x97A0,0x94A0,0x88A0,0x0080,0x0000,
    813                  0x0000,0x0000,0x0100,0x791C,0x8920,0x8F20,0x8920,0x8920,
    814                  0x8920,0x8920,0x8920,0x8F20,0x8920,0x7920,0x0100,0x0000,
    815                  0x0000,0x0000,0x0100,0x7D1C,0x9120,0x9720,0x9120,0x9120,
    816                  0x9120,0x9120,0x9120,0x9720,0x9120,0x7D20,0x0100,0x0000,
    817                  0x0000,0x0000,0x0100,0x211C,0x5120,0x5720,0x8920,0x8920,
    818                  0x8920,0x8920,0x8920,0x5720,0x5120,0x2120,0x0100,0x0000,
    819                  0x0000,0x0000,0x4000,0x41F8,0x4200,0x4200,0x4200,0x4200,
    820                  0x4200,0x4200,0x4200,0x4200,0x4200,0x4200,0x4000,0x0000,
    821                  0x0000,0x0000,0x0100,0x091C,0x0920,0x0920,0x0920,0x0920,
    822                  0x0920,0x0920,0x0920,0x0920,0x0920,0xF120,0x0100,0x0000,
    823                  0x0000,0x0000,0x0200,0x723C,0x8240,0x8240,0x8240,0x8240,
    824                  0x8240,0x8240,0x8240,0x8240,0x8240,0x8240,0x0200,0x0000,
    825                  0x0000,0x0000,0x0080,0x649C,0x94A0,0x94A0,0x94A0,0x94A0,
    826                  0x94A0,0x94A0,0x94A0,0x94A0,0x94A0,0x88A0,0x0080,0x0000,
    827                  0x0000,0x0000,0x0080,0x649C,0x94A0,0x94A0,0x94A0,0x88A0,
    828                  0x80A0,0x04A0,0x04A0,0x04A0,0x04A0,0xF8A0,0x0080,0x0000,
    829                  0x0000,0x0000,0x0080,0x649C,0x94A0,0x94A0,0x94A0,0x88A0,
    830                  0x00A0,0x7CA0,0x84A0,0x84A0,0x84A0,0x7CA0,0x0080,0x0000,
    831                  0x0000,0x0000,0x0100,0x791C,0x8920,0x8920,0x8920,0x8920,
    832                  0x8920,0x8920,0x8920,0x8920,0x8920,0x7920,0x0100,0x0000,
    833                  0x0000,0x0000,0x0100,0x7D1C,0x9120,0x9120,0x9120,0x9120,
    834                  0x9120,0x9120,0x9120,0x9120,0x9120,0x7D20,0x0100,0x0000,
    835          
    836                  0x0000,0x0000,0x0100,0x811C,0x8120,0x4120,0x4120,0x2120,
    837                  0x1920,0x2120,0x4120,0x4120,0x8120,0x8120,0x0100,0x0000,
    838                  0x0000,0x0000,0x0100,0x311C,0x4920,0x4920,0x8520,0x8520,
    839                  0x8520,0x8520,0x8520,0x4920,0x4920,0x3120,0x0100,0x0000,
    840                  0x0000,0x0000,0x0100,0x891C,0x8920,0x4920,0x4920,0x2920,
    841                  0x1920,0x2920,0x4920,0x4920,0x8920,0x8920,0x0100,0x0000,
    842                  0x0000,0x0000,0x0100,0x891C,0x8920,0xF920,0x8920,0x8920,
    843                  0x8920,0x8920,0x8920,0xF920,0x8920,0x8920,0x0100,0x0000,
    844                  0x0000,0x2000,0x20F8,0x2100,0x2100,0x2100,0x2100,0x2100,
    845                  0x2100,0x2100,0x2000,0x0000,0xFFFC,0x0000,0x0000,0x0000,
    846                  0x0000,0x0200,0x021C,0x7220,0x8220,0x8220,0x8220,0x8220,
    847                  0x8220,0x8220,0x8200,0x8000,0x8FFC,0x0000,0x0000,0x0000,
    848                  0x0000,0x0100,0x011C,0x4920,0xA920,0xA920,0xA920,0xA920,
    849                  0xA920,0xA920,0xA900,0xA800,0x93FC,0x0000,0x0000,0x0000,
    850                  0x0000,0x0000,0x0FF8,0x1000,0x1000,0x1000,0x1000,0x1000,
    851                  0x1000,0x1000,0x0800,0x0800,0xFFFC,0x0000,0x0000,0x0000,
    852                  0x0000,0x0000,0x00FC,0x0900,0x0900,0x0900,0x0900,0x0900,
    853                  0x0900,0x0880,0x0880,0x0800,0xF3FC,0x0000,0x0000,0x0000,
    854                  0x0000,0x0000,0x00FC,0x7100,0x8100,0x8100,0x8100,0x8100,
    855                  0x8100,0x8080,0x8080,0x8000,0x8FFC,0x0000,0x0000,0x0000,
    856                  0x0000,0x0000,0x007C,0x6480,0x9480,0x9480,0x9480,0x9480,
    857                  0x9480,0x9440,0x9440,0x9400,0x89FC,0x0000,0x0000,0x0000,
    858                  0x0000,0x0000,0x647C,0x9480,0x9480,0x9480,0x8880,0x0080,
    859                  0x7C80,0x8440,0x8440,0x8400,0x7DFC,0x0000,0x0000,0x0000,
    860                  0x0000,0x0000,0x00FC,0x7900,0x8900,0x8900,0x8900,0x8900,
    861                  0x8900,0x8880,0x8880,0x8800,0x7BFC,0x0000,0x0000,0x0000,
    862                  0x0000,0x0000,0x00FC,0x7D00,0x9100,0x9100,0x9100,0x9100,
    863                  0x9100,0x9080,0x9080,0x9000,0x7DFC,0x0000,0x0000,0x0000,
    864                  0x0000,0x0000,0x00FC,0x8100,0x8100,0x4100,0x4100,0x2100,
    865                  0x1900,0x2080,0x4080,0x4000,0x87FC,0x8000,0x0000,0x0000,
    866                  0x0000,0x0000,0x00FC,0x3100,0x4900,0x4900,0x8500,0x8500,
    867                  0x8500,0x8480,0x4880,0x4800,0x33FC,0x0000,0x0000,0x0000,
    868                  0x0000,0x0000,0x00FC,0x8900,0x8900,0xF900,0x8900,0x8900,
    869                  0x8900,0x8880,0xF880,0x8800,0x8BFC,0x0000,0x0000,0x0000,
    870                  0x0000,0x0000,0x1FF0,0x2008,0x2008,0x2008,0x2008,0x2008,
    871                  0x2008,0x1000,0x1000,0x0000,0xFFFC,0x0080,0x0080,0x0000,
    872                  0x0000,0x0000,0x00F8,0x0904,0x0904,0x0904,0x0904,0x0904,
    873                  0x0904,0x0884,0x0880,0x0800,0xF3FC,0x0020,0x0020,0x0000,
    874                  0x0000,0x0000,0x08F8,0x0904,0x0904,0x0904,0xF104,0x0104,
    875                  0x0904,0x0884,0x0880,0x0800,0xF3FC,0x0020,0x0020,0x0000,
    876                  0x0000,0x0000,0x01F8,0x7204,0x8204,0x8204,0x8204,0x8204,
    877                  0x8204,0x8100,0x8100,0x8000,0x8FFC,0x0040,0x0040,0x0000,
    878                  0x0000,0x0000,0x00F8,0x7104,0x8904,0x8904,0x8904,0x8904,
    879                  0x8904,0x8884,0x8880,0x8800,0x8BFC,0x0020,0x0020,0x0000,
    880                  0x0000,0x0000,0x00F8,0x6504,0x9504,0x9504,0x9504,0x9504,
    881                  0x9504,0x9484,0x9480,0x9400,0x89FC,0x0020,0x0020,0x0000,
    882                  0x0000,0x0000,0x6478,0x9484,0x9484,0x9484,0x9484,0x8884,
    883                  0x0484,0x0444,0x0440,0x0400,0xF9FC,0x0020,0x0020,0x0000,
    884                  0x0000,0x0000,0x6478,0x9484,0x9484,0x9484,0x8884,0x0084,
    885                  0x7C84,0x8444,0x8440,0x8400,0x7DFC,0x0020,0x0020,0x0000,
    886                  0x0000,0x0000,0x6478,0x9484,0x9484,0x9484,0x8884,0x0084,
    887                  0x7C84,0x9044,0x9040,0x9000,0x7DFC,0x0020,0x0020,0x0000,
    888                  0x0000,0x0000,0x6478,0x9484,0x9484,0x9484,0x8884,0x1084,
    889                  0x5084,0xB444,0x9440,0xB400,0x51FC,0x1020,0x0020,0x0000,
    890                  0x0000,0x0000,0x00F8,0x7904,0x8904,0x8904,0x8904,0x8904,
    891                  0x8904,0x8884,0x8880,0x8800,0x7BFC,0x0020,0x0020,0x0000,
    892                  0x0000,0x0000,0x00F8,0x7D04,0x9104,0x9104,0x9104,0x9104,
    893                  0x9104,0x9084,0x9080,0x9000,0x7DFC,0x0020,0x0020,0x0000,
    894                  0x0000,0x0000,0x00F8,0x8104,0x8104,0x4104,0x4104,0x2104,
    895                  0x1904,0x2084,0x4080,0x4000,0x87FC,0x8020,0x0020,0x0000,
    896                  0x0000,0x8000,0x80F8,0x4104,0x2104,0x1904,0x2104,0xC104,
    897                  0x4104,0x2084,0x1880,0x2000,0x43FC,0x8020,0x0020,0x0000,
    898                  0x0000,0x0000,0x00F8,0x3104,0x4904,0x4904,0x8504,0x8504,
    899                  0x8504,0x8484,0x4880,0x4800,0x33FC,0x0020,0x0020,0x0000,
    900                  0x0000,0x0000,0x00F8,0x8904,0x8904,0x4904,0x4904,0x2904,
    901                  0x1904,0x2884,0x4880,0x4800,0x8BFC,0x8820,0x0020,0x0000,
    902                  0x0000,0x0000,0x0078,0x9084,0x9084,0x9084,0x5484,0x5484,
    903                  0x3484,0x5444,0x5440,0x9000,0x93FC,0x9020,0x0020,0x0000,
    904                  0x0000,0x0000,0x0078,0x0884,0x4884,0xA884,0xAA84,0xAA84,
    905                  0xAA84,0xAA44,0xAA40,0xA800,0x49FC,0x0820,0x0020,0x0000,
    906                  0x0000,0x0000,0x1FF0,0x2008,0x2008,0x2008,0x2008,0x1008,
    907                  0x1000,0x0000,0xFFFC,0x0100,0x0100,0xFFFC,0x0000,0x0000,
    908                  0x0000,0x0000,0x00F8,0x0904,0x0904,0x0904,0x0904,0x0904,
    909                  0x0880,0x0880,0x0BFC,0x0820,0x0820,0xF3FC,0x0000,0x0000,
    910                  0x0000,0x0000,0x01F8,0x7204,0x8204,0x8204,0x8204,0x8204,
    911                  0x8100,0x8100,0x87FC,0x8040,0x8040,0x8FFC,0x0000,0x0000,
    912                  0x0000,0x0000,0x0078,0x6484,0x9484,0x9484,0x9484,0x9484,
    913                  0x9440,0x9440,0x95FC,0x9420,0x9420,0x89FC,0x0000,0x0000,
    914                  0x0000,0x0000,0x00F8,0x7904,0x8904,0x8904,0x8904,0x8904,
    915                  0x8880,0x8880,0x8BFC,0x8820,0x8820,0x7BFC,0x0000,0x0000,
    916                  0x0000,0x0000,0x00F8,0x7D04,0x9104,0x9104,0x9104,0x9104,
    917                  0x9080,0x9080,0x91FC,0x9020,0x9020,0x7DFC,0x0000,0x0000,
    918                  0x0000,0x0000,0x00F8,0x8104,0x8104,0x4104,0x4104,0x2104,
    919                  0x1880,0x2080,0x43FC,0x4020,0x8020,0x87FC,0x0000,0x0000,
    920                  0x0000,0x0000,0x80F8,0x8104,0x4104,0x2104,0x1904,0x2104,
    921                  0xC080,0x4080,0x21FC,0x1820,0x2020,0x43FC,0x8000,0x0000,
    922                  0x0000,0x0000,0x00F8,0x3104,0x4904,0x4904,0x8504,0x8504,
    923                  0x8480,0x8480,0x85FC,0x4820,0x4820,0x33FC,0x0000,0x0000,
    924                  0x0000,0x0000,0x1FF0,0x2008,0x2008,0x2008,0x2008,0x2008,
    925                  0x2008,0x1000,0x1000,0x0000,0xFFFC,0x0420,0x0420,0x0000,
    926                  0x0000,0x0000,0x1FF0,0x2008,0x2008,0x2008,0x2008,0x2008,
    927                  0x2088,0x2080,0x0080,0x0080,0xFFFC,0x0000,0x0000,0x0000,
    928                  0x0000,0x0000,0x00F8,0x0904,0x0904,0x0904,0x0904,0x0904,
    929                  0x0904,0x0920,0x0820,0x0820,0xF3FC,0x0000,0x0000,0x0000,
    930                  0x0000,0x0000,0x08F8,0x0904,0x0904,0x0904,0xF104,0x0104,
    931                  0x0904,0x0910,0x0810,0x0810,0xF3FC,0x0000,0x0000,0x0000,
    932                  0x0000,0x0000,0x01F8,0x7204,0x8204,0x8204,0x8204,0x8204,
    933                  0x8224,0x8220,0x8020,0x8020,0x9FFC,0x0000,0x0000,0x0000,
    934                  0x0000,0x0000,0x00F8,0x7104,0x8904,0x8904,0x8904,0x8904,
    935                  0x8904,0x8910,0x8810,0x8810,0x8BFC,0x0000,0x0000,0x0000,
    936                  0x0000,0x0000,0x0078,0x6484,0x9484,0x9484,0x9484,0x9484,
    937                  0x9484,0x9490,0x9410,0x9410,0x89FC,0x0000,0x0000,0x0000,
    938                  0x0000,0x0000,0x6478,0x9484,0x9484,0x9484,0x8884,0x0084,
    939                  0x7C84,0x8490,0x8410,0x8410,0x7DFC,0x0000,0x0000,0x0000,
    940                  0x0000,0x0000,0x6478,0x9484,0x9484,0x9484,0x8884,0x0084,
    941                  0x7C84,0x9090,0x9010,0x9010,0x7DFC,0x0000,0x0000,0x0000,
    942                  0x0000,0x0000,0x00F8,0x7904,0x8904,0x8904,0x8904,0x8904,
    943                  0x8904,0x8910,0x8810,0x8810,0x7BFC,0x0000,0x0000,0x0000,
    944                  0x0000,0x0000,0x00F8,0x7D04,0x9104,0x9104,0x9104,0x9104,
    945                  0x9104,0x9110,0x9010,0x9010,0x7DFC,0x0000,0x0000,0x0000,
    946                  0x0000,0x0000,0x00F8,0x8104,0x8104,0x4104,0x4104,0x2104,
    947                  0x1904,0x2110,0x4010,0x4010,0x87FC,0x8000,0x0000,0x0000,
    948                  0x0000,0x0000,0x00F8,0x3104,0x4904,0x4904,0x8504,0x8504,
    949                  0x8504,0x8510,0x4810,0x4810,0x33FC,0x0000,0x0000,0x0000,
    950                  0x0000,0x0000,0x0078,0x9084,0x9084,0x9084,0x5484,0x5484,
    951                  0x3484,0x5490,0x5410,0x9010,0x93FC,0x9000,0x0000,0x0000,
    952                  0x0000,0x0000,0x00F8,0x8904,0x8904,0xF904,0x8904,0x8904,
    953                  0x8904,0x8910,0xF810,0x8810,0x8BFC,0x0000,0x0000,0x0000,
    954                  0x0000,0x0000,0x1FF0,0x2008,0x2008,0x2008,0x2008,0x2088,
    955                  0x2080,0x0080,0xFFFC,0x0000,0x0000,0xFFFC,0x0000,0x0000,
    956                  0x0000,0x0000,0x00F8,0x0904,0x0904,0x0904,0x0904,0x0924,
    957                  0x0920,0x0820,0x0BFC,0x0800,0x0800,0xF3FC,0x0000,0x0000,
    958                  0x0000,0x0000,0x01F8,0x7204,0x8204,0x8204,0x8204,0x8224,
    959                  0x8220,0x8020,0x8FFC,0x8000,0x8000,0x9FFC,0x0000,0x0000,
    960                  0x0000,0x0000,0x00F8,0x6504,0x9504,0x9504,0x9504,0x9524,
    961                  0x9420,0x9420,0x95FC,0x9400,0x9400,0x89FC,0x0000,0x0000,
    962                  0x0000,0x0000,0x00F8,0x7904,0x8904,0x8904,0x8904,0x8924,
    963                  0x8920,0x8820,0x8BFC,0x8800,0x8800,0x7BFC,0x0000,0x0000,
    964                  0x0000,0x0000,0x00F8,0x7D04,0x9104,0x9104,0x9104,0x9124,
    965                  0x9120,0x9020,0x91FC,0x9000,0x9000,0x7DFC,0x0000,0x0000,
    966                  0x0000,0x0000,0x00F8,0x8104,0x8104,0x4104,0x4104,0x2124,
    967                  0x1920,0x2020,0x43FC,0x4000,0x8000,0x87FC,0x0000,0x0000,
    968                  0x0000,0x0000,0x80F8,0x8104,0x4104,0x2104,0x1904,0x2124,
    969                  0xC120,0x4020,0x21FC,0x1800,0x2000,0x43FC,0x8000,0x0000,
    970                  0x0000,0x0000,0x00F8,0x3104,0x4904,0x4904,0x8504,0x8524,
    971                  0x8520,0x8420,0x85FC,0x4800,0x4800,0x33FC,0x0000,0x0000,
    972                  0x0000,0x0000,0x1FF0,0x2008,0x2008,0x2008,0x2008,0x2008,
    973                  0x2008,0x2420,0x0420,0x0420,0xFFFC,0x0000,0x0000,0x0000,
    974                  0x0000,0x0000,0x01F8,0x7204,0x8204,0x8204,0x8204,0x8204,
    975                  0x8204,0x8290,0x8090,0x8090,0x8FFC,0x0000,0x0000,0x0000,
    976                  0x0000,0x0000,0x0078,0x6484,0x9484,0x9484,0x9484,0x9484,
    977                  0x9484,0x94C8,0x9448,0x9448,0x8BFC,0x0000,0x0000,0x0000,
    978                  0x0000,0x8000,0x80F8,0x4104,0x2104,0x1904,0x2104,0xC104,
    979                  0x4104,0x2148,0x1848,0x2048,0x43FC,0x8000,0x0000,0x0000,
    980                  0x0000,0x0000,0x00F8,0x3104,0x4904,0x4904,0x8504,0x8504,
    981                  0x8504,0x8548,0x4848,0x4848,0x33FC,0x0000,0x0000,0x0000,
    982                  0x0000,0x0000,0x1FF0,0x2008,0x2008,0x2008,0x2008,0x2428,
    983                  0x2420,0x0420,0xFFFC,0x0000,0x0000,0xFFFC,0x0000,0x0000,
    984                  0x0000,0x0000,0x01F8,0x7204,0x8204,0x8204,0x8204,0x8204,
    985                  0x8290,0x8090,0x87FC,0x8000,0x8000,0x8FFC,0x0000,0x0000,
    986                  0x0000,0x0000,0x4000,0x41F0,0x4208,0x4208,0x4208,0x4208,
    987                  0x7E08,0x4208,0x4208,0x4208,0x4208,0x4208,0x4000,0x0000,
    988                  0x0000,0x0000,0x0100,0x0918,0x0924,0x0924,0x0924,0x0924,
    989                  0x09E4,0x0924,0x0924,0x0924,0x0924,0xF124,0x0100,0x0000,
    990                  0x0000,0x0000,0x0200,0x7238,0x8244,0x8244,0x8244,0x8244,
    991                  0x83C4,0x8244,0x8244,0x8244,0x8244,0x8244,0x0200,0x0000,
    992                  0x0000,0x0000,0x0100,0x7118,0x8924,0x8924,0x8924,0x8924,
    993                  0x89E4,0x8924,0x8924,0x8924,0x8924,0x8924,0x0100,0x0000,
    994                  0x0000,0x0000,0x0100,0x6518,0x9524,0x9524,0x9524,0x9524,
    995                  0x95E4,0x9524,0x9524,0x9524,0x9524,0x8924,0x0100,0x0000,
    996                  0x0000,0x0000,0x0100,0x6518,0x9524,0x9524,0x9524,0x8924,
    997                  0x01E4,0x7D24,0x8524,0x8524,0x8524,0x7D24,0x0100,0x0000,
    998                  0x0000,0x0000,0x0100,0x6518,0x9524,0x9524,0x9524,0x8924,
    999                  0x81E4,0x8124,0x4124,0x3D24,0x4124,0x8124,0x8100,0x0000,
   1000                  0x0000,0x0000,0x0100,0x7918,0x8924,0x8924,0x8924,0x8924,
   1001                  0x89E4,0x8924,0x8924,0x8924,0x8924,0x7924,0x0100,0x0000,
   1002                  0x0000,0x0000,0x0100,0x7D18,0x9124,0x9124,0x9124,0x9124,
   1003                  0x91E4,0x9124,0x9124,0x9124,0x9124,0x7D24,0x0100,0x0000,
   1004                  0x0000,0x0000,0x0100,0x8118,0x8124,0x4124,0x4124,0x2124,
   1005                  0x19E4,0x2124,0x4124,0x4124,0x8124,0x8124,0x0100,0x0000,
   1006                  0x0000,0x0000,0x0100,0x3118,0x4924,0x4924,0x8524,0x8524,
   1007                  0x85E4,0x8524,0x8524,0x4924,0x4924,0x3124,0x0100,0x0000,
   1008                  0x0000,0x0000,0x0100,0x9118,0x9124,0x9124,0x5524,0x5524,
   1009                  0x35E4,0x5524,0x5524,0x9124,0x9124,0x9124,0x0100,0x0000,
   1010                  0x0000,0x0000,0x0100,0x7918,0x9524,0x9524,0x9524,0x9524,
   1011                  0x95E4,0x9524,0x9524,0x9524,0x9524,0x9524,0x0100,0x0000,
   1012                  0x0000,0x2000,0x20F0,0x2108,0x2108,0x3F08,0x2108,0x2108,
   1013                  0x2108,0x2108,0x2000,0x0000,0xFFFC,0x0100,0x0100,0x0000,
   1014                  0x0000,0x0200,0x0238,0x7244,0x8244,0x83C4,0x8244,0x8244,
   1015                  0x8244,0x8244,0x8200,0x8000,0x9FFC,0x0080,0x0080,0x0000,
   1016                  0x0000,0x0100,0x0118,0x4924,0xA924,0xA9E4,0xA924,0xA924,
   1017                  0xA924,0xA924,0xA900,0xA800,0x93FC,0x0020,0x0020,0x0000,
   1018                  0x0000,0x2000,0x20F0,0x2108,0x2108,0x3F08,0x2108,0x2108,
   1019                  0x2000,0x0000,0xFFFC,0x0100,0x0100,0xFFFC,0x0000,0x0000,
   1020                  0x0000,0x0100,0x8118,0x4124,0x2124,0x19E4,0x2124,0x4124,
   1021                  0x8124,0x4000,0x23FC,0x1840,0x2040,0x43FC,0x8000,0x0000,
   1022                  0x0000,0x2000,0x20F0,0x2108,0x2108,0x2108,0x3F08,0x2108,
   1023                  0x2108,0x2108,0x2000,0x0000,0xFFFC,0x0000,0x0000,0x0000,
   1024                  0x0000,0x0200,0x0238,0x7244,0x8244,0x8244,0x83C4,0x8244,
   1025                  0x8244,0x8244,0x8240,0x8000,0x8FFC,0x0000,0x0000,0x0000,
   1026                  0x0000,0x0100,0x0118,0x4924,0xA924,0xA924,0xA9E4,0xA924,
   1027                  0xA924,0xA924,0xA900,0xA800,0x93FC,0x0000,0x0000,0x0000,
   1028                  0x0000,0x0100,0x0118,0x7924,0x8924,0x89E4,0x8924,0x8924,
   1029                  0x8924,0x8924,0x8900,0x8800,0x7BFC,0x0000,0x0000,0x0000,
   1030                  0x0000,0x0100,0x0118,0x7924,0x9124,0x91E4,0x9124,0x9124,
   1031                  0x9124,0x9124,0x9100,0x9000,0x7BFC,0x0000,0x0000,0x0000,
   1032                  0x0000,0x0100,0x0118,0x8124,0x8124,0x41E4,0x4124,0x2124,
   1033                  0x1924,0x2124,0x4100,0x4000,0x87FC,0x8000,0x0000,0x0000,
   1034                  0x0000,0x0000,0x4000,0x41F0,0x4208,0x7E08,0x4208,0x4208,
   1035                  0x4208,0x4208,0x4208,0x7E08,0x4208,0x4208,0x4000,0x0000,
   1036                  0x0000,0x0000,0x0200,0x0238,0x0244,0x0244,0x0244,0x0244,
   1037                  0xFE44,0x0244,0x0244,0x0244,0x0244,0x0244,0x0200,0x0000,
   1038                  0x0000,0x0000,0x0100,0x0938,0x0944,0x0944,0x0944,0x0944,
   1039                  0x0F44,0x0944,0x0944,0x0944,0x0944,0xF144,0x0100,0x0000,
   1040                  0x0000,0x0000,0x0200,0x7238,0x8244,0x8244,0x8244,0x8244,
   1041                  0x9E44,0x8244,0x8244,0x8244,0x8244,0x8244,0x0200,0x0000,
   1042                  0x0000,0x0000,0x0100,0x6538,0x9544,0x9544,0x9544,0x9544,
   1043                  0x9744,0x9544,0x9544,0x9544,0x9544,0x8944,0x0100,0x0000,
   1044                  0x0000,0x0000,0x0100,0x7938,0x8944,0x8944,0x8944,0x8944,
   1045                  0x8F44,0x8944,0x8944,0x8944,0x8944,0x7944,0x0100,0x0000,
   1046                  0x0000,0x0000,0x0100,0x7D38,0x9144,0x9144,0x9144,0x9144,
   1047                  0x9744,0x9144,0x9144,0x9144,0x9144,0x7D44,0x0100,0x0000,
   1048                  0x0000,0x0000,0x0100,0x8138,0x8144,0x4144,0x4144,0x2144,
   1049                  0x1744,0x2144,0x4144,0x4144,0x8144,0x8144,0x0100,0x0000,
   1050                  0x0000,0x0000,0x0100,0x3118,0x4924,0x4924,0x8524,0x8524,
   1051                  0x8724,0x8524,0x8524,0x4924,0x4924,0x3124,0x0100,0x0000,
   1052                  0x0000,0x0200,0x0238,0x0244,0x4244,0x3E44,0x0244,0x0244,
   1053                  0x1244,0x1244,0x1200,0x1000,0xFFFC,0x0000,0x0000,0x0000,
   1054                  0x0000,0x0080,0x8098,0x80A4,0x40A4,0x37A4,0x20A4,0x40A4,
   1055                  0x80A4,0x82A4,0x4280,0x3200,0x27FC,0x4000,0x8000,0x0000,
   1056                  0x0000,0x0200,0x0238,0x0244,0x4244,0x3E44,0x0244,0x0244,
   1057                  0x1200,0x1000,0xFFFC,0x0000,0x0000,0xFFFC,0x0000,0x0000,
   1058                  0x0000,0x0080,0x0098,0x60A4,0x97A4,0x90A4,0x90A4,0x92A4,
   1059                  0x9280,0x9200,0x97FC,0x9000,0x9000,0x67FC,0x0000,0x0000,
   1060                  0x0000,0x0200,0x0238,0x0244,0x0244,0x4244,0x3E44,0x0244,
   1061                  0x0244,0x0244,0x0200,0x0200,0xFFFC,0x0000,0x0000,0x0000,
   1062                  0x0000,0x0200,0x0238,0x6244,0x8244,0x9E44,0x8244,0x8244,
   1063                  0x8244,0x8244,0x8200,0x8000,0x9FFC,0x0000,0x0000,0x0000,
   1064                  0x0000,0x0100,0x0118,0x4924,0xA924,0xAF24,0xA924,0xA924,
   1065                  0xA924,0xA924,0xA900,0xA800,0x93FC,0x0000,0x0000,0x0000,
   1066                  0x0000,0x0100,0x0118,0x7924,0xA124,0xA724,0xA124,0xA124,
   1067                  0xA124,0xA124,0xA100,0xA000,0x7BFC,0x0000,0x0000,0x0000,
   1068                  0x0000,0x0100,0x0118,0x8124,0x8124,0x4724,0x4124,0x2124,
   1069                  0x1924,0x2124,0x4100,0x4000,0x87FC,0x8000,0x0000,0x0000,
   1070                  0x0000,0x0100,0x0118,0x7124,0x5124,0x8F24,0x8924,0x8924,
   1071                  0x8924,0x8924,0x8900,0x5000,0x77FC,0x0000,0x0000,0x0000,
   1072                  0x0000,0x0000,0x0400,0x0478,0x8484,0x7C84,0x0484,0x0484,
   1073                  0x0484,0x0484,0x0484,0xFC84,0x0484,0x0484,0x0400,0x0000,
   1074                  0x0000,0x0000,0x0200,0x7238,0x8244,0x8244,0x9E44,0x8244,
   1075                  0x8244,0x8244,0x8244,0x9E44,0x8244,0x8244,0x0200,0x0000,
   1076                  0x0000,0x0000,0x0100,0x6538,0x9544,0x9744,0x9544,0x9544,
   1077                  0x9544,0x9544,0x9544,0x9744,0x9544,0x8944,0x0100,0x0000,
   1078                  0x0000,0x0000,0x0100,0x7938,0x8944,0x8F44,0x8944,0x8944,
   1079                  0x8944,0x8944,0x8944,0x8F44,0x8944,0x7944,0x0100,0x0000,
   1080                  0x0000,0x0000,0x0100,0x2138,0x5144,0x5744,0x8944,0x8944,
   1081                  0x8944,0x8944,0x8944,0x5744,0x5144,0x2144,0x0100,0x0000,
   1082                  0x0000,0x0000,0x4000,0x41F0,0x4208,0x4208,0x4208,0x4208,
   1083                  0x4208,0x4208,0x4208,0x4208,0x4208,0x4208,0x4000,0x0000,
   1084                  0x0000,0x0000,0x0100,0x0918,0x0924,0x0924,0x0924,0x0924,
   1085                  0x0924,0x0924,0x0924,0x0924,0x0924,0xF124,0x0100,0x0000,
   1086                  0x0000,0x0000,0x0200,0x7238,0x8244,0x8244,0x8244,0x8244,
   1087                  0x8244,0x8244,0x8244,0x8244,0x8244,0x8244,0x0200,0x0000,
   1088                  0x0000,0x0000,0x0100,0x7118,0x8924,0x8924,0x8924,0x8924,
   1089          
   1090                  0x8924,0x8924,0x8924,0x8924,0x8924,0x8924,0x0100,0x0000,
   1091                  0x0000,0x0000,0x0100,0x6518,0x9524,0x9524,0x9524,0x9524,
   1092                  0x9524,0x9524,0x9524,0x9524,0x9524,0x8924,0x0100,0x0000,
   1093                  0x0000,0x0000,0x0100,0x6518,0x9524,0x9524,0x9524,0x8924,
   1094                  0x0124,0x7D24,0x8524,0x8524,0x8524,0x7D24,0x0100,0x0000,
   1095                  0x0000,0x0000,0x0100,0x7918,0x8924,0x8924,0x8924,0x8924,
   1096                  0x8924,0x8924,0x8924,0x8924,0x8924,0x7924,0x0100,0x0000,
   1097                  0x0000,0x0000,0x0100,0x7D18,0x9124,0x9124,0x9124,0x9124,
   1098                  0x9124,0x9124,0x9124,0x9124,0x9124,0x7D24,0x0100,0x0000,
   1099                  0x0000,0x0000,0x0100,0x8118,0x8124,0x4124,0x4124,0x2124,
   1100                  0x1924,0x2124,0x4124,0x4124,0x8124,0x8124,0x0100,0x0000,
   1101                  0x0000,0x0000,0x0100,0x2118,0x5124,0x5124,0x8924,0x8924,
   1102                  0x8924,0x8924,0x8924,0x5124,0x5124,0x2124,0x0100,0x0000,
   1103                  0x0000,0x2000,0x20F0,0x2108,0x2108,0x2108,0x2108,0x2108,
   1104                  0x2108,0x2108,0x2000,0x0000,0xFFFC,0x0000,0x0000,0x0000,
   1105                  0x0000,0x0000,0x1FF0,0x2008,0x2008,0x2008,0x2008,0x2008,
   1106                  0x2008,0x1000,0x1000,0x0000,0xFFFC,0x0000,0x0000,0x0000,
   1107                  0x0000,0x0000,0x00F8,0x0904,0x0904,0x0904,0x0904,0x0904,
   1108                  0x0904,0x0884,0x0880,0x0800,0xF3FC,0x0000,0x0000,0x0000,
   1109                  0x0000,0x0000,0x01F8,0x7204,0x8204,0x8204,0x8204,0x8204,
   1110                  0x8204,0x8100,0x8100,0x8000,0x8FFC,0x0000,0x0000,0x0000,
   1111                  0x0000,0x0000,0x00F8,0x7104,0x8904,0x8904,0x8904,0x8904,
   1112                  0x8904,0x8884,0x8880,0x8800,0x8BFC,0x0000,0x0000,0x0000,
   1113                  0x0000,0x0000,0x0078,0x6484,0x9484,0x9484,0x9484,0x9484,
   1114                  0x9484,0x9444,0x9440,0x9400,0x89FC,0x0000,0x0000,0x0000,
   1115                  0x0000,0x0000,0x00F8,0x7904,0x8904,0x8904,0x8904,0x8904,
   1116                  0x8904,0x8884,0x8880,0x8800,0x7BFC,0x0000,0x0000,0x0000,
   1117                  0x0000,0x0000,0x00F8,0x7D04,0x9104,0x9104,0x9104,0x9104,
   1118                  0x9104,0x9084,0x9080,0x9000,0x7DFC,0x0000,0x0000,0x0000,
   1119                  0x0000,0x0000,0x00F8,0x8104,0x8104,0x4104,0x4104,0x2104,
   1120                  0x1904,0x2084,0x4080,0x4000,0x87FC,0x8000,0x0000,0x0000,
   1121                  0x0000,0x8000,0x80F8,0x4104,0x2104,0x1904,0x2104,0xC104,
   1122                  0x4104,0x2084,0x1880,0x2000,0x43FC,0x8000,0x0000,0x0000,
   1123                  0x0000,0x0000,0x00F8,0x3104,0x4904,0x4904,0x8504,0x8504,
   1124                  0x8504,0x8484,0x4880,0x4800,0x33FC,0x0000,0x0000,0x0000,
   1125                  0x0000,0x0000,0x00F8,0x8904,0x8904,0x4904,0x4904,0x2904,
   1126                  0x1904,0x2884,0x4880,0x4800,0x8BFC,0x8800,0x0000,0x0000,
   1127                  0x0000,0x1FF0,0x2008,0x2008,0x2008,0x2000,0x1FF0,0x2008,
   1128                  0x2008,0x2008,0x2000,0x1000,0xFFFC,0x0080,0x0080,0x0000,
   1129                  0x0000,0x00F8,0x0104,0x0904,0x0904,0x0800,0x08F8,0x0904,
   1130                  0x0904,0x0904,0x0900,0x0880,0xF3FC,0x0020,0x0020,0x0000,
   1131                  0x0000,0x01F8,0x0204,0x7204,0x8204,0x8000,0x81F8,0x8204,
   1132                  0x8204,0x8204,0x8200,0x8100,0x8FFC,0x0040,0x0040,0x0000,
   1133                  0x0000,0x0078,0x0084,0x6484,0x9484,0x9480,0x9478,0x9484,
   1134                  0x9484,0x9484,0x9480,0x9440,0x89FC,0x0020,0x0020,0x0000,
   1135                  0x0000,0x00F8,0x0104,0x7904,0x8904,0x8800,0x88F8,0x8904,
   1136                  0x8904,0x8904,0x8900,0x8880,0x7BFC,0x0020,0x0020,0x0000,
   1137                  0x0000,0x00F8,0x0104,0x7D04,0x9104,0x9000,0x90F8,0x9104,
   1138                  0x9104,0x9104,0x9100,0x9080,0x7DFC,0x0020,0x0020,0x0000,
   1139                  0x0000,0x00F8,0x0104,0x8104,0x8104,0x4000,0x40F8,0x2104,
   1140                  0x1904,0x2104,0x4100,0x4080,0x87FC,0x8020,0x0020,0x0000,
   1141                  0x0000,0x80F8,0x8104,0x4104,0x2104,0x1800,0x20F8,0xC104,
   1142                  0x4104,0x2104,0x1900,0x2080,0x43FC,0x8020,0x0020,0x0000,
   1143                  0x0000,0x00F8,0x0104,0x3104,0x4904,0x4800,0x84F8,0x8504,
   1144                  0x8504,0x8504,0x4900,0x4880,0x33FC,0x0020,0x0020,0x0000,
   1145                  0x0000,0x0078,0x0084,0x0884,0x4884,0xA880,0xAA78,0xAA84,
   1146                  0xAA84,0xAA84,0xAA80,0xA840,0x49FC,0x0820,0x0020,0x0000,
   1147                  0x0000,0x1FF0,0x2008,0x2008,0x2000,0x1FF0,0x2008,0x2008,
   1148                  0x2000,0x1000,0xFFFC,0x0100,0x0100,0xFFFC,0x0000,0x0000,
   1149                  0x0000,0x00F8,0x0104,0x0904,0x0900,0x08F8,0x0904,0x0904,
   1150                  0x0900,0x0880,0x0BFC,0x0820,0x0820,0xF3FC,0x0000,0x0000,
   1151          //};
   1152          	
   1153          	
   1154          
   1155                  0x0000,0x01F8,0x0204,0x7204,0x8200,0x81F8,0x8204,0x8204,
   1156                  0x8200,0x8100,0x87FC,0x8040,0x8040,0x8FFC,0x0000,0x0000,
   1157                  0x0000,0x0078,0x0084,0x6484,0x9480,0x9478,0x9484,0x9484,
   1158                  0x9480,0x9440,0x95FC,0x9420,0x9420,0x89FC,0x0000,0x0000,
   1159                  0x0000,0x00F8,0x0104,0x7904,0x8900,0x88F8,0x8904,0x8904,
   1160                  0x8900,0x8880,0x8BFC,0x8820,0x8820,0x7BFC,0x0000,0x0000,
   1161                  0x0000,0x00F8,0x0104,0x7D04,0x9100,0x90F8,0x9104,0x9104,
   1162                  0x9100,0x9080,0x91FC,0x9020,0x9020,0x7DFC,0x0000,0x0000,
   1163                  0x0000,0x00F8,0x0104,0x8104,0x8100,0x40F8,0x4104,0x2104,
   1164                  0x1900,0x2080,0x43FC,0x4020,0x8020,0x87FC,0x0000,0x0000,
   1165                  0x0000,0x00F8,0x8104,0x8104,0x4100,0x20F8,0x1904,0x2104,
   1166                  0xC100,0x4080,0x21FC,0x1820,0x2020,0x43FC,0x8000,0x0000,
   1167                  0x0000,0x00F8,0x0104,0x3104,0x4900,0x48F8,0x8504,0x8504,
   1168                  0x8500,0x8480,0x85FC,0x4820,0x4820,0x33FC,0x0000,0x0000,
   1169                  0x0000,0x1FF0,0x2008,0x2008,0x2008,0x0000,0x1FF0,0x2008,
   1170                  0x2008,0x2008,0x1080,0x0080,0xFFFC,0x0000,0x0000,0x0000,
   1171                  0x0000,0x00F8,0x0104,0x0904,0x0904,0x0800,0x08F8,0x0904,
   1172                  0x0904,0x0904,0x0920,0x0820,0xF3FC,0x0000,0x0000,0x0000,
   1173                  0x0000,0x01F8,0x0204,0x7204,0x8204,0x8000,0x81F8,0x8204,
   1174                  0x8204,0x8224,0x8220,0x8020,0x8FFC,0x0000,0x0000,0x0000,
   1175                  0x0000,0x00F8,0x0104,0x6504,0x9504,0x9400,0x94F8,0x9504,
   1176                  0x9504,0x9524,0x9520,0x9420,0x89FC,0x0000,0x0000,0x0000,
   1177                  0x0000,0x0078,0x6484,0x9484,0x9484,0x9400,0x8878,0x0084,
   1178                  0x7C84,0x8484,0x8420,0x8420,0x7DFC,0x0000,0x0000,0x0000,
   1179                  0x0000,0x0078,0x6484,0x9484,0x9484,0x9400,0x8878,0x0084,
   1180                  0x7C84,0x9084,0x9020,0x9020,0x7DFC,0x0000,0x0000,0x0000,
   1181                  0x0000,0x00F8,0x0104,0x7904,0x8904,0x8800,0x88F8,0x8904,
   1182                  0x8904,0x8904,0x8920,0x8820,0x7BFC,0x0000,0x0000,0x0000,
   1183                  0x0000,0x00F8,0x0104,0x7D04,0x9104,0x9000,0x90F8,0x9104,
   1184                  0x9104,0x9104,0x9120,0x9020,0x7DFC,0x0000,0x0000,0x0000,
   1185                  0x0000,0x00F8,0x0104,0x8104,0x8104,0x4000,0x40F8,0x2104,
   1186                  0x1904,0x2104,0x4120,0x4020,0x87FC,0x8000,0x0000,0x0000,
   1187                  0x0000,0x80F8,0x8104,0x4104,0x2104,0x1800,0x20F8,0xC104,
   1188                  0x4104,0x2104,0x1920,0x2020,0x43FC,0x8000,0x0000,0x0000,
   1189                  0x0000,0x00F8,0x0104,0x3104,0x4904,0x4800,0x84F8,0x8504,
   1190                  0x8504,0x8504,0x4920,0x4820,0x33FC,0x0000,0x0000,0x0000,
   1191                  0x0000,0x0078,0x0084,0x0884,0x4884,0xA800,0xAA78,0xAA84,
   1192                  0xAA84,0xAA84,0xAA20,0xA820,0x49FC,0x0800,0x0000,0x0000,
   1193                  0x0000,0x1FF0,0x2008,0x2008,0x2000,0x1FF0,0x2008,0x2008,
   1194                  0x2080,0x0080,0xFFFC,0x0000,0x0000,0xFFFC,0x0000,0x0000,
   1195                  0x0000,0x00F8,0x0104,0x0904,0x0800,0x08F8,0x0904,0x0904,
   1196                  0x0920,0x0820,0x0BFC,0x0800,0x0800,0xF3FC,0x0000,0x0000,
   1197                  0x0000,0x01F8,0x0204,0x7204,0x8200,0x81F8,0x8204,0x8204,
   1198                  0x8220,0x8020,0x8FFC,0x8000,0x8000,0x9FFC,0x0000,0x0000,
   1199                  0x0000,0x00F8,0x0104,0x6504,0x9400,0x94F8,0x9504,0x9504,
   1200                  0x9520,0x9420,0x95FC,0x9400,0x9400,0x89FC,0x0000,0x0000,
   1201                  0x0000,0x00F8,0x0104,0x7904,0x8800,0x88F8,0x8904,0x8904,
   1202                  0x8920,0x8820,0x8BFC,0x8800,0x8800,0x7BFC,0x0000,0x0000,
   1203                  0x0000,0x00F8,0x0104,0x7D04,0x9000,0x90F8,0x9104,0x9104,
   1204                  0x9120,0x9020,0x91FC,0x9000,0x9000,0x7DFC,0x0000,0x0000,
   1205                  0x0000,0x00F8,0x0104,0x8104,0x8000,0x40F8,0x4104,0x2104,
   1206                  0x1920,0x2020,0x43FC,0x4000,0x8000,0x87FC,0x0000,0x0000,
   1207                  0x0000,0x00F8,0x8104,0x8104,0x4000,0x20F8,0x1904,0x2104,
   1208                  0xC120,0x4020,0x21FC,0x1800,0x2000,0x43FC,0x8000,0x0000,
   1209                  0x0000,0x00F8,0x0104,0x3104,0x4800,0x48F8,0x8504,0x8504,
   1210                  0x8520,0x8420,0x85FC,0x4800,0x4800,0x33FC,0x0000,0x0000,
   1211                  0x0000,0x1FF0,0x2008,0x2008,0x2008,0x0000,0x1FF0,0x2008,
   1212                  0x2008,0x2008,0x1220,0x0220,0xFFFC,0x0000,0x0000,0x0000,
   1213                  0x0000,0x80F8,0x8104,0x4104,0x2104,0x1800,0x20F8,0xC104,
   1214                  0x4104,0x214C,0x1948,0x2048,0x43FC,0x8000,0x0000,0x0000,
   1215                  0x0000,0x0000,0x4000,0x41F0,0x4208,0x4208,0x4208,0x4208,
   1216                  0x7C00,0x41F0,0x4208,0x4208,0x4208,0x4208,0x4000,0x0000,
   1217                  0x0000,0x0000,0x0100,0x0918,0x0924,0x0924,0x0924,0x0924,
   1218                  0x09C0,0x0918,0x0924,0x0924,0x0924,0xF124,0x0100,0x0000,
   1219                  0x0000,0x0000,0x0400,0x7438,0x8444,0x8444,0x8444,0x8444,
   1220                  0x8780,0x8438,0x8444,0x8444,0x8444,0x8444,0x0400,0x0000,
   1221                  0x0000,0x0000,0x0100,0x6518,0x9524,0x9524,0x9524,0x9524,
   1222                  0x95C0,0x9518,0x9524,0x9524,0x9524,0x8924,0x0100,0x0000,
   1223                  0x0000,0x0000,0x0100,0x2118,0x5124,0x5124,0x8924,0x8924,
   1224                  0x89C0,0x8918,0x8924,0x5124,0x5124,0x2124,0x0100,0x0000,
   1225                  0x0000,0x20F0,0x2108,0x2108,0x2108,0x3E00,0x20F0,0x2108,
   1226                  0x2108,0x2108,0x2000,0x0000,0xFFFC,0x0100,0x0100,0x0000,
   1227                  0x0000,0x0118,0x0124,0x4924,0xA924,0xA9C0,0xA918,0xA924,
   1228                  0xA924,0xA924,0xA900,0xA800,0x93FC,0x0020,0x0020,0x0000,
   1229                  0x0000,0x20F0,0x2108,0x2108,0x3F00,0x20F0,0x2108,0x2108,
   1230                  0x2108,0x0000,0xFFFC,0x0100,0x0100,0xFFFC,0x0000,0x0000,
   1231                  0x0000,0x20F0,0x2108,0x2108,0x2108,0x3E00,0x20F0,0x2108,
   1232                  0x2108,0x2108,0x2000,0x0000,0xFFFC,0x0000,0x0000,0x0000,
   1233                  0x0000,0x0238,0x0244,0x7244,0x8244,0x83C0,0x8238,0x8244,
   1234                  0x8244,0x8244,0x8200,0x8000,0x8FFC,0x0000,0x0000,0x0000,
   1235                  0x0000,0x0000,0x0400,0x0478,0x0484,0x0484,0x0484,0x0484,
   1236                  0xFC00,0x0478,0x0484,0x0484,0x0484,0x0484,0x0400,0x0000,
   1237                  0x0000,0x0000,0x0100,0x0938,0x0944,0x0944,0x0944,0x0944,
   1238                  0x0F00,0x0938,0x0944,0x0944,0x0944,0xF144,0x0100,0x0000,
   1239                  0x0000,0x0000,0x0200,0x7238,0x8244,0x8244,0x8244,0x8244,
   1240                  0x9E00,0x8238,0x8244,0x8244,0x8244,0x8244,0x0200,0x0000,
   1241                  0x0000,0x0000,0x0100,0x6538,0x9544,0x9544,0x9544,0x9544,
   1242                  0x9700,0x9538,0x9544,0x9544,0x9544,0x8944,0x0100,0x0000,
   1243                  0x0000,0x0000,0x0100,0x6538,0x9544,0x9544,0x9544,0x8944,
   1244                  0x1700,0x5138,0xB544,0x9544,0xB544,0x5144,0x1100,0x0000,
   1245                  0x0000,0x0000,0x0100,0x7938,0x8944,0x8944,0x8944,0x8944,
   1246                  0x8F00,0x8938,0x8944,0x8944,0x8944,0x7944,0x0100,0x0000,
   1247                  0x0000,0x0000,0x0100,0x2138,0x5144,0x5144,0x8944,0x8944,
   1248                  0x8F00,0x8938,0x8944,0x5144,0x5144,0x2144,0x0100,0x0000,
   1249                  0x0000,0x0238,0x0244,0x0244,0x4240,0x3E38,0x0244,0x0244,
   1250                  0x1244,0x1000,0xFFFC,0x0000,0x0000,0xFFFC,0x0000,0x0000,
   1251                  0x0000,0x0238,0x0244,0x0244,0x4244,0x3E00,0x0238,0x0244,
   1252                  0x0244,0x0244,0x0200,0x0000,0xFFFC,0x0000,0x0000,0x0000,
   1253                  0x0000,0x0238,0x0244,0x6244,0x8244,0x9E00,0x8238,0x8244,
   1254                  0x8244,0x8244,0x8200,0x8000,0x9FFC,0x0000,0x0000,0x0000,
   1255                  0x0000,0x0118,0x0124,0x4924,0xA924,0xAF00,0xA918,0xA924,
   1256                  0xA924,0xA924,0xA900,0xA800,0x93FC,0x0000,0x0000,0x0000,
   1257                  0x0000,0x0118,0x0124,0x7124,0x9124,0x9700,0x9118,0x9124,
   1258                  0x9124,0x9124,0x9100,0x9000,0x77FC,0x0000,0x0000,0x0000,
   1259                  0x0000,0x0118,0x0124,0x7924,0xA124,0xA700,0xA118,0xA124,
   1260                  0xA124,0xA124,0xA100,0xA000,0x7BFC,0x0000,0x0000,0x0000,
   1261                  0x0000,0x0118,0x0124,0x7124,0x5124,0x8F00,0x8918,0x8924,
   1262                  0x8924,0x8924,0x8900,0x5000,0x77FC,0x0000,0x0000,0x0000,
   1263                  0x0000,0x0000,0x4000,0x41F0,0x4208,0x4208,0x4208,0x4208,
   1264                  0x4000,0x41F0,0x4208,0x4208,0x4208,0x4208,0x4000,0x0000,
   1265                  0x0000,0x0000,0x0100,0x0918,0x0924,0x0924,0x0924,0x0924,
   1266                  0x0900,0x0918,0x0924,0x0924,0x0924,0xF124,0x0100,0x0000,
   1267                  0x0000,0x0000,0x0200,0x7238,0x8244,0x8244,0x8244,0x8244,
   1268                  0x8200,0x8238,0x8244,0x8244,0x8244,0x8244,0x0200,0x0000,
   1269                  0x0000,0x0000,0x0100,0x7118,0x8924,0x8924,0x8924,0x8924,
   1270                  0x8900,0x8918,0x8924,0x8924,0x8924,0x8924,0x0100,0x0000,
   1271                  0x0000,0x0000,0x0100,0x6518,0x9524,0x9524,0x9524,0x9524,
   1272                  0x9500,0x9518,0x9524,0x9524,0x9524,0x8924,0x0100,0x0000,
   1273                  0x0000,0x0000,0x0100,0x7918,0x8924,0x8924,0x8924,0x8924,
   1274                  0x8900,0x8918,0x8924,0x8924,0x8924,0x7924,0x0100,0x0000,
   1275                  0x0000,0x0000,0x0100,0x7D18,0x9124,0x9124,0x9124,0x9124,
   1276                  0x9100,0x9118,0x9124,0x9124,0x9124,0x7D24,0x0100,0x0000,
   1277                  0x0000,0x0000,0x8100,0x8118,0x8124,0x4124,0x4124,0x2124,
   1278                  0x1900,0x2118,0x4124,0x4124,0x8124,0x8124,0x8100,0x0000,
   1279                  0x0000,0x20F0,0x2108,0x2108,0x2108,0x2000,0x20F0,0x2108,
   1280                  0x2108,0x2108,0x2000,0x0000,0xFFFC,0x0000,0x0000,0x0000,
   1281                  0x0000,0x0238,0x0244,0x7244,0x8244,0x8200,0x8238,0x8244,
   1282                  0x8244,0x8244,0x8200,0x8000,0x8FFC,0x0000,0x0000,0x0000,
   1283                  0x0000,0x0118,0x0124,0x4924,0xA924,0xA900,0xA918,0xA924,
   1284                  0xA924,0xA924,0xA900,0xA800,0x97FC,0x0000,0x0000,0x0000,
   1285                  0x0000,0x0118,0x0124,0x7924,0x8924,0x8900,0x8918,0x8924,
   1286                  0x8924,0x8924,0x8900,0x8800,0x7FFC,0x0000,0x0000,0x0000,
   1287                  0x0000,0x0118,0x0124,0x7924,0x9124,0x9100,0x9118,0x9124,
   1288                  0x9124,0x9124,0x9100,0x9000,0x7FFC,0x0000,0x0000,0x0000,
   1289                  0x0000,0x1FF0,0x2008,0x2008,0x2008,0x2000,0x1FF0,0x2008,
   1290                  0x2008,0x2008,0x2000,0x1000,0xFFFC,0x0000,0x0000,0x0000,
   1291                  0x0000,0x01F8,0x0204,0x7204,0x8204,0x8000,0x81F8,0x8204,
   1292                  0x8204,0x8204,0x8200,0x8100,0x8FFC,0x0000,0x0000,0x0000,
   1293                  0x0000,0x0078,0x0084,0x6484,0x9484,0x9480,0x9478,0x9484,
   1294                  0x9484,0x9484,0x9480,0x9440,0x89FC,0x0000,0x0000,0x0000,
   1295                  0x0000,0x00F8,0x0104,0x7904,0x8904,0x8800,0x88F8,0x8904,
   1296                  0x8904,0x8904,0x8900,0x8880,0x7BFC,0x0000,0x0000,0x0000,
   1297                  0x0000,0x00F8,0x0104,0x7D04,0x9104,0x9000,0x90F8,0x9104,
   1298                  0x9104,0x9104,0x9100,0x9080,0x7DFC,0x0000,0x0000,0x0000,
   1299                  0x0000,0x00F8,0x0104,0x8104,0x8104,0x4000,0x40F8,0x2104,
   1300                  0x1904,0x2104,0x4100,0x4080,0x87FC,0x8000,0x0000,0x0000,
   1301                  0x0000,0x00F8,0x0104,0x3104,0x4904,0x4800,0x84F8,0x8504,
   1302                  0x8504,0x8504,0x4900,0x4880,0x33FC,0x0000,0x0000,0x0000,
   1303                  0x0000,0x0000,0x1E08,0x2108,0x2108,0x2108,0x2108,0x2108,
   1304                  0x20F0,0x2000,0x1000,0x1000,0xFFFC,0x0080,0x0080,0x0000,
   1305                  0x0000,0x0000,0x00C4,0x0924,0x0924,0x0924,0x0924,0x0924,
   1306                  0x0918,0x0900,0x0880,0x0880,0xF3FC,0x0020,0x0020,0x0000,
   1307                  0x0000,0x0000,0x01C4,0x7224,0x8224,0x8224,0x8224,0x8224,
   1308                  0x8218,0x8200,0x8100,0x8100,0x8FFC,0x0040,0x0040,0x0000,
   1309                  0x0000,0x0000,0x0064,0x6494,0x9494,0x9494,0x9494,0x9494,
   1310                  0x9494,0x9488,0x9440,0x9440,0x89FC,0x0020,0x0020,0x0000,
   1311                  0x0000,0x0000,0x00C4,0x7924,0x8924,0x8924,0x8924,0x8924,
   1312                  0x8918,0x8900,0x8880,0x8880,0x7BFC,0x0020,0x0020,0x0000,
   1313                  0x0000,0x0000,0x00C4,0x7D24,0x9124,0x9124,0x9124,0x9124,
   1314                  0x9124,0x9118,0x9080,0x9080,0x7DFC,0x0020,0x0020,0x0000,
   1315                  0x0000,0x0000,0x00C4,0x8124,0x8124,0x4124,0x4124,0x2124,
   1316                  0x1924,0x2118,0x4080,0x4080,0x87FC,0x8020,0x0020,0x0000,
   1317                  0x0000,0x0000,0x80C4,0x4124,0x2124,0x1924,0x2124,0x4124,
   1318                  0x8118,0x4100,0x2080,0x1880,0x23FC,0x4020,0x8020,0x0000,
   1319                  0x0000,0x0000,0x00C4,0x3124,0x4924,0x4924,0x8524,0x8524,
   1320                  0x8524,0x8518,0x4880,0x4880,0x33FC,0x0020,0x0020,0x0000,
   1321                  0x0000,0x0000,0x00C4,0x8924,0x8924,0x4924,0x4924,0x2924,
   1322                  0x1924,0x2918,0x4880,0x4880,0x8BFC,0x8820,0x0020,0x0000,
   1323                  0x0000,0x0000,0x00C4,0x8924,0x8924,0xF924,0x8924,0x8924,
   1324                  0x8924,0x8918,0xF880,0x8880,0x8BFC,0x0020,0x0020,0x0000,
   1325                  0x0000,0x0000,0x0064,0x0894,0x4894,0xA894,0xAA94,0xAA94,
   1326                  0xAA94,0xAA88,0xAA40,0xA840,0x49FC,0x0820,0x0020,0x0000,
   1327                  0x0000,0x0000,0x1E08,0x2108,0x2108,0x2108,0x2108,0x20F0,
   1328                  0x1000,0x1000,0xFFFC,0x0100,0x0100,0xFFFC,0x0000,0x0000,
   1329                  0x0000,0x0000,0x00C4,0x0924,0x0924,0x0924,0x0924,0x0918,
   1330                  0x0880,0x0880,0x0BFC,0x0820,0x0820,0xF3FC,0x0000,0x0000,
   1331                  0x0000,0x0000,0x01C4,0x7224,0x8224,0x8224,0x8224,0x8218,
   1332                  0x8100,0x8100,0x87FC,0x8040,0x8040,0x8FFC,0x0000,0x0000,
   1333                  0x0000,0x0000,0x0064,0x6494,0x9494,0x9494,0x9494,0x9488,
   1334                  0x9440,0x9440,0x95FC,0x9420,0x9420,0x89FC,0x0000,0x0000,
   1335                  0x0000,0x0000,0x00C4,0x7924,0x8924,0x8924,0x8924,0x8918,
   1336                  0x8880,0x8880,0x8BFC,0x8820,0x8820,0x7BFC,0x0000,0x0000,
   1337                  0x0000,0x0000,0x00C4,0x7D24,0x9124,0x9124,0x9124,0x9118,
   1338                  0x9080,0x9080,0x91FC,0x9020,0x9020,0x7DFC,0x0000,0x0000,
   1339                  0x0000,0x0000,0x00C4,0x8124,0x8124,0x4124,0x4124,0x2118,
   1340                  0x1880,0x2080,0x43FC,0x4020,0x8020,0x87FC,0x0000,0x0000,
   1341                  0x0000,0x0000,0x80C4,0x8124,0x4124,0x2124,0x1924,0x2118,
   1342                  0xC080,0x4080,0x21FC,0x1820,0x2020,0x43FC,0x8000,0x0000,
   1343                  0x0000,0x0000,0x00C4,0x3124,0x4924,0x4924,0x8524,0x8518,
   1344                  0x8480,0x8480,0x85FC,0x4820,0x4820,0x33FC,0x0000,0x0000,
   1345                  0x0000,0x0000,0x1E08,0x2108,0x2108,0x2108,0x2108,0x2108,
   1346                  0x20F0,0x2000,0x1000,0x1000,0xFFFC,0x0420,0x0420,0x0000,
   1347                  0x0000,0x0000,0x00C4,0x0924,0x0924,0x0924,0x0924,0x0924,
   1348                  0x0918,0x0900,0x0880,0x0880,0xF3FC,0x0048,0x0048,0x0000,
   1349                  0x0000,0x0000,0x01C4,0x7224,0x8224,0x8224,0x8224,0x8224,
   1350                  0x8224,0x8218,0x8100,0x8100,0x8FFC,0x0110,0x0110,0x0000,
   1351                  0x0000,0x0000,0x00C4,0x8124,0x8124,0x4124,0x4124,0x2124,
   1352                  0x1924,0x2118,0x4080,0x4080,0x87FC,0x8048,0x0048,0x0000,
   1353                  0x0000,0x0000,0x00C4,0x3124,0x4924,0x4924,0x8524,0x8524,
   1354                  0x8524,0x8518,0x4880,0x4880,0x33FC,0x0048,0x0048,0x0000,
   1355                  0x0000,0x0000,0x1E08,0x2108,0x2108,0x2108,0x2108,0x20F0,
   1356                  0x2000,0x2100,0x0100,0x0100,0xFFFC,0x0000,0x0000,0x0000,
   1357                  0x0000,0x0000,0x00C4,0x0924,0x0924,0x0924,0x0924,0x0924,
   1358                  0x0918,0x0920,0x0820,0x0820,0xF3FC,0x0000,0x0000,0x0000,
   1359                  0x0000,0x0000,0x01C4,0x7224,0x8224,0x8224,0x8224,0x8218,
   1360                  0x8200,0x8220,0x8020,0x8020,0x9FFC,0x0000,0x0000,0x0000,
   1361                  0x0000,0x0000,0x0064,0x6494,0x9494,0x9494,0x9494,0x9494,
   1362                  0x9488,0x9420,0x9420,0x9420,0x89FC,0x0000,0x0000,0x0000,
   1363                  0x0000,0x0000,0x00C4,0x7924,0x8924,0x8924,0x8924,0x8924,
   1364                  0x8918,0x8920,0x8820,0x8820,0x7BFC,0x0000,0x0000,0x0000,
   1365                  0x0000,0x0000,0x00C4,0x7D24,0x9124,0x9124,0x9124,0x9124,
   1366                  0x9118,0x9120,0x9020,0x9020,0x7DFC,0x0000,0x0000,0x0000,
   1367                  0x0000,0x0000,0x00C4,0x8124,0x8124,0x4124,0x4124,0x2124,
   1368                  0x1918,0x2120,0x4020,0x4020,0x87FC,0x8000,0x0000,0x0000,
   1369                  0x0000,0x0000,0x80C4,0x4124,0x2124,0x1924,0x2124,0x4124,
   1370                  0x8118,0x4120,0x2020,0x1820,0x23FC,0x4000,0x8000,0x0000,
   1371                  0x0000,0x0000,0x00C4,0x3124,0x4924,0x4924,0x8524,0x8524,
   1372                  0x8518,0x8520,0x4820,0x4820,0x33FC,0x0000,0x0000,0x0000,
   1373                  0x0000,0x0000,0x0864,0x4894,0xA894,0xAA94,0xAA94,0xAA94,
   1374                  0xAA88,0xAA80,0xAA08,0xA808,0x49FC,0x0800,0x0000,0x0000,
   1375                  0x0000,0x0000,0x1E08,0x2108,0x2108,0x2108,0x20F0,0x2000,
   1376                  0x2100,0x0100,0xFFFC,0x0000,0x0000,0xFFFC,0x0000,0x0000,
   1377                  0x0000,0x0000,0x00C4,0x0924,0x0924,0x0924,0x0918,0x0900,
   1378                  0x0820,0x0820,0x0BFC,0x0800,0x0800,0xF3FC,0x0000,0x0000,
   1379                  0x0000,0x0000,0x01C4,0x7224,0x8224,0x8224,0x8218,0x8200,
   1380                  0x8020,0x8020,0x8FFC,0x8000,0x8000,0x9FFC,0x0000,0x0000,
   1381                  0x0000,0x0000,0x0064,0x6494,0x9494,0x9494,0x9494,0x9488,
   1382                  0x9420,0x9420,0x95FC,0x9400,0x9400,0x89FC,0x0000,0x0000,
   1383                  0x0000,0x0000,0x00C4,0x7924,0x8924,0x8924,0x8918,0x8900,
   1384                  0x8820,0x8820,0x8BFC,0x8800,0x8800,0x7BFC,0x0000,0x0000,
   1385                  0x0000,0x0000,0x00C4,0x7D24,0x9124,0x9124,0x9118,0x9100,
   1386                  0x9020,0x9020,0x91FC,0x9000,0x9000,0x7DFC,0x0000,0x0000,
   1387                  0x0000,0x0000,0x00C4,0x8124,0x8124,0x4124,0x4118,0x2100,
   1388                  0x1820,0x2020,0x43FC,0x4000,0x8000,0x87FC,0x0000,0x0000,
   1389                  0x0000,0x0000,0x00C4,0x3124,0x4924,0x4924,0x8518,0x8500,
   1390                  0x8420,0x8420,0x85FC,0x4800,0x4800,0x33FC,0x0000,0x0000,
   1391                  0x0000,0x0000,0x1E08,0x2108,0x2108,0x2108,0x2108,0x20F0,
   1392                  0x2000,0x2440,0x0440,0x0440,0xFFFC,0x0000,0x0000,0x0000,
   1393                  0x0000,0x0000,0x00C4,0x0924,0x0924,0x0924,0x0924,0x0924,
   1394                  0x0918,0x0900,0x0848,0x0848,0xF3FC,0x0000,0x0000,0x0000,
   1395                  0x0000,0x0000,0x01C4,0x7224,0x8224,0x8224,0x8224,0x8218,
   1396                  0x8200,0x8290,0x8090,0x8090,0x8FFC,0x0000,0x0000,0x0000,
   1397                  0x0000,0x0000,0x0064,0x6494,0x9494,0x9494,0x9494,0x9494,
   1398                  0x9488,0x9400,0x9448,0x9448,0x89FC,0x0000,0x0000,0x0000,
   1399                  0x0000,0x0000,0x00C4,0x7924,0x8924,0x8924,0x8924,0x8924,
   1400                  0x8918,0x8900,0x8848,0x8848,0x7BFC,0x0000,0x0000,0x0000,
   1401                  0x0000,0x0000,0x00C4,0x7D24,0x9124,0x9124,0x9124,0x9124,
   1402                  0x9118,0x9100,0x9048,0x9048,0x7DFC,0x0000,0x0000,0x0000,
   1403                  0x0000,0x0000,0x00C4,0x8124,0x8124,0x4124,0x4124,0x2124,
   1404                  0x1918,0x2100,0x4048,0x4048,0x87FC,0x8000,0x0000,0x0000,
   1405                  0x0000,0x8000,0x80C4,0x4124,0x2124,0x1924,0x2124,0xC124,
   1406                  0x4118,0x2100,0x1848,0x2048,0x43FC,0x8000,0x0000,0x0000,
   1407                  0x0000,0x0000,0x00C4,0x3124,0x4924,0x4924,0x8524,0x8524,
   1408                  0x8518,0x8500,0x4848,0x4848,0x33FC,0x0000,0x0000,0x0000,
   1409                  0x0000,0x0000,0x1E08,0x2108,0x2108,0x2108,0x20F0,0x2000,
   1410                  0x2440,0x0440,0xFFFC,0x0000,0x0000,0xFFFC,0x0000,0x0000,
   1411                  0x0000,0x0000,0x01C4,0x7224,0x8224,0x8224,0x8218,0x8200,
   1412                  0x8090,0x8090,0x87FC,0x8000,0x8000,0x8FFC,0x0000,0x0000,
   1413                  0x0000,0x0000,0x00C4,0x7D24,0x9124,0x9124,0x9118,0x9100,
   1414                  0x9048,0x9048,0x91FC,0x9000,0x9000,0x7DFC,0x0000,0x0000,
   1415                  0x0000,0x0000,0x00C4,0x8124,0x8124,0x4124,0x4118,0x2100,
   1416                  0x1848,0x2048,0x43FC,0x4000,0x8000,0x87FC,0x0000,0x0000,
   1417                  0x0000,0x0000,0x4000,0x4388,0x4448,0x4448,0x4448,0x4448,
   1418                  0x7C48,0x4448,0x4448,0x4448,0x4448,0x4430,0x4000,0x0000,
   1419                  0x0000,0x0000,0x0200,0x1224,0x1254,0x1254,0x1254,0x1254,
   1420                  0x13D4,0x1254,0x1254,0x1254,0x1254,0xE248,0x0200,0x0000,
   1421                  0x0000,0x0000,0x0400,0x7464,0x8494,0x8494,0x8494,0x8494,
   1422                  0x8794,0x8494,0x8494,0x8494,0x8494,0x8488,0x0400,0x0000,
   1423                  0x0000,0x0000,0x0100,0x6524,0x9554,0x9554,0x9554,0x9554,
   1424                  0x95D4,0x9554,0x9554,0x9554,0x9554,0x8948,0x0100,0x0000,
   1425                  0x0000,0x0000,0x0200,0x7224,0x9254,0x9254,0x9254,0x9254,
   1426                  0x93D4,0x9254,0x9254,0x9254,0x9254,0x7248,0x0200,0x0000,
   1427                  0x0000,0x0000,0x0200,0x7224,0xA254,0xA254,0xA254,0xA254,
   1428                  0xA3D4,0xA254,0xA254,0xA254,0xA254,0x7248,0x0200,0x0000,
   1429                  0x0000,0x0000,0x0200,0x8224,0x8254,0x4254,0x4254,0x2254,
   1430                  0x13D4,0x2254,0x4254,0x4254,0x8254,0x8248,0x0200,0x0000,
   1431                  0x0000,0x0000,0x0200,0x6224,0x9254,0x9254,0x9254,0x9254,
   1432                  0x93D4,0x9254,0x9254,0x9254,0x9254,0x6248,0x0200,0x0000,
   1433                  0x0000,0x2000,0x2188,0x2248,0x2248,0x2248,0x3E48,0x2248,
   1434                  0x2248,0x2230,0x2000,0x0000,0xFFFC,0x0100,0x0100,0x0000,
   1435                  0x0000,0x0400,0x0464,0x7494,0x8494,0x8494,0x8794,0x8494,
   1436                  0x8494,0x8488,0x8400,0x8000,0x9FFC,0x0080,0x0080,0x0000,
   1437                  0x0000,0x0200,0x0224,0x7254,0x5254,0x8A54,0x8BD4,0x8A54,
   1438                  0x8A54,0x8A48,0x8A00,0x5000,0x77FC,0x0020,0x0020,0x0000,
   1439                  0x0000,0x0200,0x8224,0x8254,0x4254,0x23D4,0x1A54,0x2254,
   1440                  0xC248,0x4000,0x23FC,0x1840,0x2040,0x43FC,0x8000,0x0000,
   1441                  0x0000,0x2000,0x2188,0x2248,0x2248,0x2248,0x3E48,0x2248,
   1442                  0x2248,0x2230,0x2000,0x0000,0xFFFC,0x0000,0x0000,0x0000,
   1443                  0x0000,0x0400,0x0464,0x7494,0x8494,0x8494,0x8794,0x8494,
   1444                  0x8494,0x8488,0x8400,0x8000,0x9FFC,0x0000,0x0000,0x0000,
   1445                  0x0000,0x0200,0x0224,0x4A54,0xAA54,0xAA54,0xABD4,0xAA54,
   1446                  0xAA54,0xAA48,0xAA00,0xA800,0x93FC,0x0000,0x0000,0x0000,
   1447                  0x0000,0x0200,0x0224,0x7A54,0x8A54,0x8A54,0x8BD4,0x8A54,
   1448                  0x8A54,0x8A48,0x8A00,0x8800,0x7BFC,0x0000,0x0000,0x0000,
   1449                  0x0000,0x0200,0x0224,0x7A54,0x9254,0x9254,0x93D4,0x9254,
   1450                  0x9254,0x9248,0x9200,0x9000,0x7BFC,0x0000,0x0000,0x0000,
   1451                  0x0000,0x0200,0x0224,0x8254,0x8254,0x4254,0x43D4,0x2254,
   1452                  0x1A54,0x2248,0x4200,0x4000,0x87FC,0x8000,0x0000,0x0000,
   1453                  0x0000,0x0200,0x0224,0x7254,0x5254,0x8A54,0x8BD4,0x8A54,
   1454                  0x8A54,0x8A48,0x8A00,0x5000,0x77FC,0x0000,0x0000,0x0000,
   1455                  0x0000,0x0000,0x4000,0x4388,0x4448,0x7C48,0x4448,0x4448,
   1456                  0x4448,0x4448,0x4448,0x7C48,0x4448,0x4430,0x4000,0x0000,
   1457                  0x0000,0x0000,0x0400,0x7464,0x8494,0x8794,0x8494,0x8494,
   1458                  0x8494,0x8494,0x8494,0x8794,0x8494,0x8488,0x0400,0x0000,
   1459                  0x0000,0x0000,0x0100,0x6524,0x9554,0x95D4,0x9554,0x9554,
   1460                  0x9554,0x9554,0x9554,0x95D4,0x9554,0x8948,0x0100,0x0000,
   1461                  0x0000,0x0000,0x0200,0x7224,0xA254,0xA3D4,0xA254,0xA254,
   1462                  0xA254,0xA254,0xA254,0xA3D4,0xA254,0x7248,0x0200,0x0000,
   1463                  0x0000,0x0000,0x0200,0x8224,0x8254,0x43D4,0x4254,0x2254,
   1464                  0x1254,0x2254,0x4254,0x43D4,0x8254,0x8248,0x0200,0x0000,
   1465                  0x0000,0x0000,0x0200,0x6224,0x9254,0x93D4,0x9254,0x9254,
   1466                  0x9254,0x9254,0x9254,0x93D4,0x9254,0x6248,0x0200,0x0000,
   1467                  0x0000,0x0000,0x0200,0x0264,0x0294,0x0294,0x0294,0x0294,
   1468                  0xFE94,0x0294,0x0294,0x0294,0x0294,0x0288,0x0200,0x0000,
   1469                  0x0000,0x0000,0x0100,0x0924,0x0954,0x0954,0x0954,0x0954,
   1470                  0x0F54,0x0954,0x0954,0x0954,0x0954,0xF148,0x0100,0x0000,
   1471                  0x0000,0x0000,0x0400,0x7464,0x8494,0x8494,0x8494,0x8494,
   1472                  0x9C94,0x8494,0x8494,0x8494,0x8494,0x8488,0x0400,0x0000,
   1473                  0x0000,0x0000,0x0100,0x6524,0x9554,0x9554,0x9554,0x9554,
   1474                  0x9754,0x9554,0x9554,0x9554,0x9554,0x8948,0x0100,0x0000,
   1475                  0x0000,0x0000,0x0200,0x7224,0x9254,0x9254,0x9254,0x9254,
   1476                  0x9E54,0x9254,0x9254,0x9254,0x9254,0x7248,0x0200,0x0000,
   1477                  0x0000,0x0000,0x0100,0x7D24,0x9154,0x9154,0x9154,0x9154,
   1478                  0x9754,0x9154,0x9154,0x9154,0x9154,0x7D48,0x0100,0x0000,
   1479                  0x0000,0x0000,0x0200,0x8224,0x8254,0x4254,0x4254,0x2254,
   1480                  0x1E54,0x2254,0x4254,0x4254,0x8254,0x8248,0x0200,0x0000,
   1481                  0x0000,0x0000,0x0200,0x6224,0x9254,0x9254,0x9254,0x9254,
   1482                  0x9E54,0x9254,0x9254,0x9254,0x9254,0x6248,0x0200,0x0000,
   1483                  0x0000,0x0200,0x0264,0x0294,0x4294,0x3E94,0x0294,0x0294,
   1484                  0x1294,0x1288,0x1200,0x1000,0xFFFC,0x0000,0x0000,0x0000,
   1485                  0x0000,0x0100,0x8124,0x8154,0x4154,0x3754,0x2154,0x4154,
   1486                  0x8154,0x8348,0x4200,0x3200,0x27FC,0x4000,0x8000,0x0000,
   1487                  0x0000,0x0200,0x0264,0x0294,0x4294,0x3E94,0x0294,0x0288,
   1488                  0x1200,0x1000,0xFFFC,0x0000,0x0000,0xFFFC,0x0000,0x0000,
   1489                  0x0000,0x0400,0x0464,0x0494,0x4494,0x3C94,0x0494,0x0494,
   1490                  0x0494,0x0488,0x0400,0x0000,0xFFFC,0x0000,0x0000,0x0000,
   1491                  0x0000,0x0100,0x0124,0x1154,0x1154,0x1754,0x1154,0x1154,
   1492                  0x1154,0x1148,0x1100,0x1000,0xE7FC,0x0000,0x0000,0x0000,
   1493                  0x0000,0x0200,0x0264,0x6294,0x8294,0x9E94,0x8294,0x8294,
   1494                  0x8294,0x8288,0x8200,0x8000,0x9FFC,0x0000,0x0000,0x0000,
   1495                  0x0000,0x0100,0x0124,0x4954,0xA954,0xAF54,0xA954,0xA954,
   1496                  0xA954,0xA948,0xA900,0xA800,0x97FC,0x0000,0x0000,0x0000,
   1497                  0x0000,0x0100,0x0124,0x7154,0x9154,0x9754,0x9154,0x9154,
   1498                  0x9154,0x9148,0x9100,0x9000,0x77FC,0x0000,0x0000,0x0000,
   1499                  0x0000,0x0100,0x0124,0x8154,0x8154,0x4754,0x4154,0x2154,
   1500                  0x1954,0x2148,0x4100,0x4000,0x87FC,0x8000,0x0000,0x0000,
   1501                  0x0000,0x0100,0x0124,0x7154,0x5154,0x8F54,0x8954,0x8954,
   1502                  0x8954,0x8948,0x8900,0x5000,0x77FC,0x0000,0x0000,0x0000,
   1503                  0x0000,0x0000,0x0200,0x0264,0x8294,0x7E94,0x0294,0x0294,
   1504                  0x0294,0x0294,0x0294,0xFE94,0x0294,0x0288,0x0200,0x0000,
   1505                  0x0000,0x0000,0x0200,0x1224,0x1254,0x1E54,0x1254,0x1254,
   1506                  0x1254,0x1254,0x1254,0x1E54,0x1254,0xE248,0x0200,0x0000,
   1507                  0x0000,0x0000,0x0400,0x7464,0x8494,0x8494,0x9C94,0x8494,
   1508                  0x8494,0x8494,0x8494,0x9C94,0x8494,0x8488,0x0400,0x0000,
   1509                  0x0000,0x0000,0x0100,0x6524,0x9554,0x9754,0x9554,0x9554,
   1510                  0x9554,0x9554,0x9554,0x9754,0x9554,0x8948,0x0100,0x0000,
   1511                  0x0000,0x0000,0x0200,0x7224,0x9254,0x9E54,0x9254,0x9254,
   1512                  0x9254,0x9254,0x9254,0x9E54,0x9254,0x7248,0x0200,0x0000,
   1513                  0x0000,0x0000,0x0200,0x7224,0xA254,0xAE54,0xA254,0xA254,
   1514                  0xA254,0xA254,0xA254,0xAE54,0xA254,0x7248,0x0200,0x0000,
   1515                  0x0000,0x0000,0x0200,0x8224,0x8254,0x4E54,0x4254,0x2254,
   1516                  0x1254,0x2254,0x4254,0x4E54,0x8254,0x8248,0x0200,0x0000,
   1517                  0x0000,0x0000,0x0200,0x6224,0x9254,0x9E54,0x9254,0x9254,
   1518                  0x9254,0x9254,0x9254,0x9E54,0x9254,0x6248,0x0200,0x0000,
   1519                  0x0000,0x0000,0x4000,0x4388,0x4448,0x4448,0x4448,0x4448,
   1520                  0x4448,0x4448,0x4448,0x4448,0x4448,0x4430,0x4000,0x0000,
   1521                  0x0000,0x0000,0x0200,0x1224,0x1254,0x1254,0x1254,0x1254,
   1522                  0x1254,0x1254,0x1254,0x1254,0x1254,0xE248,0x0200,0x0000,
   1523                  0x0000,0x0000,0x0400,0x7464,0x8494,0x8494,0x8494,0x8494,
   1524                  0x8494,0x8494,0x8494,0x8494,0x8494,0x8488,0x0400,0x0000,
   1525                  0x0000,0x0000,0x0100,0x6524,0x9554,0x9554,0x9554,0x9554,
   1526                  0x9554,0x9554,0x9554,0x9554,0x9554,0x8948,0x0100,0x0000,
   1527                  0x0000,0x0000,0x0100,0x7924,0x8954,0x8954,0x8954,0x8954,
   1528                  0x8954,0x8954,0x8954,0x8954,0x8954,0x7948,0x0100,0x0000,
   1529                  0x0000,0x0000,0x0200,0x7224,0xA254,0xA254,0xA254,0xA254,
   1530                  0xA254,0xA254,0xA254,0xA254,0xA254,0x7248,0x0200,0x0000,
   1531                  0x0000,0x0000,0x8200,0x8224,0x8254,0x4254,0x4254,0x2254,
   1532                  0x1A54,0x2254,0x4254,0x4254,0x8254,0x8248,0x8200,0x0000,
   1533                  0x0000,0x0000,0x0200,0x6224,0x9254,0x9254,0x9254,0x9254,
   1534                  0x9254,0x9254,0x9254,0x9254,0x9254,0x6248,0x0200,0x0000,
   1535                  0x0000,0x0000,0x0200,0x9224,0x9254,0x9254,0x5254,0x5254,
   1536                  0x3254,0x5254,0x5254,0x9254,0x9254,0x9248,0x0200,0x0000,
   1537                  0x0000,0x0000,0x0100,0x7924,0x9554,0x9554,0x9554,0x9554,
   1538                  0x9554,0x9554,0x9554,0x9554,0x9554,0x9548,0x0100,0x0000,
   1539                  0x0000,0x0000,0x0200,0x9224,0x9254,0xF254,0x9254,0x9254,
   1540                  0x9254,0x9254,0x9254,0xF254,0x9254,0x9248,0x0200,0x0000,
   1541                  0x0000,0x0000,0x1E08,0x2108,0x2108,0x2108,0x2108,0x2108,
   1542                  0x20F0,0x2000,0x1000,0x1000,0xFFFC,0x0000,0x0000,0x0000,
   1543                  0x0000,0x0000,0x00C4,0x0924,0x0924,0x0924,0x0924,0x0924,
   1544                  0x0924,0x0918,0x0880,0x0880,0xF3FC,0x0000,0x0000,0x0000,
   1545                  0x0000,0x0000,0x01C4,0x7224,0x8224,0x8224,0x8224,0x8224,
   1546                  0x8224,0x8218,0x8100,0x8100,0x8FFC,0x0000,0x0000,0x0000,
   1547                  0x0000,0x0000,0x0064,0x6494,0x9494,0x9494,0x9494,0x9494,
   1548                  0x9494,0x9488,0x9440,0x9440,0x89FC,0x0000,0x0000,0x0000,
   1549                  0x0000,0x0000,0x00C4,0x7924,0x8924,0x8924,0x8924,0x8924,
   1550                  0x8924,0x8918,0x8880,0x8880,0x7BFC,0x0000,0x0000,0x0000,
   1551                  0x0000,0x0000,0x00C4,0x7D24,0x9124,0x9124,0x9124,0x9124,
   1552                  0x9118,0x9100,0x9080,0x9080,0x7DFC,0x0000,0x0000,0x0000,
   1553                  0x0000,0x0000,0x00C4,0x8124,0x8124,0x4124,0x4124,0x2124,
   1554                  0x1924,0x2118,0x4080,0x4080,0x87FC,0x8000,0x0000,0x0000,
   1555                  0x0000,0x0000,0x00C4,0x3124,0x4924,0x4924,0x8524,0x8524,
   1556                  0x8524,0x8518,0x4880,0x4880,0x33FC,0x0000,0x0000,0x0000,
   1557                  0x0000,0x0000,0x3FF8,0x2008,0x2008,0x2008,0x2008,0x2008,
   1558                  0x3FF8,0x0000,0x0000,0x0000,0xFFFC,0x0080,0x0080,0x0000,
   1559                  0x0000,0x0000,0x01FC,0x0904,0x0904,0x0904,0x0904,0x0904,
   1560                  0x09FC,0x0800,0x0800,0x0800,0xF3FC,0x0020,0x0020,0x0000,
   1561                  0x0000,0x0000,0x03FC,0x7204,0x8204,0x8204,0x8204,0x8204,
   1562                  0x83FC,0x8000,0x8000,0x8000,0x8FFC,0x0040,0x0040,0x0000,
   1563                  0x0000,0x0000,0x79FC,0x8104,0x8104,0x8104,0x8104,0x1104,
   1564                  0x51FC,0xB400,0x9400,0x9400,0xB5FC,0x5020,0x1020,0x0000,
   1565                  0x0000,0x0000,0x01FC,0x7104,0x8904,0x8904,0x8904,0x8904,
   1566                  0x89FC,0x8800,0x8800,0x8800,0x8BFC,0x0020,0x0020,0x0000,
   1567                  0x0000,0x0000,0x01FC,0x6504,0x9504,0x9504,0x9504,0x9504,
   1568                  0x95FC,0x9400,0x9400,0x9400,0x89FC,0x0020,0x0020,0x0000,
   1569                  0x0000,0x0000,0x64FC,0x9484,0x9484,0x9484,0x9484,0x8884,
   1570                  0x04FC,0x0400,0x0400,0x0400,0xF9FC,0x0020,0x0020,0x0000,
   1571                  0x0000,0x0000,0x64FC,0x9484,0x9484,0x9484,0x8884,0x0084,
   1572                  0x7CFC,0x8400,0x8400,0x8400,0x7DFC,0x0020,0x0020,0x0000,
   1573                  0x0000,0x0000,0x01FC,0x7904,0x8904,0x8904,0x8904,0x8904,
   1574                  0x89FC,0x8800,0x8800,0x8800,0x7BFC,0x0020,0x0020,0x0000,
   1575                  0x0000,0x0000,0x01FC,0x7D04,0x9104,0x9104,0x9104,0x9104,
   1576                  0x91FC,0x9000,0x9000,0x9000,0x7DFC,0x0020,0x0020,0x0000,
   1577                  0x0000,0x0000,0x01FC,0x8104,0x8104,0x4104,0x4104,0x2104,
   1578                  0x19FC,0x2000,0x4000,0x4000,0x87FC,0x8020,0x0020,0x0000,
   1579                  0x0000,0x0000,0x01FC,0x3104,0x4904,0x4904,0x8504,0x8504,
   1580                  0x85FC,0x8400,0x4800,0x4800,0x33FC,0x0020,0x0020,0x0000,
   1581                  0x0000,0x0000,0x81FC,0x8904,0x8904,0x4904,0x4904,0x2904,
   1582                  0x19FC,0x2800,0x4800,0x4800,0x8BFC,0x8020,0x0020,0x0000,
   1583                  0x0000,0x0000,0x01FC,0x7904,0x9504,0x9504,0x9504,0x9504,
   1584                  0x95FC,0x9400,0x9400,0x9400,0x95FC,0x0020,0x0020,0x0000,
   1585                  0x0000,0x0000,0x00FC,0x0884,0x4884,0xA884,0xAA84,0xAA84,
   1586                  0xAAFC,0xAA00,0xAA00,0xA800,0x49FC,0x0820,0x0020,0x0000,
   1587                  0x0000,0x0000,0x3FF8,0x2008,0x2008,0x2008,0x2008,0x3FF8,
   1588                  0x0000,0x0000,0xFFFC,0x0100,0x0100,0xFFFC,0x0000,0x0000,
   1589                  0x0000,0x0000,0x01FC,0x0904,0x0904,0x0904,0x0904,0x09FC,
   1590                  0x0800,0x0800,0x0BFC,0x0820,0x0820,0xF3FC,0x0000,0x0000,
   1591                  0x0000,0x0000,0x03FC,0x7204,0x8204,0x8204,0x8204,0x83FC,
   1592                  0x8000,0x8000,0x87FC,0x8040,0x8040,0x8FFC,0x0000,0x0000,
   1593                  0x0000,0x0000,0x00FC,0x6484,0x9484,0x9484,0x9484,0x94FC,
   1594                  0x9400,0x9400,0x95FC,0x9420,0x9420,0x89FC,0x0000,0x0000,
   1595                  0x0000,0x0000,0x01FC,0x7904,0x8904,0x8904,0x8904,0x89FC,
   1596                  0x8800,0x8800,0x8BFC,0x8820,0x8820,0x7BFC,0x0000,0x0000,
   1597                  0x0000,0x0000,0x01FC,0x7D04,0x9104,0x9104,0x9104,0x91FC,
   1598                  0x9000,0x9000,0x91FC,0x9020,0x9020,0x7DFC,0x0000,0x0000,
   1599                  0x0000,0x0000,0x01FC,0x8104,0x8104,0x4104,0x4104,0x21FC,
   1600                  0x1800,0x2000,0x43FC,0x4020,0x8020,0x87FC,0x0000,0x0000,
   1601                  0x0000,0x0000,0x81FC,0x8104,0x4104,0x2104,0x1904,0x21FC,
   1602                  0xC000,0x4000,0x21FC,0x1820,0x2020,0x43FC,0x8000,0x0000,
   1603                  0x0000,0x0000,0x01FC,0x3104,0x4904,0x4904,0x8504,0x85FC,
   1604                  0x8400,0x8400,0x85FC,0x4820,0x4820,0x33FC,0x0000,0x0000,
   1605                  0x0000,0x0000,0x01FC,0x8904,0x8904,0x4904,0x4904,0x29FC,
   1606                  0x1800,0x2800,0x4BFC,0x4820,0x8820,0x8BFC,0x0000,0x0000,
   1607                  0x0000,0x0000,0x3FF8,0x2008,0x2008,0x2008,0x2008,0x2008,
   1608                  0x3FF8,0x0000,0x0000,0x0000,0xFFFC,0x0420,0x0420,0x0000,
   1609                  0x0000,0x0000,0x01FC,0x0904,0x0904,0x0904,0x0904,0x0904,
   1610                  0x09FC,0x0800,0x0800,0x0800,0xF3FC,0x0048,0x0048,0x0000,
   1611                  0x0000,0x0000,0x00FC,0x6484,0x9484,0x9484,0x9484,0x9484,
   1612                  0x94FC,0x9400,0x9400,0x9400,0x89FC,0x0048,0x0048,0x0000,
   1613                  0x0000,0x0000,0x01FC,0x3104,0x4904,0x4904,0x8504,0x8504,
   1614                  0x85FC,0x8400,0x4800,0x4800,0x33FC,0x0048,0x0048,0x0000,
   1615                  0x0000,0x0000,0x3FF8,0x2008,0x2008,0x2008,0x2008,0x2008,
   1616                  0x3FF8,0x0080,0x0080,0x0080,0xFFFC,0x0000,0x0000,0x0000,
   1617                  0x0000,0x0000,0x01FC,0x0904,0x0904,0x0904,0x0904,0x0904,
   1618                  0x09FC,0x0810,0x0810,0x0810,0xF3FC,0x0000,0x0000,0x0000,
   1619                  0x0000,0x0000,0x03FC,0x7204,0x8204,0x8204,0x8204,0x8204,
   1620                  0x83FC,0x8020,0x8020,0x8020,0x9FFC,0x0000,0x0000,0x0000,
   1621                  0x0000,0x0000,0x00FC,0x6484,0x9484,0x9484,0x9484,0x9484,
   1622                  0x94FC,0x9410,0x9410,0x9410,0x89FC,0x0000,0x0000,0x0000,
   1623                  0x0000,0x0000,0x64FC,0x9484,0x9484,0x9484,0x8884,0x0084,
   1624                  0x7CFC,0x8410,0x8410,0x8410,0x7DFC,0x0000,0x0000,0x0000,
   1625                  0x0000,0x0000,0x01FC,0x7904,0x8904,0x8904,0x8904,0x8904,
   1626                  0x89FC,0x8810,0x8810,0x8810,0x7BFC,0x0000,0x0000,0x0000,
   1627                  0x0000,0x0000,0x01FC,0x7D04,0x9104,0x9104,0x9104,0x9104,
   1628                  0x91FC,0x9010,0x9010,0x9010,0x7DFC,0x0000,0x0000,0x0000,
   1629                  0x0000,0x0000,0x01FC,0x8104,0x8104,0x4104,0x4104,0x2104,
   1630                  0x19FC,0x2010,0x4010,0x4010,0x87FC,0x8000,0x0000,0x0000,
   1631                  0x0000,0x0000,0x01FC,0x3104,0x4904,0x4904,0x8504,0x8504,
   1632                  0x85FC,0x8410,0x4810,0x4810,0x33FC,0x0000,0x0000,0x0000,
   1633                  0x0000,0x0000,0x01FC,0x8904,0x8904,0x4904,0x4904,0x2904,
   1634                  0x19FC,0x2810,0x4810,0x4810,0x8BFC,0x8800,0x0000,0x0000,
   1635                  0x0000,0x0000,0x00FC,0x0884,0x4884,0xA884,0xAA84,0xAA84,
   1636                  0xAAFC,0xAA10,0xAA10,0xA810,0x49FC,0x0800,0x0000,0x0000,
   1637                  0x0000,0x0000,0x3FF8,0x2008,0x2008,0x2008,0x2008,0x3FF8,
   1638                  0x0080,0x0080,0xFFFC,0x0000,0x0000,0xFFFC,0x0000,0x0000,
   1639                  0x0000,0x0000,0x01FC,0x0904,0x0904,0x0904,0x0904,0x09FC,
   1640                  0x0820,0x0820,0x0BFC,0x0800,0x0800,0xF3FC,0x0000,0x0000,
   1641                  0x0000,0x0000,0x03FC,0x7204,0x8204,0x8204,0x8204,0x83FC,
   1642                  0x8020,0x8020,0x8FFC,0x8000,0x8000,0x9FFC,0x0000,0x0000,
   1643                  0x0000,0x0000,0x00FC,0x6484,0x9484,0x9484,0x9484,0x94FC,
   1644                  0x9420,0x9420,0x95FC,0x9400,0x9400,0x89FC,0x0000,0x0000,
   1645                  0x0000,0x0000,0x01FC,0x7904,0x8904,0x8904,0x8904,0x89FC,
   1646                  0x8820,0x8820,0x8BFC,0x8800,0x8800,0x7BFC,0x0000,0x0000,
   1647                  0x0000,0x0000,0x01FC,0x7D04,0x9104,0x9104,0x9104,0x91FC,
   1648                  0x9020,0x9020,0x91FC,0x9000,0x9000,0x7DFC,0x0000,0x0000,
   1649                  0x0000,0x0000,0x01FC,0x8104,0x8104,0x4104,0x4104,0x21FC,
   1650                  0x1820,0x2020,0x43FC,0x4000,0x8000,0x87FC,0x0000,0x0000,
   1651                  0x0000,0x0000,0x81FC,0x8104,0x4104,0x2104,0x1904,0x21FC,
   1652                  0xC020,0x4020,0x21FC,0x1800,0x2000,0x43FC,0x8000,0x0000,
   1653                  0x0000,0x0000,0x01FC,0x3104,0x4904,0x4904,0x8504,0x85FC,
   1654                  0x8420,0x8420,0x85FC,0x4800,0x4800,0x33FC,0x0000,0x0000,
   1655                  0x0000,0x0000,0x3FF8,0x2008,0x2008,0x2008,0x2008,0x2008,
   1656                  0x3FF8,0x0420,0x0420,0x0420,0xFFFC,0x0000,0x0000,0x0000,
   1657                  0x0000,0x0000,0x01FC,0x0904,0x0904,0x0904,0x0904,0x0904,
   1658                  0x09FC,0x0848,0x0848,0x0848,0xF3FC,0x0000,0x0000,0x0000,
   1659                  0x0000,0x0000,0x03FC,0x7204,0x8204,0x8204,0x8204,0x8204,
   1660                  0x83FC,0x8088,0x8088,0x8088,0x8FFC,0x0000,0x0000,0x0000,
   1661                  0x0000,0x0000,0x00FC,0x6484,0x9484,0x9484,0x9484,0x9484,
   1662                  0x94FC,0x9448,0x9448,0x9448,0x8BFC,0x0000,0x0000,0x0000,
   1663                  0x0000,0x0000,0x01FC,0x8104,0x8104,0x4104,0x4104,0x2104,
   1664                  0x19FC,0x2048,0x4048,0x4048,0x87FC,0x8000,0x0000,0x0000,
   1665                  0x0000,0x8000,0x81FC,0x4104,0x2104,0x1904,0x2104,0xC104,
   1666                  0x41FC,0x2048,0x1848,0x2048,0x43FC,0x8000,0x0000,0x0000,
   1667                  0x0000,0x0000,0x01FC,0x3104,0x4904,0x4904,0x8504,0x8504,
   1668                  0x85FC,0x8448,0x4848,0x4848,0x33FC,0x0000,0x0000,0x0000,
   1669                  0x0000,0x0000,0x81FC,0x9104,0x9104,0x5504,0x5504,0x3504,
   1670                  0x35FC,0x5448,0x5448,0x9048,0x93FC,0x8000,0x0000,0x0000,
   1671                  0x0000,0x0000,0x3FF8,0x2008,0x2008,0x2008,0x2008,0x3FF8,
   1672                  0x0420,0x0420,0xFFFC,0x0000,0x0000,0xFFFC,0x0000,0x0000,
   1673                  0x0000,0x0000,0x4000,0x43F8,0x4208,0x4208,0x4208,0x4208,
   1674                  0x7E08,0x4208,0x4208,0x4208,0x4208,0x43F8,0x4000,0x0000,
   1675                  0x0000,0x0000,0x0100,0x093C,0x0924,0x0924,0x0924,0x0924,
   1676                  0x09E4,0x0924,0x0924,0x0924,0x0924,0xF13C,0x0100,0x0000,
   1677                  0x0000,0x0000,0x0100,0x093C,0x0924,0x0924,0x0924,0xF124,
   1678                  0x81E4,0x8124,0x4124,0x3924,0x4124,0x813C,0x8100,0x0000,
   1679                  0x0000,0x0000,0x0400,0x747C,0x8444,0x8444,0x8444,0x8444,
   1680                  0x87C4,0x8444,0x8444,0x8444,0x8444,0x847C,0x0400,0x0000,
   1681                  0x0000,0x0000,0x0100,0x653C,0x9524,0x9524,0x9524,0x9524,
   1682                  0x95E4,0x9524,0x9524,0x9524,0x9524,0x893C,0x0100,0x0000,
   1683                  0x0000,0x0000,0x0100,0x653C,0x9524,0x9524,0x9524,0x8924,
   1684                  0x01E4,0x7D24,0x8524,0x8524,0x8524,0x7D3C,0x0100,0x0000,
   1685                  0x0000,0x0000,0x0100,0x793C,0x8924,0x8924,0x8924,0x8924,
   1686                  0x89E4,0x8924,0x8924,0x8924,0x8924,0x793C,0x0100,0x0000,
   1687                  0x0000,0x0000,0x0100,0x7D3C,0x9124,0x9124,0x9124,0x9124,
   1688                  0x91E4,0x9124,0x9124,0x9124,0x9124,0x7D3C,0x0100,0x0000,
   1689                  0x0000,0x0000,0x8100,0x813C,0x8124,0x4124,0x4124,0x2124,
   1690                  0x19E4,0x2124,0x4124,0x4124,0x8124,0x813C,0x8100,0x0000,
   1691                  0x0000,0x0000,0x0100,0x213C,0x5124,0x5124,0x8924,0x8924,
   1692                  0x89E4,0x8924,0x8924,0x5124,0x5124,0x213C,0x0100,0x0000,
   1693                  0x0000,0x2000,0x23F8,0x2208,0x2208,0x3E08,0x2208,0x2208,
   1694                  0x2208,0x23F8,0x2000,0x0000,0xFFFC,0x0100,0x0100,0x0000,
   1695                  0x0000,0x0200,0x027C,0x7244,0x8244,0x83C4,0x8244,0x8244,
   1696                  0x8244,0x827C,0x8200,0x8000,0x9FFC,0x0080,0x0080,0x0000,
   1697                  0x0000,0x8100,0x813C,0x4124,0x2124,0x19E4,0x2124,0xC124,
   1698                  0x4124,0x213C,0x1900,0x2000,0x43FC,0x8020,0x0020,0x0000,
   1699                  0x0000,0x0100,0x013C,0x7124,0x5124,0x89E4,0x8924,0x8924,
   1700                  0x8924,0x893C,0x8900,0x5000,0x77FC,0x0020,0x0020,0x0000,
   1701                  0x0000,0x2000,0x23F8,0x2208,0x2208,0x3E08,0x2208,0x2208,
   1702                  0x2208,0x23F8,0x2000,0x0000,0xFFFC,0x0000,0x0000,0x0000,
   1703                  0x0000,0x0200,0x027C,0x7244,0x8244,0x83C4,0x8244,0x8244,
   1704                  0x8244,0x827C,0x8200,0x8000,0x8FFC,0x0000,0x0000,0x0000,
   1705                  0x0000,0x0100,0x013C,0x4924,0xA924,0xA9E4,0xA924,0xA924,
   1706                  0xA924,0xA93C,0xA900,0xA800,0x93FC,0x0000,0x0000,0x0000,
   1707                  0x0000,0x0100,0x013C,0x7924,0x9124,0x91E4,0x9124,0x9124,
   1708                  0x9124,0x913C,0x9100,0x9000,0x7BFC,0x0000,0x0000,0x0000,
   1709                  0x0000,0x0100,0x013C,0x8124,0x8124,0x41E4,0x4124,0x2124,
   1710                  0x1924,0x213C,0x4100,0x4000,0x87FC,0x8000,0x0000,0x0000,
   1711                  0x0000,0x0100,0x013C,0x7124,0x5124,0x89E4,0x8924,0x8924,
   1712                  0x8924,0x893C,0x8900,0x5000,0x77FC,0x0000,0x0000,0x0000,
   1713                  0x0000,0x0000,0x4000,0x43F8,0x4208,0x7E08,0x4208,0x4208,
   1714                  0x4208,0x4208,0x4208,0x7E08,0x4208,0x43F8,0x4000,0x0000,
   1715                  0x0000,0x0000,0x0400,0x747C,0x8444,0x87C4,0x8444,0x8444,
   1716                  0x8444,0x8444,0x8444,0x87C4,0x8444,0x847C,0x0400,0x0000,
   1717                  0x0000,0x0000,0x0100,0x653C,0x9524,0x95E4,0x9524,0x9524,
   1718                  0x9524,0x9524,0x9524,0x95E4,0x9524,0x893C,0x0100,0x0000,
   1719                  0x0000,0x0000,0x0100,0x7D3C,0x9124,0x91E4,0x9124,0x9124,
   1720                  0x9124,0x9124,0x9124,0x91E4,0x9124,0x7D3C,0x0100,0x0000,
   1721                  0x0000,0x0000,0x0100,0x813C,0x8124,0x41E4,0x4124,0x2124,
   1722                  0x1924,0x2124,0x4124,0x41E4,0x8124,0x813C,0x0100,0x0000,
   1723                  0x0000,0x0000,0x0200,0x027C,0x0244,0x0244,0x0244,0x0244,
   1724                  0xFE44,0x0244,0x0244,0x0244,0x0244,0x027C,0x0200,0x0000,
   1725                  0x0000,0x0000,0x0100,0x097C,0x0944,0x0944,0x0944,0x0944,
   1726                  0x0F44,0x0944,0x0944,0x0944,0x0944,0xF17C,0x0100,0x0000,
   1727                  0x0000,0x0000,0x0100,0x097C,0x0944,0x0944,0x0944,0xF144,
   1728                  0x0744,0x0944,0x0944,0x0944,0x0944,0xF17C,0x0100,0x0000,
   1729                  0x0000,0x0000,0x0200,0x727C,0x8244,0x8244,0x8244,0x8244,
   1730                  0x9E44,0x8244,0x8244,0x8244,0x8244,0x827C,0x0200,0x0000,
   1731                  0x0000,0x0000,0x0100,0x713C,0x8924,0x8924,0x8924,0x8924,
   1732                  0x8F24,0x8924,0x8924,0x8924,0x8924,0x893C,0x0100,0x0000,
   1733                  0x0000,0x0000,0x0100,0x653C,0x9524,0x9524,0x9524,0x9524,
   1734                  0x9724,0x9524,0x9524,0x9524,0x9524,0x893C,0x0100,0x0000,
   1735                  0x0000,0x0000,0x0100,0x657C,0x9544,0x9544,0x9544,0x8944,
   1736                  0x8744,0x0544,0x0544,0x0544,0x0544,0xF97C,0x0100,0x0000,
   1737                  0x0000,0x0000,0x0100,0x657C,0x9544,0x9544,0x9544,0x8944,
   1738                  0x0744,0x7D44,0x8544,0x8544,0x8544,0x7D7C,0x0100,0x0000,
   1739                  0x0000,0x0000,0x0100,0x797C,0x8944,0x8944,0x8944,0x8944,
   1740                  0x8F44,0x8944,0x8944,0x8944,0x8944,0x797C,0x0100,0x0000,
   1741                  0x0000,0x0000,0x0100,0x7D7C,0x9144,0x9144,0x9144,0x9144,
   1742                  0x9744,0x9144,0x9144,0x9144,0x9144,0x7D7C,0x0100,0x0000,
   1743                  0x0000,0x0000,0x0100,0x817C,0x8144,0x4144,0x4144,0x2144,
   1744                  0x1744,0x2144,0x4144,0x4144,0x8144,0x817C,0x0100,0x0000,
   1745                  0x0000,0x0000,0x0100,0x217C,0x5144,0x5144,0x8944,0x8944,
   1746                  0x8F44,0x8944,0x8944,0x5144,0x5144,0x217C,0x0100,0x0000,
   1747                  0x0000,0x0000,0x0100,0x797C,0x9544,0x9544,0x9544,0x9544,
   1748                  0x9744,0x9544,0x9544,0x9544,0x9544,0x957C,0x0100,0x0000,
   1749                  0x0000,0x0000,0x0100,0x117C,0x5144,0xB144,0x9544,0x9544,
   1750                  0x9744,0x9544,0x9544,0xB144,0x5144,0x117C,0x0100,0x0000,
   1751                  0x0000,0x0200,0x027C,0x0244,0x4244,0x3E44,0x0244,0x0244,
   1752                  0x1244,0x127C,0x1200,0x1000,0xFFFC,0x0000,0x0000,0x0000,
   1753                  0x0000,0x0200,0x027C,0x6244,0x8244,0x9E44,0x8244,0x8244,
   1754                  0x8244,0x8A7C,0x8A00,0x8800,0x9FFC,0x0000,0x0000,0x0000,
   1755                  0x0000,0x0080,0x00BC,0x48A4,0xA8A4,0xAFA4,0xA8A4,0xA8A4,
   1756                  0xA8A4,0xAABC,0xAA80,0xAA00,0x97FC,0x0000,0x0000,0x0000,
   1757                  0x0000,0x0080,0x00BC,0x78A4,0xA0A4,0xA7A4,0xA0A4,0xA0A4,
   1758                  0xA0A4,0xA2BC,0xA280,0xA200,0x7FFC,0x0000,0x0000,0x0000,
   1759                  0x0000,0x0080,0x00BC,0x80A4,0x80A4,0x47A4,0x40A4,0x20A4,
   1760                  0x18A4,0x22BC,0x4280,0x4200,0x87FC,0x8000,0x0000,0x0000,
   1761                  0x0000,0x0200,0x027C,0x0244,0x4244,0x3E44,0x0244,0x027C,
   1762                  0x1200,0x1000,0xFFFC,0x0000,0x0000,0xFFFC,0x0000,0x0000,
   1763                  0x0000,0x0200,0x027C,0x0244,0x4244,0x3E44,0x0244,0x0244,
   1764                  0x0244,0x027C,0x0200,0x0000,0xFFFC,0x0000,0x0000,0x0000,
   1765                  0x0000,0x0200,0x027C,0x6244,0x8244,0x9E44,0x8244,0x8244,
   1766                  0x8244,0x827C,0x8200,0x8000,0x9FFC,0x0000,0x0000,0x0000,
   1767                  0x0000,0x0100,0x013C,0x4924,0xA924,0xAF24,0xA924,0xA924,
   1768                  0xA924,0xA93C,0xA900,0xA800,0x93FC,0x0000,0x0000,0x0000,
   1769                  0x0000,0x0000,0x0400,0x047C,0x8444,0x7C44,0x0444,0x0444,
   1770                  0x0444,0x0444,0x0444,0xFC44,0x0444,0x047C,0x0400,0x0000,
   1771                  0x0000,0x0000,0x0200,0x727C,0x8244,0x8244,0x9E44,0x8244,
   1772                  0x8244,0x8244,0x8244,0x9E44,0x8244,0x827C,0x0200,0x0000,
   1773                  0x0000,0x0000,0x0100,0x657C,0x9544,0x9744,0x9544,0x9544,
   1774                  0x9544,0x9544,0x9544,0x9744,0x9544,0x897C,0x0100,0x0000,
   1775                  0x0000,0x0000,0x0100,0x797C,0x8944,0x8F44,0x8944,0x8944,
   1776                  0x8944,0x8944,0x8944,0x8F44,0x8944,0x797C,0x0100,0x0000,
   1777                  0x0000,0x0000,0x0100,0x817C,0x8144,0x4744,0x4144,0x2144,
   1778                  0x1944,0x2144,0x4144,0x4744,0x8144,0x817C,0x0100,0x0000,
   1779                  0x0000,0x0000,0x4000,0x43F8,0x4208,0x4208,0x4208,0x4208,
   1780                  0x4208,0x4208,0x4208,0x4208,0x4208,0x43F8,0x4000,0x0000,
   1781                  0x0000,0x0000,0x0200,0x727C,0x8244,0x8244,0x8244,0x8244,
   1782                  0x8244,0x8244,0x8244,0x8244,0x8244,0x827C,0x0200,0x0000,
   1783                  0x0000,0x0000,0x0100,0x653C,0x9524,0x9524,0x9524,0x9524,
   1784                  0x9524,0x9524,0x9524,0x9524,0x9524,0x893C,0x0100,0x0000,
   1785                  0x0000,0x0000,0x0100,0x793C,0x8924,0x8924,0x8924,0x8924,
   1786                  0x8924,0x8924,0x8924,0x8924,0x8924,0x793C,0x0100,0x0000,
   1787                  0x0000,0x0000,0x0100,0x813C,0x8124,0x4124,0x4124,0x2124,
   1788                  0x1924,0x2124,0x4124,0x4124,0x8124,0x813C,0x0100,0x0000,
   1789                  0x0000,0x0000,0x3FF8,0x2008,0x2008,0x2008,0x2008,0x2008,
   1790                  0x3FF8,0x0000,0x0000,0x0000,0xFFFC,0x0000,0x0000,0x0000,
   1791                  0x0000,0x0000,0x01FC,0x0904,0x0904,0x0904,0x0904,0x0904,
   1792                  0x09FC,0x0800,0x0800,0x0800,0xF3FC,0x0000,0x0000,0x0000,
   1793                  0x0000,0x0000,0x03FC,0x7204,0x8204,0x8204,0x8204,0x8204,
   1794                  0x83FC,0x8000,0x8000,0x8000,0x8FFC,0x0000,0x0000,0x0000,
   1795                  0x0000,0x0000,0x01FC,0x7104,0x8904,0x8904,0x8904,0x8904,
   1796                  0x89FC,0x8800,0x8800,0x8800,0x8BFC,0x0000,0x0000,0x0000,
   1797                  0x0000,0x0000,0x01FC,0x6504,0x9504,0x9504,0x9504,0x9504,
   1798                  0x95FC,0x9400,0x9400,0x9400,0x89FC,0x0000,0x0000,0x0000,
   1799                  0x0000,0x0000,0x64FC,0x9484,0x9484,0x9484,0x8884,0x0084,
   1800                  0x7CFC,0x8400,0x8400,0x8400,0x7DFC,0x0000,0x0000,0x0000,
   1801                  0x0000,0x0000,0x01FC,0x7904,0x8904,0x8904,0x8904,0x8904,
   1802                  0x89FC,0x8800,0x8800,0x8800,0x7BFC,0x0000,0x0000,0x0000,
   1803                  0x0000,0x0000,0x01FC,0x7D04,0x9104,0x9104,0x9104,0x9104,
   1804                  0x91FC,0x9000,0x9000,0x9000,0x7DFC,0x0000,0x0000,0x0000,
   1805                  0x0000,0x0000,0x01FC,0x8104,0x8104,0x4104,0x4104,0x2104,
   1806                  0x19FC,0x2000,0x4000,0x4000,0x87FC,0x8000,0x0000,0x0000,
   1807                  0x0000,0x8000,0x81FC,0x4104,0x2104,0x1904,0x2104,0xC104,
   1808                  0x41FC,0x2000,0x1800,0x2000,0x43FC,0x8000,0x0000,0x0000,
   1809                  0x0000,0x0000,0x01FC,0x3104,0x4904,0x4904,0x8504,0x8504,
   1810                  0x85FC,0x8400,0x4800,0x4800,0x33FC,0x0000,0x0000,0x0000,
   1811                  0x0000,0x0000,0x81FC,0x9104,0x9104,0x5104,0x5504,0x3504,
   1812                  0x35FC,0x5400,0x5000,0x9000,0x93FC,0x8000,0x0000,0x0000,
   1813                  0x0000,0x0000,0x00FC,0x7884,0x9484,0x9484,0x9484,0x9484,
   1814                  0x94FC,0x9400,0x9400,0x9400,0x95FC,0x0000,0x0000,0x0000,
   1815                  0x0000,0x0000,0x1FF8,0x2080,0x2080,0x2080,0x2080,0x2080,
   1816                  0x1FF8,0x0000,0x0000,0x0000,0xFFFC,0x0080,0x0080,0x0000,
   1817                  0x0000,0x0000,0x00FC,0x0920,0x0920,0x0920,0x0920,0x0920,
   1818                  0x08FC,0x0800,0x0800,0x0800,0xF3FC,0x0020,0x0020,0x0000,
   1819                  0x0000,0x0000,0x08FC,0x0920,0x0920,0x0920,0xF120,0x0120,
   1820                  0x08FC,0x0800,0x0800,0x0800,0xF3FC,0x0020,0x0020,0x0000,
   1821                  0x0000,0x0000,0x08FC,0x0910,0x0910,0x0910,0xF110,0x8110,
   1822                  0x80FC,0x4000,0x3800,0x4000,0x83FC,0x8020,0x0020,0x0000,
   1823                  0x0000,0x0000,0x01FC,0x7220,0x8220,0x8220,0x8220,0x8220,
   1824                  0x81FC,0x8000,0x8000,0x8000,0x8FFC,0x0040,0x0040,0x0000,
   1825                  0x0000,0x0000,0x00FC,0x7120,0x8920,0x8920,0x8920,0x8920,
   1826                  0x88FC,0x8800,0x8800,0x8800,0x8BFC,0x0020,0x0020,0x0000,
   1827                  0x0000,0x0000,0x00FC,0x6520,0x9520,0x9520,0x9520,0x9520,
   1828                  0x94FC,0x9400,0x9400,0x9400,0x89FC,0x0020,0x0020,0x0000,
   1829                  0x0000,0x0000,0x64FC,0x9520,0x9520,0x9520,0x9520,0x8920,
   1830                  0x04FC,0x0400,0x0400,0x0400,0xF9FC,0x0020,0x0020,0x0000,
   1831                  0x0000,0x0000,0x647C,0x9490,0x9490,0x9490,0x8890,0x0090,
   1832                  0x7C7C,0x8400,0x8400,0x8400,0x7DFC,0x0020,0x0020,0x0000,
   1833                  0x0000,0x0000,0x647C,0x9490,0x9490,0x9490,0x8890,0x0090,
   1834                  0x7C7C,0x9000,0x9000,0x9000,0x7DFC,0x0020,0x0020,0x0000,
   1835                  0x0000,0x0000,0x00FC,0x7910,0x8910,0x8910,0x8910,0x8910,
   1836                  0x88FC,0x8800,0x8800,0x8800,0x7BFC,0x0020,0x0020,0x0000,
   1837                  0x0000,0x0000,0x00FC,0x7D10,0x9110,0x9110,0x9110,0x9110,
   1838                  0x90FC,0x9000,0x9000,0x9000,0x7DFC,0x0020,0x0020,0x0000,
   1839                  0x0000,0x0000,0x00FC,0x8110,0x8110,0x4110,0x4110,0x2110,
   1840                  0x18FC,0x2000,0x4000,0x4000,0x87FC,0x8020,0x0020,0x0000,
   1841                  0x0000,0x0000,0x00FC,0x3120,0x4920,0x4920,0x8520,0x8520,
   1842                  0x84FC,0x8400,0x4800,0x4800,0x33FC,0x0020,0x0020,0x0000,
   1843                  0x0000,0x0000,0x007C,0x7890,0x9490,0x9490,0x9490,0x9490,
   1844                  0x947C,0x9400,0x9400,0x9400,0x95FC,0x0020,0x0020,0x0000,
   1845                  0x0000,0x0000,0x1FF8,0x2080,0x2080,0x2080,0x2080,0x1FF8,
   1846                  0x0000,0x0000,0xFFFC,0x0100,0x0100,0xFFFC,0x0000,0x0000,
   1847                  0x0000,0x0000,0x00FC,0x0920,0x0920,0x0920,0x0920,0x08FC,
   1848                  0x0800,0x0800,0x0BFC,0x0820,0x0820,0xF3FC,0x0000,0x0000,
   1849                  0x0000,0x0000,0x01FC,0x7220,0x8220,0x8220,0x8220,0x81FC,
   1850                  0x8000,0x8000,0x87FC,0x8040,0x8040,0x8FFC,0x0000,0x0000,
   1851                  0x0000,0x0000,0x00FC,0x6520,0x9520,0x9520,0x9520,0x94FC,
   1852                  0x9400,0x9400,0x95FC,0x9420,0x9420,0x89FC,0x0000,0x0000,
   1853                  0x0000,0x0000,0x00FC,0x7920,0x8920,0x8920,0x8920,0x88FC,
   1854                  0x8800,0x8800,0x8BFC,0x8820,0x8820,0x7BFC,0x0000,0x0000,
   1855                  0x0000,0x0000,0x00FC,0x7D20,0x9120,0x9120,0x9120,0x90FC,
   1856                  0x9000,0x9000,0x91FC,0x9020,0x9020,0x7DFC,0x0000,0x0000,
   1857                  0x0000,0x0000,0x00FC,0x8120,0x8120,0x4120,0x4120,0x20FC,
   1858                  0x1800,0x2000,0x43FC,0x4020,0x8020,0x87FC,0x0000,0x0000,
   1859                  0x0000,0x0000,0x80FC,0x8120,0x4120,0x2120,0x1920,0x20FC,
   1860                  0xC000,0x4000,0x21FC,0x1820,0x2020,0x43FC,0x8000,0x0000,
   1861                  0x0000,0x0000,0x00FC,0x3120,0x4920,0x4920,0x8520,0x84FC,
   1862                  0x8400,0x8400,0x85FC,0x4820,0x4820,0x33FC,0x0000,0x0000,
   1863                  0x0000,0x0000,0x00FC,0x7920,0x9520,0x9520,0x9520,0x94FC,
   1864                  0x9400,0x9400,0x95FC,0x9420,0x9420,0x95FC,0x0000,0x0000,
   1865                  0x0000,0x0000,0x1FF8,0x2080,0x2080,0x2080,0x2080,0x2080,
   1866                  0x1FF8,0x0000,0x0000,0x0000,0xFFFC,0x0420,0x0420,0x0000,
   1867                  0x0000,0x0000,0x00FC,0x0910,0x0910,0x0910,0x0910,0x0910,
   1868                  0x08FC,0x0800,0x0800,0x0800,0xF3FC,0x0048,0x0048,0x0000,
   1869                  0x0000,0x0000,0x01FC,0x7220,0x8220,0x8220,0x8220,0x8220,
   1870                  0x81FC,0x8000,0x8000,0x8000,0x8FFC,0x0110,0x0110,0x0000,
   1871                  0x0000,0x0000,0x00FC,0x7D10,0x9110,0x9110,0x9110,0x9110,
   1872                  0x90FC,0x9000,0x9000,0x9000,0x7DFC,0x0048,0x0048,0x0000,
   1873                  0x0000,0x0000,0x1FF8,0x2080,0x2080,0x2080,0x2080,0x2080,
   1874                  0x1FF8,0x0080,0x0080,0x0080,0xFFFC,0x0000,0x0000,0x0000,
   1875                  0x0000,0x0000,0x00FC,0x0910,0x0910,0x0910,0x0910,0x0910,
   1876                  0x08FC,0x0810,0x0810,0x0810,0xF3FC,0x0000,0x0000,0x0000,
   1877                  0x0000,0x0000,0x01FC,0x7220,0x8220,0x8220,0x8220,0x8220,
   1878                  0x81FC,0x8020,0x8020,0x8020,0x9FFC,0x0000,0x0000,0x0000,
   1879                  0x0000,0x0000,0x00FC,0x7110,0x8910,0x8910,0x8910,0x8910,
   1880                  0x88FC,0x8810,0x8810,0x8810,0x8BFC,0x0000,0x0000,0x0000,
   1881                  0x0000,0x0000,0x00FC,0x6520,0x9520,0x9520,0x9520,0x9520,
   1882                  0x94FC,0x9420,0x9420,0x9420,0x89FC,0x0000,0x0000,0x0000,
   1883                  0x0000,0x0000,0x647C,0x9490,0x9490,0x9490,0x8890,0x0090,
   1884                  0x7C7C,0x8410,0x8410,0x8410,0x7DFC,0x0000,0x0000,0x0000,
   1885                  0x0000,0x0000,0x00FC,0x7920,0x8920,0x8920,0x8920,0x8920,
   1886                  0x88FC,0x8820,0x8820,0x8820,0x7BFC,0x0000,0x0000,0x0000,
   1887                  0x0000,0x0000,0x00FC,0x7D20,0x9120,0x9120,0x9120,0x9120,
   1888                  0x90FC,0x9020,0x9020,0x9020,0x7DFC,0x0000,0x0000,0x0000,
   1889                  0x0000,0x0000,0x00FC,0x8120,0x8120,0x4120,0x2120,0x1120,
   1890                  0x0CFC,0x1020,0x2020,0x4020,0x87FC,0x8000,0x0000,0x0000,
   1891                  0x0000,0x0000,0x00FC,0x3110,0x4910,0x4910,0x8510,0x8510,
   1892                  0x84FC,0x8410,0x4810,0x4810,0x33FC,0x0000,0x0000,0x0000,
   1893                  0x0000,0x0000,0x00FC,0x8910,0x8910,0x4910,0x4910,0x2910,
   1894                  0x18FC,0x2810,0x4810,0x4810,0x8BFC,0x8800,0x0000,0x0000,
   1895                  0x0000,0x0000,0x1FF8,0x2080,0x2080,0x2080,0x2080,0x1FF8,
   1896                  0x0080,0x0080,0xFFFC,0x0000,0x0000,0xFFFC,0x0000,0x0000,
   1897                  0x0000,0x0000,0x00FC,0x0920,0x0920,0x0920,0x0920,0x08FC,
   1898                  0x0820,0x0820,0x0BFC,0x0800,0x0800,0xF3FC,0x0000,0x0000,
   1899                  0x0000,0x0000,0x01FC,0x7220,0x8220,0x8220,0x8220,0x81FC,
   1900                  0x8020,0x8020,0x8FFC,0x8000,0x8000,0x9FFC,0x0000,0x0000,
   1901                  0x0000,0x0000,0x00FC,0x7120,0x8920,0x8920,0x8920,0x88FC,
   1902                  0x8820,0x8820,0x8BFC,0x8800,0x8800,0x8BFC,0x0000,0x0000,
   1903                  0x0000,0x0000,0x00FC,0x6520,0x9520,0x9520,0x9520,0x94FC,
   1904                  0x9420,0x9420,0x95FC,0x9400,0x9400,0x89FC,0x0000,0x0000,
   1905                  0x0000,0x0000,0x00FC,0x7920,0x8920,0x8920,0x8920,0x88FC,
   1906                  0x8820,0x8820,0x8BFC,0x8800,0x8800,0x7BFC,0x0000,0x0000,
   1907                  0x0000,0x0000,0x00FC,0x7D20,0x9120,0x9120,0x9120,0x90FC,
   1908                  0x9020,0x9020,0x91FC,0x9000,0x9000,0x7DFC,0x0000,0x0000,
   1909                  0x0000,0x0000,0x00FC,0x8120,0x8120,0x4120,0x4120,0x20FC,
   1910                  0x1820,0x2020,0x43FC,0x4000,0x8000,0x87FC,0x0000,0x0000,
   1911                  0x0000,0x0000,0x80FC,0x8120,0x4120,0x2120,0x1920,0x20FC,
   1912                  0xC020,0x4020,0x21FC,0x1800,0x2000,0x43FC,0x8000,0x0000,
   1913                  0x0000,0x0000,0x00FC,0x3120,0x4920,0x4920,0x8520,0x84FC,
   1914                  0x8420,0x8420,0x85FC,0x4800,0x4800,0x33FC,0x0000,0x0000,
   1915                  0x0000,0x0000,0x1FF8,0x2080,0x2080,0x2080,0x2080,0x2080,
   1916                  0x1FF8,0x0420,0x0420,0x0420,0xFFFC,0x0000,0x0000,0x0000,
   1917                  0x0000,0x0000,0x00FC,0x0910,0x0910,0x0910,0x0910,0x0910,
   1918                  0x08FC,0x0848,0x0848,0x0848,0xF3FC,0x0000,0x0000,0x0000,
   1919                  0x0000,0x0000,0x01FC,0x7220,0x8220,0x8220,0x8220,0x8220,
   1920                  0x81FC,0x8088,0x8088,0x8088,0x8FFC,0x0000,0x0000,0x0000,
   1921                  0x0000,0x0000,0x007C,0x6490,0x9490,0x9490,0x9490,0x9490,
   1922                  0x947C,0x9448,0x9448,0x9448,0x8BFC,0x0000,0x0000,0x0000,
   1923                  0x0000,0x0000,0x00FC,0x7D10,0x9110,0x9110,0x9110,0x9110,
   1924                  0x90FC,0x9048,0x9048,0x9048,0x7FFC,0x0000,0x0000,0x0000,
   1925                  0x0000,0x0000,0x00FC,0x8110,0x8110,0x4110,0x4110,0x2110,
   1926                  0x18FC,0x2048,0x4048,0x4048,0x87FC,0x8000,0x0000,0x0000,
   1927                  0x0000,0x8000,0x80FC,0x4110,0x2110,0x1910,0x2110,0xC110,
   1928                  0x40FC,0x2048,0x1848,0x2048,0x43FC,0x8000,0x0000,0x0000,
   1929                  0x0000,0x0000,0x00FC,0x3120,0x4920,0x4920,0x8520,0x8520,
   1930                  0x84FC,0x8448,0x4848,0x4848,0x33FC,0x0000,0x0000,0x0000,
   1931                  0x0000,0x0000,0x007C,0x7890,0x9490,0x9490,0x9490,0x9490,
   1932                  0x947C,0x9448,0x9448,0x9448,0x97FC,0x0000,0x0000,0x0000,
   1933                  0x0000,0x0000,0x1FF8,0x2080,0x2080,0x2080,0x2080,0x1FF8,
   1934                  0x0420,0x0420,0xFFFC,0x0000,0x0000,0xFFFC,0x0000,0x0000,
   1935                  0x0000,0x0000,0x01FC,0x7220,0x8220,0x8220,0x8220,0x81FC,
   1936                  0x8090,0x8090,0x87FC,0x8000,0x8000,0x8FFC,0x0000,0x0000,
   1937                  0x0000,0x0000,0x4000,0x41F8,0x4220,0x4220,0x4220,0x4220,
   1938                  0x7E20,0x4220,0x4220,0x4220,0x4220,0x41F8,0x4000,0x0000,
   1939                  0x0000,0x0000,0x0100,0x093C,0x0948,0x0948,0x0948,0x0948,
   1940                  0x09C8,0x0948,0x0948,0x0948,0x0948,0xF13C,0x0100,0x0000,
   1941                  0x0000,0x0000,0x0100,0x093C,0x0948,0x0948,0x0948,0xF148,
   1942                  0x01C8,0x0948,0x0948,0x0948,0x0948,0xF13C,0x0100,0x0000,
   1943                  0x0000,0x0000,0x0200,0x723C,0x8248,0x8248,0x8248,0x8248,
   1944                  0x83C8,0x8248,0x8248,0x8248,0x8248,0x823C,0x0200,0x0000,
   1945                  0x0000,0x0000,0x0100,0x653C,0x9548,0x9548,0x9548,0x9548,
   1946                  0x95C8,0x9548,0x9548,0x9548,0x9548,0x893C,0x0100,0x0000,
   1947                  0x0000,0x0000,0x0100,0x793C,0x8948,0x8948,0x8948,0x8948,
   1948                  0x89C8,0x8948,0x8948,0x8948,0x8948,0x793C,0x0100,0x0000,
   1949                  0x0000,0x0000,0x0100,0x7D3C,0x9148,0x9148,0x9148,0x9148,
   1950                  0x91C8,0x9148,0x9148,0x9148,0x9148,0x7D3C,0x0100,0x0000,
   1951                  0x0000,0x0000,0x0100,0x813C,0x8148,0x4148,0x4148,0x2148,
   1952                  0x19C8,0x2148,0x4148,0x4148,0x8148,0x813C,0x0100,0x0000,
   1953                  0x0000,0x0000,0x0100,0x311C,0x4928,0x4928,0x8528,0x8528,
   1954                  0x85E8,0x8528,0x8528,0x4928,0x4928,0x311C,0x0100,0x0000,
   1955                  0x0000,0x2000,0x21F8,0x2220,0x2220,0x3E20,0x2220,0x2220,
   1956                  0x2220,0x21F8,0x2000,0x0000,0xFFFC,0x0100,0x0100,0x0000,
   1957                  0x0000,0x0200,0x023C,0x7248,0x8248,0x83C8,0x8248,0x8248,
   1958                  0x8248,0x823C,0x8200,0x8000,0x9FFC,0x0080,0x0080,0x0000,
   1959                  0x0000,0x8100,0x813C,0x4148,0x2148,0x19C8,0x2148,0xC148,
   1960                  0x4148,0x213C,0x1900,0x2000,0x43FC,0x8020,0x0020,0x0000,
   1961                  0x0000,0x21F8,0x2220,0x2220,0x3E20,0x2220,0x2220,0x21F8,
   1962                  0x2000,0x0000,0xFFFC,0x0100,0x0100,0xFFFC,0x0000,0x0000,
   1963                  0x0000,0x013C,0x8148,0x8148,0x41C8,0x2148,0x1948,0x213C,
   1964                  0xC100,0x4000,0x23FC,0x1840,0x2040,0x43FC,0x8000,0x0000,
   1965                  0x0000,0x2000,0x21F8,0x2220,0x2220,0x3E20,0x2220,0x2220,
   1966                  0x2220,0x21F8,0x2000,0x0000,0xFFFC,0x0000,0x0000,0x0000,
   1967                  0x0000,0x0100,0x013C,0x1148,0x1148,0x11C8,0x1148,0x1148,
   1968                  0x1148,0x113C,0x1100,0x1000,0xE7FC,0x0000,0x0000,0x0000,
   1969                  0x0000,0x0200,0x023C,0x7248,0x8248,0x83C8,0x8248,0x8248,
   1970                  0x8248,0x823C,0x8200,0x8000,0x8FFC,0x0000,0x0000,0x0000,
   1971                  0x0000,0x0100,0x013C,0x4948,0xA948,0xA9C8,0xA948,0xA948,
   1972                  0xA948,0xA93C,0xA900,0xA800,0x93FC,0x0000,0x0000,0x0000,
   1973                  0x0000,0x0100,0x013C,0x7948,0x8948,0x89C8,0x8948,0x8948,
   1974                  0x8948,0x893C,0x8900,0x8800,0x7BFC,0x0000,0x0000,0x0000,
   1975                  0x0000,0x0100,0x013C,0x7948,0x9148,0x91C8,0x9148,0x9148,
   1976                  0x9148,0x913C,0x9100,0x9000,0x7BFC,0x0000,0x0000,0x0000,
   1977                  0x0000,0x0000,0x4000,0x41F8,0x4220,0x7E20,0x4220,0x4220,
   1978                  0x4220,0x4220,0x4220,0x7E20,0x4220,0x41F8,0x4000,0x0000,
   1979                  0x0000,0x0000,0x0400,0x747C,0x8490,0x8790,0x8490,0x8490,
   1980                  0x8490,0x8490,0x8490,0x8790,0x8490,0x847C,0x0400,0x0000,
   1981                  0x0000,0x0000,0x0200,0x023C,0x0248,0x0248,0x0248,0x0248,
   1982                  0xFE48,0x0248,0x0248,0x0248,0x0248,0x023C,0x0200,0x0000,
   1983                  0x0000,0x0000,0x0100,0x093C,0x0948,0x0948,0x0948,0x0948,
   1984                  0x0F48,0x0948,0x0948,0x0948,0x0948,0xF13C,0x0100,0x0000,
   1985                  0x0000,0x0000,0x0200,0x723C,0x8248,0x8248,0x8248,0x8248,
   1986                  0x9E48,0x8248,0x8248,0x8248,0x8248,0x823C,0x0200,0x0000,
   1987                  0x0000,0x0000,0x0100,0x713C,0x8948,0x8948,0x8948,0x8948,
   1988                  0x8F48,0x8948,0x8948,0x8948,0x8948,0x893C,0x0100,0x0000,
   1989                  0x0000,0x0000,0x0100,0x653C,0x9548,0x9548,0x9548,0x9548,
   1990                  0x9748,0x9548,0x9548,0x9548,0x9548,0x893C,0x0100,0x0000,
   1991                  0x0000,0x0000,0x0100,0x653C,0x9548,0x9548,0x9548,0x8948,
   1992                  0x8748,0x0548,0x0548,0x0548,0x0548,0xF93C,0x0100,0x0000,
   1993                  0x0000,0x0000,0x0100,0x653C,0x9548,0x9548,0x9548,0x8948,
   1994                  0x0748,0x7D48,0x8548,0x8548,0x8548,0x7D3C,0x0100,0x0000,
   1995                  0x0000,0x0000,0x0100,0x793C,0x8948,0x8948,0x8948,0x8948,
   1996                  0x8F48,0x8948,0x8948,0x8948,0x8948,0x793C,0x0100,0x0000,
   1997                  0x0000,0x0000,0x0100,0x7D3C,0x9148,0x9148,0x9148,0x9148,
   1998                  0x9748,0x9148,0x9148,0x9148,0x9148,0x7D3C,0x0100,0x0000,
   1999                  0x0000,0x0000,0x0100,0x813C,0x8148,0x4148,0x4148,0x2148,
   2000                  0x1748,0x2148,0x4148,0x4148,0x8148,0x813C,0x0100,0x0000,
   2001                  0x0000,0x0000,0x0100,0x213C,0x5148,0x5148,0x8948,0x8948,
   2002                  0x8F48,0x8948,0x8948,0x5148,0x5148,0x213C,0x0100,0x0000,
   2003                  0x0000,0x0000,0x0100,0x793C,0x9548,0x9548,0x9548,0x9548,
   2004                  0x9748,0x9548,0x9548,0x9548,0x9548,0x953C,0x0100,0x0000,
   2005                  0x0000,0x0000,0x0100,0x893C,0x8948,0xF948,0x8948,0x8948,
   2006                  0x8F48,0x8948,0x8948,0xF948,0x8948,0x893C,0x0100,0x0000,
   2007                  0x0000,0x0200,0x023C,0x0248,0x4248,0x3E48,0x0248,0x0248,
   2008                  0x1248,0x123C,0x1200,0x1000,0xFFFC,0x0000,0x0000,0x0000,
   2009                  0x0000,0x0080,0x009C,0x48A8,0xA8A8,0xAFA8,0xA8A8,0xA8A8,
   2010                  0xA8A8,0xAA9C,0xAA80,0xAA00,0x97FC,0x0000,0x0000,0x0000,
   2011                  0x0000,0x0080,0x809C,0x80A8,0x40A8,0x37A8,0x20A8,0x40A8,
   2012                  0x80A8,0x829C,0x4280,0x3200,0x27FC,0x4000,0x8000,0x0000,
   2013                  0x0000,0x0200,0x027C,0x0290,0x4290,0x3E90,0x0290,0x027C,
   2014                  0x1200,0x1000,0xFFFC,0x0000,0x0000,0xFFFC,0x0000,0x0000,
   2015                  0x0000,0x0200,0x023C,0x0248,0x4248,0x3E48,0x0248,0x0248,
   2016                  0x0248,0x023C,0x0200,0x0000,0xFFFC,0x0000,0x0000,0x0000,
   2017                  0x0000,0x0100,0x011C,0x1128,0x1128,0x1728,0x1128,0x1128,
   2018                  0x1128,0x111C,0x1100,0x1000,0xE7FC,0x0000,0x0000,0x0000,
   2019                  0x0000,0x0200,0x023C,0x6248,0x8248,0x9E48,0x8248,0x8248,
   2020                  0x8248,0x823C,0x8200,0x8000,0x9FFC,0x0000,0x0000,0x0000,
   2021                  0x0000,0x0100,0x011C,0x4928,0xA928,0xAF28,0xA928,0xA928,
   2022                  0xA928,0xA91C,0xA900,0xA800,0x93FC,0x0000,0x0000,0x0000,
   2023                  0x0000,0x0100,0x011C,0x7128,0x5128,0x8F28,0x8928,0x8928,
   2024                  0x8928,0x891C,0x8900,0x5000,0x77FC,0x0000,0x0000,0x0000,
   2025                  0x0000,0x0000,0x0400,0x047C,0x8490,0x7C90,0x0490,0x0490,
   2026                  0x0490,0x0490,0x0490,0xFC90,0x0490,0x047C,0x0400,0x0000,
   2027                  0x0000,0x0000,0x0200,0x727C,0x8290,0x8290,0x9E90,0x8290,
   2028                  0x8290,0x8290,0x8290,0x9E90,0x8290,0x827C,0x0200,0x0000,
   2029                  0x0000,0x0000,0x0100,0x653C,0x9548,0x9748,0x9548,0x9548,
   2030                  0x9548,0x9548,0x9548,0x9748,0x9548,0x893C,0x0100,0x0000,
   2031                  0x0000,0x0000,0x0100,0x793C,0x8948,0x8F48,0x8948,0x8948,
   2032                  0x8948,0x8948,0x8948,0x8F48,0x8948,0x793C,0x0100,0x0000,
   2033                  0x0000,0x0000,0x0100,0x813C,0x8148,0x4748,0x4148,0x2148,
   2034                  0x1948,0x2148,0x4148,0x4748,0x8148,0x813C,0x0100,0x0000,
   2035                  0x0000,0x0000,0x0100,0x213C,0x5148,0x5748,0x8948,0x8948,
   2036                  0x8948,0x8948,0x8948,0x5748,0x5148,0x213C,0x0100,0x0000,
   2037                  0x0000,0x0000,0x4000,0x41F8,0x4220,0x4220,0x4220,0x4220,
   2038                  0x4220,0x4220,0x4220,0x4220,0x4220,0x41F8,0x4000,0x0000,
   2039                  0x0000,0x0000,0x0100,0x093C,0x0948,0x0948,0x0948,0x0948,
   2040                  0x0948,0x0948,0x0948,0x0948,0x0948,0xF13C,0x0100,0x0000,
   2041                  0x0000,0x0000,0x0200,0x727C,0x8290,0x8290,0x8290,0x8290,
   2042                  0x8290,0x8290,0x8290,0x8290,0x8290,0x827C,0x0200,0x0000,
   2043                  0x0000,0x0000,0x0100,0x653C,0x9548,0x9548,0x9548,0x9548,
   2044                  0x9548,0x9548,0x9548,0x9548,0x9548,0x893C,0x0100,0x0000,
   2045                  0x0000,0x0000,0x0100,0x793C,0x8948,0x8948,0x8948,0x8948,
   2046                  0x8948,0x8948,0x8948,0x8948,0x8948,0x793C,0x0100,0x0000,
   2047                  0x0000,0x0000,0x0100,0x7D3C,0x9148,0x9148,0x9148,0x9148,
   2048                  0x9148,0x9148,0x9148,0x9148,0x9148,0x7D3C,0x0100,0x0000,
   2049                  0x0000,0x0000,0x0100,0x813C,0x8148,0x4148,0x4148,0x2148,
   2050                  0x1948,0x2148,0x4148,0x4148,0x8148,0x813C,0x0100,0x0000,
   2051                  0x0000,0x0000,0x1FF8,0x2080,0x2080,0x2080,0x2080,0x2080,
   2052                  0x1FF8,0x0000,0x0000,0x0000,0xFFFC,0x0000,0x0000,0x0000,
   2053                  0x0000,0x0000,0x00FC,0x0910,0x0910,0x0910,0x0910,0x0910,
   2054                  0x08FC,0x0800,0x0800,0x0800,0xF3FC,0x0000,0x0000,0x0000,
   2055                  0x0000,0x0000,0x01FC,0x7220,0x8220,0x8220,0x8220,0x8220,
   2056                  0x81FC,0x8000,0x8000,0x8000,0x8FFC,0x0000,0x0000,0x0000,
   2057                  0x0000,0x0000,0x007C,0x6490,0x9490,0x9490,0x9490,0x9490,
   2058                  0x947C,0x9400,0x9400,0x9400,0x89FC,0x0000,0x0000,0x0000,
   2059                  0x0000,0x0000,0x647C,0x9490,0x9490,0x9490,0x8890,0x0090,
   2060                  0x7C7C,0x8400,0x8400,0x8400,0x7DFC,0x0000,0x0000,0x0000,
   2061                  0x0000,0x0000,0x00FC,0x7910,0x8910,0x8910,0x8910,0x8910,
   2062                  0x88FC,0x8800,0x8800,0x8800,0x7BFC,0x0000,0x0000,0x0000,
   2063                  0x0000,0x0000,0x00FC,0x7D10,0x9110,0x9110,0x9110,0x9110,
   2064                  0x90FC,0x9000,0x9000,0x9000,0x7DFC,0x0000,0x0000,0x0000,
   2065                  0x0000,0x0000,0x00FC,0x8110,0x8110,0x4110,0x4110,0x2110,
   2066                  0x18FC,0x2000,0x4000,0x4000,0x87FC,0x8000,0x0000,0x0000,
   2067                  0x0000,0x0000,0x00FC,0x3110,0x4910,0x4910,0x8510,0x8510,
   2068                  0x84FC,0x8400,0x4800,0x4800,0x33FC,0x0000,0x0000,0x0000,
   2069                  0x0000,0x0000,0x80FC,0x8920,0x8920,0x4920,0x4920,0x2920,
   2070                  0x18FC,0x2800,0x4800,0x4800,0x8BFC,0x8000,0x0000,0x0000,
   2071                  0x0000,0x0000,0x007C,0x9090,0x9090,0x9090,0x5490,0x5490,
   2072                  0x347C,0x5400,0x5400,0x9000,0x93FC,0x9000,0x0000,0x0000,
   2073                  0x0000,0x1FF8,0x2080,0x2080,0x1FF8,0x0000,0x1FF8,0x2080,
   2074                  0x2080,0x1FF8,0x0000,0x0000,0xFFFC,0x0080,0x0080,0x0000,
   2075                  0x0000,0x00FC,0x0120,0x0920,0x08FC,0x0800,0x08FC,0x0920,
   2076                  0x0920,0x08FC,0x0800,0x0800,0xF3FC,0x0020,0x0020,0x0000,
   2077                  0x0000,0x01FC,0x0220,0x7220,0x81FC,0x8000,0x81FC,0x8220,
   2078                  0x8220,0x81FC,0x8000,0x8000,0x8FFC,0x0040,0x0040,0x0000,
   2079                  0x0000,0x007C,0x0090,0x6490,0x947C,0x9400,0x947C,0x9490,
   2080                  0x9490,0x947C,0x9400,0x9400,0x89FC,0x0020,0x0020,0x0000,
   2081                  0x0000,0x007C,0x6490,0x9490,0x947C,0x9400,0x887C,0x0090,
   2082                  0x7C90,0x847C,0x8400,0x8400,0x7DFC,0x0020,0x0020,0x0000,
   2083                  0x0000,0x00FC,0x0120,0x7920,0x88FC,0x8800,0x88FC,0x8920,
   2084                  0x8920,0x88FC,0x8800,0x8800,0x7BFC,0x0020,0x0020,0x0000,
   2085                  0x0000,0x00FC,0x0120,0x7D20,0x90FC,0x9000,0x90FC,0x9120,
   2086                  0x9120,0x90FC,0x9000,0x9000,0x7DFC,0x0020,0x0020,0x0000,
   2087                  0x0000,0x00FC,0x0120,0x8120,0x80FC,0x4000,0x40FC,0x2120,
   2088                  0x1920,0x20FC,0x4000,0x4000,0x87FC,0x8020,0x0020,0x0000,
   2089                  0x0000,0x80FC,0x8120,0x4120,0x20FC,0x1800,0x20FC,0xC120,
   2090                  0x4120,0x20FC,0x1800,0x2000,0x43FC,0x8020,0x0020,0x0000,
   2091                  0x0000,0x00FC,0x0120,0x3120,0x48FC,0x4800,0x84FC,0x8520,
   2092                  0x8520,0x84FC,0x4800,0x4800,0x33FC,0x0020,0x0020,0x0000,
   2093                  0x0000,0x007C,0x0090,0x0890,0x487C,0xA800,0xAA7C,0xAA90,
   2094                  0xAA90,0xAA7C,0xAA00,0xA800,0x49FC,0x0820,0x0020,0x0000,
   2095                  0x0000,0x1FF8,0x2080,0x1FF8,0x0000,0x1FF8,0x2080,0x1FF8,
   2096                  0x0000,0x0000,0xFFFC,0x0100,0x0100,0xFFFC,0x0000,0x0000,
   2097                  0x0000,0x00FC,0x0120,0x08FC,0x0800,0x08FC,0x0920,0x08FC,
   2098                  0x0800,0x0800,0x0BFC,0x0820,0x0820,0xF3FC,0x0000,0x0000,
   2099                  0x0000,0x01FC,0x0220,0x71FC,0x8000,0x81FC,0x8220,0x81FC,
   2100                  0x8000,0x8000,0x87FC,0x8040,0x8040,0x8FFC,0x0000,0x0000,
   2101                  0x0000,0x00FC,0x0120,0x64FC,0x9400,0x94FC,0x9520,0x94FC,
   2102                  0x9400,0x9400,0x95FC,0x9420,0x9420,0x89FC,0x0000,0x0000,
   2103                  0x0000,0x00FC,0x0120,0x78FC,0x8800,0x88FC,0x8920,0x88FC,
   2104                  0x8800,0x8800,0x8BFC,0x8820,0x8820,0x7BFC,0x0000,0x0000,
   2105                  0x0000,0x00FC,0x0120,0x7CFC,0x9000,0x90FC,0x9120,0x90FC,
   2106                  0x9000,0x9000,0x91FC,0x9020,0x9020,0x7DFC,0x0000,0x0000,
   2107                  0x0000,0x00FC,0x0120,0x80FC,0x8000,0x40FC,0x4120,0x20FC,
   2108                  0x1800,0x2000,0x43FC,0x4020,0x8020,0x87FC,0x0000,0x0000,
   2109                  0x0000,0x00FC,0x8120,0x80FC,0x4000,0x20FC,0x1920,0x20FC,
   2110                  0xC000,0x4000,0x21FC,0x1820,0x2020,0x43FC,0x8000,0x0000,
   2111                  0x0000,0x00FC,0x0120,0x30FC,0x4800,0x48FC,0x8520,0x84FC,
   2112                  0x8400,0x8400,0x85FC,0x4820,0x4820,0x33FC,0x0000,0x0000,
   2113                  0x0000,0x1FF8,0x2080,0x2080,0x1FF8,0x0000,0x1FF8,0x2080,
   2114                  0x2080,0x1FF8,0x0000,0x0000,0xFFFC,0x0420,0x0420,0x0000,
   2115                  0x0000,0x00FC,0x0120,0x0920,0x08FC,0x0800,0x08FC,0x0920,
   2116                  0x0920,0x08FC,0x0800,0x0800,0xF3FC,0x0048,0x0048,0x0000,
   2117                  0x0000,0x00FC,0x0120,0x7920,0x88FC,0x8800,0x88FC,0x8920,
   2118                  0x8920,0x88FC,0x8800,0x8800,0x7BFC,0x0048,0x0048,0x0000,
   2119                  0x0000,0x1FF8,0x2080,0x2080,0x1FF8,0x0000,0x1FF8,0x2080,
   2120                  0x2080,0x1FF8,0x0080,0x0080,0xFFFC,0x0000,0x0000,0x0000,
   2121                  0x0000,0x00FC,0x0120,0x0920,0x08FC,0x0800,0x08FC,0x0920,
   2122                  0x0920,0x08FC,0x0820,0x0820,0xF3FC,0x0000,0x0000,0x0000,
   2123                  0x0000,0x01FC,0x0220,0x7220,0x81FC,0x8000,0x81FC,0x8220,
   2124                  0x8220,0x81FC,0x8020,0x8020,0x8FFC,0x0000,0x0000,0x0000,
   2125                  0x0000,0x00FC,0x0120,0x7120,0x88FC,0x8800,0x88FC,0x8920,
   2126                  0x8920,0x88FC,0x8820,0x8820,0x8BFC,0x0000,0x0000,0x0000,
   2127                  0x0000,0x007C,0x0090,0x6490,0x947C,0x9400,0x947C,0x9490,
   2128                  0x9490,0x947C,0x9420,0x9420,0x89FC,0x0000,0x0000,0x0000,
   2129                  0x0000,0x00FC,0x0120,0x7920,0x88FC,0x8800,0x88FC,0x8920,
   2130                  0x8920,0x88FC,0x8820,0x8820,0x7BFC,0x0000,0x0000,0x0000,
   2131                  0x0000,0x00FC,0x0120,0x8120,0x80FC,0x4000,0x40FC,0x2120,
   2132                  0x1920,0x20FC,0x4020,0x4020,0x87FC,0x8000,0x0000,0x0000,
   2133                  0x0000,0x80FC,0x8120,0x4120,0x20FC,0x1800,0x20FC,0xC120,
   2134                  0x4120,0x20FC,0x1820,0x2020,0x43FC,0x8000,0x0000,0x0000,
   2135                  0x0000,0x00FC,0x0120,0x3120,0x48FC,0x4800,0x84FC,0x8520,
   2136                  0x8520,0x84FC,0x4820,0x4820,0x33FC,0x0000,0x0000,0x0000,
   2137                  0x0000,0x1FF8,0x2080,0x1FF8,0x0000,0x1FF8,0x2080,0x1FF8,
   2138                  0x0080,0x0080,0xFFFC,0x0000,0x0000,0xFFFC,0x0000,0x0000,
   2139                  0x0000,0x00FC,0x0120,0x30FC,0x4800,0x48FC,0x8520,0x84FC,
   2140                  0x8420,0x8420,0x85FC,0x4800,0x4800,0x33FC,0x0000,0x0000,
   2141                  0x0000,0x1FF8,0x2080,0x2080,0x1FF8,0x0000,0x1FF8,0x2080,
   2142                  0x2080,0x1FF8,0x0220,0x0220,0xFFFC,0x0000,0x0000,0x0000,
   2143                  0x0000,0x00FC,0x0120,0x0920,0x08FC,0x0800,0x08FC,0x0920,
   2144                  0x0920,0x08FC,0x0848,0x0848,0xF3FC,0x0000,0x0000,0x0000,
   2145                  0x0000,0x00FC,0x0120,0x7920,0x88FC,0x8800,0x88FC,0x8920,
   2146                  0x8920,0x88FC,0x8848,0x8848,0x7BFC,0x0000,0x0000,0x0000,
   2147                  0x0000,0x00FC,0x0120,0x7D20,0x90FC,0x9000,0x90FC,0x9120,
   2148                  0x9120,0x90FC,0x9048,0x9048,0x7DFC,0x0000,0x0000,0x0000,
   2149                  0x0000,0x00FC,0x0120,0x8120,0x80FC,0x4000,0x40FC,0x2120,
   2150                  0x1920,0x20FC,0x4048,0x4048,0x87FC,0x8000,0x0000,0x0000,
   2151                  0x0000,0x80FC,0x8120,0x4120,0x20FC,0x1800,0x20FC,0xC120,
   2152                  0x4120,0x20FC,0x1848,0x2048,0x43FC,0x8000,0x0000,0x0000,
   2153                  0x0000,0x00FC,0x0120,0x3120,0x48FC,0x4800,0x84FC,0x8520,
   2154                  0x8520,0x84FC,0x4848,0x4848,0x33FC,0x0000,0x0000,0x0000,
   2155                  0x0000,0x0000,0x4000,0x41F8,0x4220,0x4220,0x4220,0x41F8,
   2156                  0x7C00,0x41F8,0x4220,0x4220,0x4220,0x41F8,0x4000,0x0000,
   2157                  0x0000,0x0000,0x0100,0x093C,0x0948,0x0948,0x0948,0x093C,
   2158                  0x09C0,0x093C,0x0948,0x0948,0x0948,0xF13C,0x0100,0x0000,
   2159                  0x0000,0x0000,0x0400,0x747C,0x8490,0x8490,0x8490,0x847C,
   2160                  0x8780,0x847C,0x8490,0x8490,0x8490,0x847C,0x0400,0x0000,
   2161                  0x0000,0x0000,0x0100,0x653C,0x9548,0x9548,0x9548,0x953C,
   2162                  0x95C0,0x953C,0x9548,0x9548,0x9548,0x893C,0x0100,0x0000,
   2163                  0x0000,0x0000,0x0100,0x793C,0x8948,0x8948,0x8948,0x893C,
   2164                  0x89C0,0x893C,0x8948,0x8948,0x8948,0x793C,0x0100,0x0000,
   2165                  0x0000,0x0000,0x0100,0x7D3C,0x9148,0x9148,0x9148,0x913C,
   2166                  0x91C0,0x913C,0x9148,0x9148,0x9148,0x7D3C,0x0100,0x0000,
   2167                  0x0000,0x0000,0x0100,0x213C,0x5148,0x5148,0x8948,0x893C,
   2168                  0x89C0,0x893C,0x8948,0x5148,0x5148,0x213C,0x0100,0x0000,
   2169                  0x0000,0x21F8,0x2220,0x2220,0x21F8,0x3E00,0x21F8,0x2220,
   2170                  0x2220,0x21F8,0x2000,0x0000,0xFFFC,0x0000,0x0000,0x0000,
   2171                  0x0000,0x0000,0x4000,0x41F8,0x4220,0x7E20,0x4220,0x41F8,
   2172                  0x4000,0x41F8,0x4220,0x7E20,0x4220,0x41F8,0x4000,0x0000,
   2173                  0x0000,0x0000,0x0100,0x213C,0x5148,0x51C8,0x8948,0x893C,
   2174                  0x8900,0x893C,0x8948,0x51C8,0x5148,0x213C,0x0100,0x0000,
   2175                  0x0000,0x0000,0x0400,0x047C,0x0490,0x0490,0x0490,0x047C,
   2176                  0xFC00,0x047C,0x0490,0x0490,0x0490,0x047C,0x0400,0x0000,
   2177                  0x0000,0x0000,0x0100,0x093C,0x0948,0x0948,0x0948,0x093C,
   2178                  0x0F00,0x093C,0x0948,0x0948,0x0948,0xF13C,0x0100,0x0000,
   2179                  0x0000,0x0000,0x0200,0x723C,0x8248,0x8248,0x8248,0x823C,
   2180                  0x9E00,0x823C,0x8248,0x8248,0x8248,0x823C,0x0200,0x0000,
   2181                  0x0000,0x0000,0x0100,0x653C,0x9548,0x9548,0x9548,0x953C,
   2182                  0x9700,0x953C,0x9548,0x9548,0x9548,0x893C,0x0100,0x0000,
   2183                  0x0000,0x0000,0x0100,0x793C,0x8948,0x8948,0x8948,0x893C,
   2184                  0x8F00,0x893C,0x8948,0x8948,0x8948,0x793C,0x0100,0x0000,
   2185                  0x0000,0x0000,0x0100,0x813C,0x8148,0x4148,0x4148,0x213C,
   2186                  0x1700,0x213C,0x4148,0x4148,0x8148,0x813C,0x0100,0x0000,
   2187                  0x0000,0x0000,0x0100,0x213C,0x5148,0x5148,0x8948,0x893C,
   2188                  0x8F00,0x893C,0x8948,0x5148,0x5148,0x213C,0x0100,0x0000,
   2189                  0x0000,0x0000,0x0400,0x047C,0x8490,0x7C90,0x0490,0x047C,
   2190                  0x0400,0x047C,0x0490,0xFC90,0x0490,0x047C,0x0400,0x0000,
   2191                  0x0000,0x0000,0x0100,0x213C,0x5148,0x5748,0x8948,0x893C,
   2192                  0x8900,0x893C,0x8948,0x5748,0x5148,0x213C,0x0100,0x0000,
   2193                  0x0000,0x0000,0x4000,0x41F8,0x4220,0x4220,0x4220,0x41F8,
   2194                  0x4000,0x41F8,0x4220,0x4220,0x4220,0x41F8,0x4000,0x0000,
   2195                  0x0000,0x0000,0x0200,0x727C,0x8290,0x8290,0x8290,0x827C,
   2196                  0x8200,0x827C,0x8290,0x8290,0x8290,0x827C,0x0200,0x0000,
   2197                  0x0000,0x0000,0x0100,0x653C,0x9548,0x9548,0x9548,0x953C,
   2198                  0x9500,0x953C,0x9548,0x9548,0x9548,0x893C,0x0100,0x0000,
   2199                  0x0000,0x0000,0x0100,0x793C,0x8948,0x8948,0x8948,0x893C,
   2200                  0x8900,0x893C,0x8948,0x8948,0x8948,0x793C,0x0100,0x0000,
   2201                  0x0000,0x0000,0x0100,0x7D3C,0x9148,0x9148,0x9148,0x913C,
   2202                  0x9100,0x913C,0x9148,0x9148,0x9148,0x7D3C,0x0100,0x0000,
   2203                  0x0000,0x1FF8,0x2080,0x2080,0x1FF8,0x0000,0x1FF8,0x2080,
   2204                  0x2080,0x1FF8,0x0000,0x0000,0xFFFC,0x0000,0x0000,0x0000,
   2205                  0x0000,0x00FC,0x0120,0x0920,0x08FC,0x0800,0x08FC,0x0920,
   2206                  0x0920,0x08FC,0x0800,0x0800,0xF3FC,0x0000,0x0000,0x0000,
   2207                  0x0000,0x01FC,0x0220,0x7220,0x81FC,0x8000,0x81FC,0x8220,
   2208                  0x8220,0x81FC,0x8000,0x8000,0x8FFC,0x0000,0x0000,0x0000,
   2209                  0x0000,0x007C,0x0090,0x6490,0x947C,0x9400,0x947C,0x9490,
   2210                  0x9490,0x947C,0x9400,0x9400,0x89FC,0x0000,0x0000,0x0000,
   2211                  0x0000,0x00FC,0x0120,0x7920,0x88FC,0x8800,0x88FC,0x8920,
   2212                  0x8920,0x88FC,0x8800,0x8800,0x7BFC,0x0000,0x0000,0x0000,
   2213                  0x0000,0x00FC,0x0120,0x7D20,0x90FC,0x9000,0x90FC,0x9120,
   2214                  0x9120,0x90FC,0x9000,0x9000,0x7DFC,0x0000,0x0000,0x0000,
   2215                  0x0000,0x00FC,0x0120,0x8120,0x80FC,0x4000,0x40FC,0x2120,
   2216                  0x1920,0x20FC,0x4000,0x4000,0x87FC,0x8000,0x0000,0x0000,
   2217                  0x0000,0x00FC,0x0120,0x3120,0x48FC,0x4800,0x84FC,0x8520,
   2218                  0x8520,0x84FC,0x4800,0x4800,0x33FC,0x0000,0x0000,0x0000,
   2219                  0x0000,0x2000,0x1000,0x0C00,0x0300,0x00F8,0x0300,0x0C00,
   2220                  0x1000,0x2000,0x0000,0x0000,0xFFFC,0x0080,0x0080,0x0000,
   2221                  0x0000,0x0100,0x0080,0x0840,0x0830,0x081C,0x0820,0x0840,
   2222                  0x0880,0x0900,0x0800,0x0800,0xF3FC,0x0020,0x0020,0x0000,
   2223                  0x0000,0x0100,0x0880,0x0840,0x0830,0x081C,0xF020,0x8040,
   2224                  0x8080,0x4100,0x3800,0x4000,0x83FC,0x8020,0x0020,0x0000,
   2225                  0x0000,0x0200,0x0100,0x7080,0x8060,0x803C,0x8040,0x8080,
   2226                  0x8100,0x8200,0x8000,0x8000,0x8FFC,0x0040,0x0040,0x0000,
   2227                  0x0000,0x0100,0x0080,0x7040,0x8830,0x881C,0x8820,0x8840,
   2228                  0x8880,0x8900,0x8800,0x8800,0x8BFC,0x0020,0x0020,0x0000,
   2229                  0x0000,0x0100,0x0080,0x6440,0x9430,0x941C,0x9420,0x9440,
   2230                  0x9480,0x9500,0x9400,0x9400,0x89FC,0x0020,0x0020,0x0000,
   2231                  0x0000,0x0100,0x6480,0x9440,0x9430,0x941C,0x9420,0x8840,
   2232                  0x0480,0x0400,0x0400,0x0400,0xF9FC,0x0020,0x0020,0x0000,
   2233                  0x0000,0x0100,0x6480,0x9440,0x9430,0x941C,0x8820,0x0040,
   2234                  0x7C80,0x8400,0x8400,0x8400,0x7DFC,0x0020,0x0020,0x0000,
   2235                  0x0000,0x0100,0x0080,0x7840,0x8830,0x881C,0x8820,0x8840,
   2236                  0x8880,0x8900,0x8800,0x8800,0x7BFC,0x0020,0x0020,0x0000,
   2237                  0x0000,0x0100,0x0080,0x7C40,0x9030,0x901C,0x9020,0x9040,
   2238                  0x9080,0x9100,0x9000,0x9000,0x7DFC,0x0020,0x0020,0x0000,
   2239                  0x0000,0x0100,0x0080,0x8040,0x8030,0x401C,0x4020,0x2040,
   2240                  0x1880,0x2100,0x4000,0x4000,0x87FC,0x8020,0x0020,0x0000,
   2241                  0x0000,0x8100,0x8080,0x4040,0x2030,0x181C,0x2020,0xC040,
   2242                  0x4080,0x2100,0x1800,0x2000,0x43FC,0x8020,0x0020,0x0000,
   2243                  0x0000,0x0100,0x0080,0x3040,0x4830,0x481C,0x8420,0x8440,
   2244                  0x8480,0x8500,0x4800,0x4800,0x33FC,0x0020,0x0020,0x0000,
   2245                  0x0000,0x0100,0x0080,0x7840,0x9430,0x941C,0x9420,0x9440,
   2246                  0x9480,0x9400,0x9400,0x9400,0x95FC,0x0020,0x0020,0x0000,
   2247                  0x0000,0x2000,0x1800,0x0700,0x00F8,0x0300,0x0C00,0x3000,
   2248                  0x0000,0x0000,0xFFFC,0x0100,0x0100,0xFFFC,0x0000,0x0000,
   2249                  0x0000,0x0100,0x0080,0x0860,0x083C,0x0840,0x0880,0x0900,
   2250                  0x0800,0x0800,0x0BFC,0x0820,0x0820,0xF3FC,0x0000,0x0000,
   2251                  0x0000,0x0200,0x0100,0x70C0,0x807C,0x8080,0x8100,0x8200,
   2252                  0x8000,0x8000,0x87FC,0x8040,0x8040,0x8FFC,0x0000,0x0000,
   2253                  0x0000,0x0100,0x0080,0x6460,0x943C,0x9440,0x9480,0x9500,
   2254                  0x9400,0x9400,0x95FC,0x9420,0x9420,0x89FC,0x0000,0x0000,
   2255                  0x0000,0x0100,0x0080,0x7860,0x883C,0x8840,0x8880,0x8900,
   2256                  0x8800,0x8800,0x8BFC,0x8820,0x8820,0x7BFC,0x0000,0x0000,
   2257                  0x0000,0x0100,0x0080,0x7C60,0x903C,0x9040,0x9080,0x9100,
   2258                  0x9000,0x9000,0x91FC,0x9020,0x9020,0x7DFC,0x0000,0x0000,
   2259                  0x0000,0x0100,0x0080,0x8060,0x803C,0x4040,0x4080,0x2100,
   2260                  0x1800,0x2000,0x43FC,0x4020,0x8020,0x87FC,0x0000,0x0000,
   2261                  0x0000,0x0100,0x8080,0x8060,0x403C,0x2040,0x1880,0x2100,
   2262                  0xC000,0x4000,0x21FC,0x1820,0x2020,0x43FC,0x8000,0x0000,
   2263                  0x0000,0x0100,0x0080,0x3060,0x481C,0x4820,0x8440,0x8480,
   2264                  0x8400,0x8400,0x85FC,0x4820,0x4820,0x33FC,0x0000,0x0000,
   2265                  0x0000,0x2000,0x1000,0x0C00,0x0300,0x00F8,0x0300,0x0C00,
   2266                  0x1000,0x2000,0x0000,0x0000,0xFFFC,0x0420,0x0420,0x0000,
   2267                  0x0000,0x0100,0x0080,0x0840,0x0830,0x081C,0x0820,0x0840,
   2268                  0x0880,0x0900,0x0800,0x0800,0xF3FC,0x0048,0x0048,0x0000,
   2269                  0x0000,0x0200,0x0100,0x7080,0x8060,0x803C,0x8040,0x8080,
   2270                  0x8100,0x8200,0x8000,0x8000,0x8FFC,0x0110,0x0110,0x0000,
   2271                  0x0000,0x0100,0x0080,0x6440,0x9430,0x941C,0x9420,0x9440,
   2272                  0x9480,0x9400,0x9400,0x9400,0x89FC,0x0048,0x0048,0x0000,
   2273                  0x0000,0x0100,0x0080,0x7840,0x8830,0x881C,0x8820,0x8840,
   2274                  0x8880,0x8900,0x8800,0x8800,0x7BFC,0x0048,0x0048,0x0000,
   2275                  0x0000,0x0100,0x0080,0x7C40,0x9030,0x901C,0x9020,0x9040,
   2276                  0x9080,0x9100,0x9000,0x9000,0x7DFC,0x0048,0x0048,0x0000,
   2277                  0x0000,0x0100,0x0080,0x8040,0x8030,0x401C,0x4020,0x2040,
   2278                  0x1880,0x2100,0x4000,0x4000,0x87FC,0x8048,0x0048,0x0000,
   2279                  0x0000,0x0100,0x0080,0x3040,0x4830,0x481C,0x8420,0x8440,
   2280                  0x8480,0x8500,0x4800,0x4800,0x33FC,0x0048,0x0048,0x0000,
   2281                  0x0000,0x2000,0x1800,0x0700,0x00F8,0x0300,0x0C00,0x3000,
   2282                  0x0000,0x0000,0xFFFC,0x0820,0x0820,0xFFFC,0x0000,0x0000,
   2283                  0x0000,0x0200,0x0100,0x70C0,0x807C,0x8080,0x8100,0x8200,
   2284                  0x8000,0x8000,0x87FC,0x8110,0x8110,0x8FFC,0x0000,0x0000,
   2285                  0x0000,0x0100,0x0080,0x6460,0x943C,0x9440,0x9480,0x9500,
   2286                  0x9400,0x9400,0x95FC,0x9490,0x9490,0x89FC,0x0000,0x0000,
   2287                  0x0000,0x0100,0x0080,0x7860,0x883C,0x8840,0x8880,0x8900,
   2288                  0x8800,0x8800,0x8BFC,0x8890,0x8890,0x7BFC,0x0000,0x0000,
   2289                  0x0000,0x0100,0x0080,0x3060,0x483C,0x4840,0x8480,0x8500,
   2290                  0x8400,0x8400,0x85FC,0x4890,0x4890,0x33FC,0x0000,0x0000,
   2291                  0x0000,0x1000,0x0800,0x0600,0x0180,0x0078,0x0180,0x0600,
   2292                  0x0880,0x1080,0x0080,0x0080,0xFFFC,0x0000,0x0000,0x0000,
   2293                  0x0000,0x0100,0x0080,0x0840,0x0830,0x081C,0x0820,0x0840,
   2294                  0x0880,0x0920,0x0820,0x0820,0xF3FC,0x0000,0x0000,0x0000,
   2295                  0x0000,0x0100,0x0880,0x0840,0x0830,0x081C,0xF020,0x0040,
   2296                  0x0880,0x0910,0x0810,0x0810,0xF3FC,0x0000,0x0000,0x0000,
   2297                  0x0000,0x0100,0x0880,0x0840,0x0830,0x081C,0xF020,0x8040,
   2298                  0x8080,0x4110,0x3810,0x4010,0x83FC,0x8000,0x0000,0x0000,
   2299                  0x0000,0x0200,0x0100,0x7080,0x8060,0x803C,0x8040,0x8080,
   2300                  0x8120,0x8220,0x8020,0x8020,0x9FFC,0x0000,0x0000,0x0000,
   2301                  0x0000,0x0100,0x0080,0x7040,0x8830,0x881C,0x8820,0x8840,
   2302                  0x8880,0x8910,0x8810,0x8810,0x8BFC,0x0000,0x0000,0x0000,
   2303                  0x0000,0x0100,0x0080,0x6440,0x9430,0x941C,0x9420,0x9440,
   2304                  0x9480,0x9520,0x9420,0x9420,0x89FC,0x0000,0x0000,0x0000,
   2305                  0x0000,0x0100,0x6480,0x9440,0x9430,0x941C,0x8820,0x0040,
   2306                  0x7C80,0x8410,0x8410,0x8410,0x7DFC,0x0000,0x0000,0x0000,
   2307                  0x0000,0x0100,0x6480,0x9440,0x9430,0x941C,0x8820,0x0040,
   2308                  0x7C80,0x9010,0x9010,0x9010,0x7DFC,0x0000,0x0000,0x0000,
   2309                  0x0000,0x0100,0x0080,0x7840,0x8830,0x881C,0x8820,0x8840,
   2310                  0x8880,0x8910,0x8810,0x8810,0x7BFC,0x0000,0x0000,0x0000,
   2311                  0x0000,0x0100,0x0080,0x7C40,0x9030,0x901C,0x9020,0x9040,
   2312                  0x9080,0x9110,0x9010,0x9010,0x7DFC,0x0000,0x0000,0x0000,
   2313                  0x0000,0x0100,0x0080,0x8040,0x8030,0x401C,0x4020,0x2040,
   2314                  0x1880,0x2110,0x4010,0x4010,0x87FC,0x8000,0x0000,0x0000,
   2315                  0x0000,0x8100,0x8080,0x4040,0x2030,0x181C,0x2020,0xC040,
   2316                  0x4080,0x2110,0x1810,0x2010,0x43FC,0x8000,0x0000,0x0000,
   2317                  0x0000,0x0100,0x0080,0x3040,0x4830,0x481C,0x8420,0x8440,
   2318                  0x8480,0x8520,0x4820,0x4820,0x33FC,0x0000,0x0000,0x0000,
   2319                  0x0000,0x0100,0x0080,0x8840,0x8830,0xF81C,0x8820,0x8840,
   2320                  0x8880,0x8910,0xF810,0x8810,0x8BFC,0x0000,0x0000,0x0000,
   2321                  0x0000,0x1800,0x0600,0x01C0,0x003C,0x01C0,0x0600,0x1880,
   2322                  0x0080,0x0080,0xFFFC,0x0000,0x0000,0xFFFC,0x0000,0x0000,
   2323                  0x0000,0x0100,0x0080,0x0860,0x083C,0x0840,0x0880,0x0920,
   2324                  0x0820,0x0820,0x0BFC,0x0800,0x0800,0xF3FC,0x0000,0x0000,
   2325                  0x0000,0x0200,0x0100,0x70C0,0x807C,0x8080,0x8100,0x8220,
   2326                  0x8020,0x8020,0x8FFC,0x8000,0x8000,0x9FFC,0x0000,0x0000,
   2327                  0x0000,0x0100,0x0080,0x6460,0x943C,0x9440,0x9480,0x9520,
   2328                  0x9420,0x9420,0x95FC,0x9400,0x9400,0x89FC,0x0000,0x0000,
   2329                  0x0000,0x0100,0x0080,0x7860,0x883C,0x8840,0x8880,0x8920,
   2330                  0x8820,0x8820,0x8BFC,0x8800,0x8800,0x7BFC,0x0000,0x0000,
   2331                  0x0000,0x0100,0x0080,0x7C60,0x903C,0x9040,0x9080,0x9120,
   2332                  0x9020,0x9020,0x91FC,0x9000,0x9000,0x7DFC,0x0000,0x0000,
   2333                  0x0000,0x0100,0x0080,0x8060,0x803C,0x4040,0x4080,0x2120,
   2334                  0x1820,0x2020,0x43FC,0x4000,0x8000,0x87FC,0x0000,0x0000,
   2335                  0x0000,0x0100,0x8080,0x8060,0x403C,0x2040,0x1880,0x2120,
   2336                  0xC020,0x4020,0x21FC,0x1800,0x2000,0x43FC,0x8000,0x0000,
   2337                  0x0000,0x0100,0x0080,0x3060,0x483C,0x4840,0x8480,0x8520,
   2338                  0x8420,0x8420,0x85FC,0x4800,0x4800,0x33FC,0x0000,0x0000,
   2339                  0x0000,0x2000,0x1000,0x0C00,0x0300,0x00F8,0x0300,0x0C00,
   2340                  0x3000,0x0420,0x0420,0x0420,0xFFFC,0x0000,0x0000,0x0000,
   2341                  0x0000,0x0100,0x0080,0x0840,0x0830,0x081C,0x0820,0x0840,
   2342                  0x0880,0x0948,0x0848,0x0848,0xF3FC,0x0000,0x0000,0x0000,
   2343                  0x0000,0x0200,0x0100,0x7080,0x8060,0x803C,0x8040,0x8080,
   2344                  0x8100,0x8290,0x8090,0x8090,0x8FFC,0x0000,0x0000,0x0000,
   2345                  0x0000,0x0100,0x0080,0x6440,0x9430,0x941C,0x9420,0x9440,
   2346                  0x9480,0x9448,0x9448,0x9448,0x8BFC,0x0000,0x0000,0x0000,
   2347                  0x0000,0x0100,0x0080,0x7840,0x8830,0x881C,0x8820,0x8840,
   2348                  0x8880,0x8948,0x8848,0x8848,0x7BFC,0x0000,0x0000,0x0000,
   2349                  0x0000,0x0100,0x0080,0x7C40,0x9030,0x901C,0x9020,0x9040,
   2350                  0x9080,0x9148,0x9048,0x9048,0x7FFC,0x0000,0x0000,0x0000,
   2351                  0x0000,0x0100,0x0080,0x8040,0x8030,0x401C,0x4020,0x2040,
   2352                  0x1880,0x2148,0x4048,0x4048,0x87FC,0x8000,0x0000,0x0000,
   2353                  0x0000,0x8100,0x8080,0x4040,0x2030,0x181C,0x2020,0xC040,
   2354                  0x4080,0x2148,0x1848,0x2048,0x43FC,0x8000,0x0000,0x0000,
   2355                  0x0000,0x0100,0x0080,0x3040,0x4830,0x481C,0x8420,0x8440,
   2356                  0x8480,0x8548,0x4848,0x4848,0x33FC,0x0000,0x0000,0x0000,
   2357                  0x0000,0x2000,0x1800,0x0700,0x00F8,0x0300,0x0C00,0x3420,
   2358                  0x0420,0x0420,0xFFFC,0x0000,0x0000,0xFFFC,0x0000,0x0000,
   2359                  0x0000,0x0200,0x0100,0x70C0,0x807C,0x8080,0x8100,0x8200,
   2360                  0x8090,0x8090,0x87FC,0x8000,0x8000,0x8FFC,0x0000,0x0000,
   2361                  0x0000,0x0100,0x0080,0x6460,0x943C,0x9440,0x9480,0x9548,
   2362                  0x9448,0x9448,0x95FC,0x9400,0x9400,0x89FC,0x0000,0x0000,
   2363                  0x0000,0x0100,0x0080,0x3060,0x483C,0x4840,0x8480,0x8548,
   2364                  0x8448,0x8448,0x85FC,0x4800,0x4800,0x33FC,0x0000,0x0000,
   2365                  0x0000,0x0000,0x4200,0x4200,0x4100,0x4100,0x4080,0x4040,
   2366                  0x7C38,0x4040,0x4080,0x4100,0x4100,0x4200,0x4200,0x0000,
   2367                  0x0000,0x0000,0x0120,0x0920,0x0920,0x0910,0x0910,0x0908,
   2368                  0x09C4,0x0908,0x0910,0x0910,0x0920,0xF120,0x0120,0x0000,
   2369                  0x0000,0x0000,0x0100,0x0920,0x0920,0x0910,0x0910,0xF108,
   2370                  0x01C4,0x0908,0x0910,0x0910,0x0920,0xF120,0x0100,0x0000,
   2371                  0x0000,0x0000,0x0400,0x7440,0x8440,0x8420,0x8420,0x8410,
   2372                  0x878C,0x8410,0x8420,0x8420,0x8440,0x8440,0x0400,0x0000,
   2373                  0x0000,0x0000,0x0100,0x6520,0x9520,0x9510,0x9510,0x9508,
   2374                  0x95C4,0x9508,0x9510,0x9510,0x9520,0x8920,0x0100,0x0000,
   2375                  0x0000,0x0000,0x0100,0x6520,0x9520,0x9510,0x9510,0x8908,
   2376                  0x01C4,0x7D08,0x8510,0x8510,0x8520,0x7D20,0x0100,0x0000,
   2377                  0x0000,0x0000,0x0100,0x7920,0x8920,0x8910,0x8910,0x8908,
   2378                  0x89C4,0x8908,0x8910,0x8910,0x8920,0x7920,0x0100,0x0000,
   2379                  0x0000,0x0000,0x0100,0x7D20,0x9120,0x9110,0x9110,0x9108,
   2380                  0x91C4,0x9108,0x9110,0x9110,0x9120,0x7D20,0x0100,0x0000,
   2381                  0x0000,0x0000,0x0100,0x8120,0x8120,0x4110,0x4110,0x2108,
   2382                  0x19C4,0x2108,0x4110,0x4110,0x8120,0x8120,0x0100,0x0000,
   2383                  0x0000,0x0000,0x0120,0x3120,0x4920,0x4910,0x8510,0x8508,
   2384                  0x85C4,0x8508,0x8510,0x4910,0x4920,0x3120,0x0120,0x0000,
   2385                  0x0000,0x0000,0x0100,0x7920,0x9520,0x9510,0x9510,0x9508,
   2386                  0x95C4,0x9508,0x9510,0x9510,0x9520,0x9520,0x0100,0x0000,
   2387                  0x0000,0x2100,0x2100,0x2080,0x2040,0x3E38,0x2040,0x2080,
   2388                  0x2100,0x2100,0x2000,0x0000,0xFFFC,0x0100,0x0100,0x0000,
   2389                  0x0000,0x0120,0x0120,0x1110,0x1110,0x11CC,0x1110,0x1110,
   2390                  0x1120,0x1120,0x1100,0x1000,0xE7FC,0x0020,0x0020,0x0000,
   2391                  0x0000,0x0240,0x0240,0x7220,0x8210,0x83CC,0x8210,0x8220,
   2392                  0x8240,0x8240,0x8200,0x8000,0x9FFC,0x0080,0x0080,0x0000,
   2393                  0x0000,0x0120,0x0120,0x4910,0xA910,0xA9CC,0xA910,0xA910,
   2394                  0xA920,0xA920,0xA900,0xA800,0x93FC,0x0020,0x0020,0x0000,
   2395                  0x0000,0x0120,0x0120,0x7110,0x5110,0x89CC,0x8910,0x8910,
   2396                  0x8920,0x8920,0x8900,0x5000,0x77FC,0x0020,0x0020,0x0000,
   2397                  0x0000,0x2100,0x2080,0x2040,0x3E38,0x2040,0x2080,0x2100,
   2398                  0x2000,0x0000,0xFFFC,0x0100,0x0100,0xFFFC,0x0000,0x0000,
   2399                  0x0000,0x0240,0x0220,0x7210,0x83CC,0x8210,0x8220,0x8240,
   2400                  0x8200,0x8000,0x8FFC,0x8040,0x8040,0x9FFC,0x0000,0x0000,
   2401                  0x0000,0x0120,0x0120,0x4910,0xA9CC,0xA910,0xA920,0xA920,
   2402                  0xA900,0xA800,0xABFC,0xA840,0xA840,0x93FC,0x0000,0x0000,
   2403                  0x0000,0x0120,0x0120,0x7910,0x89CC,0x8910,0x8920,0x8920,
   2404                  0x8900,0x8800,0x8BFC,0x8840,0x8840,0x7BFC,0x0000,0x0000,
   2405                  0x0000,0x0120,0x0120,0x8110,0x81CC,0x4110,0x4120,0x2120,
   2406                  0x1900,0x2000,0x43FC,0x4040,0x8040,0x87FC,0x0000,0x0000,
   2407                  0x0000,0x0120,0x8120,0x8110,0x41CC,0x2110,0x1920,0x2120,
   2408                  0xC100,0x4000,0x23FC,0x1840,0x2040,0x43FC,0x8000,0x0000,
   2409                  0x0000,0x2000,0x2100,0x2100,0x2080,0x2040,0x3E38,0x2040,
   2410                  0x2080,0x2100,0x2100,0x0000,0xFFFC,0x0000,0x0000,0x0000,
   2411                  0x0000,0x0240,0x0240,0x7220,0x8210,0x83CC,0x8210,0x8220,
   2412                  0x8240,0x8240,0x8200,0x8000,0x8FFC,0x0000,0x0000,0x0000,
   2413                  0x0000,0x0120,0x0120,0x4910,0xA910,0xA9CC,0xA910,0xA910,
   2414                  0xA920,0xA920,0xA900,0xA800,0x93FC,0x0000,0x0000,0x0000,
   2415                  0x0000,0x0120,0x0120,0x7910,0x8910,0x89CC,0x8910,0x8910,
   2416                  0x8920,0x8920,0x8900,0x8800,0x7BFC,0x0000,0x0000,0x0000,
   2417                  0x0000,0x0120,0x0120,0x7910,0x9110,0x91CC,0x9110,0x9110,
   2418                  0x9120,0x9120,0x9100,0x9000,0x7BFC,0x0000,0x0000,0x0000,
   2419                  0x0000,0x0120,0x0120,0x8110,0x8110,0x41CC,0x4110,0x2110,
   2420                  0x1920,0x2120,0x4100,0x4000,0x87FC,0x8000,0x0000,0x0000,
   2421                  0x0000,0x0000,0x4200,0x4200,0x4100,0x7D00,0x4080,0x4040,
   2422                  0x4038,0x4040,0x4080,0x7D00,0x4100,0x4200,0x4200,0x0000,
   2423                  0x0000,0x0000,0x0100,0x0920,0x0920,0x09D0,0x0910,0x0908,
   2424                  0x0904,0x0908,0x0910,0x09D0,0x0920,0xF120,0x0100,0x0000,
   2425                  0x0000,0x0000,0x0400,0x7440,0x8440,0x87A0,0x8420,0x8410,
   2426                  0x840C,0x8410,0x8420,0x87A0,0x8440,0x8440,0x0400,0x0000,
   2427                  0x0000,0x0000,0x0100,0x6520,0x9520,0x95D0,0x9510,0x9508,
   2428                  0x9504,0x9508,0x9510,0x95D0,0x9520,0x8920,0x0100,0x0000,
   2429                  0x0000,0x0000,0x0100,0x7920,0x8920,0x89D0,0x8910,0x8908,
   2430                  0x8904,0x8908,0x8910,0x89D0,0x8920,0x7920,0x0100,0x0000,
   2431                  0x0000,0x0000,0x0100,0x7D20,0x9120,0x91D0,0x9110,0x9108,
   2432                  0x9104,0x9108,0x9110,0x91D0,0x9120,0x7D20,0x0100,0x0000,
   2433                  0x0000,0x0000,0x0100,0x8120,0x8120,0x41D0,0x4110,0x2108,
   2434                  0x1904,0x2108,0x4110,0x41D0,0x8120,0x8120,0x0100,0x0000,
   2435                  0x0000,0x0000,0x0100,0x2120,0x5120,0x51D0,0x8910,0x8908,
   2436                  0x8904,0x8908,0x8910,0x51D0,0x5120,0x2120,0x0100,0x0000,
   2437                  0x0000,0x0000,0x0240,0x0240,0x0240,0x0220,0x0220,0x0210,
   2438                  0xFE0C,0x0210,0x0220,0x0220,0x0240,0x0240,0x0240,0x0000,
   2439                  0x0000,0x0000,0x0140,0x0940,0x0940,0x0920,0x0920,0x0910,
   2440                  0x0F0C,0x0910,0x0920,0x0920,0x0940,0xF140,0x0140,0x0000,
   2441                  0x0000,0x0000,0x0240,0x7240,0x8240,0x8220,0x8220,0x8210,
   2442                  0x9E0C,0x8210,0x8220,0x8220,0x8240,0x8240,0x0240,0x0000,
   2443                  0x0000,0x0000,0x0100,0x7140,0x8940,0x8920,0x8920,0x8910,
   2444                  0x8F0C,0x8910,0x8920,0x8920,0x8940,0x8940,0x0100,0x0000,
   2445                  0x0000,0x0000,0x0100,0x6540,0x9540,0x9520,0x9520,0x9510,
   2446                  0x970C,0x9510,0x9520,0x9520,0x9540,0x8940,0x0100,0x0000,
   2447                  0x0000,0x0000,0x0100,0x7940,0x8940,0x8920,0x8920,0x8910,
   2448                  0x8F0C,0x8910,0x8920,0x8920,0x8940,0x7940,0x0100,0x0000,
   2449                  0x0000,0x0000,0x0100,0x7D40,0x9140,0x9120,0x9120,0x9110,
   2450                  0x970C,0x9110,0x9120,0x9120,0x9140,0x7D40,0x0100,0x0000,
   2451                  0x0000,0x0000,0x0100,0x8140,0x8140,0x4120,0x4120,0x2110,
   2452                  0x170C,0x2110,0x4120,0x4120,0x8140,0x8140,0x0100,0x0000,
   2453                  0x0000,0x0000,0x0100,0x2140,0x5140,0x5120,0x8920,0x8910,
   2454                  0x8F0C,0x8910,0x8920,0x5120,0x5140,0x2140,0x0100,0x0000,
   2455                  0x0000,0x0000,0x0100,0x9140,0x9140,0x9120,0x5520,0x5510,
   2456                  0x370C,0x5510,0x5520,0x9120,0x9140,0x9140,0x0100,0x0000,
   2457                  0x0000,0x0000,0x0100,0x7940,0x9540,0x9520,0x9520,0x9510,
   2458                  0x970C,0x9510,0x9520,0x9520,0x9540,0x9540,0x0100,0x0000,
   2459                  0x0000,0x0000,0x0100,0x8940,0x8940,0xF920,0x8920,0x8910,
   2460                  0x8F0C,0x8910,0x8920,0xF920,0x8940,0x8940,0x0100,0x0000,
   2461                  0x0000,0x0240,0x0240,0x0220,0x4210,0x3E0C,0x0210,0x0220,
   2462                  0x1240,0x1240,0x1200,0x1000,0xFFFC,0x0000,0x0000,0x0000,
   2463                  0x0000,0x00A0,0x80A0,0x8090,0x4090,0x378C,0x2090,0x4090,
   2464                  0x80A0,0x82A0,0x4280,0x3200,0x27FC,0x4000,0x8000,0x0000,
   2465                  0x0000,0x0200,0x0240,0x0240,0x4220,0x3E1C,0x0220,0x0240,
   2466                  0x1240,0x1000,0xFFFC,0x0000,0x0000,0xFFFC,0x0000,0x0000,
   2467                  0x0000,0x00A0,0x00A0,0x1090,0x178C,0x1090,0x10A0,0x12A0,
   2468                  0x1280,0x1200,0x17FC,0x1000,0x1000,0xE7FC,0x0000,0x0000,
   2469                  0x0000,0x0140,0x0120,0x6110,0x8F0C,0x8110,0x8120,0x8540,
   2470                  0x8500,0x8400,0x9FFC,0x8000,0x8000,0x9FFC,0x0000,0x0000,
   2471                  0x0000,0x00A0,0x00A0,0x4890,0xAF8C,0xA890,0xA8A0,0xAAA0,
   2472                  0xAA80,0xAA00,0xAFFC,0xA800,0xA800,0x97FC,0x0000,0x0000,
   2473                  0x0000,0x00A0,0x00A0,0x7090,0x978C,0x9090,0x90A0,0x92A0,
   2474                  0x9280,0x9200,0x97FC,0x9000,0x9000,0x77FC,0x0000,0x0000,
   2475                  0x0000,0x00A0,0x00A0,0x6090,0x978C,0x9090,0x90A0,0x92A0,
   2476                  0x9280,0x9200,0x97FC,0x9000,0x9000,0x67FC,0x0000,0x0000,
   2477                  0x0000,0x0240,0x0240,0x0220,0x4210,0x3E0C,0x0210,0x0220,
   2478                  0x0240,0x0240,0x0200,0x0000,0xFFFC,0x0000,0x0000,0x0000,
   2479                  0x0000,0x0120,0x0120,0x1110,0x1110,0x170C,0x1110,0x1110,
   2480                  0x1120,0x1120,0x1100,0x1000,0xE7FC,0x0000,0x0000,0x0000,
   2481                  0x0000,0x0240,0x0240,0x6220,0x8210,0x9E0C,0x8210,0x8220,
   2482                  0x8240,0x8240,0x8200,0x8000,0x9FFC,0x0000,0x0000,0x0000,
   2483                  0x0000,0x0120,0x0120,0x4910,0xA910,0xAF0C,0xA910,0xA910,
   2484                  0xA920,0xA920,0xA900,0xA800,0x93FC,0x0000,0x0000,0x0000,
   2485                  0x0000,0x0120,0x0120,0x7110,0x9110,0x970C,0x9110,0x9110,
   2486                  0x9120,0x9120,0x9100,0x9000,0x77FC,0x0000,0x0000,0x0000,
   2487                  0x0000,0x0120,0x0120,0x7910,0xA110,0xA70C,0xA110,0xA110,
   2488                  0xA120,0xA120,0xA100,0xA000,0x7BFC,0x0000,0x0000,0x0000,
   2489                  0x0000,0x0120,0x0120,0x8110,0x8110,0x470C,0x4110,0x2110,
   2490                  0x1920,0x2120,0x4100,0x4000,0x87FC,0x8000,0x0000,0x0000,
   2491                  0x0000,0x0120,0x0120,0x7110,0x5110,0x8F0C,0x8910,0x8910,
   2492                  0x8920,0x8920,0x8900,0x5000,0x77FC,0x0000,0x0000,0x0000,
   2493                  0x0000,0x0000,0x0440,0x0440,0x8440,0x7C20,0x0420,0x0410,
   2494                  0x040C,0x0410,0x0420,0xFC20,0x0440,0x0440,0x0440,0x0000,
   2495                  0x0000,0x0000,0x0100,0x0940,0x0940,0x0F20,0x0920,0x0910,
   2496                  0x090C,0x0910,0x0920,0x0F20,0x0940,0xF140,0x0100,0x0000,
   2497                  0x0000,0x0000,0x0100,0x6540,0x9540,0x9720,0x9520,0x9510,
   2498                  0x950C,0x9510,0x9520,0x9720,0x9540,0x8940,0x0100,0x0000,
   2499                  0x0000,0x0000,0x0100,0x7940,0x8940,0x8F20,0x8920,0x8910,
   2500                  0x890C,0x8910,0x8920,0x8F20,0x8940,0x7940,0x0100,0x0000,
   2501                  0x0000,0x0000,0x0100,0x8140,0x8140,0x4720,0x4120,0x2110,
   2502                  0x190C,0x2110,0x4120,0x4720,0x8140,0x8140,0x0100,0x0000,
   2503                  0x0000,0x0000,0x0100,0x2140,0x5140,0x5720,0x8920,0x8910,
   2504                  0x890C,0x8910,0x8920,0x5720,0x5140,0x2140,0x0100,0x0000,
   2505                  0x0000,0x0000,0x4200,0x4200,0x4100,0x4100,0x4080,0x4040,
   2506                  0x4038,0x4040,0x4080,0x4100,0x4100,0x4200,0x4200,0x0000,
   2507                  0x0000,0x0000,0x0100,0x0920,0x0920,0x0910,0x0910,0x0908,
   2508                  0x0904,0x0908,0x0910,0x0910,0x0920,0xF120,0x0100,0x0000,
   2509                  0x0000,0x0000,0x0240,0x7240,0x8240,0x8220,0x8220,0x8210,
   2510                  0x820C,0x8210,0x8220,0x8220,0x8240,0x8240,0x0240,0x0000,
   2511                  0x0000,0x0000,0x0100,0x6520,0x9520,0x9510,0x9510,0x9508,
   2512                  0x9504,0x9508,0x9510,0x9510,0x9520,0x8920,0x0100,0x0000,
   2513                  0x0000,0x0000,0x0100,0x6520,0x9520,0x9510,0x9510,0x8908,
   2514                  0x8104,0x0508,0x0510,0x0510,0x0520,0xF920,0x0100,0x0000,
   2515                  0x0000,0x0000,0x0100,0x7920,0x8920,0x8910,0x8910,0x8908,
   2516                  0x8904,0x8908,0x8910,0x8910,0x8920,0x7920,0x0100,0x0000,
   2517                  0x0000,0x0000,0x0100,0x7D20,0x9120,0x9110,0x9110,0x9108,
   2518                  0x9104,0x9108,0x9110,0x9110,0x9120,0x7D20,0x0100,0x0000,
   2519                  0x0000,0x0000,0x0100,0x8120,0x8120,0x4110,0x4110,0x2108,
   2520                  0x1904,0x2108,0x4110,0x4110,0x8120,0x8120,0x0100,0x0000,
   2521                  0x0000,0x0000,0x0120,0x3120,0x4920,0x4910,0x8510,0x8508,
   2522                  0x8504,0x8508,0x8510,0x4910,0x4920,0x3120,0x0120,0x0000,
   2523                  0x0000,0x2000,0x1000,0x0C00,0x0300,0x00F8,0x0300,0x0C00,
   2524                  0x1000,0x2000,0x0000,0x0000,0xFFFC,0x0000,0x0000,0x0000,
   2525                  0x0000,0x0100,0x0080,0x0840,0x0830,0x081C,0x0820,0x0840,
   2526                  0x0880,0x0900,0x0800,0x0800,0xF3FC,0x0000,0x0000,0x0000,
   2527                  0x0000,0x0200,0x0100,0x7080,0x8060,0x803C,0x8040,0x8080,
   2528                  0x8100,0x8200,0x8000,0x8000,0x8FFC,0x0000,0x0000,0x0000,
   2529                  0x0000,0x0100,0x0080,0x7040,0x8830,0x881C,0x8820,0x8840,
   2530                  0x8880,0x8900,0x8800,0x8800,0x8BFC,0x0000,0x0000,0x0000,
   2531                  0x0000,0x0100,0x0080,0x6440,0x9430,0x940C,0x9410,0x9460,
   2532                  0x9580,0x9400,0x9400,0x9400,0x89FC,0x0000,0x0000,0x0000,
   2533                  0x0000,0x0100,0x6480,0x9440,0x9430,0x941C,0x8820,0x1040,
   2534                  0x5080,0xB400,0x9400,0xB400,0x51FC,0x1000,0x0000,0x0000,
   2535                  0x0000,0x0100,0x0080,0x7840,0x8830,0x881C,0x8820,0x8840,
   2536                  0x8880,0x8900,0x8800,0x8800,0x7BFC,0x0000,0x0000,0x0000,
   2537                  0x0000,0x0100,0x0080,0x7C40,0x9030,0x901C,0x9020,0x9040,
   2538                  0x9080,0x9100,0x9000,0x9000,0x7DFC,0x0000,0x0000,0x0000,
   2539                  0x0000,0x0100,0x0080,0x8040,0x8030,0x401C,0x4020,0x2040,
   2540                  0x1880,0x2100,0x4000,0x4000,0x87FC,0x8000,0x0000,0x0000,
   2541                  0x0000,0x0100,0x0080,0x3040,0x4830,0x481C,0x8420,0x8440,
   2542                  0x8480,0x8500,0x4800,0x4800,0x33FC,0x0000,0x0000,0x0000,
   2543                  0x0000,0x0100,0x0080,0x8840,0x8830,0xF81C,0x8820,0x8840,
   2544                  0x8880,0x8900,0xF800,0x8800,0x8BFC,0x0000,0x0000,0x0000,
   2545                  0x0000,0x2000,0x1800,0x0600,0x01F8,0x2600,0x1800,0x0600,
   2546                  0x01F8,0x0600,0x1800,0x0000,0xFFFC,0x0080,0x0080,0x0000,
   2547                  0x0000,0x0100,0x0080,0x0860,0x081C,0x0960,0x0880,0x0860,
   2548                  0x081C,0x0860,0x0980,0x0800,0xF3FC,0x0020,0x0020,0x0000,
   2549                  0x0000,0x0100,0x0880,0x0860,0x081C,0x0960,0xF080,0x8060,
   2550                  0x801C,0x4060,0x3980,0x4000,0x83FC,0x8020,0x0020,0x0000,
   2551                  0x0000,0x0200,0x0100,0x70C0,0x803C,0x82C0,0x8100,0x80C0,
   2552                  0x803C,0x80C0,0x8300,0x8000,0x8FFC,0x0040,0x0040,0x0000,
   2553                  0x0000,0x0100,0x0080,0x6460,0x941C,0x9560,0x9480,0x9460,
   2554                  0x941C,0x9460,0x9580,0x9400,0x89FC,0x0020,0x0020,0x0000,
   2555                  0x0000,0x0100,0x0080,0x7860,0x881C,0x8960,0x8880,0x8860,
   2556                  0x881C,0x8860,0x8980,0x8800,0x7BFC,0x0020,0x0020,0x0000,
   2557                  0x0000,0x0100,0x0080,0x7C60,0x901C,0x9160,0x9080,0x9060,
   2558                  0x901C,0x9060,0x9180,0x9000,0x7DFC,0x0020,0x0020,0x0000,
   2559                  0x0000,0x8100,0x8080,0x4060,0x201C,0x1960,0x2080,0xC060,
   2560                  0x401C,0x2060,0x1980,0x2000,0x43FC,0x8020,0x0020,0x0000,
   2561                  0x0000,0x0100,0x0080,0x3060,0x481C,0x4960,0x8480,0x8460,
   2562                  0x841C,0x8460,0x4980,0x4800,0x33FC,0x0020,0x0020,0x0000,
   2563                  0x0000,0x0100,0x0080,0x0860,0x481C,0xA960,0xAA80,0xAA60,
   2564                  0xAA1C,0xAA60,0xAB80,0xA800,0x49FC,0x0820,0x0020,0x0000,
   2565                  0x0000,0x3000,0x0C00,0x03F8,0x3400,0x0C00,0x03F8,0x0C00,
   2566                  0x3000,0x0000,0xFFFC,0x0100,0x0100,0xFFFC,0x0000,0x0000,
   2567                  0x0000,0x0100,0x00C0,0x083C,0x0940,0x08C0,0x083C,0x08C0,
   2568                  0x0900,0x0800,0x0BFC,0x0820,0x0820,0xF3FC,0x0000,0x0000,
   2569                  0x0000,0x0200,0x0180,0x707C,0x8280,0x8180,0x807C,0x8180,
   2570                  0x8200,0x8000,0x87FC,0x8040,0x8040,0x8FFC,0x0000,0x0000,
   2571                  0x0000,0x0100,0x00C0,0x643C,0x9540,0x94C0,0x943C,0x94C0,
   2572                  0x9500,0x9400,0x95FC,0x9420,0x9420,0x89FC,0x0000,0x0000,
   2573                  0x0000,0x0100,0x00C0,0x783C,0x8940,0x88C0,0x883C,0x88C0,
   2574                  0x8900,0x8800,0x8BFC,0x8820,0x8820,0x7BFC,0x0000,0x0000,
   2575                  0x0000,0x0100,0x00C0,0x7C3C,0x9140,0x90C0,0x903C,0x90C0,
   2576                  0x9100,0x9000,0x91FC,0x9020,0x9020,0x7DFC,0x0000,0x0000,
   2577                  0x0000,0x0100,0x80C0,0x803C,0x4140,0x20C0,0x183C,0x20C0,
   2578                  0xC100,0x4000,0x21FC,0x1820,0x2020,0x43FC,0x8000,0x0000,
   2579                  0x0000,0x0100,0x00C0,0x303C,0x4940,0x48C0,0x843C,0x84C0,
   2580                  0x8500,0x8400,0x85FC,0x4820,0x4820,0x33FC,0x0000,0x0000,
   2581                  0x0000,0x0100,0x0080,0x3060,0x481C,0x4960,0x8480,0x8460,
   2582                  0x841C,0x8460,0x4980,0x4800,0x33FC,0x0048,0x0048,0x0000,
   2583                  0x0000,0x2000,0x1800,0x0600,0x01F8,0x2600,0x1800,0x0600,
   2584                  0x01F8,0x0E00,0x3080,0x0080,0xFFFC,0x0000,0x0000,0x0000,
   2585                  0x0000,0x0080,0x0060,0x081C,0x0960,0x0880,0x0860,0x081C,
   2586                  0x0860,0x0980,0x0820,0x0820,0xF3FC,0x0000,0x0000,0x0000,
   2587                  0x0000,0x0100,0x00C0,0x703C,0x82C0,0x8100,0x80C0,0x803C,
   2588                  0x80C0,0x8320,0x8020,0x8020,0x8FFC,0x0000,0x0000,0x0000,
   2589                  0x0000,0x0080,0x0060,0x641C,0x9560,0x9480,0x9460,0x941C,
   2590                  0x9460,0x9580,0x9420,0x9420,0x89FC,0x0000,0x0000,0x0000,
   2591                  0x0000,0x0080,0x6460,0x941C,0x9560,0x9480,0x8860,0x001C,
   2592                  0x7C60,0x8580,0x8420,0x8420,0x7DFC,0x0000,0x0000,0x0000,
   2593                  0x0000,0x0080,0x0060,0x781C,0x8960,0x8880,0x8860,0x881C,
   2594                  0x8860,0x8980,0x8820,0x8820,0x7BFC,0x0000,0x0000,0x0000,
   2595                  0x0000,0x0080,0x0060,0x7C1C,0x9160,0x9080,0x9060,0x901C,
   2596                  0x9060,0x9180,0x9020,0x9020,0x7DFC,0x0000,0x0000,0x0000,
   2597                  0x0000,0x0080,0x8060,0x401C,0x2160,0x1880,0x2060,0x401C,
   2598                  0x8060,0x41A0,0x2020,0x1820,0x23FC,0x4000,0x8000,0x0000,
   2599                  0x0000,0x0080,0x0060,0x301C,0x4960,0x4880,0x8460,0x841C,
   2600                  0x8460,0x8580,0x4820,0x4820,0x33FC,0x0000,0x0000,0x0000,
   2601                  0x0000,0x3000,0x0E00,0x01F8,0x3200,0x0E00,0x01F8,0x0E00,
   2602                  0x3080,0x0080,0xFFFC,0x0000,0x0000,0xFFFC,0x0000,0x0000,
   2603                  0x0000,0x0200,0x0180,0x707C,0x8280,0x8180,0x807C,0x8180,
   2604                  0x8220,0x8020,0x8FFC,0x8000,0x8000,0x9FFC,0x0000,0x0000,
   2605                  0x0000,0x0100,0x00C0,0x643C,0x9540,0x94C0,0x943C,0x94C0,
   2606                  0x9520,0x9420,0x95FC,0x9400,0x9400,0x89FC,0x0000,0x0000,
   2607                  0x0000,0x0200,0x0180,0x707C,0x8280,0x8180,0x807C,0x8180,
   2608                  0x8290,0x8090,0x87FC,0x8000,0x8000,0x8FFC,0x0000,0x0000,
   2609                  0x0000,0x0000,0x4200,0x4100,0x40C0,0x4038,0x40C0,0x4100,
   2610                  0x7E00,0x4100,0x40C0,0x4038,0x40C0,0x4100,0x4200,0x0000,
   2611                  0x0000,0x0000,0x0120,0x0920,0x0910,0x090C,0x0910,0x0920,
   2612                  0x09E0,0x0920,0x0910,0x090C,0x0910,0xF120,0x0120,0x0000,
   2613                  0x0000,0x0000,0x0440,0x7440,0x8420,0x841C,0x8420,0x8440,
   2614                  0x87C0,0x8440,0x8420,0x841C,0x8420,0x8440,0x0440,0x0000,
   2615                  0x0000,0x0000,0x0120,0x7120,0x8910,0x890C,0x8910,0x8920,
   2616                  0x89E0,0x8920,0x8910,0x890C,0x8910,0x8920,0x0120,0x0000,
   2617                  0x0000,0x0000,0x0120,0x6520,0x9510,0x950C,0x9510,0x9520,
   2618                  0x95E0,0x9520,0x9510,0x950C,0x9510,0x8920,0x0120,0x0000,
   2619                  0x0000,0x0000,0x0120,0x6520,0x9510,0x950C,0x9510,0x8920,
   2620                  0x01E0,0x7D20,0x8510,0x850C,0x8510,0x7D20,0x0120,0x0000,
   2621                  0x0000,0x0000,0x0120,0x7920,0x8910,0x890C,0x8910,0x8920,
   2622                  0x89E0,0x8920,0x8910,0x890C,0x8910,0x7920,0x0120,0x0000,
   2623                  0x0000,0x0000,0x0120,0x7D20,0x9110,0x910C,0x9110,0x9120,
   2624                  0x91E0,0x9120,0x9110,0x910C,0x9110,0x7D20,0x0120,0x0000,
   2625                  0x0000,0x0000,0x0120,0x2120,0x5110,0x510C,0x8910,0x8920,
   2626                  0x89E0,0x8920,0x8910,0x510C,0x5110,0x2120,0x0120,0x0000,
   2627                  0x0000,0x2100,0x20C0,0x2038,0x22C0,0x3F00,0x20C0,0x2038,
   2628                  0x20C0,0x2300,0x2000,0x0000,0xFFFC,0x0100,0x0100,0x0000,
   2629                  0x0000,0x0120,0x0110,0x110C,0x1110,0x11E0,0x1110,0x110C,
   2630                  0x1110,0x1120,0x1100,0x1000,0xE7FC,0x0020,0x0020,0x0000,
   2631                  0x0000,0x0240,0x0220,0x721C,0x8220,0x83C0,0x8220,0x821C,
   2632                  0x8220,0x8240,0x8200,0x8000,0x9FFC,0x0080,0x0080,0x0000,
   2633                  0x0000,0x8120,0x8110,0x410C,0x2110,0x19E0,0x2110,0xC10C,
   2634                  0x4110,0x2120,0x1900,0x2000,0x43FC,0x8020,0x0020,0x0000,
   2635                  0x0000,0x2200,0x2180,0x2078,0x3E80,0x2180,0x2078,0x2180,
   2636                  0x2200,0x0000,0xFFFC,0x0100,0x0100,0xFFFC,0x0000,0x0000,
   2637                  0x0000,0x0120,0x8110,0x814C,0x41F0,0x2110,0x190C,0x2110,
   2638                  0xC120,0x4000,0x23FC,0x1840,0x2040,0x43FC,0x8000,0x0000,
   2639                  0x0000,0x2100,0x20C0,0x2038,0x22C0,0x3F00,0x20C0,0x2038,
   2640                  0x20C0,0x2300,0x2000,0x0000,0xFFFC,0x0000,0x0000,0x0000,
   2641                  0x0000,0x0240,0x0220,0x721C,0x8220,0x83C0,0x8220,0x821C,
   2642                  0x8220,0x8240,0x8200,0x8000,0x8FFC,0x0000,0x0000,0x0000,
   2643                  0x0000,0x0120,0x0110,0x490C,0xA910,0xA9E0,0xA910,0xA90C,
   2644                  0xA910,0xA920,0xA900,0xA800,0x93FC,0x0000,0x0000,0x0000,
   2645                  0x0000,0x0120,0x0110,0x790C,0x8910,0x89E0,0x8910,0x890C,
   2646                  0x8910,0x8920,0x8900,0x8800,0x7BFC,0x0000,0x0000,0x0000,
   2647                  0x0000,0x0120,0x0110,0x790C,0x9110,0x91E0,0x9110,0x910C,
   2648                  0x9110,0x9120,0x9100,0x9000,0x7BFC,0x0000,0x0000,0x0000,
   2649                  0x0000,0x0000,0x4200,0x4100,0x40C0,0x7C38,0x40C0,0x4100,
   2650                  0x4200,0x4100,0x40C0,0x7C38,0x40C0,0x4100,0x4200,0x0000,
   2651                  0x0000,0x0000,0x0480,0x0440,0x0430,0x040C,0x0430,0x0440,
   2652                  0xFC80,0x0440,0x0430,0x040C,0x0430,0x0440,0x0480,0x0000,
   2653                  0x0000,0x0000,0x0120,0x0920,0x0910,0x090C,0x0910,0x0920,
   2654                  0x0F20,0x0920,0x0910,0x090C,0x0910,0xF120,0x0120,0x0000,
   2655                  0x0000,0x0000,0x0240,0x7240,0x8220,0x821C,0x8220,0x8240,
   2656                  0x9E40,0x8240,0x8220,0x821C,0x8220,0x8240,0x0240,0x0000,
   2657                  0x0000,0x0000,0x0120,0x6520,0x9510,0x950C,0x9510,0x9520,
   2658                  0x9720,0x9520,0x9510,0x950C,0x9510,0x8920,0x0120,0x0000,
   2659                  0x0000,0x0000,0x0120,0x7920,0x8910,0x890C,0x8910,0x8920,
   2660                  0x8F20,0x8920,0x8910,0x890C,0x8910,0x7920,0x0120,0x0000,
   2661                  0x0000,0x0000,0x0120,0x7D20,0x9110,0x910C,0x9110,0x9120,
   2662                  0x9720,0x9120,0x9110,0x910C,0x9110,0x7D20,0x0120,0x0000,
   2663                  0x0000,0x0000,0x0120,0x2120,0x5110,0x510C,0x8910,0x8920,
   2664                  0x8F20,0x8920,0x8910,0x510C,0x5110,0x2120,0x0120,0x0000,
   2665                  0x0000,0x0240,0x0220,0x021C,0x4220,0x3E40,0x0220,0x021C,
   2666                  0x1220,0x1240,0x1200,0x1000,0xFFFC,0x0000,0x0000,0x0000,
   2667                  0x0000,0x0080,0x80A0,0x8090,0x408C,0x3790,0x20A0,0x4090,
   2668                  0x808C,0x8290,0x42A0,0x3200,0x27FC,0x4000,0x8000,0x0000,
   2669                  0x0000,0x0280,0x0260,0x021C,0x42A0,0x3E60,0x021C,0x0260,
   2670                  0x1280,0x1000,0xFFFC,0x0000,0x0000,0xFFFC,0x0000,0x0000,
   2671                  0x0000,0x0240,0x0220,0x021C,0x4220,0x3E40,0x0220,0x021C,
   2672                  0x0220,0x0240,0x0200,0x0000,0xFFFC,0x0000,0x0000,0x0000,
   2673                  0x0000,0x0240,0x0220,0x621C,0x8220,0x9E40,0x8220,0x821C,
   2674                  0x8220,0x8240,0x8200,0x8000,0x9FFC,0x0000,0x0000,0x0000,
   2675                  0x0000,0x0000,0x0120,0x2120,0x5110,0x570C,0x8910,0x8920,
   2676                  0x8920,0x8920,0x8910,0x570C,0x5110,0x2120,0x0120,0x0000,
   2677                  0x0000,0x0000,0x4200,0x4100,0x40C0,0x4038,0x40C0,0x4100,
   2678                  0x4200,0x4100,0x40C0,0x4038,0x40C0,0x4100,0x4200,0x0000,
   2679                  0x0000,0x0000,0x0120,0x0920,0x0910,0x090C,0x0910,0x0920,
   2680                  0x0920,0x0920,0x0910,0x090C,0x0910,0xF120,0x0120,0x0000,
   2681                  0x0000,0x0000,0x0240,0x7240,0x8220,0x821C,0x8220,0x8240,
   2682                  0x8240,0x8240,0x8220,0x821C,0x8220,0x8240,0x0240,0x0000,
   2683                  0x0000,0x0000,0x0120,0x6520,0x9510,0x950C,0x9510,0x9520,
   2684                  0x9520,0x9520,0x9510,0x950C,0x9510,0x8920,0x0120,0x0000,
   2685                  0x0000,0x0000,0x0120,0x6520,0x9510,0x950C,0x9510,0x8920,
   2686                  0x0120,0x7D20,0x8510,0x850C,0x8510,0x7D20,0x0120,0x0000,
   2687                  0x0000,0x0000,0x0120,0x6520,0x9510,0x950C,0x9510,0x8920,
   2688                  0x1120,0x5120,0xB510,0x950C,0xB510,0x5120,0x1120,0x0000,
   2689                  0x0000,0x0000,0x0120,0x7920,0x8910,0x890C,0x8910,0x8920,
   2690                  0x8920,0x8920,0x8910,0x890C,0x8910,0x7920,0x0120,0x0000,
   2691                  0x0000,0x0000,0x0120,0x7D20,0x9110,0x910C,0x9110,0x9120,
   2692                  0x9120,0x9120,0x9110,0x910C,0x9110,0x7D20,0x0120,0x0000,
   2693                  0x0000,0x2100,0x20C0,0x2038,0x22C0,0x2100,0x20C0,0x2038,
   2694                  0x20C0,0x2300,0x2000,0x0000,0xFFFC,0x0000,0x0000,0x0000,
   2695                  0x0000,0x0240,0x0220,0x721C,0x8220,0x8240,0x8220,0x821C,
   2696                  0x8220,0x8240,0x8200,0x8000,0x8FFC,0x0000,0x0000,0x0000,
   2697                  0x0000,0x0120,0x0110,0x490C,0xA910,0xA920,0xA910,0xA90C,
   2698                  0xA910,0xA920,0xA900,0xA800,0x97FC,0x0000,0x0000,0x0000,
   2699                  0x0000,0x0120,0x0110,0x790C,0x8910,0x8920,0x8910,0x890C,
   2700                  0x8910,0x8920,0x8900,0x8800,0x7FFC,0x0000,0x0000,0x0000,
   2701                  0x0000,0x2000,0x1800,0x0600,0x01F8,0x2600,0x1800,0x0600,
   2702                  0x01F8,0x0600,0x1800,0x0000,0xFFFC,0x0000,0x0000,0x0000,
   2703                  0x0000,0x0100,0x0080,0x0860,0x081C,0x0960,0x0880,0x0860,
   2704                  0x081C,0x0860,0x0980,0x0800,0xF3FC,0x0000,0x0000,0x0000,
   2705                  0x0000,0x0200,0x0100,0x70C0,0x803C,0x82C0,0x8100,0x80C0,
   2706                  0x803C,0x80C0,0x8300,0x8000,0x8FFC,0x0000,0x0000,0x0000,
   2707                  0x0000,0x0100,0x0080,0x6460,0x941C,0x9560,0x9480,0x9460,
   2708                  0x941C,0x9460,0x9580,0x9400,0x89FC,0x0000,0x0000,0x0000,
   2709                  0x0000,0x0100,0x0080,0x7860,0x881C,0x8960,0x8880,0x8860,
   2710                  0x881C,0x8860,0x8980,0x8800,0x7BFC,0x0000,0x0000,0x0000,
   2711                  0x0000,0x0100,0x0080,0x7C60,0x901C,0x9160,0x9080,0x9060,
   2712                  0x901C,0x9060,0x9180,0x9000,0x7DFC,0x0000,0x0000,0x0000,
   2713                  0x0000,0x0100,0x0080,0x8060,0x801C,0x4160,0x4080,0x2060,
   2714                  0x181C,0x2060,0x4180,0x4000,0x87FC,0x8000,0x0000,0x0000,
   2715                  0x0000,0x0100,0x0080,0x3060,0x481C,0x4960,0x8480,0x8460,
   2716                  0x841C,0x8460,0x4980,0x4800,0x33FC,0x0000,0x0000,0x0000,
   2717                  0x0000,0x0000,0x07C0,0x1830,0x2008,0x2008,0x2008,0x1830,
   2718                  0x07C0,0x0000,0x0000,0x0000,0xFFFC,0x0080,0x0080,0x0000,
   2719                  0x0000,0x0000,0x0070,0x0888,0x0904,0x0904,0x0904,0x0888,
   2720                  0x0870,0x0800,0x0800,0x0800,0xF3FC,0x0020,0x0020,0x0000,
   2721                  0x0000,0x0000,0x0070,0x7088,0x8104,0x8104,0x8104,0x8088,
   2722                  0x8070,0x8000,0x8000,0x8000,0x8FFC,0x0040,0x0040,0x0000,
   2723                  0x0000,0x0000,0x0070,0x7888,0x8104,0x8104,0x8104,0x8888,
   2724                  0x8870,0x4800,0x3800,0x4800,0x8BFC,0x8820,0x0020,0x0000,
   2725                  0x0000,0x0000,0x7870,0x8088,0x8104,0x8104,0x8104,0x1088,
   2726                  0x5070,0xB400,0x9400,0x9400,0xB5FC,0x5020,0x1020,0x0000,
   2727                  0x0000,0x0000,0x0030,0x6448,0x9484,0x9484,0x9484,0x9448,
   2728                  0x9430,0x9400,0x9400,0x9400,0x89FC,0x0020,0x0020,0x0000,
   2729                  0x0000,0x0000,0x6430,0x9448,0x9484,0x9484,0x9484,0x8848,
   2730                  0x0430,0x0400,0x0400,0x0400,0xF9FC,0x0020,0x0020,0x0000,
   2731                  0x0000,0x0000,0x6430,0x9448,0x9484,0x9484,0x8884,0x0048,
   2732                  0x7C30,0x8400,0x8400,0x8400,0x7DFC,0x0020,0x0020,0x0000,
   2733                  0x0000,0x0000,0x6430,0x9448,0x9484,0x9484,0x8884,0x1048,
   2734                  0x5030,0xB400,0x9400,0xB400,0x51FC,0x1020,0x0020,0x0000,
   2735                  0x0000,0x0000,0x0070,0x7888,0x8904,0x8904,0x8904,0x8888,
   2736                  0x8870,0x8800,0x8800,0x8800,0x7BFC,0x0020,0x0020,0x0000,
   2737                  0x0000,0x0000,0x0070,0x7C88,0x9104,0x9104,0x9104,0x9088,
   2738                  0x9070,0x9000,0x9000,0x9000,0x7DFC,0x0020,0x0020,0x0000,
   2739                  0x0000,0x0000,0x0070,0x8088,0x8104,0x4104,0x4104,0x2088,
   2740                  0x1870,0x2000,0x4000,0x4000,0x87FC,0x8020,0x0020,0x0000,
   2741                  0x0000,0x0000,0x8070,0x4088,0x2104,0x1904,0x2104,0x4088,
   2742                  0x8070,0x4000,0x2000,0x1800,0x23FC,0x4020,0x8020,0x0000,
   2743                  0x0000,0x0000,0x0070,0x3088,0x4904,0x4904,0x8504,0x8488,
   2744                  0x8470,0x8400,0x4800,0x4800,0x33FC,0x0020,0x0020,0x0000,
   2745                  0x0000,0x0000,0x0030,0x7848,0x9484,0x9484,0x9484,0x9448,
   2746                  0x9430,0x9400,0x9400,0x9400,0x95FC,0x0020,0x0020,0x0000,
   2747                  0x0000,0x0000,0x8870,0x8888,0x8904,0xF904,0x8904,0x8888,
   2748                  0x8870,0x8800,0xF800,0x8800,0x8BFC,0x8820,0x0020,0x0000,
   2749                  0x0000,0x0000,0x07C0,0x1830,0x2008,0x2008,0x1830,0x07C0,
   2750                  0x0000,0x0000,0xFFFC,0x0100,0x0100,0xFFFC,0x0000,0x0000,
   2751                  0x0000,0x0000,0x0070,0x0888,0x0904,0x0904,0x0888,0x0870,
   2752                  0x0800,0x0800,0x0BFC,0x0820,0x0820,0xF3FC,0x0000,0x0000,
   2753                  0x0000,0x0000,0x00F0,0x7108,0x8204,0x8204,0x8108,0x80F0,
   2754                  0x8000,0x8000,0x87FC,0x8040,0x8040,0x8FFC,0x0000,0x0000,
   2755                  0x0000,0x0000,0x0030,0x6448,0x9484,0x9484,0x9448,0x9430,
   2756                  0x9400,0x9400,0x95FC,0x9420,0x9420,0x89FC,0x0000,0x0000,
   2757                  0x0000,0x0000,0x0070,0x7888,0x8904,0x8904,0x8888,0x8870,
   2758                  0x8800,0x8800,0x8BFC,0x8820,0x8820,0x7BFC,0x0000,0x0000,
   2759                  0x0000,0x0000,0x0070,0x7C88,0x9104,0x9104,0x9088,0x9070,
   2760                  0x9000,0x9000,0x91FC,0x9020,0x9020,0x7DFC,0x0000,0x0000,
   2761                  0x0000,0x0000,0x0070,0x8088,0x8104,0x4104,0x4088,0x2070,
   2762                  0x1800,0x2000,0x43FC,0x4020,0x8020,0x87FC,0x0000,0x0000,
   2763                  0x0000,0x0000,0x8070,0x8088,0x4104,0x2104,0x1888,0x2070,
   2764                  0xC000,0x4000,0x21FC,0x1820,0x2020,0x43FC,0x8000,0x0000,
   2765                  0x0000,0x0000,0x0070,0x3088,0x4904,0x4904,0x8488,0x8470,
   2766                  0x8400,0x8400,0x85FC,0x4820,0x4820,0x33FC,0x0000,0x0000,
   2767                  0x0000,0x0000,0x07C0,0x1830,0x2008,0x2008,0x2008,0x1830,
   2768                  0x07C0,0x0000,0x0000,0x0000,0xFFFC,0x0420,0x0420,0x0000,
   2769                  0x0000,0x0000,0x0070,0x0888,0x0904,0x0904,0x0904,0x0888,
   2770                  0x0870,0x0800,0x0800,0x0800,0xF3FC,0x0048,0x0048,0x0000,
   2771                  0x0000,0x0000,0x00F0,0x7108,0x8204,0x8204,0x8204,0x8108,
   2772                  0x80F0,0x8000,0x8000,0x8000,0x8FFC,0x0110,0x0110,0x0000,
   2773                  0x0000,0x0000,0x0030,0x6448,0x9484,0x9484,0x9484,0x9448,
   2774                  0x9430,0x9400,0x9400,0x9400,0x89FC,0x0048,0x0048,0x0000,
   2775                  0x0000,0x0000,0x6430,0x9448,0x9484,0x9484,0x8884,0x0048,
   2776                  0x7C30,0x9000,0x9000,0x9000,0x7DFC,0x0048,0x0048,0x0000,
   2777                  0x0000,0x0000,0x0070,0x7888,0x8904,0x8904,0x8904,0x8888,
   2778                  0x8870,0x8800,0x8800,0x8800,0x7BFC,0x0048,0x0048,0x0000,
   2779                  0x0000,0x0000,0x0070,0x7C88,0x9104,0x9104,0x9104,0x9088,
   2780                  0x9070,0x9000,0x9000,0x9000,0x7DFC,0x0048,0x0048,0x0000,
   2781                  0x0000,0x0000,0x0070,0x8088,0x8104,0x4104,0x4104,0x2088,
   2782                  0x1870,0x2000,0x4000,0x4000,0x87FC,0x8048,0x0048,0x0000,
   2783                  0x0000,0x0000,0x0070,0x3088,0x4904,0x4904,0x8504,0x8488,
   2784                  0x8470,0x8400,0x4800,0x4800,0x33FC,0x0048,0x0048,0x0000,
   2785                  0x0000,0x0000,0x0030,0x7848,0x9484,0x9484,0x9484,0x9448,
   2786                  0x9430,0x9400,0x9400,0x9400,0x95FC,0x0048,0x0048,0x0000,
   2787                  0x0000,0x0000,0x0030,0x0848,0x4884,0xA884,0xAA84,0xAA48,
   2788                  0xAA30,0xAA00,0xAA00,0xA800,0x49FC,0x0848,0x0048,0x0000,
   2789                  0x0000,0x0000,0x07C0,0x1830,0x2008,0x2008,0x1830,0x07C0,
   2790                  0x0000,0x0000,0xFFFC,0x0820,0x0820,0xFFFC,0x0000,0x0000,
   2791                  0x0000,0x0000,0x00F0,0x7108,0x8204,0x8204,0x8108,0x80F0,
   2792                  0x8000,0x8000,0x87FC,0x8110,0x8110,0x8FFC,0x0000,0x0000,
   2793                  0x0000,0x0000,0x0030,0x6448,0x9484,0x9484,0x9448,0x9430,
   2794                  0x9400,0x9400,0x95FC,0x9490,0x9490,0x89FC,0x0000,0x0000,
   2795                  0x0000,0x0000,0x0070,0x7C88,0x9104,0x9104,0x9088,0x9070,
   2796                  0x9000,0x9000,0x91FC,0x9090,0x9090,0x7DFC,0x0000,0x0000,
   2797                  0x0000,0x0000,0x07C0,0x1830,0x2008,0x2008,0x2008,0x1830,
   2798                  0x07C0,0x0080,0x0080,0x0080,0xFFFC,0x0000,0x0000,0x0000,
   2799                  0x0000,0x0000,0x0070,0x0888,0x0904,0x0904,0x0904,0x0888,
   2800                  0x0870,0x0820,0x0820,0x0820,0xF3FC,0x0000,0x0000,0x0000,
   2801                  0x0000,0x0000,0x0070,0x7088,0x8104,0x8104,0x8104,0x8088,
   2802                  0x8070,0x8020,0x8020,0x8020,0x9FFC,0x0000,0x0000,0x0000,
   2803                  0x0000,0x0000,0x0070,0x7888,0x8104,0x8104,0x8104,0x8888,
   2804                  0x8870,0x4810,0x3810,0x4810,0x8BFC,0x8800,0x0000,0x0000,
   2805                  0x0000,0x0000,0x0070,0x7088,0x8904,0x8904,0x8904,0x8888,
   2806                  0x8870,0x8810,0x8810,0x8810,0x8BFC,0x0000,0x0000,0x0000,
   2807                  0x0000,0x0000,0x0070,0x6488,0x9504,0x9504,0x9504,0x9488,
   2808                  0x9470,0x9420,0x9420,0x9420,0x89FC,0x0000,0x0000,0x0000,
   2809                  0x0000,0x0000,0x6430,0x9448,0x9484,0x9484,0x9484,0x8848,
   2810                  0x0430,0x0410,0x0410,0x0410,0xF9FC,0x0000,0x0000,0x0000,
   2811                  0x0000,0x0000,0x6430,0x9448,0x9484,0x9484,0x8884,0x0048,
   2812                  0x7C30,0x8410,0x8410,0x8410,0x7DFC,0x0000,0x0000,0x0000,
   2813                  0x0000,0x0000,0x0070,0x7888,0x8904,0x8904,0x8904,0x8888,
   2814                  0x8870,0x8810,0x8810,0x8810,0x7BFC,0x0000,0x0000,0x0000,
   2815                  0x0000,0x0000,0x0070,0x7C88,0x9104,0x9104,0x9104,0x9088,
   2816                  0x9070,0x9020,0x9020,0x9020,0x7DFC,0x0000,0x0000,0x0000,
   2817                  0x0000,0x0000,0x7C70,0x9088,0x9104,0x9104,0x9104,0x7C88,
   2818                  0x8070,0x8020,0x4020,0x3C20,0x41FC,0x8000,0x8000,0x0000,
   2819                  0x0000,0x0000,0x0070,0x8088,0x8104,0x4104,0x2104,0x1088,
   2820                  0x0C70,0x1020,0x2020,0x4020,0x87FC,0x8000,0x0000,0x0000,
   2821                  0x0000,0x0000,0x8070,0x4088,0x2104,0x1904,0x2104,0x4088,
   2822                  0x8070,0x4020,0x2020,0x1820,0x23FC,0x4000,0x8000,0x0000,
   2823                  0x0000,0x0000,0x0070,0x3088,0x4904,0x4904,0x8504,0x8488,
   2824                  0x8470,0x8410,0x4810,0x4810,0x33FC,0x0000,0x0000,0x0000,
   2825                  0x0000,0x0000,0x0070,0x8888,0x8904,0x4904,0x4904,0x2888,
   2826                  0x1870,0x2810,0x4810,0x4810,0x8BFC,0x8800,0x0000,0x0000,
   2827                  0x0000,0x0000,0x0070,0x2888,0x2904,0x2904,0x2904,0x2888,
   2828                  0x2870,0x2810,0x2810,0x2810,0xF3FC,0x0000,0x0000,0x0000,
   2829                  0x0000,0x0000,0x0070,0x8888,0x8904,0xF904,0x8904,0x8888,
   2830                  0x8870,0x8810,0xF810,0x8810,0x8BFC,0x0000,0x0000,0x0000,
   2831                  0x0000,0x0000,0x07C0,0x1830,0x2008,0x2008,0x1830,0x07C0,
   2832                  0x0080,0x0080,0xFFFC,0x0000,0x0000,0xFFFC,0x0000,0x0000,
   2833                  0x0000,0x0000,0x0070,0x0888,0x0904,0x0904,0x0888,0x0870,
   2834                  0x0820,0x0820,0x0BFC,0x0800,0x0800,0xF3FC,0x0000,0x0000,
   2835                  0x0000,0x0000,0x00F0,0x7108,0x8204,0x8204,0x8108,0x80F0,
   2836                  0x8020,0x8020,0x8FFC,0x8000,0x8000,0x9FFC,0x0000,0x0000,
   2837                  0x0000,0x0000,0x0030,0x6448,0x9484,0x9484,0x9448,0x9430,
   2838                  0x9420,0x9420,0x95FC,0x9400,0x9400,0x89FC,0x0000,0x0000,
   2839                  0x0000,0x0000,0x0070,0x7888,0x8904,0x8904,0x8888,0x8870,
   2840                  0x8820,0x8820,0x8BFC,0x8800,0x8800,0x7BFC,0x0000,0x0000,
   2841                  0x0000,0x0000,0x0070,0x7C88,0x9104,0x9104,0x9088,0x9070,
   2842                  0x9020,0x9020,0x91FC,0x9000,0x9000,0x7DFC,0x0000,0x0000,
   2843                  0x0000,0x0000,0x0070,0x8088,0x8104,0x4104,0x4088,0x2070,
   2844                  0x1820,0x2020,0x43FC,0x4000,0x8000,0x87FC,0x0000,0x0000,
   2845                  0x0000,0x0000,0x0070,0x3088,0x4904,0x4904,0x8488,0x8470,
   2846                  0x8420,0x8420,0x85FC,0x4800,0x4800,0x33FC,0x0000,0x0000,
   2847                  0x0000,0x0000,0x07C0,0x1830,0x2008,0x2008,0x2008,0x1830,
   2848                  0x07E0,0x0420,0x0420,0x0420,0xFFFC,0x0000,0x0000,0x0000,
   2849                  0x0000,0x0000,0x0070,0x0888,0x0904,0x0904,0x0904,0x0888,
   2850                  0x0870,0x0848,0x0848,0x0848,0xF3FC,0x0000,0x0000,0x0000,
   2851                  0x0000,0x0000,0x0870,0x0888,0x0904,0x0904,0xF104,0x0088,
   2852                  0x0870,0x0848,0x0848,0x0848,0xF3FC,0x0000,0x0000,0x0000,
   2853                  0x0000,0x0000,0x0070,0x7088,0x8104,0x8104,0x8104,0x8088,
   2854                  0x8070,0x8088,0x8088,0x8088,0x8FFC,0x0000,0x0000,0x0000,
   2855                  0x0000,0x0000,0x0070,0x6488,0x9504,0x9504,0x9504,0x9488,
   2856                  0x9470,0x9448,0x9448,0x9448,0x8BFC,0x0000,0x0000,0x0000,
   2857                  0x0000,0x0000,0x6430,0x9448,0x9484,0x9484,0x8884,0x0048,
   2858                  0x7C30,0x8448,0x8448,0x8448,0x7FFC,0x0000,0x0000,0x0000,
   2859                  0x0000,0x0000,0x6430,0x9448,0x9484,0x9484,0x8884,0x0048,
   2860                  0x7C30,0x9048,0x9048,0x9048,0x7FFC,0x0000,0x0000,0x0000,
   2861                  0x0000,0x0000,0x0070,0x7888,0x8904,0x8904,0x8904,0x8888,
   2862                  0x8870,0x8848,0x8848,0x8848,0x7BFC,0x0000,0x0000,0x0000,
   2863                  0x0000,0x0000,0x0070,0x7C88,0x9104,0x9104,0x9104,0x9088,
   2864                  0x9070,0x9048,0x9048,0x9048,0x7FFC,0x0000,0x0000,0x0000,
   2865                  0x0000,0x0000,0x0070,0x7C88,0x9104,0x9104,0x9104,0x7C88,
   2866                  0x8070,0x8048,0x4048,0x3C48,0x43FC,0x8000,0x8000,0x0000,
   2867                  0x0000,0x0000,0x0070,0x8088,0x8104,0x4104,0x4104,0x2088,
   2868                  0x1870,0x2048,0x4048,0x4048,0x87FC,0x8000,0x0000,0x0000,
   2869                  0x0000,0x8000,0x8070,0x4088,0x2104,0x1904,0x2104,0xC088,
   2870                  0x4070,0x2048,0x1848,0x2048,0x43FC,0x8000,0x0000,0x0000,
   2871                  0x0000,0x0000,0x0070,0x3088,0x4904,0x4904,0x8504,0x8488,
   2872                  0x8470,0x8448,0x4848,0x4848,0x33FC,0x0000,0x0000,0x0000,
   2873                  0x0000,0x0000,0x0030,0x7848,0x9484,0x9484,0x9484,0x9448,
   2874                  0x9430,0x9448,0x9448,0x9448,0x97FC,0x0000,0x0000,0x0000,
   2875                  0x0000,0x0000,0x0070,0x8888,0x8904,0xF904,0x8904,0x8888,
   2876                  0x8870,0x8848,0xF848,0x8848,0x8BFC,0x0000,0x0000,0x0000,
   2877                  0x0000,0x0000,0x0030,0x0848,0x4884,0xA884,0xAA84,0xAA48,
   2878                  0xAA30,0xAA48,0xAA48,0xA848,0x4BFC,0x0800,0x0000,0x0000,
   2879                  0x0000,0x0000,0x07C0,0x1830,0x2008,0x2008,0x1830,0x07E0,
   2880                  0x0420,0x0420,0xFFFC,0x0000,0x0000,0xFFFC,0x0000,0x0000,
   2881                  0x0000,0x0000,0x00F0,0x7108,0x8204,0x8204,0x8108,0x80F0,
   2882                  0x8090,0x8090,0x87FC,0x8000,0x8000,0x8FFC,0x0000,0x0000,
   2883                  0x0000,0x0000,0x0030,0x6448,0x9484,0x9484,0x9448,0x9478,
   2884                  0x9448,0x9448,0x95FC,0x9400,0x9400,0x89FC,0x0000,0x0000,
   2885                  0x0000,0x0000,0x0070,0x7888,0x8904,0x8904,0x8888,0x8878,
   2886                  0x8848,0x8848,0x8BFC,0x8800,0x8800,0x7BFC,0x0000,0x0000,
   2887                  0x0000,0x0000,0x0070,0x7C88,0x9104,0x9104,0x9088,0x9078,
   2888                  0x9048,0x9048,0x91FC,0x9000,0x9000,0x7DFC,0x0000,0x0000,
   2889                  0x0000,0x0000,0x0070,0x8088,0x8104,0x4104,0x4088,0x2078,
   2890                  0x1848,0x2048,0x43FC,0x4000,0x8000,0x87FC,0x0000,0x0000,
   2891                  0x0000,0x0000,0x8070,0x8088,0x4104,0x2104,0x1888,0x2078,
   2892                  0xC048,0x4048,0x21FC,0x1800,0x2000,0x43FC,0x8000,0x0000,
   2893                  0x0000,0x0000,0x4000,0x40E0,0x4110,0x4110,0x4208,0x4208,
   2894                  0x7E08,0x4208,0x4208,0x4110,0x4110,0x40E0,0x4000,0x0000,
   2895                  0x0000,0x0000,0x0100,0x0910,0x0928,0x0928,0x0944,0x0944,
   2896                  0x09C4,0x0944,0x0944,0x0928,0x0928,0xF110,0x0100,0x0000,
   2897                  0x0000,0x0000,0x0200,0x7210,0x8228,0x8228,0x8244,0x8244,
   2898                  0x83C4,0x8244,0x8244,0x8228,0x8228,0x8210,0x0200,0x0000,
   2899                  0x0000,0x0000,0x0100,0x6510,0x9528,0x9528,0x9544,0x9544,
   2900                  0x95C4,0x9544,0x9544,0x9528,0x9528,0x8910,0x0100,0x0000,
   2901                  0x0000,0x0000,0x0100,0x6510,0x9528,0x9528,0x9544,0x8944,
   2902                  0x81C4,0x0544,0x0544,0x0528,0x0528,0xF910,0x0100,0x0000,
   2903                  0x0000,0x0000,0x0100,0x6510,0x9528,0x9528,0x9544,0x8944,
   2904                  0x01C4,0x7D44,0x8544,0x8528,0x8528,0x7D10,0x0100,0x0000,
   2905                  0x0000,0x0000,0x0100,0x6510,0x9528,0x9528,0x9544,0x8944,
   2906                  0x81C4,0x8144,0x4144,0x3D28,0x4128,0x8110,0x8100,0x0000,
   2907                  0x0000,0x0000,0x0100,0x6510,0x9528,0x9528,0x9544,0x8944,
   2908                  0x11C4,0x5144,0xB544,0x9528,0xB528,0x5110,0x1100,0x0000,
   2909                  0x0000,0x0000,0x0100,0x7910,0x8928,0x8928,0x8944,0x8944,
   2910                  0x89C4,0x8944,0x8944,0x8928,0x8928,0x7910,0x0100,0x0000,
   2911                  0x0000,0x0000,0x0100,0x7D10,0x9128,0x9128,0x9144,0x9144,
   2912                  0x91C4,0x9144,0x9144,0x9128,0x9128,0x7D10,0x0100,0x0000,
   2913                  0x0000,0x0000,0x0100,0x8110,0x8128,0x4128,0x4144,0x2144,
   2914                  0x19C4,0x2144,0x4144,0x4128,0x8128,0x8110,0x0100,0x0000,
   2915                  0x0000,0x0000,0x0100,0x2110,0x5128,0x5128,0x8944,0x8944,
   2916                  0x89C4,0x8944,0x8944,0x5128,0x5128,0x2110,0x0100,0x0000,
   2917                  0x0000,0x0000,0x0100,0x9110,0x9128,0x9128,0x5544,0x5544,
   2918                  0x35C4,0x5544,0x5544,0x9128,0x9128,0x9110,0x0100,0x0000,
   2919                  0x0000,0x2000,0x20E0,0x2110,0x2208,0x3E08,0x2208,0x2110,
   2920                  0x20E0,0x2000,0x2000,0x0000,0xFFFC,0x0100,0x0100,0x0000,
   2921                  0x0000,0x0100,0x0118,0x1124,0x1124,0x11E4,0x1124,0x1124,
   2922                  0x1118,0x1100,0x1100,0x1000,0xE7FC,0x0020,0x0020,0x0000,
   2923                  0x0000,0x0200,0x0200,0x7238,0x8244,0x8244,0x83C4,0x8244,
   2924                  0x8244,0x8238,0x8200,0x8000,0x9FFC,0x0080,0x0080,0x0000,
   2925                  0x0000,0x0100,0x0118,0x4924,0xA924,0xA9E4,0xA924,0xA924,
   2926                  0xA918,0xA900,0xA900,0xA800,0x93FC,0x0020,0x0020,0x0000,
   2927                  0x0000,0x0100,0x0118,0x7924,0x8924,0x89E4,0x8924,0x8924,
   2928                  0x8918,0x8900,0x8900,0x8800,0x7BFC,0x0020,0x0020,0x0000,
   2929                  0x0000,0x0100,0x0118,0x7924,0x9124,0x91E4,0x9124,0x9124,
   2930                  0x9118,0x9100,0x9100,0x9000,0x7BFC,0x0020,0x0020,0x0000,
   2931                  0x0000,0x0100,0x0118,0x8124,0x8124,0x41E4,0x4124,0x2124,
   2932                  0x1918,0x2100,0x4100,0x4000,0x87FC,0x8020,0x0020,0x0000,
   2933                  0x0000,0x0100,0x8118,0x4124,0x2124,0x1924,0x21E4,0x4124,
   2934                  0x8124,0x4118,0x2100,0x1800,0x23FC,0x4020,0x8020,0x0000,
   2935                  0x0000,0x0100,0x0118,0x2124,0x5124,0x8924,0x89E4,0x8924,
   2936                  0x8924,0x8918,0x8900,0x5000,0x27FC,0x0020,0x0020,0x0000,
   2937                  0x0000,0x2000,0x20E0,0x2110,0x3E08,0x2208,0x2110,0x20E0,
   2938                  0x2000,0x0000,0xFFFC,0x0100,0x0100,0xFFFC,0x0000,0x0000,
   2939                  0x0000,0x0118,0x0124,0x1124,0x11E4,0x1124,0x1124,0x1118,
   2940                  0x1100,0x1000,0x13FC,0x1040,0x1040,0xE7FC,0x0000,0x0000,
   2941                  0x0000,0x0238,0x0244,0x7244,0x83C4,0x8244,0x8244,0x8238,
   2942                  0x8200,0x8000,0x8FFC,0x8040,0x8040,0x9FFC,0x0000,0x0000,
   2943                  0x0000,0x0118,0x0124,0x7924,0x89E4,0x8924,0x8924,0x8918,
   2944                  0x8900,0x8800,0x8BFC,0x8840,0x8840,0x7BFC,0x0000,0x0000,
   2945                  0x0000,0x0118,0x0124,0x8124,0x81E4,0x4124,0x4124,0x2118,
   2946                  0x1900,0x2000,0x43FC,0x4040,0x8040,0x87FC,0x0000,0x0000,
   2947                  0x0000,0x0118,0x0124,0x7124,0x51E4,0x8924,0x8924,0x8918,
   2948                  0x8900,0x8800,0x8BFC,0x8840,0x5040,0x77FC,0x0000,0x0000,
   2949                  0x0000,0x2000,0x20E0,0x2110,0x2208,0x3E08,0x2208,0x2110,
   2950                  0x20E0,0x2000,0x2000,0x0000,0xFFFC,0x0000,0x0000,0x0000,
   2951                  0x0000,0x0100,0x0118,0x1124,0x1124,0x11E4,0x1124,0x1124,
   2952                  0x1118,0x1100,0x1100,0x1000,0xE7FC,0x0000,0x0000,0x0000,
   2953                  0x0000,0x0200,0x0238,0x7244,0x8244,0x83C4,0x8244,0x8244,
   2954                  0x8238,0x8200,0x8200,0x8000,0x8FFC,0x0000,0x0000,0x0000,
   2955                  0x0000,0x0100,0x0118,0x4924,0xA924,0xA9E4,0xA924,0xA924,
   2956                  0xA918,0xA900,0xA900,0xA800,0x93FC,0x0000,0x0000,0x0000,
   2957                  0x0000,0x0100,0x0118,0x7924,0x8924,0x89E4,0x8924,0x8924,
   2958                  0x8918,0x8900,0x8900,0x8800,0x7BFC,0x0000,0x0000,0x0000,
   2959                  0x0000,0x0100,0x0118,0x7924,0x9124,0x91E4,0x9124,0x9124,
   2960                  0x9118,0x9100,0x9100,0x9000,0x7BFC,0x0000,0x0000,0x0000,
   2961                  0x0000,0x0100,0x0118,0x8124,0x8124,0x41E4,0x4124,0x2124,
   2962                  0x1918,0x2100,0x4100,0x4000,0x87FC,0x8000,0x0000,0x0000,
   2963                  0x0000,0x0100,0x0118,0x7124,0x5124,0x89E4,0x8924,0x8924,
   2964                  0x8918,0x8900,0x8900,0x5000,0x77FC,0x0000,0x0000,0x0000,
   2965                  0x0000,0x0000,0x4000,0x40E0,0x4110,0x7D10,0x4208,0x4208,
   2966                  0x4208,0x4208,0x4208,0x7D10,0x4110,0x40E0,0x4000,0x0000,
   2967                  0x0000,0x0000,0x0100,0x0910,0x0928,0x09E8,0x0944,0x0944,
   2968                  0x0944,0x0944,0x0944,0x09E8,0x0928,0xF110,0x0100,0x0000,
   2969                  0x0000,0x0000,0x0400,0x7430,0x8448,0x87C8,0x8484,0x8484,
   2970                  0x8484,0x8484,0x8484,0x87C8,0x8448,0x8430,0x0400,0x0000,
   2971                  0x0000,0x0000,0x0100,0x6510,0x9528,0x95E8,0x9544,0x9544,
   2972                  0x9544,0x9544,0x9544,0x95E8,0x9528,0x8910,0x0100,0x0000,
   2973                  0x0000,0x0000,0x0100,0x7910,0x8928,0x89E8,0x8944,0x8944,
   2974                  0x8944,0x8944,0x8944,0x89E8,0x8928,0x7910,0x0100,0x0000,
   2975                  0x0000,0x0000,0x0100,0x7D10,0x9128,0x91E8,0x9144,0x9144,
   2976                  0x9144,0x9144,0x9144,0x91E8,0x9128,0x7D10,0x0100,0x0000,
   2977                  0x0000,0x0000,0x0100,0x8110,0x8128,0x41E8,0x4144,0x2144,
   2978                  0x1944,0x2144,0x4144,0x41E8,0x8128,0x8110,0x0100,0x0000,
   2979                  0x0000,0x0000,0x0100,0x3110,0x4928,0x49E8,0x8544,0x8544,
   2980                  0x8544,0x8544,0x8544,0x49E8,0x4928,0x3110,0x0100,0x0000,
   2981                  0x0000,0x0000,0x0200,0x0230,0x0248,0x0248,0x0284,0x0284,
   2982                  0xFE84,0x0284,0x0284,0x0248,0x0248,0x0230,0x0200,0x0000,
   2983                  0x0000,0x0000,0x0100,0x0910,0x0928,0x0928,0x0944,0x0944,
   2984                  0x0F44,0x0944,0x0944,0x0928,0x0928,0xF110,0x0100,0x0000,
   2985                  0x0000,0x0000,0x0200,0x7210,0x8228,0x8228,0x8244,0x8244,
   2986                  0x9E44,0x8244,0x8244,0x8228,0x8228,0x8210,0x0200,0x0000,
   2987                  0x0000,0x0000,0x0100,0x6510,0x9528,0x9528,0x9544,0x9544,
   2988                  0x9744,0x9544,0x9544,0x9528,0x9528,0x8910,0x0100,0x0000,
   2989                  0x0000,0x0000,0x0100,0x6510,0x9528,0x9528,0x9544,0x8944,
   2990                  0x8744,0x0544,0x0544,0x0528,0x0528,0xF910,0x0100,0x0000,
   2991                  0x0000,0x0000,0x0100,0x6510,0x9528,0x9528,0x9544,0x8944,
   2992                  0x0744,0x7D44,0x8544,0x8528,0x8528,0x7D10,0x0100,0x0000,
   2993                  0x0000,0x0000,0x0100,0x7910,0x8928,0x8928,0x8944,0x8944,
   2994                  0x8F44,0x8944,0x8944,0x8928,0x8928,0x7910,0x0100,0x0000,
   2995                  0x0000,0x0000,0x0100,0x7D10,0x9128,0x9128,0x9144,0x9144,
   2996                  0x9744,0x9144,0x9144,0x9128,0x9128,0x7D10,0x0100,0x0000,
   2997                  0x0000,0x0000,0x8100,0x8110,0x8128,0x4128,0x4144,0x2144,
   2998                  0x1744,0x2144,0x4144,0x4128,0x8128,0x8110,0x8100,0x0000,
   2999                  0x0000,0x0000,0x0100,0x2110,0x5128,0x5128,0x8944,0x8944,
   3000                  0x8F44,0x8944,0x8944,0x5128,0x5128,0x2110,0x0100,0x0000,
   3001                  0x0000,0x0200,0x0230,0x0248,0x4284,0x3E84,0x0284,0x0248,
   3002                  0x1230,0x1200,0x1200,0x1000,0xFFFC,0x0000,0x0000,0x0000,
   3003                  0x0000,0x0080,0x0098,0x10A4,0x10A4,0x17A4,0x10A4,0x10A4,
   3004                  0x1098,0x1280,0x1280,0x1200,0xE7FC,0x0000,0x0000,0x0000,
   3005                  0x0000,0x0100,0x0138,0x7144,0x8144,0x8144,0x8F44,0x8144,
   3006                  0x8138,0x8500,0x8500,0x8400,0xBFFC,0x0000,0x0000,0x0000,
   3007                  0x0000,0x0000,0x0080,0x4898,0xA8A4,0xA8A4,0xAFA4,0xA8A4,
   3008                  0xA8A4,0xAA98,0xAA80,0xAA00,0x97FC,0x0000,0x0000,0x0000,
   3009                  0x0000,0x0080,0x0098,0x70A4,0x90A4,0x97A4,0x90A4,0x90A4,
   3010                  0x9098,0x9280,0x9280,0x9200,0x77FC,0x0000,0x0000,0x0000,
   3011                  0x0000,0x0080,0x0098,0x78A4,0xA0A4,0xA7A4,0xA0A4,0xA0A4,
   3012                  0xA098,0xA280,0xA280,0xA200,0x7FFC,0x0000,0x0000,0x0000,
   3013                  0x0000,0x0080,0x8098,0x80A4,0x40A4,0x37A4,0x20A4,0x40A4,
   3014                  0x8098,0x8280,0x4280,0x3200,0x27FC,0x4000,0x8000,0x0000,
   3015                  0x0000,0x0080,0x0098,0x70A4,0x50A4,0x8FA4,0x88A4,0x88A4,
   3016                  0x8898,0x8A80,0x8A80,0x5200,0x77FC,0x0000,0x0000,0x0000,
   3017                  0x0000,0x0200,0x0230,0x0248,0x4284,0x3E84,0x0248,0x0230,
   3018                  0x1200,0x1000,0xFFFC,0x0000,0x0000,0xFFFC,0x0000,0x0000,
   3019                  0x0000,0x0098,0x00A4,0x10A4,0x17A4,0x10A4,0x10A4,0x1298,
   3020                  0x1280,0x1200,0x17FC,0x1000,0x1000,0xE7FC,0x0000,0x0000,
   3021                  0x0000,0x0138,0x0144,0x6144,0x8F44,0x8144,0x8144,0x8538,
   3022                  0x8500,0x8400,0x9FFC,0x8000,0x8000,0x9FFC,0x0000,0x0000,
   3023                  0x0000,0x0098,0x00A4,0x48A4,0xAFA4,0xA8A4,0xA8A4,0xAA98,
   3024                  0xAA80,0xAA00,0xAFFC,0xA800,0xA800,0x97FC,0x0000,0x0000,
   3025                  0x0000,0x0098,0x00A4,0x70A4,0x97A4,0x90A4,0x90A4,0x9298,
   3026                  0x9280,0x9200,0x97FC,0x9000,0x9000,0x77FC,0x0000,0x0000,
   3027                  0x0000,0x0098,0x00A4,0x78A4,0xA7A4,0xA0A4,0xA0A4,0xA298,
   3028                  0xA280,0xA200,0xA7FC,0xA000,0xA000,0x7FFC,0x0000,0x0000,
   3029                  0x0000,0x0098,0x00A4,0x60A4,0x97A4,0x90A4,0x90A4,0x9298,
   3030                  0x9280,0x9200,0x97FC,0x9000,0x9000,0x67FC,0x0000,0x0000,
   3031                  0x0000,0x0200,0x0200,0x0230,0x0248,0x4284,0x3E84,0x0284,
   3032                  0x0248,0x0230,0x0200,0x0200,0xFFFC,0x0000,0x0000,0x0000,
   3033                  0x0000,0x0100,0x0118,0x1124,0x1124,0x1724,0x1124,0x1124,
   3034                  0x1118,0x1100,0x1100,0x1000,0xE7FC,0x0000,0x0000,0x0000,
   3035                  0x0000,0x0200,0x0238,0x6244,0x8244,0x9E44,0x8244,0x8244,
   3036                  0x8238,0x8200,0x8200,0x8000,0x9FFC,0x0000,0x0000,0x0000,
   3037                  0x0000,0x0100,0x0118,0x4924,0xA924,0xAF24,0xA924,0xA924,
   3038                  0xA918,0xA900,0xA900,0xA800,0x93FC,0x0000,0x0000,0x0000,
   3039                  0x0000,0x0100,0x0118,0x7124,0x9124,0x9724,0x9124,0x9124,
   3040                  0x9118,0x9100,0x9100,0x9000,0x77FC,0x0000,0x0000,0x0000,
   3041                  0x0000,0x0100,0x0118,0x7924,0xA124,0xA724,0xA124,0xA124,
   3042                  0xA118,0xA100,0xA100,0xA000,0x7BFC,0x0000,0x0000,0x0000,
   3043                  0x0000,0x0100,0x0118,0x8124,0x8124,0x4724,0x4124,0x2124,
   3044                  0x1918,0x2100,0x4100,0x4000,0x87FC,0x8000,0x0000,0x0000,
   3045                  0x0000,0x0100,0x0118,0x7124,0x5124,0x8F24,0x8924,0x8924,
   3046                  0x8918,0x8900,0x8900,0x5000,0x77FC,0x0000,0x0000,0x0000,
   3047                  0x0000,0x0000,0x0200,0x0230,0x8248,0x7E48,0x0284,0x0284,
   3048                  0x0284,0x0284,0x0284,0xFE48,0x0248,0x0230,0x0200,0x0000,
   3049                  0x0000,0x0000,0x0100,0x0910,0x0928,0x0F28,0x0944,0x0944,
   3050                  0x0944,0x0944,0x0944,0x0F28,0x0928,0xF110,0x0100,0x0000,
   3051                  0x0000,0x0000,0x0200,0x7210,0x8228,0x8228,0x9E44,0x8244,
   3052                  0x8244,0x8244,0x8244,0x9E28,0x8228,0x8210,0x0200,0x0000,
   3053                  0x0000,0x0000,0x0100,0x6510,0x9528,0x9728,0x9544,0x9544,
   3054                  0x9544,0x9544,0x9544,0x9728,0x9528,0x8910,0x0100,0x0000,
   3055                  0x0000,0x0000,0x0100,0x7910,0x8928,0x8F28,0x8944,0x8944,
   3056                  0x8944,0x8944,0x8944,0x8F28,0x8928,0x7910,0x0100,0x0000,
   3057                  0x0000,0x0000,0x0100,0x7D10,0x9128,0x9728,0x9144,0x9144,
   3058                  0x9144,0x9144,0x9144,0x9728,0x9128,0x7D10,0x0100,0x0000,
   3059                  0x0000,0x0000,0x0100,0x8110,0x8128,0x4728,0x4144,0x2144,
   3060                  0x1944,0x2144,0x4144,0x4728,0x8128,0x8110,0x0100,0x0000,
   3061                  0x0000,0x0000,0x0100,0x2110,0x5128,0x5728,0x8944,0x8944,
   3062                  0x8944,0x8944,0x8944,0x5728,0x5128,0x2110,0x0100,0x0000,
   3063                  0x0000,0x0000,0x0100,0x9110,0x9128,0x9728,0x5544,0x5544,
   3064                  0x3544,0x5544,0x5544,0x9728,0x9128,0x9110,0x0100,0x0000,
   3065                  0x0000,0x0000,0x4000,0x40E0,0x4110,0x4110,0x4208,0x4208,
   3066                  0x4208,0x4208,0x4208,0x4110,0x4110,0x40E0,0x4000,0x0000,
   3067                  0x0000,0x0000,0x0100,0x0910,0x0928,0x0928,0x0944,0x0944,
   3068                  0x0944,0x0944,0x0944,0x0928,0x0928,0xF110,0x0100,0x0000,
   3069                  0x0000,0x0000,0x0200,0x7210,0x8228,0x8228,0x8244,0x8244,
   3070                  0x8244,0x8244,0x8244,0x8228,0x8228,0x8210,0x0200,0x0000,
   3071                  0x0000,0x0000,0x0100,0x6510,0x9528,0x9528,0x9544,0x9544,
   3072                  0x9544,0x9544,0x9544,0x9528,0x9528,0x8910,0x0100,0x0000,
   3073                  0x0000,0x0000,0x0100,0x6510,0x9528,0x9528,0x9544,0x8944,
   3074                  0x0144,0x8544,0xFD44,0x8528,0x8528,0xFD10,0x8500,0x0000,
   3075                  0x0000,0x0000,0x0100,0x7910,0x8928,0x8928,0x8944,0x8944,
   3076                  0x8944,0x8944,0x8944,0x8928,0x8928,0x7910,0x0100,0x0000,
   3077                  0x0000,0x0000,0x0100,0x7D10,0x9128,0x9128,0x9144,0x9144,
   3078                  0x9144,0x9144,0x9144,0x9128,0x9128,0x7D10,0x0100,0x0000,
   3079                  0x0000,0x0000,0x0100,0x8110,0x8128,0x4128,0x4144,0x2144,
   3080                  0x1944,0x2144,0x4144,0x4128,0x8128,0x8110,0x0100,0x0000,
   3081                  0x0000,0x0000,0x0100,0x2110,0x5128,0x5128,0x8944,0x8944,
   3082                  0x8944,0x8944,0x8944,0x5128,0x5128,0x2110,0x0100,0x0000,
   3083                  0x0000,0x0000,0x0100,0x8910,0x8928,0x4928,0x4944,0x2944,
   3084                  0x1944,0x2944,0x4944,0x4928,0x8928,0x8910,0x0100,0x0000,
   3085                  0x0000,0x0000,0x0100,0x9110,0x9128,0x9128,0x5544,0x5544,
   3086                  0x3544,0x5544,0x5544,0x9128,0x9128,0x9110,0x0100,0x0000,
   3087                  0x0000,0x0000,0x0100,0x2910,0x2928,0x2928,0x2944,0x2944,
   3088                  0x2944,0x2944,0x2944,0x2928,0x2928,0xF110,0x0100,0x0000,
   3089                  0x0000,0x0000,0x0100,0x7910,0x9528,0x9528,0x9544,0x9544,
   3090                  0x9544,0x9544,0x9544,0x9528,0x9528,0x9510,0x0100,0x0000,
   3091                  0x0000,0x0000,0x0100,0x8910,0x8928,0xF928,0x8944,0x8944,
   3092                  0x8944,0x8944,0x8944,0xF928,0x8928,0x8910,0x0100,0x0000,
   3093                  0x0000,0x0000,0x0100,0x1110,0x5128,0xB128,0x9544,0x9544,
   3094                  0x9544,0x9544,0x9544,0xB128,0x5128,0x1110,0x0100,0x0000,
   3095                  0x0000,0x1000,0x10E0,0x1110,0x1208,0x1208,0x1208,0x1110,
   3096                  0x10E0,0x1000,0x1000,0x0000,0xFFFC,0x0000,0x0000,0x0000,
   3097                  0x0000,0x0200,0x0238,0x7244,0x8244,0x8244,0x8244,0x8244,
   3098                  0x8238,0x8200,0x8200,0x8000,0x8FFC,0x0000,0x0000,0x0000,
   3099                  0x0000,0x0100,0x0118,0x4924,0xA924,0xA924,0xA924,0xA924,
   3100                  0xA918,0xA900,0xA900,0xA800,0x97FC,0x0000,0x0000,0x0000,
   3101                  0x0000,0x0100,0x0118,0x7924,0x8924,0x8924,0x8924,0x8924,
   3102                  0x8918,0x8900,0x8900,0x8800,0x7FFC,0x0000,0x0000,0x0000,
   3103                  0x0000,0x0100,0x0118,0x8124,0x8124,0x4124,0x4124,0x2124,
   3104                  0x1918,0x2100,0x4100,0x4000,0x87FC,0x8000,0x0000,0x0000,
   3105                  0x0000,0x0000,0x07C0,0x1830,0x2008,0x2008,0x2008,0x1830,
   3106                  0x07C0,0x0000,0x0000,0x0000,0xFFFC,0x0000,0x0000,0x0000,
   3107                  0x0000,0x0000,0x0070,0x0888,0x0904,0x0904,0x0904,0x0888,
   3108                  0x0870,0x0800,0x0800,0x0800,0xF3FC,0x0000,0x0000,0x0000,
   3109                  0x0000,0x0000,0x0070,0x7088,0x8104,0x8104,0x8104,0x8088,
   3110                  0x8070,0x8000,0x8000,0x8000,0x8FFC,0x0000,0x0000,0x0000,
   3111                  0x0000,0x0000,0x0070,0x6488,0x9504,0x9504,0x9504,0x9488,
   3112                  0x9470,0x9400,0x9400,0x9400,0x89FC,0x0000,0x0000,0x0000,
   3113                  0x0000,0x0000,0x6470,0x9488,0x9504,0x9504,0x9504,0x8888,
   3114                  0x0470,0x0400,0x0400,0x0400,0xF9FC,0x0000,0x0000,0x0000,
   3115                  0x0000,0x0000,0x6430,0x9448,0x9484,0x9484,0x8884,0x0048,
   3116                  0x7C30,0x8400,0x8400,0x8400,0x7DFC,0x0000,0x0000,0x0000,
   3117                  0x0000,0x0000,0x6430,0x9448,0x9484,0x9484,0x8884,0x1048,
   3118                  0x5030,0xB400,0x9400,0xB400,0x51FC,0x1000,0x0000,0x0000,
   3119                  0x0000,0x0000,0x0070,0x7888,0x8904,0x8904,0x8904,0x8888,
   3120                  0x8870,0x8800,0x8800,0x8800,0x7BFC,0x0000,0x0000,0x0000,
   3121                  0x0000,0x0000,0x0070,0x7C88,0x9104,0x9104,0x9104,0x9088,
   3122                  0x9070,0x9000,0x9000,0x9000,0x7DFC,0x0000,0x0000,0x0000,
   3123                  0x0000,0x0000,0x0070,0x8088,0x8104,0x4104,0x4104,0x2088,
   3124                  0x1870,0x2000,0x4000,0x4000,0x87FC,0x8000,0x0000,0x0000,
   3125                  0x0000,0x0000,0x8070,0x4088,0x2104,0x1904,0x2104,0x4088,
   3126                  0x8070,0x4000,0x2000,0x1800,0x23FC,0x4000,0x8000,0x0000,
   3127                  0x0000,0x0000,0x0070,0x3088,0x4904,0x4904,0x8504,0x8488,
   3128                  0x8470,0x8400,0x4800,0x4800,0x33FC,0x0000,0x0000,0x0000,
   3129                  0x0000,0x0000,0x0070,0x8888,0x8904,0x4904,0x4904,0x2888,
   3130                  0x1870,0x2800,0x4800,0x4800,0x8BFC,0x8800,0x0000,0x0000,
   3131                  0x0000,0x0000,0x0070,0x8888,0x8904,0xF904,0x8904,0x8888,
   3132                  0x8870,0x8800,0xF800,0x8800,0x8BFC,0x0000,0x0000,0x0000,
   3133                  0x0000,0x2000,0x1008,0x0C08,0x0308,0x00F8,0x0108,0x0208,
   3134                  0x0C08,0x3008,0x0000,0x0000,0xFFFC,0x0080,0x0080,0x0000,
   3135                  0x0000,0x0200,0x0104,0x0884,0x0864,0x081C,0x0824,0x0844,
   3136                  0x0884,0x0900,0x0800,0x0800,0xF3FC,0x0020,0x0020,0x0000,
   3137                  0x0000,0x0204,0x0104,0x7084,0x8064,0x801C,0x8064,0x8084,
   3138                  0x8104,0x8204,0x8000,0x8000,0x8FFC,0x0040,0x0040,0x0000,
   3139                  0x0000,0x0200,0x0104,0x7C84,0x8064,0x801C,0x8024,0x8844,
   3140                  0x4884,0xAB04,0xAA00,0xAA00,0xABFC,0x4820,0x0820,0x0000,
   3141                  0x0000,0x0200,0x0104,0x7084,0x8864,0x881C,0x8824,0x8844,
   3142                  0x8884,0x8904,0x8800,0x8800,0x8BFC,0x0020,0x0020,0x0000,
   3143                  0x0000,0x0200,0x0104,0x6484,0x9464,0x941C,0x9424,0x9444,
   3144                  0x9484,0x9504,0x9400,0x9400,0x89FC,0x0020,0x0020,0x0000,
   3145                  0x0000,0x0200,0x6504,0x9484,0x9464,0x941C,0x8824,0x0044,
   3146                  0x7C84,0x8504,0x8400,0x8400,0x7DFC,0x0020,0x0020,0x0000,
   3147                  0x0000,0x0200,0x0104,0x7884,0x8864,0x881C,0x8824,0x8844,
   3148                  0x8884,0x8900,0x8800,0x8800,0x7BFC,0x0020,0x0020,0x0000,
   3149                  0x0000,0x0200,0x0104,0x7C84,0x9064,0x901C,0x9024,0x9044,
   3150                  0x9084,0x9104,0x9000,0x9000,0x7DFC,0x0020,0x0020,0x0000,
   3151                  0x0000,0x0200,0x0104,0x8084,0x8064,0x401C,0x4024,0x2044,
   3152                  0x1884,0x2104,0x4000,0x4000,0x87FC,0x8020,0x0020,0x0000,
   3153                  0x0000,0x8200,0x8104,0x4084,0x2064,0x181C,0x2024,0xC044,
   3154                  0x4084,0x2104,0x1800,0x2000,0x43FC,0x8020,0x0020,0x0000,
   3155                  0x0000,0x0200,0x0104,0x3084,0x4864,0x481C,0x8424,0x8444,
   3156                  0x8484,0x8500,0x4800,0x4800,0x33FC,0x0020,0x0020,0x0000,
   3157                  0x0000,0x0200,0x0104,0x8884,0x8864,0x481C,0x4824,0x2844,
   3158                  0x1884,0x2904,0x4800,0x4800,0x8BFC,0x8820,0x0020,0x0000,
   3159                  0x0000,0x2008,0x1808,0x0608,0x01F8,0x0208,0x0C08,0x3008,
   3160                  0x0000,0x0000,0xFFFC,0x0100,0x0100,0xFFFC,0x0000,0x0000,
   3161                  0x0000,0x0204,0x0104,0x08C4,0x083C,0x0844,0x0884,0x0904,
   3162                  0x0800,0x0800,0x0BFC,0x0820,0x0820,0xF3FC,0x0000,0x0000,
   3163                  0x0000,0x0204,0x0104,0x70C4,0x803C,0x80C4,0x8104,0x8204,
   3164                  0x8000,0x8000,0x87FC,0x8040,0x8040,0x8FFC,0x0000,0x0000,
   3165                  0x0000,0x0104,0x0084,0x6464,0x941C,0x9424,0x9444,0x9484,
   3166                  0x9400,0x9400,0x95FC,0x9420,0x9420,0x89FC,0x0000,0x0000,
   3167                  0x0000,0x0204,0x0104,0x78C4,0x883C,0x8844,0x8884,0x8904,
   3168                  0x8800,0x8800,0x8BFC,0x8820,0x8820,0x7BFC,0x0000,0x0000,
   3169                  0x0000,0x0204,0x0104,0x7CC4,0x903C,0x9044,0x9084,0x9104,
   3170                  0x9000,0x9000,0x91FC,0x9020,0x9020,0x7DFC,0x0000,0x0000,
   3171                  0x0000,0x0204,0x0104,0x80C4,0x803C,0x4044,0x4084,0x2104,
   3172                  0x1800,0x2000,0x43FC,0x4020,0x8020,0x87FC,0x0000,0x0000,
   3173                  0x0000,0x0204,0x8104,0x80C4,0x403C,0x2044,0x1884,0x2104,
   3174                  0xC000,0x4000,0x21FC,0x1820,0x2020,0x43FC,0x8000,0x0000,
   3175                  0x0000,0x0204,0x0104,0x30C4,0x483C,0x4844,0x8484,0x8504,
   3176                  0x8400,0x8400,0x85FC,0x4820,0x4820,0x33FC,0x0000,0x0000,
   3177                  0x0000,0x2008,0x1008,0x0C08,0x0308,0x00F8,0x0308,0x0C08,
   3178                  0x1008,0x2008,0x0000,0x0000,0xFFFC,0x0420,0x0420,0x0000,
   3179                  0x0000,0x0200,0x0104,0x0884,0x0864,0x081C,0x0824,0x0844,
   3180                  0x0884,0x0904,0x0800,0x0800,0xF3FC,0x0048,0x0048,0x0000,
   3181                  0x0000,0x0204,0x0104,0x7084,0x8064,0x801C,0x8064,0x8084,
   3182                  0x8104,0x8204,0x8000,0x8000,0x8FFC,0x0110,0x0110,0x0000,
   3183                  0x0000,0x0200,0x0104,0x7C84,0x8064,0x801C,0x8024,0x8844,
   3184                  0x4884,0xAB04,0xAA00,0xAA00,0xABFC,0x4848,0x0848,0x0000,
   3185                  0x0000,0x0200,0x0104,0x6484,0x9464,0x941C,0x9424,0x9444,
   3186                  0x9484,0x9504,0x9400,0x9400,0x89FC,0x0048,0x0048,0x0000,
   3187                  0x0000,0x0200,0x0104,0x7884,0x8864,0x881C,0x8824,0x8844,
   3188                  0x8884,0x8904,0x8800,0x8800,0x7BFC,0x0048,0x0048,0x0000,
   3189                  0x0000,0x0200,0x0104,0x3084,0x4864,0x481C,0x8424,0x8444,
   3190                  0x8484,0x8504,0x4800,0x4800,0x33FC,0x0048,0x0048,0x0000,
   3191                  0x0000,0x2008,0x1808,0x0608,0x01F8,0x0608,0x1808,0x2008,
   3192                  0x0000,0x0000,0xFFFC,0x0820,0x0820,0xFFFC,0x0000,0x0000,
   3193                  0x0000,0x0204,0x0104,0x70C4,0x803C,0x80C4,0x8104,0x8204,
   3194                  0x8000,0x8000,0x87FC,0x8110,0x8110,0x8FFC,0x0000,0x0000,
   3195                  0x0000,0x0104,0x0084,0x6464,0x941C,0x9424,0x9444,0x9484,
   3196                  0x9400,0x9400,0x95FC,0x9490,0x9490,0x89FC,0x0000,0x0000,
   3197                  0x0000,0x2000,0x1008,0x0C08,0x0308,0x00F8,0x0108,0x0208,
   3198                  0x0C88,0x3088,0x0080,0x0080,0xFFFC,0x0000,0x0000,0x0000,
   3199                  0x0000,0x0200,0x0104,0x0884,0x0864,0x081C,0x0824,0x0844,
   3200                  0x0884,0x0920,0x0820,0x0820,0xF3FC,0x0000,0x0000,0x0000,
   3201                  0x0000,0x0200,0x0104,0x7084,0x8064,0x801C,0x8064,0x8084,
   3202                  0x8124,0x8224,0x8020,0x8020,0x9FFC,0x0000,0x0000,0x0000,
   3203                  0x0000,0x0200,0x0104,0x6484,0x9464,0x941C,0x9424,0x9444,
   3204                  0x9484,0x9520,0x9420,0x9420,0x89FC,0x0000,0x0000,0x0000,
   3205                  0x0000,0x0200,0x6504,0x9484,0x9464,0x941C,0x8824,0x0044,
   3206                  0x7C84,0x8514,0x8410,0x8410,0x7DFC,0x0000,0x0000,0x0000,
   3207                  0x0000,0x0200,0x0104,0x7884,0x8864,0x881C,0x8824,0x8844,
   3208                  0x8884,0x8920,0x8820,0x8820,0x7BFC,0x0000,0x0000,0x0000,
   3209                  0x0000,0x0200,0x0104,0x7C84,0x9064,0x901C,0x9024,0x9044,
   3210                  0x9084,0x9114,0x9010,0x9010,0x7DFC,0x0000,0x0000,0x0000,
   3211                  0x0000,0x0200,0x0104,0x8084,0x8064,0x401C,0x4024,0x2044,
   3212                  0x1884,0x2114,0x4010,0x4010,0x87FC,0x8000,0x0000,0x0000,
   3213                  0x0000,0x0200,0x0104,0x3084,0x4864,0x481C,0x8424,0x8444,
   3214                  0x8484,0x8520,0x4820,0x4820,0x33FC,0x0000,0x0000,0x0000,
   3215                  0x0000,0x0200,0x0104,0x8884,0x8864,0x481C,0x4824,0x2844,
   3216                  0x1884,0x2914,0x4810,0x4810,0x8BFC,0x8800,0x0000,0x0000,
   3217                  0x0000,0x2008,0x1808,0x0608,0x01F8,0x0208,0x0C08,0x3088,
   3218                  0x0080,0x0080,0xFFFC,0x0000,0x0000,0xFFFC,0x0000,0x0000,
   3219                  0x0000,0x0204,0x0104,0x08C4,0x083C,0x0844,0x0884,0x0924,
   3220                  0x0820,0x0820,0x0BFC,0x0800,0x0800,0xF3FC,0x0000,0x0000,
   3221                  0x0000,0x0204,0x0104,0x70C4,0x803C,0x80C4,0x8104,0x8224,
   3222                  0x8020,0x8020,0x8FFC,0x8000,0x8000,0x9FFC,0x0000,0x0000,
   3223                  0x0000,0x0204,0x0104,0x64C4,0x943C,0x9444,0x9484,0x9524,
   3224                  0x9420,0x9420,0x95FC,0x9400,0x9400,0x89FC,0x0000,0x0000,
   3225                  0x0000,0x0204,0x0104,0x78C4,0x883C,0x8844,0x8884,0x8924,
   3226                  0x8820,0x8820,0x8BFC,0x8800,0x8800,0x7BFC,0x0000,0x0000,
   3227                  0x0000,0x0204,0x0104,0x7CC4,0x903C,0x9044,0x9084,0x9124,
   3228                  0x9020,0x9020,0x91FC,0x9000,0x9000,0x7DFC,0x0000,0x0000,
   3229                  0x0000,0x0204,0x0104,0x80C4,0x803C,0x4044,0x4084,0x2124,
   3230                  0x1820,0x2020,0x43FC,0x4000,0x8000,0x87FC,0x0000,0x0000,
   3231                  0x0000,0x0204,0x0104,0x30C4,0x483C,0x4844,0x8484,0x8524,
   3232                  0x8420,0x8420,0x85FC,0x4800,0x4800,0x33FC,0x0000,0x0000,
   3233                  0x0000,0x2000,0x1008,0x0C08,0x0308,0x00F8,0x0108,0x0208,
   3234                  0x0C08,0x3428,0x0420,0x0420,0xFFFC,0x0000,0x0000,0x0000,
   3235                  0x0000,0x0204,0x0104,0x7084,0x8064,0x801C,0x8064,0x8084,
   3236                  0x8104,0x8294,0x8090,0x8090,0x8FFC,0x0000,0x0000,0x0000,
   3237                  0x0000,0x0200,0x0104,0x6484,0x9464,0x941C,0x9424,0x9444,
   3238                  0x9484,0x954C,0x9448,0x9448,0x8BFC,0x0000,0x0000,0x0000,
   3239                  0x0000,0x0200,0x0104,0x7884,0x8864,0x881C,0x8824,0x8844,
   3240                  0x8884,0x894C,0x8848,0x8848,0x7BFC,0x0000,0x0000,0x0000,
   3241                  0x0000,0x0200,0x0104,0x7C84,0x9064,0x901C,0x9024,0x9044,
   3242                  0x9084,0x914C,0x9048,0x9048,0x7FFC,0x0000,0x0000,0x0000,
   3243                  0x0000,0x0200,0x8104,0x4084,0x2064,0x181C,0x2024,0x4044,
   3244                  0x8084,0x4148,0x2048,0x1848,0x23FC,0x4000,0x8000,0x0000,
   3245                  0x0000,0x0200,0x0104,0x3084,0x4864,0x481C,0x8424,0x8444,
   3246                  0x8484,0x854C,0x4848,0x4848,0x33FC,0x0000,0x0000,0x0000,
   3247                  0x0000,0x2008,0x1808,0x0608,0x01F8,0x0608,0x1808,0x2428,
   3248                  0x0420,0x0420,0xFFFC,0x0000,0x0000,0xFFFC,0x0000,0x0000,
   3249                  0x0000,0x0000,0x4200,0x4208,0x4108,0x4108,0x4088,0x4048,
   3250                  0x7C38,0x4048,0x4088,0x4108,0x4108,0x4208,0x4200,0x0000,
   3251                  0x0000,0x0000,0x0100,0x0944,0x0944,0x0924,0x0924,0x0914,
   3252                  0x09CC,0x0914,0x0924,0x0924,0x0944,0xF144,0x0100,0x0000,
   3253                  0x0000,0x0000,0x0240,0x7244,0x8244,0x8224,0x8224,0x8214,
   3254                  0x838C,0x8214,0x8224,0x8224,0x8244,0x8244,0x0240,0x0000,
   3255                  0x0000,0x0000,0x0100,0x6544,0x9544,0x9524,0x9524,0x9514,
   3256                  0x95CC,0x9514,0x9524,0x9524,0x9544,0x8944,0x0100,0x0000,
   3257                  0x0000,0x0000,0x0100,0x6544,0x9544,0x9524,0x9524,0x8914,
   3258                  0x01CC,0x7D14,0x8524,0x8524,0x8544,0x7D44,0x0100,0x0000,
   3259                  0x0000,0x0000,0x0100,0x7944,0x8944,0x8924,0x8924,0x8914,
   3260                  0x89CC,0x8914,0x8924,0x8924,0x8944,0x7944,0x0100,0x0000,
   3261                  0x0000,0x0000,0x0100,0x7D44,0x9144,0x9124,0x9124,0x9114,
   3262                  0x91CC,0x9114,0x9124,0x9124,0x9144,0x7D44,0x0100,0x0000,
   3263                  0x0000,0x0000,0x0100,0x8144,0x8144,0x4124,0x4124,0x2114,
   3264                  0x19CC,0x2114,0x4124,0x4124,0x8144,0x8144,0x0100,0x0000,
   3265                  0x0000,0x0000,0x0140,0x3144,0x4944,0x4924,0x8524,0x8514,
   3266                  0x85CC,0x8514,0x8524,0x4924,0x4944,0x3144,0x0140,0x0000,
   3267                  0x0000,0x0000,0x0100,0x8944,0x8944,0x4924,0x4924,0x2914,
   3268                  0x19CC,0x2914,0x4924,0x4924,0x8944,0x8944,0x0100,0x0000,
   3269                  0x0000,0x0000,0x0100,0x9144,0x9144,0x9124,0x5524,0x5514,
   3270                  0x35CC,0x5514,0x5524,0x9124,0x9144,0x9144,0x0100,0x0000,
   3271                  0x0000,0x0000,0x0100,0x1144,0x5144,0xB124,0x9524,0x9514,
   3272                  0x95CC,0x9514,0x9524,0xB124,0x5144,0x1144,0x0100,0x0000,
   3273                  0x0000,0x2200,0x2208,0x2108,0x2088,0x2048,0x3E38,0x2048,
   3274                  0x2088,0x2108,0x2208,0x0000,0xFFFC,0x0100,0x0100,0x0000,
   3275                  0x0000,0x0124,0x0124,0x1114,0x1114,0x11CC,0x1114,0x1114,
   3276                  0x1124,0x1124,0x1100,0x1000,0xE7FC,0x0020,0x0020,0x0000,
   3277                  0x0000,0x0124,0x0124,0x4914,0xA914,0xA9CC,0xA914,0xA914,
   3278                  0xA924,0xA924,0xA900,0xA800,0x93FC,0x0020,0x0020,0x0000,
   3279                  0x0000,0x0124,0x0124,0x7914,0x9114,0x91CC,0x9114,0x9114,
   3280                  0x9124,0x9124,0x9100,0x9000,0x7BFC,0x0020,0x0020,0x0000,
   3281                  0x0000,0x0124,0x0124,0x8114,0x8114,0x41CC,0x4114,0x2114,
   3282                  0x1924,0x2124,0x4100,0x4000,0x87FC,0x8020,0x0020,0x0000,
   3283                  0x0000,0x0124,0x0124,0x7114,0x5114,0x89CC,0x8914,0x8914,
   3284                  0x8924,0x8924,0x8900,0x5000,0x77FC,0x0020,0x0020,0x0000,
   3285                  0x0000,0x2108,0x2088,0x2048,0x3E38,0x2048,0x2088,0x2108,
   3286                  0x2000,0x0000,0xFFFC,0x0100,0x0100,0xFFFC,0x0000,0x0000,
   3287                  0x0000,0x0124,0x8124,0x8114,0x41CC,0x2114,0x1924,0x2124,
   3288                  0xC100,0x4000,0x23FC,0x1840,0x2040,0x43FC,0x8000,0x0000,
   3289                  0x0000,0x0124,0x0124,0x7114,0x51CC,0x8914,0x8924,0x8924,
   3290                  0x8900,0x8800,0x8BFC,0x8840,0x5040,0x77FC,0x0000,0x0000,
   3291                  0x0000,0x2200,0x2208,0x2108,0x2088,0x2048,0x3E38,0x2048,
   3292                  0x2088,0x2108,0x2208,0x0000,0xFFFC,0x0000,0x0000,0x0000,
   3293                  0x0000,0x0244,0x0244,0x7224,0x8214,0x83CC,0x8214,0x8224,
   3294                  0x8244,0x8244,0x8200,0x8000,0x8FFC,0x0000,0x0000,0x0000,
   3295                  0x0000,0x0124,0x0124,0x4914,0xA914,0xA9CC,0xA914,0xA914,
   3296                  0xA924,0xA924,0xA900,0xA800,0x93FC,0x0000,0x0000,0x0000,
   3297                  0x0000,0x0124,0x0124,0x7914,0x8914,0x89CC,0x8914,0x8914,
   3298                  0x8924,0x8924,0x8900,0x8800,0x7BFC,0x0000,0x0000,0x0000,
   3299                  0x0000,0x0124,0x0124,0x7914,0x9114,0x91CC,0x9114,0x9114,
   3300                  0x9124,0x9124,0x9100,0x9000,0x7BFC,0x0000,0x0000,0x0000,
   3301                  0x0000,0x0124,0x0124,0x8114,0x8114,0x41CC,0x4114,0x2114,
   3302                  0x1924,0x2124,0x4100,0x4000,0x87FC,0x8000,0x0000,0x0000,
   3303                  0x0000,0x0124,0x0124,0x7114,0x5114,0x89CC,0x8914,0x8914,
   3304                  0x8924,0x8924,0x8900,0x5000,0x77FC,0x0000,0x0000,0x0000,
   3305                  0x0000,0x0000,0x4200,0x4208,0x4108,0x7D08,0x4088,0x4048,
   3306                  0x4038,0x4048,0x4088,0x7D08,0x4108,0x4208,0x4200,0x0000,
   3307                  0x0000,0x0000,0x0100,0x0944,0x0944,0x09E4,0x0924,0x0914,
   3308                  0x090C,0x0914,0x0924,0x09E4,0x0944,0xF144,0x0100,0x0000,
   3309                  0x0000,0x0000,0x0400,0x7444,0x8444,0x87A4,0x8424,0x8414,
   3310                  0x840C,0x8414,0x8424,0x87A4,0x8444,0x8444,0x0400,0x0000,
   3311                  0x0000,0x0000,0x0100,0x2144,0x5144,0x51E4,0x8924,0x8914,
   3312                  0x890C,0x8914,0x8924,0x51E4,0x5144,0x2144,0x0100,0x0000,
   3313                  0x0000,0x0000,0x0480,0x0484,0x0484,0x0444,0x0444,0x0424,
   3314                  0xFC1C,0x0424,0x0444,0x0444,0x0484,0x0484,0x0480,0x0000,
   3315                  0x0000,0x0000,0x0100,0x0944,0x0944,0x0924,0x0924,0x0914,
   3316                  0x0F0C,0x0914,0x0924,0x0924,0x0944,0xF144,0x0100,0x0000,
   3317                  0x0000,0x0000,0x0240,0x7244,0x8244,0x8224,0x8224,0x8214,
   3318                  0x9E0C,0x8214,0x8224,0x8224,0x8244,0x8244,0x0240,0x0000,
   3319                  0x0000,0x0000,0x0140,0x6544,0x9544,0x9524,0x9524,0x9514,
   3320                  0x970C,0x9514,0x9524,0x9524,0x9544,0x8944,0x0140,0x0000,
   3321                  0x0000,0x0000,0x0100,0x6544,0x9544,0x9524,0x9524,0x8914,
   3322                  0x870C,0x0514,0x0524,0x0524,0x0544,0xF944,0x0100,0x0000,
   3323                  0x0000,0x0000,0x0100,0x6544,0x9544,0x9524,0x9524,0x8914,
   3324                  0x070C,0x7D14,0x8524,0x8524,0x8544,0x7D44,0x0100,0x0000,
   3325                  0x0000,0x0000,0x0100,0x7944,0x8944,0x8924,0x8924,0x8914,
   3326                  0x8F0C,0x8914,0x8924,0x8924,0x8944,0x7944,0x0100,0x0000,
   3327                  0x0000,0x0000,0x0100,0x7D44,0x9144,0x9124,0x9124,0x9114,
   3328                  0x970C,0x9114,0x9124,0x9124,0x9144,0x7D44,0x0100,0x0000,
   3329                  0x0000,0x0000,0x0100,0x8144,0x8144,0x4124,0x4124,0x2114,
   3330                  0x170C,0x2114,0x4124,0x4124,0x8144,0x8144,0x0100,0x0000,
   3331                  0x0000,0x0000,0x0140,0x3144,0x4944,0x4924,0x8524,0x8514,
   3332                  0x870C,0x8514,0x8524,0x4924,0x4944,0x3144,0x0140,0x0000,
   3333                  0x0000,0x0244,0x0244,0x0224,0x4214,0x3E0C,0x0214,0x0224,
   3334                  0x1244,0x1244,0x1200,0x1000,0xFFFC,0x0000,0x0000,0x0000,
   3335                  0x0000,0x0080,0x80A4,0x80A4,0x4094,0x3794,0x208C,0x4094,
   3336                  0x8094,0x82A4,0x42A4,0x3200,0x27FC,0x4000,0x8000,0x0000,
   3337                  0x0000,0x0200,0x0244,0x0244,0x4224,0x3E1C,0x0224,0x0244,
   3338                  0x1244,0x1000,0xFFFC,0x0000,0x0000,0xFFFC,0x0000,0x0000,
   3339                  0x0000,0x0244,0x0244,0x0224,0x4214,0x3E0C,0x0214,0x0224,
   3340                  0x0244,0x0244,0x0200,0x0000,0xFFFC,0x0000,0x0000,0x0000,
   3341                  0x0000,0x0100,0x0124,0x1124,0x1114,0x1714,0x110C,0x1114,
   3342                  0x1114,0x1124,0x1124,0x1000,0xE7FC,0x0000,0x0000,0x0000,
   3343                  0x0000,0x0200,0x0244,0x6244,0x8224,0x9E14,0x820C,0x8214,
   3344                  0x8224,0x8244,0x8244,0x8000,0x9FFC,0x0000,0x0000,0x0000,
   3345                  0x0000,0x0100,0x0124,0x4924,0xA914,0xAF14,0xA90C,0xA914,
   3346                  0xA914,0xA924,0xA924,0xA800,0x93FC,0x0000,0x0000,0x0000,
   3347                  0x0000,0x0100,0x0124,0x7124,0x9114,0x9714,0x910C,0x9114,
   3348                  0x9114,0x9124,0x9124,0x9000,0x77FC,0x0000,0x0000,0x0000,
   3349                  0x0000,0x0100,0x0124,0x7924,0xA114,0xA714,0xA10C,0xA114,
   3350                  0xA114,0xA124,0xA124,0xA000,0x7BFC,0x0000,0x0000,0x0000,
   3351                  0x0000,0x0100,0x0124,0x8124,0x8114,0x4714,0x410C,0x2114,
   3352                  0x1914,0x2124,0x4124,0x4000,0x87FC,0x8000,0x0000,0x0000,
   3353                  0x0000,0x0000,0x0400,0x0484,0x8484,0x7C44,0x0444,0x0424,
   3354                  0x041C,0x0424,0x0444,0xFC44,0x0484,0x0484,0x0400,0x0000,
   3355                  0x0000,0x0000,0x0200,0x7244,0x8244,0x8224,0x9E24,0x8214,
   3356                  0x820C,0x8214,0x8224,0x9E24,0x8244,0x8244,0x0200,0x0000,
   3357                  0x0000,0x0000,0x0100,0x6544,0x9544,0x9724,0x9524,0x9514,
   3358                  0x950C,0x9514,0x9524,0x9724,0x9544,0x8944,0x0100,0x0000,
   3359                  0x0000,0x0000,0x0100,0x7944,0x8944,0x8F24,0x8924,0x8914,
   3360                  0x890C,0x8914,0x8924,0x8F24,0x8944,0x7944,0x0100,0x0000,
   3361                  0x0000,0x0000,0x4200,0x4208,0x4108,0x4108,0x4088,0x4048,
   3362                  0x4038,0x4048,0x4088,0x4108,0x4108,0x4208,0x4200,0x0000,
   3363                  0x0000,0x0000,0x0100,0x0944,0x0944,0x0924,0x0924,0x0914,
   3364                  0x090C,0x0914,0x0924,0x0924,0x0944,0xF144,0x0100,0x0000,
   3365                  0x0000,0x0000,0x0200,0x7244,0x8244,0x8224,0x8224,0x8214,
   3366                  0x820C,0x8214,0x8224,0x8224,0x8244,0x8244,0x0200,0x0000,
   3367                  0x0000,0x0000,0x0100,0x6544,0x9544,0x9524,0x9524,0x9514,
   3368                  0x950C,0x9514,0x9524,0x9524,0x9544,0x8944,0x0100,0x0000,
   3369                  0x0000,0x0000,0x0100,0x7944,0x8944,0x8924,0x8924,0x8914,
   3370                  0x890C,0x8914,0x8924,0x8924,0x8944,0x7944,0x0100,0x0000,
   3371                  0x0000,0x0000,0x0100,0x7D44,0x9144,0x9124,0x9124,0x9114,
   3372                  0x910C,0x9114,0x9124,0x9124,0x9144,0x7D44,0x0100,0x0000,
   3373                  0x0000,0x0000,0x0100,0x8144,0x8144,0x4124,0x4124,0x2114,
   3374                  0x190C,0x2114,0x4124,0x4124,0x8144,0x8144,0x0100,0x0000,
   3375                  0x0000,0x0000,0x0140,0x3144,0x4944,0x4924,0x8524,0x8514,
   3376                  0x850C,0x8514,0x8524,0x4924,0x4944,0x3144,0x0140,0x0000,
   3377                  0x0000,0x2000,0x1008,0x0C08,0x0308,0x00F8,0x0108,0x0208,
   3378                  0x0C08,0x3008,0x0000,0x0000,0xFFFC,0x0000,0x0000,0x0000,
   3379                  0x0000,0x0200,0x0104,0x0884,0x0864,0x081C,0x0824,0x0844,
   3380                  0x0884,0x0900,0x0800,0x0800,0xF3FC,0x0000,0x0000,0x0000,
   3381                  0x0000,0x0200,0x0104,0x7084,0x8064,0x801C,0x8064,0x8084,
   3382                  0x8104,0x8204,0x8000,0x8000,0x8FFC,0x0000,0x0000,0x0000,
   3383                  0x0000,0x0200,0x0104,0x7084,0x8864,0x881C,0x8824,0x8844,
   3384                  0x8884,0x8904,0x8800,0x8800,0x8BFC,0x0000,0x0000,0x0000,
   3385                  0x0000,0x0200,0x0104,0x6484,0x9464,0x941C,0x9424,0x9444,
   3386                  0x9484,0x9500,0x9400,0x9400,0x89FC,0x0000,0x0000,0x0000,
   3387                  0x0000,0x0200,0x6504,0x9484,0x9464,0x941C,0x8824,0x0044,
   3388                  0x7C84,0x8504,0x8400,0x8400,0x7DFC,0x0000,0x0000,0x0000,
   3389                  0x0000,0x0200,0x0104,0x7884,0x8864,0x881C,0x8824,0x8844,
   3390                  0x8884,0x8900,0x8800,0x8800,0x7BFC,0x0000,0x0000,0x0000,
   3391                  0x0000,0x0200,0x0104,0x7C84,0x9064,0x901C,0x9024,0x9044,
   3392                  0x9084,0x9100,0x9000,0x9000,0x7DFC,0x0000,0x0000,0x0000,
   3393                  0x0000,0x0200,0x0104,0x8084,0x8064,0x401C,0x2024,0x1044,
   3394                  0x0C84,0x1100,0x2000,0x4000,0x87FC,0x8000,0x0000,0x0000,
   3395                  0x0000,0x0200,0x0104,0x3084,0x4864,0x481C,0x8424,0x8444,
   3396                  0x8484,0x8504,0x4800,0x4800,0x33FC,0x0000,0x0000,0x0000,
   3397                  0x0000,0x0200,0x0104,0x8884,0x8864,0x481C,0x4824,0x2844,
   3398                  0x1884,0x2904,0x4800,0x4800,0x8BFC,0x8800,0x0000,0x0000,
   3399                  0x0000,0x0200,0x0104,0x7884,0x9464,0x941C,0x9424,0x9444,
   3400                  0x9484,0x9504,0x9400,0x9400,0x95FC,0x0000,0x0000,0x0000,
   3401                  0x0000,0x0200,0x0104,0x8884,0x8864,0xF81C,0x8824,0x8844,
   3402                  0x8884,0x8904,0xF800,0x8800,0x8BFC,0x0000,0x0000,0x0000,
   3403                  0x0000,0x2000,0x1808,0x0608,0x01F8,0x2608,0x1808,0x0608,
   3404                  0x01F8,0x0E08,0x3008,0x0000,0xFFFC,0x0080,0x0080,0x0000,
   3405                  0x0000,0x0100,0x0084,0x0864,0x081C,0x0964,0x0884,0x0864,
   3406                  0x081C,0x0864,0x0984,0x0800,0xF3FC,0x0020,0x0020,0x0000,
   3407                  0x0000,0x0200,0x0104,0x70C4,0x803C,0x82C4,0x8104,0x80C4,
   3408                  0x803C,0x80C4,0x8304,0x8000,0x8FFC,0x0040,0x0040,0x0000,
   3409                  0x0000,0x0100,0x0084,0x7C64,0x801C,0x8164,0x8084,0x8864,
   3410                  0x481C,0xAA64,0xAB84,0xAA00,0xABFC,0x4820,0x0820,0x0000,
   3411                  0x0000,0x0100,0x0084,0x6464,0x941C,0x9564,0x9484,0x9464,
   3412                  0x941C,0x9464,0x9584,0x9400,0x89FC,0x0020,0x0020,0x0000,
   3413                  0x0000,0x0100,0x6484,0x9464,0x941C,0x9564,0x8884,0x0064,
   3414                  0x7C1C,0x9064,0x9184,0x9000,0x7DFC,0x0020,0x0020,0x0000,
   3415                  0x0000,0x0100,0x0084,0x7864,0x881C,0x8964,0x8884,0x8864,
   3416                  0x881C,0x8864,0x8984,0x8800,0x7BFC,0x0020,0x0020,0x0000,
   3417                  0x0000,0x0100,0x0084,0x7C64,0x901C,0x9164,0x9084,0x9064,
   3418                  0x901C,0x9064,0x9184,0x9000,0x7DFC,0x0020,0x0020,0x0000,
   3419                  0x0000,0x0100,0x0084,0x8064,0x801C,0x4164,0x4084,0x2064,
   3420                  0x181C,0x2064,0x4184,0x4000,0x87FC,0x8020,0x0020,0x0000,
   3421                  0x0000,0x8100,0x8084,0x4064,0x201C,0x1964,0x2084,0xC064,
   3422                  0x401C,0x2064,0x1984,0x2000,0x43FC,0x8020,0x0020,0x0000,
   3423                  0x0000,0x0100,0x0084,0x3064,0x481C,0x4964,0x8484,0x8464,
   3424                  0x841C,0x8464,0x4984,0x4800,0x33FC,0x0020,0x0020,0x0000,
   3425                  0x0000,0x3008,0x0C08,0x03F8,0x2408,0x1C08,0x03F8,0x0C08,
   3426                  0x3008,0x0000,0xFFFC,0x0100,0x0100,0xFFFC,0x0000,0x0000,
   3427                  0x0000,0x0104,0x00C4,0x083C,0x0944,0x08C4,0x083C,0x08C4,
   3428                  0x0904,0x0800,0x0BFC,0x0820,0x0820,0xF3FC,0x0000,0x0000,
   3429                  0x0000,0x0204,0x0184,0x707C,0x8284,0x8184,0x807C,0x8184,
   3430                  0x8204,0x8000,0x87FC,0x8040,0x8040,0x8FFC,0x0000,0x0000,
   3431                  0x0000,0x0104,0x00C4,0x643C,0x9544,0x94C4,0x943C,0x94C4,
   3432                  0x9504,0x9400,0x95FC,0x9420,0x9420,0x89FC,0x0000,0x0000,
   3433                  0x0000,0x0104,0x00C4,0x783C,0x8944,0x88C4,0x883C,0x88C4,
   3434                  0x8904,0x8800,0x8BFC,0x8820,0x8820,0x7BFC,0x0000,0x0000,
   3435                  0x0000,0x0104,0x00C4,0x7C3C,0x9144,0x90C4,0x903C,0x90C4,
   3436                  0x9104,0x9000,0x91FC,0x9020,0x9020,0x7DFC,0x0000,0x0000,
   3437                  0x0000,0x0104,0x00C4,0x803C,0x8144,0x40C4,0x403C,0x20C4,
   3438                  0x1904,0x2000,0x43FC,0x4020,0x8020,0x87FC,0x0000,0x0000,
   3439                  0x0000,0x0104,0x80C4,0x803C,0x4144,0x20C4,0x183C,0x20C4,
   3440                  0xC104,0x4000,0x21FC,0x1820,0x2020,0x43FC,0x8000,0x0000,
   3441                  0x0000,0x0104,0x00C4,0x303C,0x4944,0x48C4,0x843C,0x84C4,
   3442                  0x8504,0x8400,0x85FC,0x4820,0x4820,0x33FC,0x0000,0x0000,
   3443                  0x0000,0x2000,0x1808,0x0608,0x01F8,0x2608,0x1808,0x0608,
   3444                  0x01F8,0x0E08,0x3008,0x0000,0xFFFC,0x0420,0x0420,0x0000,
   3445                  0x0000,0x0200,0x0104,0x70C4,0x803C,0x82C4,0x8104,0x80C4,
   3446                  0x803C,0x80C4,0x8304,0x8000,0x8FFC,0x0110,0x0110,0x0000,
   3447                  0x0000,0x0100,0x0084,0x3064,0x481C,0x4964,0x8484,0x8464,
   3448                  0x841C,0x8464,0x4984,0x4800,0x33FC,0x0048,0x0048,0x0000,
   3449                  0x0000,0x2000,0x1808,0x0608,0x01F8,0x2608,0x1808,0x0608,
   3450                  0x01F8,0x0E08,0x3088,0x0080,0xFFFC,0x0000,0x0000,0x0000,
   3451                  0x0000,0x0084,0x0064,0x081C,0x0964,0x0884,0x0864,0x081C,
   3452                  0x0864,0x0984,0x0820,0x0820,0xF3FC,0x0000,0x0000,0x0000,
   3453                  0x0000,0x0104,0x00C4,0x703C,0x82C4,0x8104,0x80C4,0x803C,
   3454                  0x80C4,0x8324,0x8020,0x8020,0x8FFC,0x0000,0x0000,0x0000,
   3455                  0x0000,0x0084,0x0064,0x641C,0x9564,0x9484,0x9464,0x941C,
   3456                  0x9464,0x95A4,0x9420,0x9420,0x89FC,0x0000,0x0000,0x0000,
   3457                  0x0000,0x0084,0x0064,0x781C,0x8964,0x8884,0x8864,0x881C,
   3458                  0x8864,0x8984,0x8820,0x8820,0x7BFC,0x0000,0x0000,0x0000,
   3459                  0x0000,0x0084,0x0064,0x7C1C,0x9164,0x9084,0x9064,0x901C,
   3460                  0x9064,0x9184,0x9020,0x9020,0x7DFC,0x0000,0x0000,0x0000,
   3461                  0x0000,0x0084,0x0064,0x801C,0x8164,0x4084,0x4064,0x201C,
   3462                  0x1864,0x2184,0x4020,0x4020,0x87FC,0x8000,0x0000,0x0000,
   3463                  0x0000,0x8084,0x8064,0x401C,0x2164,0x1884,0x2064,0xC01C,
   3464                  0x4064,0x2184,0x1820,0x2020,0x43FC,0x8000,0x0000,0x0000,
   3465                  0x0000,0x0084,0x0064,0x301C,0x4964,0x4884,0x8464,0x841C,
   3466                  0x8464,0x8584,0x4820,0x4820,0x33FC,0x0000,0x0000,0x0000,
   3467                  0x0000,0x3008,0x0C08,0x03F8,0x3408,0x0C08,0x03F8,0x0C08,
   3468                  0x3088,0x0080,0xFFFC,0x0000,0x0000,0xFFFC,0x0000,0x0000,
   3469                  0x0000,0x0104,0x00C4,0x303C,0x4944,0x48C4,0x843C,0x84C4,
   3470                  0x8524,0x8420,0x85FC,0x4800,0x4800,0x33FC,0x0000,0x0000,
   3471                  0x0000,0x2000,0x1808,0x0608,0x01F8,0x2608,0x1808,0x0608,
   3472                  0x01F8,0x0E08,0x3228,0x0220,0xFFFC,0x0000,0x0000,0x0000,
   3473                  0x0000,0x8084,0x8064,0x401C,0x2164,0x1884,0x2064,0xC01C,
   3474                  0x4064,0x21CC,0x1848,0x2048,0x43FC,0x8000,0x0000,0x0000,
   3475                  0x0000,0x0000,0x4208,0x4108,0x40C8,0x4038,0x40C8,0x4108,
   3476                  0x7E08,0x4108,0x40C8,0x4038,0x40C8,0x4108,0x4208,0x0000,
   3477                  0x0000,0x0000,0x0124,0x0924,0x0914,0x090C,0x0914,0x0924,
   3478                  0x09E4,0x0924,0x0914,0x090C,0x0914,0xF124,0x0124,0x0000,
   3479                  0x0000,0x0000,0x0444,0x7444,0x8424,0x841C,0x8424,0x8444,
   3480                  0x87C4,0x8444,0x8424,0x841C,0x8424,0x8444,0x0444,0x0000,
   3481                  0x0000,0x0000,0x0124,0x6524,0x9514,0x950C,0x9514,0x9524,
   3482                  0x95E4,0x9524,0x9514,0x950C,0x9514,0x8924,0x0124,0x0000,
   3483                  0x0000,0x0000,0x0124,0x7924,0x8914,0x890C,0x8914,0x8924,
   3484                  0x89E4,0x8924,0x8914,0x890C,0x8914,0x7924,0x0124,0x0000,
   3485                  0x0000,0x0000,0x0124,0x7D24,0x9114,0x910C,0x9114,0x9124,
   3486                  0x91E4,0x9124,0x9114,0x910C,0x9114,0x7D24,0x0124,0x0000,
   3487                  0x0000,0x0000,0x0124,0x8124,0x8114,0x410C,0x4114,0x2124,
   3488                  0x19E4,0x2124,0x4114,0x410C,0x8114,0x8124,0x0124,0x0000,
   3489                  0x0000,0x0000,0x0124,0x2124,0x5114,0x510C,0x8914,0x8924,
   3490                  0x89E4,0x8924,0x8914,0x510C,0x5114,0x2124,0x0124,0x0000,
   3491                  0x0000,0x0000,0x0124,0x9124,0x9114,0x910C,0x5514,0x5524,
   3492                  0x35E4,0x5524,0x5514,0x910C,0x9114,0x9124,0x0124,0x0000,
   3493                  0x0000,0x2208,0x2188,0x2078,0x2188,0x3E08,0x2188,0x2078,
   3494                  0x2188,0x2208,0x2000,0x0000,0xFFFC,0x0100,0x0100,0x0000,
   3495                  0x0000,0x0144,0x0124,0x111C,0x1124,0x11C4,0x1124,0x111C,
   3496                  0x1124,0x1144,0x1100,0x1000,0xE7FC,0x0020,0x0020,0x0000,
   3497                  0x0000,0x0144,0x0124,0x491C,0xA924,0xA9C4,0xA924,0xA91C,
   3498                  0xA924,0xA944,0xA900,0xA800,0x93FC,0x0020,0x0020,0x0000,
   3499                  0x0000,0x8144,0x8124,0x411C,0x2124,0x19C4,0x2124,0xC11C,
   3500                  0x4124,0x2144,0x1900,0x2000,0x43FC,0x8020,0x0020,0x0000,
   3501                  0x0000,0x2208,0x2188,0x2078,0x3E88,0x2188,0x2078,0x2188,
   3502                  0x2208,0x0000,0xFFFC,0x0100,0x0100,0xFFFC,0x0000,0x0000,
   3503                  0x0000,0x0144,0x8124,0x811C,0x41E4,0x2124,0x191C,0x2124,
   3504                  0xC144,0x4000,0x23FC,0x1840,0x2040,0x43FC,0x8000,0x0000,
   3505                  0x0000,0x2208,0x2188,0x2078,0x2188,0x3E08,0x2188,0x2078,
   3506                  0x2188,0x2208,0x2000,0x0000,0xFFFC,0x0000,0x0000,0x0000,
   3507                  0x0000,0x0244,0x0224,0x721C,0x8224,0x83C4,0x8224,0x821C,
   3508                  0x8224,0x8244,0x8200,0x8000,0x8FFC,0x0000,0x0000,0x0000,
   3509                  0x0000,0x0144,0x0124,0x491C,0xA924,0xA9C4,0xA924,0xA91C,
   3510                  0xA924,0xA944,0xA900,0xA800,0x93FC,0x0000,0x0000,0x0000,
   3511                  0x0000,0x0144,0x0124,0x791C,0x8924,0x89C4,0x8924,0x891C,
   3512                  0x8924,0x8944,0x8900,0x8800,0x7BFC,0x0000,0x0000,0x0000,
   3513                  0x0000,0x0144,0x0124,0x791C,0x9124,0x91C4,0x9124,0x911C,
   3514                  0x9124,0x9144,0x9100,0x9000,0x7BFC,0x0000,0x0000,0x0000,
   3515                  0x0000,0x0000,0x0124,0x2124,0x5114,0x51CC,0x8914,0x8924,
   3516                  0x8924,0x8924,0x8914,0x51CC,0x5114,0x2124,0x0124,0x0000,
   3517                  0x0000,0x0000,0x0484,0x0444,0x0424,0x041C,0x0424,0x0444,
   3518                  0xFC84,0x0444,0x0424,0x041C,0x0424,0x0444,0x0484,0x0000,
   3519                  0x0000,0x0000,0x0124,0x0924,0x0914,0x090C,0x0914,0x0924,
   3520                  0x0F24,0x0924,0x0914,0x090C,0x0914,0xF124,0x0124,0x0000,
   3521                  0x0000,0x0000,0x0244,0x7244,0x8224,0x821C,0x8224,0x8244,
   3522                  0x9E44,0x8244,0x8224,0x821C,0x8224,0x8244,0x0244,0x0000,
   3523                  0x0000,0x0000,0x0124,0x6524,0x9514,0x950C,0x9514,0x9524,
   3524                  0x9724,0x9524,0x9514,0x950C,0x9514,0x8924,0x0124,0x0000,
   3525                  0x0000,0x0000,0x0124,0x7924,0x8914,0x890C,0x8914,0x8924,
   3526                  0x8F24,0x8924,0x8914,0x890C,0x8914,0x7924,0x0124,0x0000,
   3527                  0x0000,0x0000,0x0124,0x7D24,0x9114,0x910C,0x9114,0x9124,
   3528                  0x9724,0x9124,0x9114,0x910C,0x9114,0x7D24,0x0124,0x0000,
   3529                  0x0000,0x0000,0x0124,0x2124,0x5114,0x510C,0x8914,0x8924,
   3530                  0x8F24,0x8924,0x8914,0x510C,0x5114,0x2124,0x0124,0x0000,
   3531                  0x0000,0x0244,0x0224,0x021C,0x4224,0x3E44,0x0224,0x021C,
   3532                  0x1224,0x1244,0x1200,0x1000,0xFFFC,0x0000,0x0000,0x0000,
   3533                  0x0000,0x0080,0x80A4,0x8094,0x408C,0x3794,0x20A4,0x4094,
   3534                  0x808C,0x8294,0x42A4,0x3200,0x27FC,0x4000,0x8000,0x0000,
   3535                  0x0000,0x0080,0x00A4,0x7094,0x508C,0x8F94,0x88A4,0x8894,
   3536                  0x888C,0x8A94,0x8AA4,0x5200,0x77FC,0x0000,0x0000,0x0000,
   3537                  0x0000,0x0244,0x0224,0x021C,0x4224,0x3E44,0x0224,0x021C,
   3538                  0x0224,0x0244,0x0200,0x0000,0xFFFC,0x0000,0x0000,0x0000,
   3539                  0x0000,0x0000,0x0484,0x0444,0x8424,0x7C1C,0x0424,0x0444,
   3540                  0x0484,0x0444,0x0424,0xFC1C,0x0424,0x0444,0x0484,0x0000,
   3541                  0x0000,0x0000,0x4208,0x4108,0x40C8,0x4038,0x40C8,0x4108,
   3542                  0x4208,0x4108,0x40C8,0x4038,0x40C8,0x4108,0x4208,0x0000,
   3543                  0x0000,0x0000,0x0120,0x7924,0x8914,0x890C,0x8914,0x8924,
   3544                  0x8904,0x8924,0x8914,0x890C,0x8914,0x7924,0x0120,0x0000,
   3545                  0x0000,0x0000,0x0124,0x8124,0x8114,0x410C,0x4114,0x2124,
   3546                  0x1924,0x2124,0x4114,0x410C,0x8114,0x8124,0x0124,0x0000,
   3547                  0x0000,0x0000,0x0124,0x2124,0x5114,0x510C,0x8914,0x8924,
   3548                  0x8924,0x8924,0x8914,0x510C,0x5114,0x2124,0x0124,0x0000,
   3549                  0x0000,0x2000,0x1808,0x0608,0x01F8,0x2608,0x1808,0x0608,
   3550                  0x01F8,0x0E08,0x3008,0x0000,0xFFFC,0x0000,0x0000,0x0000,
   3551                  0x0000,0x0100,0x0084,0x0864,0x081C,0x0964,0x0884,0x0864,
   3552                  0x081C,0x0864,0x0984,0x0800,0xF3FC,0x0000,0x0000,0x0000,
   3553                  0x0000,0x0200,0x0104,0x70C4,0x803C,0x82C4,0x8104,0x80C4,
   3554                  0x803C,0x80C4,0x8304,0x8000,0x8FFC,0x0000,0x0000,0x0000,
   3555                  0x0000,0x0100,0x0084,0x6464,0x941C,0x9564,0x9484,0x9464,
   3556                  0x941C,0x9464,0x9584,0x9400,0x89FC,0x0000,0x0000,0x0000,
   3557                  0x0000,0x0100,0x0084,0x7864,0x881C,0x8964,0x8884,0x8864,
   3558                  0x881C,0x8864,0x8984,0x8800,0x7BFC,0x0000,0x0000,0x0000,
   3559                  0x0000,0x0100,0x0084,0x7C64,0x901C,0x9164,0x9084,0x9064,
   3560                  0x901C,0x9064,0x9184,0x9000,0x7DFC,0x0000,0x0000,0x0000,
   3561                  0x0000,0x0100,0x0084,0x3064,0x481C,0x4964,0x8484,0x8464,
   3562                  0x841C,0x8464,0x4984,0x4800,0x33FC,0x0000,0x0000,0x0000,
   3563                  0x0000,0x0100,0x0084,0x8864,0x881C,0x4964,0x4884,0x2864,
   3564                  0x181C,0x2864,0x4984,0x4800,0x8BFC,0x8800,0x0000,0x0000,
   3565                  0x0000,0x0100,0x0084,0x0864,0x481C,0xA964,0xAA84,0xAA64,
   3566                  0xAA1C,0xAA64,0xAB84,0xA800,0x49FC,0x0800,0x0000,0x0000,
   3567                  0x0000,0x2020,0x1020,0x0824,0x0624,0x01E4,0x0624,0x0824,
   3568                  0x1020,0x2020,0x0000,0x0000,0xFFFC,0x0080,0x0080,0x0000,
   3569                  0x0000,0x0210,0x0210,0x1114,0x1094,0x1074,0x1094,0x1114,
   3570                  0x1210,0x1210,0x1000,0x1000,0xE7FC,0x0020,0x0020,0x0000,
   3571                  0x0000,0x0400,0x0210,0x7110,0x8094,0x8074,0x8094,0x8110,
   3572                  0x8210,0x8400,0x8000,0x8000,0x8FFC,0x0040,0x0040,0x0000,
   3573                  0x0000,0x0210,0x7A10,0x8114,0x8094,0x8074,0x8094,0x1114,
   3574                  0x5210,0xB610,0x9400,0xB400,0x51FC,0x1020,0x0020,0x0000,
   3575                  0x0000,0x0110,0x0110,0x4894,0xA854,0xA834,0xA854,0xA894,
   3576                  0xA910,0xA910,0xA800,0xA800,0x93FC,0x0020,0x0020,0x0000,
   3577                  0x0000,0x0200,0x0210,0x7910,0x8894,0x8874,0x8854,0x8890,
   3578                  0x8910,0x8A00,0x8800,0x8800,0x7BFC,0x0020,0x0020,0x0000,
   3579                  0x0000,0x0210,0x0210,0x7914,0x9094,0x9074,0x9094,0x9114,
   3580                  0x9210,0x9210,0x9000,0x9000,0x7BFC,0x0020,0x0020,0x0000,
   3581                  0x0000,0x0210,0x0210,0x8114,0x8094,0x4074,0x4094,0x2114,
   3582                  0x1A10,0x2210,0x4000,0x4000,0x87FC,0x8020,0x0020,0x0000,
   3583                  0x0000,0x8210,0x8210,0x4114,0x2094,0x1874,0x2094,0xC114,
   3584                  0x4210,0x2210,0x1800,0x2000,0x43FC,0x8020,0x0020,0x0000,
   3585                  0x0000,0x0210,0x0210,0x7114,0x5094,0x8874,0x8894,0x8914,
   3586                  0x8A10,0x8A10,0x8800,0x5000,0x77FC,0x0020,0x0020,0x0000,
   3587                  0x0000,0x0210,0x0210,0x8914,0x8894,0x4874,0x4894,0x2914,
   3588                  0x1A10,0x2A10,0x4800,0x4800,0x8BFC,0x8020,0x0020,0x0000,
   3589                  0x0000,0x2020,0x1820,0x0624,0x01E4,0x0624,0x1820,0x2020,
   3590                  0x0000,0x0000,0xFFFC,0x0100,0x0100,0xFFFC,0x0000,0x0000,
   3591                  0x0000,0x0200,0x0210,0x0910,0x0894,0x0874,0x0894,0x0910,
   3592                  0x0A10,0x0800,0x0BFC,0x0820,0x0820,0xF3FC,0x0000,0x0000,
   3593                  0x0000,0x0200,0x0210,0x7114,0x8094,0x8074,0x8094,0x8110,
   3594                  0x8210,0x8000,0x87FC,0x8040,0x8040,0x8FFC,0x0000,0x0000,
   3595                  0x0000,0x0100,0x0110,0x4890,0xA854,0xA834,0xA854,0xA890,
   3596                  0xA910,0xA800,0xABFC,0xA820,0xA820,0x93FC,0x0000,0x0000,
   3597                  0x0000,0x0200,0x0210,0x7910,0x8894,0x8874,0x8894,0x8910,
   3598                  0x8A10,0x8800,0x8BFC,0x8820,0x8820,0x7BFC,0x0000,0x0000,
   3599                  0x0000,0x0200,0x0210,0x7910,0xA094,0xA074,0xA094,0xA110,
   3600                  0xA210,0xA000,0xA3FC,0xA020,0xA020,0x7BFC,0x0000,0x0000,
   3601                  0x0000,0x0200,0x0210,0x8110,0x8094,0x4074,0x4094,0x2110,
   3602                  0x1A10,0x2000,0x43FC,0x4020,0x8020,0x87FC,0x0000,0x0000,
   3603                  0x0000,0x0200,0x8210,0x8110,0x4094,0x2074,0x1894,0x2110,
   3604                  0xC210,0x4000,0x21FC,0x1820,0x2020,0x43FC,0x8000,0x0000,
   3605                  0x0000,0x0200,0x0210,0x7110,0x5094,0x8874,0x8894,0x8910,
   3606                  0x8A10,0x8800,0x8BFC,0x8820,0x5020,0x77FC,0x0000,0x0000,
   3607                  0x0000,0x2020,0x1020,0x0824,0x0624,0x01E4,0x0624,0x0824,
   3608                  0x1020,0x2020,0x0000,0x0000,0xFFFC,0x0420,0x0420,0x0000,
   3609                  0x0000,0x0210,0x0210,0x7114,0x8094,0x8074,0x8094,0x8114,
   3610                  0x8210,0x8210,0x8000,0x8000,0x8FFC,0x0110,0x0110,0x0000,
   3611                  0x0000,0x0210,0x7A10,0x8114,0x8094,0x8074,0x8094,0x1114,
   3612                  0x5210,0xB610,0x9400,0xB400,0x51FC,0x1048,0x0048,0x0000,
   3613                  0x0000,0x0110,0x0110,0x4894,0xA854,0xA834,0xA854,0xA894,
   3614                  0xA910,0xA910,0xA800,0xA800,0x93FC,0x0048,0x0048,0x0000,
   3615                  0x0000,0x0210,0x0210,0x7914,0x8894,0x8874,0x8894,0x8914,
   3616                  0x8A10,0x8A10,0x8800,0x8800,0x7BFC,0x0048,0x0048,0x0000,
   3617                  0x0000,0x0210,0x0210,0x7114,0x5094,0x8874,0x8894,0x8914,
   3618                  0x8A10,0x8A10,0x8800,0x5000,0x77FC,0x0048,0x0048,0x0000,
   3619                  0x0000,0x2020,0x1020,0x0824,0x0624,0x01E4,0x0624,0x0824,
   3620                  0x1020,0x2120,0x0100,0x0100,0xFFFC,0x0000,0x0000,0x0000,
   3621                  0x0000,0x0210,0x0210,0x1114,0x1094,0x1074,0x1094,0x1114,
   3622                  0x1210,0x1040,0x1040,0x1040,0xE7FC,0x0000,0x0000,0x0000,
   3623                  0x0000,0x0400,0x0210,0x7110,0x8094,0x8074,0x8094,0x8110,
   3624                  0x8210,0x8480,0x8080,0x8080,0x9FFC,0x0000,0x0000,0x0000,
   3625                  0x0000,0x0210,0x0210,0x4914,0xA894,0xA874,0xA894,0xA914,
   3626                  0xAA10,0xA840,0xA840,0xA840,0x93FC,0x0000,0x0000,0x0000,
   3627                  0x0000,0x0200,0x0210,0x7910,0x8894,0x8874,0x8894,0x8910,
   3628                  0x8A10,0x8840,0x8840,0x8840,0x7BFC,0x0000,0x0000,0x0000,
   3629                  0x0000,0x0210,0x0210,0x7914,0x9094,0x9074,0x9094,0x9114,
   3630                  0x9210,0x9040,0x9040,0x9040,0x7BFC,0x0000,0x0000,0x0000,
   3631                  0x0000,0x0200,0x0210,0x8110,0x8094,0x4074,0x2094,0x1110,
   3632                  0x0A10,0x1040,0x2040,0x4040,0x87FC,0x8000,0x0000,0x0000,
   3633                  0x0000,0x8210,0x8210,0x4114,0x2094,0x1874,0x2094,0xC114,
   3634                  0x4210,0x2040,0x1840,0x2040,0x43FC,0x8000,0x0000,0x0000,
   3635                  0x0000,0x0200,0x0210,0x2110,0x5094,0x8874,0x8894,0x8910,
   3636                  0x8A10,0x8840,0x8840,0x5040,0x27FC,0x0000,0x0000,0x0000,
   3637                  0x0000,0x2020,0x1820,0x0624,0x01E4,0x0624,0x1820,0x2020,
   3638                  0x0100,0x0100,0xFFFC,0x0000,0x0000,0xFFFC,0x0000,0x0000,
   3639                  0x0000,0x0210,0x0110,0x1094,0x1074,0x1094,0x1110,0x1210,
   3640                  0x1040,0x1040,0x13FC,0x1000,0x1000,0xE7FC,0x0000,0x0000,
   3641                  0x0000,0x0210,0x0110,0x7094,0x8074,0x8094,0x8110,0x8250,
   3642                  0x8040,0x8040,0x8FFC,0x8000,0x8000,0x9FFC,0x0000,0x0000,
   3643                  0x0000,0x0210,0x0110,0x4894,0xA874,0xA894,0xA910,0xAA10,
   3644                  0xA840,0xA840,0xABFC,0xA800,0xA800,0x93FC,0x0000,0x0000,
   3645                  0x0000,0x0210,0x0110,0x7894,0x8874,0x8894,0x8910,0x8A10,
   3646                  0x8840,0x8840,0x8BFC,0x8800,0x8800,0x7BFC,0x0000,0x0000,
   3647                  0x0000,0x0210,0x0110,0x7894,0xA074,0xA094,0xA110,0xA210,
   3648                  0xA040,0xA040,0xA3FC,0xA000,0xA000,0x7BFC,0x0000,0x0000,
   3649                  0x0000,0x0210,0x0110,0x8094,0x8074,0x4094,0x4110,0x2210,
   3650                  0x1840,0x2040,0x43FC,0x4000,0x8000,0x87FC,0x0000,0x0000,
   3651                  0x0000,0x0210,0x0110,0x7094,0x5074,0x8894,0x8910,0x8A10,
   3652                  0x8840,0x8840,0x8BFC,0x8800,0x5000,0x77FC,0x0000,0x0000,
   3653                  0x0000,0x2020,0x1020,0x0824,0x0624,0x01E4,0x0624,0x0824,
   3654                  0x1020,0x24A0,0x0480,0x0480,0xFFFC,0x0000,0x0000,0x0000,
   3655                  0x0000,0x0210,0x0210,0x7114,0x8094,0x8074,0x8094,0x8114,
   3656                  0x8210,0x8120,0x8120,0x8120,0x9FFC,0x0000,0x0000,0x0000,
   3657                  0x0000,0x0200,0x8210,0x4110,0x2094,0x1874,0x2094,0x4110,
   3658                  0x8210,0x40A0,0x20A0,0x18A0,0x23FC,0x4000,0x8000,0x0000,
   3659                  0x0000,0x2020,0x1820,0x0624,0x01E4,0x0624,0x1820,0x2020,
   3660                  0x0880,0x0880,0xFFFC,0x0000,0x0000,0xFFFC,0x0000,0x0000,
   3661                  0x0000,0x0210,0x0110,0x7094,0x8074,0x8094,0x8110,0x8210,
   3662                  0x8120,0x8120,0x87FC,0x8000,0x8000,0x8FFC,0x0000,0x0000,
   3663                  0x0000,0x0210,0x0110,0x7094,0x5074,0x8894,0x8910,0x8A10,
   3664                  0x8920,0x8920,0x8BFC,0x8800,0x5000,0x77FC,0x0000,0x0000,
   3665                  0x0000,0x0000,0x4400,0x4420,0x4420,0x4220,0x4224,0x4124,
   3666                  0x7CE4,0x4124,0x4224,0x4220,0x4420,0x4420,0x4400,0x0000,
   3667                  0x0000,0x0000,0x0280,0x1290,0x1290,0x1290,0x1254,0x1254,
   3668                  0x13B4,0x1254,0x1254,0x1290,0x1290,0xE290,0x0280,0x0000,
   3669                  0x0000,0x0000,0x0400,0x7490,0x8490,0x8490,0x8454,0x8454,
   3670                  0x8734,0x8454,0x8454,0x8490,0x8490,0x8490,0x0400,0x0000,
   3671                  0x0000,0x0000,0x0200,0x4A90,0xAA90,0xAA90,0xAA54,0xAA54,
   3672                  0xABB4,0xAA54,0xAA54,0xAA90,0xAA90,0x9290,0x0200,0x0000,
   3673                  0x0000,0x0000,0x0200,0x7290,0x9290,0x9290,0x9254,0x9254,
   3674                  0x93B4,0x9254,0x9254,0x9290,0x9290,0x7290,0x0200,0x0000,
   3675                  0x0000,0x0000,0x0200,0x7290,0xA290,0xA290,0xA254,0xA254,
   3676                  0xA3B4,0xA254,0xA254,0xA290,0xA290,0x7290,0x0200,0x0000,
   3677                  0x0000,0x0000,0x0200,0x8290,0x8290,0x4290,0x4254,0x2254,
   3678                  0x13B4,0x2254,0x4254,0x4290,0x8290,0x8290,0x0200,0x0000,
   3679                  0x0000,0x0000,0x0280,0x2290,0x5290,0x5290,0x8A54,0x8A54,
   3680                  0x8BB4,0x8A54,0x8A54,0x5290,0x5290,0x2290,0x0280,0x0000,
   3681                  0x0000,0x2220,0x2220,0x2124,0x2124,0x3CE4,0x2124,0x2124,
   3682                  0x2220,0x2220,0x2000,0x0000,0xFFFC,0x0100,0x0100,0x0000,
   3683                  0x0000,0x0490,0x0490,0x7454,0x8454,0x8734,0x8454,0x8454,
   3684                  0x8490,0x8490,0x8400,0x8000,0x9FFC,0x0080,0x0080,0x0000,
   3685                  0x0000,0x0290,0x0290,0x4A54,0xAA54,0xABB4,0xAA54,0xAA54,
   3686                  0xAA90,0xAA90,0xAA00,0xA800,0x97FC,0x0040,0x0040,0x0000,
   3687                  0x0000,0x0290,0x0290,0x7254,0x5254,0x8BB4,0x8A54,0x8A54,
   3688                  0x8A90,0x8A90,0x8A00,0x5000,0x77FC,0x0040,0x0040,0x0000,
   3689                  0x0000,0x2200,0x2220,0x2124,0x2124,0x3CE4,0x2124,0x2124,
   3690                  0x2220,0x2200,0x2000,0x0000,0xFFFC,0x0000,0x0000,0x0000,
   3691                  0x0000,0x0490,0x0490,0x7454,0x8454,0x8734,0x8454,0x8454,
   3692                  0x8490,0x8490,0x8400,0x8000,0x9FFC,0x0000,0x0000,0x0000,
   3693                  0x0000,0x0290,0x0290,0x4A54,0xAA54,0xABB4,0xAA54,0xAA54,
   3694                  0xAA90,0xAA90,0xAA00,0xA800,0x97FC,0x0000,0x0000,0x0000,
   3695                  0x0000,0x0290,0x0290,0x7A54,0x8A54,0x8BB4,0x8A54,0x8A54,
   3696                  0x8A90,0x8A90,0x8A00,0x8800,0x7FFC,0x0000,0x0000,0x0000,
   3697                  0x0000,0x0290,0x0290,0x7A54,0x9254,0x93B4,0x9254,0x9254,
   3698                  0x9290,0x9290,0x9200,0x9000,0x7FFC,0x0000,0x0000,0x0000,
   3699                  0x0000,0x0290,0x0290,0x8254,0x8254,0x43B4,0x4254,0x2254,
   3700                  0x1A90,0x2290,0x4200,0x4000,0x87FC,0x8000,0x0000,0x0000,
   3701                  0x0000,0x0290,0x0290,0x7254,0x5254,0x8BB4,0x8A54,0x8A54,
   3702                  0x8A90,0x8A90,0x8A00,0x5000,0x77FC,0x0000,0x0000,0x0000,
   3703                  0x0000,0x0000,0x4000,0x4420,0x4420,0x7A20,0x4224,0x4124,
   3704                  0x40E4,0x4124,0x4224,0x7A20,0x4420,0x4420,0x4000,0x0000,
   3705                  0x0000,0x0000,0x0200,0x7290,0x9290,0x9390,0x9254,0x9254,
   3706                  0x9234,0x9254,0x9254,0x9390,0x9290,0x7290,0x0200,0x0000,
   3707                  0x0000,0x0000,0x0800,0x0910,0x0910,0x0890,0x0894,0x0854,
   3708                  0xF834,0x0854,0x0894,0x0890,0x0910,0x0910,0x0800,0x0000,
   3709                  0x0000,0x0000,0x0200,0x1290,0x1290,0x1290,0x1254,0x1254,
   3710                  0x1E34,0x1254,0x1254,0x1290,0x1290,0xE290,0x0200,0x0000,
   3711                  0x0000,0x0000,0x0400,0x7490,0x8490,0x8490,0x8454,0x8454,
   3712                  0x9C34,0x8454,0x8454,0x8490,0x8490,0x8490,0x0400,0x0000,
   3713                  0x0000,0x0000,0x0280,0x4A90,0xAA90,0xAA90,0xAA54,0xAA54,
   3714                  0xAE34,0xAA54,0xAA54,0xAA90,0xAA90,0x9290,0x0280,0x0000,
   3715                  0x0000,0x0000,0x0200,0x7290,0x9290,0x9290,0x9254,0x9254,
   3716                  0x9E34,0x9254,0x9254,0x9290,0x9290,0x7290,0x0200,0x0000,
   3717                  0x0000,0x0000,0x0200,0x7290,0xA290,0xA290,0xA254,0xA254,
   3718                  0xAE34,0xA254,0xA254,0xA290,0xA290,0x7290,0x0200,0x0000,
   3719                  0x0000,0x0000,0x0200,0x8290,0x8290,0x4290,0x4254,0x2254,
   3720                  0x1E34,0x2254,0x4254,0x4290,0x8290,0x8290,0x0200,0x0000,
   3721                  0x0000,0x0000,0x0280,0x2290,0x5290,0x5290,0x8A54,0x8A54,
   3722                  0x8E34,0x8A54,0x8A54,0x5290,0x5290,0x2290,0x0280,0x0000,
   3723                  0x0000,0x0910,0x0910,0x0894,0x8894,0x7874,0x0894,0x0894,
   3724                  0x2910,0x2910,0x2800,0x2000,0xFFFC,0x0000,0x0000,0x0000,
   3725                  0x0000,0x0200,0x8290,0x8290,0x4254,0x3654,0x2234,0x4254,
   3726                  0x8250,0x8290,0x4040,0x3040,0x27FC,0x4000,0x8000,0x0000,
   3727                  0x0000,0x0400,0x0490,0x0490,0x4454,0x3C34,0x0454,0x0490,
   3728                  0x1490,0x1000,0xFFFC,0x0000,0x0000,0xFFFC,0x0000,0x0000,
   3729                  0x0000,0x0500,0x0510,0x6490,0x8454,0x9C34,0x8454,0x8490,
   3730                  0x8D10,0x8800,0x9FFC,0x8000,0x8000,0x9FFC,0x0000,0x0000,
   3731                  0x0000,0x0910,0x0910,0x0894,0x8894,0x7874,0x0894,0x0894,
   3732                  0x0910,0x0910,0x0800,0x0000,0xFFFC,0x0000,0x0000,0x0000,
   3733                  0x0000,0x0510,0x0510,0x6494,0x8494,0x9C74,0x8494,0x8494,
   3734                  0x8510,0x8510,0x8400,0x8000,0x9FFC,0x0000,0x0000,0x0000,
   3735                  0x0000,0x0200,0x0290,0x4A90,0xAA54,0xAE54,0xAA34,0xAA54,
   3736                  0xAA50,0xAA90,0xAA00,0xA800,0x97FC,0x0000,0x0000,0x0000,
   3737                  0x0000,0x0200,0x0290,0x7290,0x9254,0x9E54,0x9234,0x9254,
   3738                  0x9250,0x9290,0x9200,0x9000,0x77FC,0x0000,0x0000,0x0000,
   3739                  0x0000,0x0200,0x0290,0x7A90,0xA254,0xAE54,0xA234,0xA254,
   3740                  0xA250,0xA290,0xA200,0xA000,0x7FFC,0x0000,0x0000,0x0000,
   3741                  0x0000,0x0200,0x0290,0x8290,0x8254,0x4E54,0x4234,0x2254,
   3742                  0x1A50,0x2290,0x4200,0x4000,0x87FC,0x8000,0x0000,0x0000,
   3743                  0x0000,0x0200,0x0290,0x7290,0x5254,0x8E54,0x8A34,0x8A54,
   3744                  0x8A50,0x8A90,0x8A00,0x5000,0x77FC,0x0000,0x0000,0x0000,
   3745                  0x0000,0x0000,0x0800,0x0910,0x8910,0x7890,0x0894,0x0854,
   3746                  0x0834,0x0854,0x0894,0xF890,0x0910,0x0910,0x0800,0x0000,
   3747                  0x0000,0x0000,0x0400,0x7490,0x8490,0x8490,0x9C54,0x8454,
   3748                  0x8434,0x8454,0x8454,0x9C90,0x8490,0x8490,0x0400,0x0000,
   3749                  0x0000,0x0000,0x0200,0x4A90,0xAA90,0xAE90,0xAA54,0xAA54,
   3750                  0xAA34,0xAA54,0xAA54,0xAE90,0xAA90,0x9290,0x0200,0x0000,
   3751                  0x0000,0x0000,0x0200,0x7290,0x9290,0x9E90,0x9254,0x9254,
   3752                  0x9234,0x9254,0x9254,0x9E90,0x9290,0x7290,0x0200,0x0000,
   3753                  0x0000,0x0000,0x0200,0x6290,0x9290,0x9E90,0x9254,0x9254,
   3754                  0x9234,0x9254,0x9254,0x9E90,0x9290,0x6290,0x0200,0x0000,
   3755                  0x0000,0x0000,0x4000,0x4420,0x4420,0x4220,0x4224,0x4124,
   3756                  0x40E4,0x4124,0x4224,0x4220,0x4420,0x4420,0x4000,0x0000,
   3757                  0x0000,0x0000,0x0200,0x1290,0x1290,0x1290,0x1254,0x1254,
   3758                  0x1234,0x1254,0x1254,0x1290,0x1290,0xE290,0x0200,0x0000,
   3759                  0x0000,0x0000,0x0400,0x7490,0x8490,0x8490,0x8454,0x8454,
   3760                  0x8434,0x8454,0x8454,0x8490,0x8490,0x8490,0x0400,0x0000,
   3761                  0x0000,0x0000,0x0200,0x4A90,0xAA90,0xAA90,0xAA54,0xAA54,
   3762                  0xAA34,0xAA54,0xAA54,0xAA90,0xAA90,0x9290,0x0200,0x0000,
   3763                  0x0000,0x0000,0x0200,0x7290,0x9290,0x9290,0x9254,0x9254,
   3764                  0x9234,0x9254,0x9254,0x9290,0x9290,0x7290,0x0200,0x0000,
   3765                  0x0000,0x0000,0x0200,0x7290,0xA290,0xA290,0xA254,0xA254,
   3766                  0xA234,0xA254,0xA254,0xA290,0xA290,0x7290,0x0200,0x0000,
   3767                  0x0000,0x0000,0x0200,0x8290,0x8290,0x4290,0x4254,0x2254,
   3768                  0x1234,0x2254,0x4254,0x4290,0x8290,0x8290,0x0200,0x0000,
   3769                  0x0000,0x0000,0x0200,0x6290,0x9290,0x9290,0x9254,0x9254,
   3770                  0x9234,0x9254,0x9254,0x9290,0x9290,0x6290,0x0200,0x0000,
   3771                  0x0000,0x2020,0x1020,0x0824,0x0624,0x01E4,0x0624,0x0824,
   3772                  0x1020,0x2020,0x0000,0x0000,0xFFFC,0x0000,0x0000,0x0000,
   3773                  0x0000,0x0200,0x0210,0x0910,0x0894,0x0874,0x0854,0x0890,
   3774                  0x0910,0x0A00,0x0800,0x0800,0xF3FC,0x0000,0x0000,0x0000,
   3775                  0x0000,0x0400,0x0210,0x7110,0x8094,0x8074,0x8094,0x8110,
   3776                  0x8210,0x8400,0x8000,0x8000,0x8FFC,0x0000,0x0000,0x0000,
   3777                  0x0000,0x0210,0x0210,0x6114,0x9094,0x9074,0x9094,0x9114,
   3778                  0x9210,0x9210,0x9000,0x9000,0x97FC,0x0000,0x0000,0x0000,
   3779                  0x0000,0x0200,0x0210,0x4910,0xA894,0xA874,0xA854,0xA890,
   3780                  0xA910,0xAA00,0xA800,0xA800,0x93FC,0x0000,0x0000,0x0000,
   3781                  0x0000,0x0110,0x4910,0xA894,0xA854,0xA834,0xA854,0x9094,
   3782                  0x0910,0x0910,0x0800,0x0800,0xF3FC,0x0000,0x0000,0x0000,
   3783                  0x0000,0x0200,0x0210,0x7910,0x8894,0x8874,0x8854,0x8890,
   3784                  0x8910,0x8A00,0x8800,0x8800,0x7BFC,0x0000,0x0000,0x0000,
   3785                  0x0000,0x0210,0x0210,0x7914,0x9094,0x9074,0x9094,0x9114,
   3786                  0x9210,0x9210,0x9000,0x9000,0x7BFC,0x0000,0x0000,0x0000,
   3787                  0x0000,0x0210,0x0210,0x8114,0x8094,0x4074,0x4094,0x2114,
   3788                  0x1A10,0x2210,0x4000,0x4000,0x87FC,0x8000,0x0000,0x0000,
   3789                  0x0000,0x0200,0x0210,0x2110,0x5094,0x8874,0x8854,0x8890,
   3790                  0x8910,0x8A00,0x8800,0x5000,0x27FC,0x0000,0x0000,0x0000,
   3791                  0x0000,0x2000,0x2088,0x1088,0x1088,0x0888,0x0488,0x0388,
   3792                  0x00F0,0x0000,0x0000,0x0000,0xFFFC,0x0080,0x0080,0x0000,
   3793                  0x0000,0x0200,0x0224,0x0A24,0x0924,0x0924,0x08A4,0x0864,
   3794                  0x0818,0x0800,0x0800,0x0800,0xF3FC,0x0020,0x0020,0x0000,
   3795                  0x0000,0x0200,0x0224,0x7224,0x8124,0x8124,0x80A4,0x8064,
   3796                  0x8038,0x8000,0x8000,0x8000,0x8FFC,0x0040,0x0040,0x0000,
   3797                  0x0000,0x0100,0x0124,0x6524,0x94A4,0x94A4,0x9464,0x9424,
   3798                  0x9418,0x9400,0x9400,0x9400,0x89FC,0x0020,0x0020,0x0000,
   3799                  0x0000,0x0200,0x0224,0x7A24,0x8924,0x8924,0x88A4,0x8864,
   3800                  0x8818,0x8800,0x8800,0x8800,0x7BFC,0x0020,0x0020,0x0000,
   3801                  0x0000,0x0200,0x0224,0x7E24,0x9124,0x9124,0x90A4,0x9064,
   3802                  0x9018,0x9000,0x9000,0x9000,0x7DFC,0x0020,0x0020,0x0000,
   3803                  0x0000,0x0200,0x0224,0x8224,0x8124,0x4124,0x40A4,0x2064,
   3804                  0x1818,0x2000,0x4000,0x4000,0x87FC,0x8020,0x0020,0x0000,
   3805                  0x0000,0x0200,0x0224,0x3224,0x4924,0x4924,0x84A4,0x8464,
   3806                  0x8418,0x8400,0x4800,0x4800,0x33FC,0x0020,0x0020,0x0000,
   3807                  0x0000,0x2000,0x2088,0x1088,0x0888,0x0488,0x0388,0x00F0,
   3808                  0x0000,0x0000,0xFFFC,0x0100,0x0100,0xFFFC,0x0000,0x0000,
   3809                  0x0000,0x0200,0x0224,0x0924,0x0924,0x08A4,0x0864,0x0818,
   3810                  0x0800,0x0800,0x0BFC,0x0820,0x0820,0xF3FC,0x0000,0x0000,
   3811                  0x0000,0x0200,0x0224,0x7124,0x8124,0x80A4,0x8064,0x8038,
   3812                  0x8000,0x8000,0x87FC,0x8040,0x8040,0x8FFC,0x0000,0x0000,
   3813                  0x0000,0x0100,0x0124,0x6524,0x94A4,0x94A4,0x9464,0x9438,
   3814                  0x9400,0x9400,0x95FC,0x9420,0x9420,0x89FC,0x0000,0x0000,
   3815                  0x0000,0x0200,0x0224,0x7924,0x8924,0x88A4,0x8864,0x8818,
   3816                  0x8800,0x8800,0x8BFC,0x8820,0x8820,0x7BFC,0x0000,0x0000,
   3817                  0x0000,0x0200,0x0224,0x7D24,0x9124,0x90A4,0x9064,0x9018,
   3818                  0x9000,0x9000,0x91FC,0x9020,0x9020,0x7DFC,0x0000,0x0000,
   3819                  0x0000,0x0200,0x0224,0x8124,0x8124,0x40A4,0x4064,0x2018,
   3820                  0x1800,0x2000,0x43FC,0x4020,0x8020,0x87FC,0x0000,0x0000,
   3821                  0x0000,0x0200,0x8224,0x8124,0x4124,0x20A4,0x1864,0x2018,
   3822                  0xC000,0x4000,0x21FC,0x1820,0x2020,0x43FC,0x8000,0x0000,
   3823                  0x0000,0x0200,0x0224,0x3124,0x4924,0x48A4,0x8464,0x8418,
   3824                  0x8400,0x8400,0x85FC,0x4820,0x4820,0x33FC,0x0000,0x0000,
   3825                  0x0000,0x2000,0x2088,0x1088,0x1088,0x0888,0x0488,0x0388,
   3826                  0x00F0,0x0000,0x0000,0x0000,0xFFFC,0x0420,0x0420,0x0000,
   3827                  0x0000,0x0200,0x0224,0x0A24,0x0924,0x0924,0x08A4,0x0864,
   3828                  0x0818,0x0800,0x0800,0x0800,0xF3FC,0x0048,0x0048,0x0000,
   3829                  0x0000,0x0200,0x0224,0x3224,0x4924,0x4924,0x84A4,0x8464,
   3830                  0x8418,0x8400,0x4800,0x4800,0x33FC,0x0048,0x0048,0x0000,
   3831                  0x0000,0x2000,0x2088,0x1088,0x1088,0x0888,0x0488,0x0388,
   3832                  0x00F0,0x0080,0x0080,0x0080,0xFFFC,0x0000,0x0000,0x0000,
   3833                  0x0000,0x0200,0x0224,0x0A24,0x0924,0x0924,0x08A4,0x0864,
   3834                  0x0838,0x0820,0x0820,0x0820,0xF3FC,0x0000,0x0000,0x0000,
   3835                  0x0000,0x0200,0x0224,0x7224,0x8124,0x8124,0x80A4,0x8064,
   3836                  0x8038,0x8020,0x8020,0x8020,0x8FFC,0x0000,0x0000,0x0000,
   3837                  0x0000,0x0200,0x0224,0x7224,0x8924,0x8924,0x88A4,0x8864,
   3838                  0x8838,0x8820,0x8820,0x8820,0x8BFC,0x0000,0x0000,0x0000,
   3839                  0x0000,0x0100,0x0124,0x6524,0x94A4,0x94A4,0x9464,0x9424,
   3840                  0x9438,0x9420,0x9420,0x9420,0x89FC,0x0000,0x0000,0x0000,
   3841                  0x0000,0x0200,0x0224,0x7A24,0x8924,0x8924,0x88A4,0x8864,
   3842                  0x8838,0x8820,0x8820,0x8820,0x7BFC,0x0000,0x0000,0x0000,
   3843                  0x0000,0x0200,0x0224,0x7E24,0x9124,0x9124,0x90A4,0x9064,
   3844                  0x9038,0x9020,0x9020,0x9020,0x7DFC,0x0000,0x0000,0x0000,
   3845                  0x0000,0x0200,0x0224,0x8224,0x8124,0x4124,0x40A4,0x2064,
   3846                  0x1838,0x2020,0x4020,0x4020,0x87FC,0x8000,0x0000,0x0000,
   3847                  0x0000,0x8200,0x8224,0x4224,0x2124,0x1924,0x20A4,0xC064,
   3848                  0x4038,0x2020,0x1820,0x2020,0x43FC,0x8000,0x0000,0x0000,
   3849                  0x0000,0x0200,0x0224,0x3224,0x4924,0x4924,0x84A4,0x8464,
   3850                  0x8438,0x8420,0x4820,0x4820,0x33FC,0x0000,0x0000,0x0000,
   3851                  0x0000,0x2000,0x2088,0x1088,0x1088,0x0888,0x0688,0x01F0,
   3852                  0x0080,0x0080,0xFFFC,0x0000,0x0000,0xFFFC,0x0000,0x0000,
   3853                  0x0000,0x0200,0x0224,0x0924,0x0924,0x08A4,0x0864,0x0838,
   3854                  0x0820,0x0820,0x0BFC,0x0800,0x0800,0xF3FC,0x0000,0x0000,
   3855                  0x0000,0x0200,0x0224,0x7124,0x8124,0x80A4,0x8064,0x8038,
   3856                  0x8020,0x8020,0x8FFC,0x8000,0x8000,0x9FFC,0x0000,0x0000,
   3857                  0x0000,0x0100,0x0124,0x6524,0x94A4,0x94A4,0x9464,0x9438,
   3858                  0x9420,0x9420,0x95FC,0x9400,0x9400,0x89FC,0x0000,0x0000,
   3859                  0x0000,0x0200,0x0224,0x7924,0x8924,0x88A4,0x8864,0x8838,
   3860                  0x8820,0x8820,0x8BFC,0x8800,0x8800,0x7BFC,0x0000,0x0000,
   3861                  0x0000,0x0200,0x0224,0x7D24,0x9124,0x90A4,0x9064,0x9038,
   3862                  0x9020,0x9020,0x91FC,0x9000,0x9000,0x7DFC,0x0000,0x0000,
   3863                  0x0000,0x0200,0x0224,0x8124,0x8124,0x40A4,0x4064,0x2038,
   3864                  0x1820,0x2020,0x43FC,0x4000,0x8000,0x87FC,0x0000,0x0000,
   3865                  0x0000,0x0200,0x0224,0x3124,0x4924,0x48A4,0x8464,0x8438,
   3866                  0x8420,0x8420,0x85FC,0x4800,0x4800,0x33FC,0x0000,0x0000,
   3867                  0x0000,0x2000,0x2088,0x2088,0x1088,0x1088,0x0888,0x0688,
   3868                  0x03F0,0x0220,0x0220,0x0220,0xFFFC,0x0000,0x0000,0x0000,
   3869                  0x0000,0x0200,0x0224,0x7224,0x8124,0x8124,0x80A4,0x8064,
   3870                  0x80B8,0x8090,0x8090,0x8090,0x8FFC,0x0000,0x0000,0x0000,
   3871                  0x0000,0x0100,0x0124,0x6524,0x94A4,0x94A4,0x9464,0x9424,
   3872                  0x9418,0x9448,0x9448,0x9448,0x89FC,0x0000,0x0000,0x0000,
   3873                  0x0000,0x0200,0x0224,0x7A24,0x8924,0x8924,0x88A4,0x8864,
   3874                  0x8818,0x8848,0x8848,0x8848,0x7BFC,0x0000,0x0000,0x0000,
   3875                  0x0000,0x0200,0x0224,0x7E24,0x9124,0x9124,0x90A4,0x9064,
   3876                  0x9018,0x9048,0x9048,0x9048,0x7DFC,0x0000,0x0000,0x0000,
   3877                  0x0000,0x0200,0x0224,0x8224,0x8124,0x4124,0x40A4,0x2064,
   3878                  0x1818,0x2048,0x4048,0x4048,0x87FC,0x8000,0x0000,0x0000,
   3879                  0x0000,0x8200,0x8224,0x4224,0x2124,0x1924,0x20A4,0xC064,
   3880                  0x4018,0x2048,0x1848,0x2048,0x43FC,0x8000,0x0000,0x0000,
   3881                  0x0000,0x0200,0x0224,0x3224,0x4924,0x4924,0x84A4,0x8464,
   3882                  0x8418,0x8448,0x4848,0x4848,0x33FC,0x0000,0x0000,0x0000,
   3883                  0x0000,0x2000,0x2088,0x1088,0x0888,0x0488,0x0388,0x02F0,
   3884                  0x0220,0x0220,0xFFFC,0x0000,0x0000,0xFFFC,0x0000,0x0000,
   3885                  0x0000,0x0000,0x4000,0x4088,0x4088,0x4088,0x4088,0x7F88,
   3886                  0x4088,0x4088,0x4088,0x4088,0x5808,0x47F0,0x4000,0x0000,
   3887                  0x0000,0x0000,0x0100,0x0914,0x0914,0x0914,0x0914,0x09F4,
   3888                  0x0914,0x0914,0x0914,0x0914,0x0944,0xF138,0x0100,0x0000,
   3889                  0x0000,0x0000,0x0200,0x7224,0x8224,0x8224,0x8224,0x83E4,
   3890                  0x8224,0x8224,0x8224,0x8224,0x8284,0x8278,0x0200,0x0000,
   3891                  0x0000,0x0000,0x0100,0x6514,0x9514,0x9514,0x9514,0x95F4,
   3892                  0x9514,0x9514,0x9514,0x9514,0x9544,0x8938,0x0100,0x0000,
   3893                  0x0000,0x0000,0x0100,0x7914,0x8914,0x8914,0x8914,0x89F4,
   3894                  0x8914,0x8914,0x8914,0x8914,0x8944,0x7938,0x0100,0x0000,
   3895                  0x0000,0x0000,0x0100,0x7D14,0x9114,0x9114,0x9114,0x91F4,
   3896                  0x9114,0x9114,0x9114,0x9114,0x9144,0x7D38,0x0100,0x0000,
   3897                  0x0000,0x0000,0x0100,0x8114,0x8114,0x4114,0x4114,0x21F4,
   3898                  0x1914,0x2114,0x4114,0x4114,0x8144,0x8138,0x0100,0x0000,
   3899                  0x0000,0x0000,0x0100,0x2114,0x5114,0x5114,0x8914,0x89F4,
   3900                  0x8914,0x8914,0x8914,0x5114,0x5144,0x2138,0x0100,0x0000,
   3901                  0x0000,0x2000,0x2088,0x2088,0x3F88,0x2088,0x2088,0x2088,
   3902                  0x2C08,0x13F0,0x1000,0x0000,0xFFFC,0x0080,0x0080,0x0000,
   3903                  0x0000,0x0100,0x0124,0x1124,0x11E4,0x1124,0x1124,0x1124,
   3904                  0x1184,0x1178,0x1100,0x1000,0xE7FC,0x0040,0x0040,0x0000,
   3905                  0x0000,0x0200,0x0224,0x7224,0x83E4,0x8224,0x8224,0x8224,
   3906                  0x8284,0x8278,0x8200,0x8000,0x9FFC,0x0040,0x0040,0x0000,
   3907                  0x0000,0x0100,0x0124,0x4924,0xA9E4,0xA924,0xA924,0xA924,
   3908                  0xA984,0xA978,0xA900,0xA800,0x93FC,0x0040,0x0040,0x0000,
   3909                  0x0000,0x0100,0x0124,0x7924,0x89E4,0x8924,0x8924,0x8924,
   3910                  0x8984,0x8978,0x8900,0x8800,0x7BFC,0x0040,0x0040,0x0000,
   3911                  0x0000,0x0100,0x0124,0x7124,0x51E4,0x8924,0x8924,0x8924,
   3912                  0x8984,0x8978,0x8900,0x5000,0x77FC,0x0040,0x0040,0x0000,
   3913                  0x0000,0x2088,0x2088,0x3F88,0x2088,0x2088,0x2C08,0x23F0,
   3914                  0x2000,0x0000,0xFFFC,0x0100,0x0100,0xFFFC,0x0000,0x0000,
   3915                  0x0000,0x0124,0x0124,0x71E4,0x5124,0x8924,0x8984,0x8978,
   3916                  0x8900,0x8800,0x8BFC,0x8840,0x5040,0x77FC,0x0000,0x0000,
   3917                  0x0000,0x2000,0x2088,0x2088,0x3F88,0x2088,0x2088,0x2088,
   3918                  0x2C08,0x13F0,0x1000,0x0000,0xFFFC,0x0000,0x0000,0x0000,
   3919                  0x0000,0x0100,0x0124,0x4924,0xA9E4,0xA924,0xA924,0xA924,
   3920                  0xA984,0xA978,0xA900,0xA800,0x93FC,0x0000,0x0000,0x0000,
   3921                  0x0000,0x0000,0x4000,0x4108,0x4108,0x7F08,0x4108,0x4108,
   3922                  0x4108,0x7F08,0x4108,0x4108,0x5808,0x47F0,0x4000,0x0000,
   3923                  0x0000,0x0000,0x0200,0x0224,0x0224,0x0224,0x0224,0x0224,
   3924                  0xFE24,0x0224,0x0224,0x0224,0x0304,0x02F8,0x0200,0x0000,
   3925                  0x0000,0x0000,0x0080,0x0894,0x0894,0x0894,0x0894,0x0894,
   3926                  0x0F94,0x0894,0x0894,0x0894,0x08C4,0xF0B8,0x0080,0x0000,
   3927                  0x0000,0x0000,0x0100,0x7124,0x8124,0x8124,0x8124,0x8124,
   3928                  0x9F24,0x8124,0x8124,0x8124,0x8184,0x8178,0x0100,0x0000,
   3929                  0x0000,0x0000,0x0080,0x6494,0x9494,0x9494,0x9494,0x9494,
   3930                  0x9794,0x9494,0x9494,0x9494,0x94C4,0x88B8,0x0080,0x0000,
   3931                  0x0000,0x0000,0x0080,0x7894,0x8894,0x8894,0x8894,0x8894,
   3932                  0x8F94,0x8894,0x8894,0x8894,0x88C4,0x78B8,0x0080,0x0000,
   3933                  0x0000,0x0000,0x0080,0x7C94,0x9094,0x9094,0x9094,0x9094,
   3934                  0x9794,0x9094,0x9094,0x9094,0x90C4,0x7CB8,0x0080,0x0000,
   3935                  0x0000,0x0000,0x0080,0x8094,0x8094,0x4094,0x4094,0x2094,
   3936                  0x1794,0x2094,0x4094,0x4094,0x80C4,0x80B8,0x0080,0x0000,
   3937                  0x0000,0x0000,0x0080,0x2094,0x5094,0x5094,0x8894,0x8894,
   3938                  0x8F94,0x8894,0x8894,0x5094,0x50C4,0x20B8,0x0080,0x0000,
   3939                  0x0000,0x0100,0x0124,0x0124,0x4124,0x3F24,0x0124,0x0124,
   3940                  0x0984,0x0978,0x0900,0x0800,0xFFFC,0x0000,0x0000,0x0000,
   3941                  0x0000,0x0100,0x0124,0x6124,0x8124,0x8F24,0x8124,0x8124,
   3942                  0x8184,0x8578,0x8500,0x8400,0x9FFC,0x0000,0x0000,0x0000,
   3943                  0x0000,0x0080,0x0094,0x4894,0xA894,0xAF94,0xA894,0xA894,
   3944                  0xA8C4,0xAAB8,0xAA80,0xAA00,0x97FC,0x0000,0x0000,0x0000,
   3945                  0x0000,0x0080,0x0094,0x7094,0x5094,0x8F94,0x8894,0x8894,
   3946                  0x88C4,0x8AB8,0x8A80,0x5200,0x77FC,0x0000,0x0000,0x0000,
   3947                  0x0000,0x0200,0x0224,0x0224,0x4224,0x3E24,0x0324,0x02F8,
   3948                  0x1200,0x1000,0xFFFC,0x0000,0x0000,0xFFFC,0x0000,0x0000,
   3949                  0x0000,0x0094,0x0094,0x6094,0x9794,0x9094,0x90C4,0x92B8,
   3950                  0x9280,0x9200,0x97FC,0x9000,0x9000,0x67FC,0x0000,0x0000,
   3951                  0x0000,0x0200,0x0248,0x0248,0x0248,0x4248,0x3E48,0x0248,
   3952                  0x0348,0x02F0,0x0200,0x0200,0xFFFC,0x0000,0x0000,0x0000,
   3953                  0x0000,0x0080,0x0094,0x1094,0x1094,0x1794,0x1094,0x1094,
   3954                  0x10C4,0x10B8,0x1080,0x1000,0xE7FC,0x0000,0x0000,0x0000,
   3955                  0x0000,0x0100,0x0124,0x6124,0x8124,0x8F24,0x8124,0x8124,
   3956                  0x8184,0x8178,0x8100,0x8000,0x9FFC,0x0000,0x0000,0x0000,
   3957                  0x0000,0x0080,0x0094,0x4894,0xA894,0xAF94,0xA894,0xA894,
   3958                  0xA8C4,0xA8B8,0xA880,0xA800,0x93FC,0x0000,0x0000,0x0000,
   3959                  0x0000,0x0080,0x0094,0x7094,0x9094,0x9794,0x9094,0x9094,
   3960                  0x90C4,0x90B8,0x9080,0x9000,0x77FC,0x0000,0x0000,0x0000,
   3961                  0x0000,0x0080,0x0094,0x7894,0xA094,0xA794,0xA094,0xA094,
   3962                  0xA0C4,0xA0B8,0xA080,0xA000,0x7BFC,0x0000,0x0000,0x0000,
   3963                  0x0000,0x0080,0x0094,0x8094,0x8094,0x4794,0x4094,0x2094,
   3964                  0x18C4,0x20B8,0x4080,0x4000,0x87FC,0x8000,0x0000,0x0000,
   3965                  0x0000,0x0080,0x0094,0x7094,0x5094,0x8F94,0x8894,0x8894,
   3966                  0x88C4,0x88B8,0x8880,0x5000,0x77FC,0x0000,0x0000,0x0000,
   3967                  0x0000,0x0000,0x0200,0x0224,0x8224,0x7E24,0x0224,0x0224,
   3968                  0x0224,0x0224,0x0224,0xFE24,0x0304,0x02F8,0x0200,0x0000,
   3969                  0x0000,0x0000,0x0100,0x7124,0x8124,0x8124,0x9F24,0x8124,
   3970                  0x8124,0x8124,0x8124,0x9F24,0x8184,0x8178,0x0100,0x0000,
   3971                  0x0000,0x0000,0x0080,0x6494,0x9494,0x9794,0x9494,0x9494,
   3972                  0x9494,0x9494,0x9494,0x9794,0x94C4,0x88B8,0x0080,0x0000,
   3973                  0x0000,0x0000,0x0080,0x7894,0x8894,0x8F94,0x8894,0x8894,
   3974                  0x8894,0x8894,0x8894,0x8F94,0x88C4,0x78B8,0x0080,0x0000,
   3975                  0x0000,0x0000,0x4000,0x4108,0x4108,0x4108,0x4108,0x4108,
   3976                  0x4108,0x4108,0x4108,0x4108,0x5808,0x47F0,0x4000,0x0000,
   3977                  0x0000,0x0000,0x0080,0x0894,0x0894,0x0894,0x0894,0x0894,
   3978                  0x0894,0x0894,0x0894,0x0894,0x08C4,0xF0B8,0x0080,0x0000,
   3979                  0x0000,0x0000,0x0100,0x7124,0x8124,0x8124,0x8124,0x8124,
   3980                  0x8124,0x8124,0x8124,0x8124,0x8184,0x8178,0x0100,0x0000,
   3981                  0x0000,0x0000,0x0080,0x6494,0x9494,0x9494,0x9494,0x9494,
   3982                  0x9494,0x9494,0x9494,0x9494,0x94C4,0x88B8,0x0080,0x0000,
   3983                  0x0000,0x0000,0x0080,0x7894,0x8894,0x8894,0x8894,0x8894,
   3984                  0x8894,0x8894,0x8894,0x8894,0x88C4,0x78B8,0x0080,0x0000,
   3985                  0x0000,0x0000,0x0080,0x7C94,0x9094,0x9094,0x9094,0x9094,
   3986                  0x9094,0x9094,0x9094,0x9094,0x90C4,0x7CB8,0x0080,0x0000,
   3987                  0x0000,0x0000,0x0080,0x2094,0x5094,0x5094,0x8894,0x8894,
   3988                  0x8894,0x8894,0x8894,0x5094,0x50C4,0x20B8,0x0080,0x0000,
   3989                  0x0000,0x2000,0x2088,0x1088,0x1088,0x0888,0x0488,0x0388,
   3990                  0x00F0,0x0000,0x0000,0x0000,0xFFFC,0x0000,0x0000,0x0000,
   3991                  0x0000,0x0200,0x0224,0x0A24,0x0924,0x0924,0x08A4,0x0864,
   3992                  0x0818,0x0800,0x0800,0x0800,0xF3FC,0x0000,0x0000,0x0000,
   3993                  0x0000,0x0200,0x0224,0x7224,0x8124,0x8124,0x80A4,0x8064,
   3994                  0x8038,0x8000,0x8000,0x8000,0x8FFC,0x0000,0x0000,0x0000,
   3995                  0x0000,0x0100,0x0124,0x6524,0x94A4,0x94A4,0x9464,0x9424,
   3996                  0x9418,0x9400,0x9400,0x9400,0x89FC,0x0000,0x0000,0x0000,
   3997                  0x0000,0x0200,0x0224,0x7A24,0x8924,0x8924,0x88A4,0x8864,
   3998                  0x8818,0x8800,0x8800,0x8800,0x7BFC,0x0000,0x0000,0x0000,
   3999                  0x0000,0x0200,0x0224,0x7E24,0x9124,0x9124,0x90A4,0x9064,
   4000                  0x9018,0x9000,0x9000,0x9000,0x7DFC,0x0000,0x0000,0x0000,
   4001                  0x0000,0x0200,0x0224,0x8224,0x8124,0x4124,0x40A4,0x2064,
   4002                  0x1818,0x2000,0x4000,0x4000,0x87FC,0x8000,0x0000,0x0000,
   4003                  0x0000,0x0200,0x0224,0x3224,0x4924,0x4924,0x84A4,0x8464,
   4004                  0x8418,0x8400,0x4800,0x4800,0x33FC,0x0000,0x0000,0x0000,
   4005                  0x0000,0x0000,0x1FF0,0x2108,0x2108,0x2108,0x2108,0x2108,
   4006                  0x2108,0x2000,0x1000,0x1000,0xFFFC,0x0080,0x0080,0x0000,
   4007                  0x0000,0x0000,0x00F8,0x0924,0x0924,0x0924,0x0924,0x0924,
   4008                  0x0924,0x0904,0x0900,0x0800,0xF3FC,0x0020,0x0020,0x0000,
   4009                  0x0000,0x0000,0x01F8,0x7224,0x8224,0x8224,0x8224,0x8224,
   4010                  0x8224,0x8200,0x8200,0x8000,0x8FFC,0x0040,0x0040,0x0000,
   4011                  0x0000,0x0000,0x00F8,0x6524,0x9524,0x9524,0x9524,0x9524,
   4012                  0x9524,0x9504,0x9500,0x9500,0x89FC,0x0020,0x0020,0x0000,
   4013                  0x0000,0x0000,0x6478,0x9494,0x9494,0x9494,0x9494,0x8894,
   4014                  0x0494,0x0480,0x0480,0x0400,0xF9FC,0x0020,0x0020,0x0000,
   4015                  0x0000,0x0000,0x00F8,0x7924,0x8924,0x8924,0x8924,0x8924,
   4016                  0x8924,0x8904,0x8900,0x8800,0x7BFC,0x0020,0x0020,0x0000,
   4017                  0x0000,0x0000,0x00F8,0x7D24,0x9124,0x9124,0x9124,0x9124,
   4018                  0x9124,0x9104,0x9100,0x9000,0x7DFC,0x0020,0x0020,0x0000,
   4019                  0x0000,0x0000,0x00F8,0x8124,0x8124,0x4124,0x4124,0x2124,
   4020                  0x1924,0x2104,0x4100,0x4000,0x87FC,0x8020,0x0020,0x0000,
   4021                  0x0000,0x8000,0x80F8,0x4124,0x2124,0x1924,0x2124,0xC124,
   4022                  0x4124,0x2104,0x1900,0x2000,0x43FC,0x8020,0x0020,0x0000,
   4023                  0x0000,0x0000,0x00F8,0x3124,0x4924,0x4924,0x8524,0x8524,
   4024                  0x8524,0x8504,0x4900,0x4800,0x33FC,0x0020,0x0020,0x0000,
   4025                  0x0000,0x0000,0x1FF0,0x2108,0x2108,0x2108,0x2108,0x2108,
   4026                  0x2000,0x1000,0xFFFC,0x0100,0x0100,0xFFFC,0x0000,0x0000,
   4027                  0x0000,0x0000,0x00F8,0x0924,0x0924,0x0924,0x0924,0x0924,
   4028                  0x0900,0x0800,0x0BFC,0x0820,0x0820,0xF3FC,0x0000,0x0000,
   4029                  0x0000,0x0000,0x01F8,0x7224,0x8224,0x8224,0x8224,0x8224,
   4030                  0x8200,0x8000,0x87FC,0x8040,0x8040,0x8FFC,0x0000,0x0000,
   4031                  0x0000,0x0000,0x0078,0x6494,0x9494,0x9494,0x9494,0x9494,
   4032                  0x9480,0x9400,0x95FC,0x9420,0x9420,0x89FC,0x0000,0x0000,
   4033                  0x0000,0x0000,0x00F8,0x7924,0x8924,0x8924,0x8924,0x8924,
   4034                  0x8900,0x8800,0x8BFC,0x8820,0x8820,0x7BFC,0x0000,0x0000,
   4035                  0x0000,0x0000,0x00F8,0x7D24,0x9124,0x9124,0x9124,0x9124,
   4036                  0x9100,0x9000,0x91FC,0x9020,0x9020,0x7DFC,0x0000,0x0000,
   4037                  0x0000,0x0000,0x00F8,0x8124,0x8124,0x4124,0x4124,0x2124,
   4038                  0x1900,0x2000,0x43FC,0x4020,0x8020,0x87FC,0x0000,0x0000,
   4039                  0x0000,0x0000,0x80F8,0x8124,0x4124,0x2124,0x1924,0x2124,
   4040                  0xC100,0x4000,0x21FC,0x1820,0x2020,0x43FC,0x8000,0x0000,
   4041                  0x0000,0x0000,0x00F8,0x3124,0x4924,0x4924,0x8524,0x8524,
   4042                  0x8500,0x8400,0x85FC,0x4820,0x4820,0x33FC,0x0000,0x0000,
   4043                  0x0000,0x0000,0x1FF0,0x2108,0x2108,0x2108,0x2108,0x2108,
   4044                  0x2108,0x2000,0x1000,0x1000,0xFFFC,0x0420,0x0420,0x0000,
   4045                  0x0000,0x0000,0x00F8,0x3124,0x4924,0x4924,0x8524,0x8524,
   4046                  0x8524,0x8504,0x4900,0x4800,0x33FC,0x0048,0x0048,0x0000,
   4047                  0x0000,0x0000,0x1FF0,0x2108,0x2108,0x2108,0x2108,0x2108,
   4048                  0x2008,0x2100,0x0100,0x0100,0xFFFC,0x0000,0x0000,0x0000,
   4049                  0x0000,0x0000,0x00F8,0x0924,0x0924,0x0924,0x0924,0x0924,
   4050                  0x0904,0x0920,0x0820,0x0820,0xF3FC,0x0000,0x0000,0x0000,
   4051                  0x0000,0x0000,0x01F8,0x7224,0x8224,0x8224,0x8224,0x8224,
   4052                  0x8204,0x8220,0x8020,0x8020,0x9FFC,0x0000,0x0000,0x0000,
   4053                  0x0000,0x0000,0x00F8,0x6524,0x9524,0x9524,0x9524,0x9524,
   4054                  0x9504,0x9420,0x9420,0x9420,0x89FC,0x0000,0x0000,0x0000,
   4055                  0x0000,0x0000,0x64F8,0x9524,0x9524,0x9524,0x8924,0x0124,
   4056                  0x7D04,0x8420,0x8420,0x8420,0x7DFC,0x0000,0x0000,0x0000,
   4057                  0x0000,0x0000,0x00F8,0x7924,0x8924,0x8924,0x8924,0x8924,
   4058                  0x8904,0x8920,0x8820,0x8820,0x7BFC,0x0000,0x0000,0x0000,
   4059                  0x0000,0x0000,0x00F8,0x7D24,0x9124,0x9124,0x9124,0x9124,
   4060                  0x9104,0x9120,0x9020,0x9020,0x7DFC,0x0000,0x0000,0x0000,
   4061                  0x0000,0x0000,0x00F8,0x8124,0x8124,0x4124,0x4124,0x2124,
   4062                  0x1904,0x2120,0x4020,0x4020,0x87FC,0x8000,0x0000,0x0000,
   4063                  0x0000,0x8000,0x80F8,0x4124,0x2124,0x1924,0x2124,0xC124,
   4064                  0x4104,0x2120,0x1820,0x2020,0x43FC,0x8000,0x0000,0x0000,
   4065                  0x0000,0x0000,0x00F8,0x3124,0x4924,0x4924,0x8524,0x8524,
   4066                  0x8504,0x8520,0x4820,0x4820,0x33FC,0x0000,0x0000,0x0000,
   4067                  0x0000,0x0000,0x1FF0,0x2108,0x2108,0x2108,0x2108,0x2008,
   4068                  0x2100,0x0100,0xFFFC,0x0000,0x0000,0xFFFC,0x0000,0x0000,
   4069                  0x0000,0x0000,0x00F8,0x0924,0x0924,0x0924,0x0924,0x0904,
   4070                  0x0920,0x0820,0x0BFC,0x0800,0x0800,0xF3FC,0x0000,0x0000,
   4071                  0x0000,0x0000,0x01F8,0x7224,0x8224,0x8224,0x8224,0x8204,
   4072                  0x8020,0x8020,0x8FFC,0x8000,0x8000,0x9FFC,0x0000,0x0000,
   4073                  0x0000,0x0000,0x00F8,0x6524,0x9524,0x9524,0x9524,0x9504,
   4074                  0x9520,0x9420,0x95FC,0x9400,0x9400,0x89FC,0x0000,0x0000,
   4075                  0x0000,0x0000,0x00F8,0x7924,0x8924,0x8924,0x8924,0x8904,
   4076                  0x8920,0x8820,0x8BFC,0x8800,0x8800,0x7BFC,0x0000,0x0000,
   4077                  0x0000,0x0000,0x00F8,0x7D24,0x9124,0x9124,0x9124,0x9104,
   4078                  0x9120,0x9020,0x91FC,0x9000,0x9000,0x7DFC,0x0000,0x0000,
   4079                  0x0000,0x0000,0x00F8,0x8124,0x8124,0x4124,0x4124,0x2104,
   4080                  0x1920,0x2020,0x43FC,0x4000,0x8000,0x87FC,0x0000,0x0000,
   4081                  0x0000,0x0000,0x00F8,0x3124,0x4924,0x4924,0x8524,0x8504,
   4082                  0x8520,0x8420,0x85FC,0x4800,0x4800,0x33FC,0x0000,0x0000,
   4083                  0x0000,0x0000,0x1FF0,0x2108,0x2108,0x2108,0x2108,0x2108,
   4084                  0x2008,0x2440,0x0440,0x0440,0xFFFC,0x0000,0x0000,0x0000,
   4085                  0x0000,0x0000,0x01F8,0x7224,0x8224,0x8224,0x8224,0x8224,
   4086                  0x8204,0x8290,0x8090,0x8090,0x8FFC,0x0000,0x0000,0x0000,
   4087                  0x0000,0x8000,0x80F8,0x4124,0x2124,0x1924,0x2124,0xC124,
   4088                  0x4104,0x2100,0x1848,0x2048,0x43FC,0x8000,0x0000,0x0000,
   4089                  0x0000,0x0000,0x1FF0,0x2108,0x2108,0x2108,0x2108,0x2008,
   4090                  0x2440,0x0440,0xFFFC,0x0000,0x0000,0xFFFC,0x0000,0x0000,
   4091                  0x0000,0x0000,0x01F8,0x7224,0x8224,0x8224,0x8224,0x8204,
   4092                  0x8090,0x8090,0x87FC,0x8000,0x8000,0x8FFC,0x0000,0x0000,
   4093                  0x0000,0x0000,0x4000,0x43F0,0x4448,0x4448,0x4448,0x4448,
   4094                  0x7C48,0x4448,0x4448,0x4448,0x4448,0x4448,0x4000,0x0000,
   4095                  0x0000,0x0000,0x0200,0x1238,0x1254,0x1254,0x1254,0x1254,
   4096                  0x13D4,0x1254,0x1254,0x1254,0x1254,0xE254,0x0200,0x0000,
   4097                  0x0000,0x0000,0x0400,0x7478,0x8494,0x8494,0x8494,0x8494,
   4098                  0x8794,0x8494,0x8494,0x8494,0x8494,0x8494,0x0400,0x0000,
   4099                  0x0000,0x0000,0x0100,0x6538,0x9554,0x9554,0x9554,0x9554,
   4100                  0x95D4,0x9554,0x9554,0x9554,0x9554,0x8954,0x0100,0x0000,
   4101                  0x0000,0x0000,0x0200,0x7238,0x9254,0x9254,0x9254,0x9254,
   4102                  0x93D4,0x9254,0x9254,0x9254,0x9254,0x7254,0x0200,0x0000,
   4103                  0x0000,0x0000,0x0200,0x7238,0xA254,0xA254,0xA254,0xA254,
   4104                  0xA3D4,0xA254,0xA254,0xA254,0xA254,0x7254,0x0200,0x0000,
   4105                  0x0000,0x0000,0x0200,0x8238,0x8254,0x4254,0x4254,0x2254,
   4106                  0x13D4,0x2254,0x4254,0x4254,0x8254,0x8254,0x0200,0x0000,
   4107                  0x0000,0x0000,0x0100,0x3138,0x4954,0x4954,0x8554,0x8554,
   4108                  0x85D4,0x8554,0x8554,0x4954,0x4954,0x3154,0x0100,0x0000,
   4109                  0x0000,0x0000,0x0200,0x9238,0x9254,0xF254,0x9254,0x9254,
   4110                  0x93D4,0x9254,0x9254,0xF254,0x9254,0x9254,0x0200,0x0000,
   4111                  0x0000,0x2000,0x21F0,0x2248,0x2248,0x2248,0x3E48,0x2248,
   4112                  0x2248,0x2248,0x2000,0x0000,0xFFFC,0x0100,0x0100,0x0000,
   4113                  0x0000,0x0400,0x0478,0x7494,0x8494,0x8494,0x8794,0x8494,
   4114                  0x8494,0x8494,0x8400,0x8000,0x9FFC,0x0080,0x0080,0x0000,
   4115                  0x0000,0x21F0,0x2248,0x2248,0x3E48,0x2248,0x2248,0x2248,
   4116                  0x2000,0x0000,0xFFFC,0x0100,0x0100,0xFFFC,0x0000,0x0000,
   4117                  0x0000,0x2000,0x21F0,0x2248,0x2248,0x2248,0x3E48,0x2248,
   4118                  0x2248,0x2248,0x2000,0x0000,0xFFFC,0x0000,0x0000,0x0000,
   4119                  0x0000,0x0400,0x0478,0x7494,0x8494,0x8494,0x8794,0x8494,
   4120                  0x8494,0x8494,0x8400,0x8000,0x9FFC,0x0000,0x0000,0x0000,
   4121                  0x0000,0x0200,0x0238,0x8254,0x8254,0x4254,0x43D4,0x2254,
   4122                  0x1A54,0x2254,0x4200,0x4000,0x87FC,0x8000,0x0000,0x0000,
   4123                  0x0000,0x0200,0x0238,0x7254,0x5254,0x8A54,0x8BD4,0x8A54,
   4124                  0x8A54,0x8A54,0x8A00,0x5000,0x77FC,0x0000,0x0000,0x0000,
   4125                  0x0000,0x0000,0x4000,0x43F0,0x4448,0x7C48,0x4448,0x4448,
   4126                  0x4448,0x4448,0x4448,0x7C48,0x4448,0x4448,0x4000,0x0000,
   4127                  0x0000,0x0000,0x0200,0x0238,0x0254,0x0254,0x0254,0x0254,
   4128                  0xFE54,0x0254,0x0254,0x0254,0x0254,0x0254,0x0200,0x0000,
   4129                  0x0000,0x0000,0x0200,0x1238,0x1254,0x1254,0x1254,0x1254,
   4130                  0x1E54,0x1254,0x1254,0x1254,0x1254,0xE254,0x0200,0x0000,
   4131                  0x0000,0x0000,0x0400,0x7478,0x8494,0x8494,0x8494,0x8494,
   4132                  0x9C94,0x8494,0x8494,0x8494,0x8494,0x8494,0x0400,0x0000,
   4133                  0x0000,0x0000,0x0100,0x6538,0x9554,0x9554,0x9554,0x9554,
   4134                  0x9754,0x9554,0x9554,0x9554,0x9554,0x8954,0x0100,0x0000,
   4135                  0x0000,0x0000,0x0200,0x7238,0x9254,0x9254,0x9254,0x9254,
   4136                  0x9E54,0x9254,0x9254,0x9254,0x9254,0x7254,0x0200,0x0000,
   4137                  0x0000,0x0000,0x0200,0x7238,0xA254,0xA254,0xA254,0xA254,
   4138                  0xAE54,0xA254,0xA254,0xA254,0xA254,0x7254,0x0200,0x0000,
   4139                  0x0000,0x0000,0x0200,0x8238,0x8254,0x4254,0x4254,0x2254,
   4140                  0x1E54,0x2254,0x4254,0x4254,0x8254,0x8254,0x0200,0x0000,
   4141                  0x0000,0x0000,0x0200,0x6238,0x9254,0x9254,0x9254,0x9254,
   4142                  0x9E54,0x9254,0x9254,0x9254,0x9254,0x6254,0x0200,0x0000,
   4143                  0x0000,0x0200,0x0278,0x0294,0x4294,0x3E94,0x0294,0x0294,
   4144                  0x1294,0x1294,0x1200,0x1000,0xFFFC,0x0000,0x0000,0x0000,
   4145                  0x0000,0x0100,0x8138,0x8154,0x4154,0x3754,0x2154,0x4154,
   4146                  0x8154,0x8354,0x4200,0x3200,0x27FC,0x4000,0x8000,0x0000,
   4147                  0x0000,0x0200,0x0278,0x0294,0x4294,0x3E94,0x0294,0x0294,
   4148                  0x1200,0x1000,0xFFFC,0x0000,0x0000,0xFFFC,0x0000,0x0000,
   4149                  0x0000,0x0400,0x0478,0x0494,0x4494,0x3C94,0x0494,0x0494,
   4150                  0x0494,0x0494,0x0400,0x0000,0xFFFC,0x0000,0x0000,0x0000,
   4151                  0x0000,0x0100,0x0138,0x1154,0x1154,0x1754,0x1154,0x1154,
   4152                  0x1154,0x1154,0x1100,0x1000,0xE7FC,0x0000,0x0000,0x0000,
   4153                  0x0000,0x0200,0x0278,0x6294,0x8294,0x9E94,0x8294,0x8294,
   4154                  0x8294,0x8294,0x8200,0x8000,0x9FFC,0x0000,0x0000,0x0000,
   4155                  0x0000,0x0100,0x0138,0x4954,0xA954,0xAF54,0xA954,0xA954,
   4156                  0xA954,0xA954,0xA900,0xA800,0x97FC,0x0000,0x0000,0x0000,
   4157                  0x0000,0x0100,0x0138,0x7154,0x9154,0x9754,0x9154,0x9154,
   4158                  0x9154,0x9154,0x9100,0x9000,0x77FC,0x0000,0x0000,0x0000,
   4159                  0x0000,0x0100,0x0138,0x7954,0xA154,0xA754,0xA154,0xA154,
   4160                  0xA154,0xA154,0xA100,0xA000,0x7FFC,0x0000,0x0000,0x0000,
   4161                  0x0000,0x0100,0x0138,0x7154,0x5154,0x8F54,0x8954,0x8954,
   4162                  0x8954,0x8954,0x8900,0x5000,0x77FC,0x0000,0x0000,0x0000,
   4163                  0x0000,0x0000,0x0400,0x0478,0x8494,0x7C94,0x0494,0x0494,
   4164                  0x0494,0x0494,0x0494,0xFC94,0x0494,0x0494,0x0400,0x0000,
   4165                  0x0000,0x0000,0x0400,0x7478,0x8494,0x8494,0x9C94,0x8494,
   4166                  0x8494,0x8494,0x8494,0x9C94,0x8494,0x8494,0x0400,0x0000,
   4167                  0x0000,0x0000,0x0100,0x6538,0x9554,0x9754,0x9554,0x9554,
   4168                  0x9554,0x9554,0x9554,0x9754,0x9554,0x8954,0x0100,0x0000,
   4169                  0x0000,0x0000,0x0200,0x7238,0x9254,0x9E54,0x9254,0x9254,
   4170                  0x9254,0x9254,0x9254,0x9E54,0x9254,0x7254,0x0200,0x0000,
   4171                  0x0000,0x0000,0x0200,0x6238,0x9254,0x9E54,0x9254,0x9254,
   4172                  0x9254,0x9254,0x9254,0x9E54,0x9254,0x6254,0x0200,0x0000,
   4173                  0x0000,0x0000,0x4000,0x43F0,0x4448,0x4448,0x4448,0x4448,
   4174                  0x4448,0x4448,0x4448,0x4448,0x4448,0x4448,0x4000,0x0000,
   4175                  0x0000,0x0000,0x0100,0x0938,0x0954,0x0954,0x0954,0x0954,
   4176                  0x0954,0x0954,0x0954,0x0954,0x0954,0xF154,0x0100,0x0000,
   4177                  0x0000,0x0000,0x0400,0x7478,0x8494,0x8494,0x8494,0x8494,
   4178                  0x8494,0x8494,0x8494,0x8494,0x8494,0x8494,0x0400,0x0000,
   4179                  0x0000,0x0000,0x0200,0x6238,0x9254,0x9254,0x9254,0x9254,
   4180                  0x9254,0x9254,0x9254,0x9254,0x9254,0x9254,0x0200,0x0000,
   4181                  0x0000,0x0000,0x0100,0x6538,0x9554,0x9554,0x9554,0x9554,
   4182                  0x9554,0x9554,0x9554,0x9554,0x9554,0x8954,0x0100,0x0000,
   4183                  0x0000,0x0000,0x0100,0x6538,0x9554,0x9554,0x9554,0x8954,
   4184                  0x0154,0x7D54,0x8554,0x8554,0x8554,0x7D54,0x0100,0x0000,
   4185                  0x0000,0x0000,0x0200,0x7238,0x9254,0x9254,0x9254,0x9254,
   4186                  0x9254,0x9254,0x9254,0x9254,0x9254,0x7254,0x0200,0x0000,
   4187                  0x0000,0x0000,0x0200,0x7238,0xA254,0xA254,0xA254,0xA254,
   4188                  0xA254,0xA254,0xA254,0xA254,0xA254,0x7254,0x0200,0x0000,
   4189                  0x0000,0x0000,0x0200,0x8238,0x8254,0x4254,0x4254,0x2254,
   4190                  0x1254,0x2254,0x4254,0x4254,0x8254,0x8254,0x0200,0x0000,
   4191                  0x0000,0x2000,0x21F0,0x2248,0x2248,0x2248,0x2248,0x2248,
   4192                  0x2248,0x2248,0x2000,0x0000,0xFFFC,0x0000,0x0000,0x0000,
   4193                  0x0000,0x0400,0x0478,0x7494,0x8494,0x8494,0x8494,0x8494,
   4194                  0x8494,0x8494,0x8400,0x8000,0x9FFC,0x0000,0x0000,0x0000,
   4195                  0x0000,0x0100,0x0138,0x4954,0xA954,0xA954,0xA954,0xA954,
   4196                  0xA954,0xA954,0xA900,0xA800,0x97FC,0x0000,0x0000,0x0000,
   4197                  0x0000,0x0100,0x0138,0x7954,0x8954,0x8954,0x8954,0x8954,
   4198                  0x8954,0x8954,0x8900,0x8800,0x7FFC,0x0000,0x0000,0x0000,
   4199                  0x0000,0x0100,0x0138,0x7954,0x9154,0x9154,0x9154,0x9154,
   4200                  0x9154,0x9154,0x9100,0x9000,0x7FFC,0x0000,0x0000,0x0000,
   4201                  0x0000,0x0000,0x1FF0,0x2108,0x2108,0x2108,0x2108,0x2108,
   4202                  0x2108,0x2000,0x1000,0x1000,0xFFFC,0x0000,0x0000,0x0000,
   4203                  0x0000,0x0000,0x00F8,0x0924,0x0924,0x0924,0x0924,0x0924,
   4204                  0x0924,0x0904,0x0900,0x0800,0xF3FC,0x0000,0x0000,0x0000,
   4205                  0x0000,0x0000,0x01F8,0x7224,0x8224,0x8224,0x8224,0x8224,
   4206                  0x8224,0x8200,0x8200,0x8000,0x8FFC,0x0000,0x0000,0x0000,
   4207                  0x0000,0x0000,0x0078,0x6494,0x9494,0x9494,0x9494,0x9494,
   4208                  0x9494,0x9480,0x9480,0x9400,0x89FC,0x0000,0x0000,0x0000,
   4209                  0x0000,0x0000,0x00F8,0x7924,0x8924,0x8924,0x8924,0x8924,
   4210                  0x8924,0x8904,0x8900,0x8800,0x7BFC,0x0000,0x0000,0x0000,
   4211                  0x0000,0x0000,0x00F8,0x7D24,0x9124,0x9124,0x9124,0x9124,
   4212                  0x9124,0x9104,0x9100,0x9000,0x7DFC,0x0000,0x0000,0x0000,
   4213                  0x0000,0x0000,0x00F8,0x8124,0x8124,0x4124,0x4124,0x2124,
   4214                  0x1924,0x2104,0x4100,0x4000,0x87FC,0x8000,0x0000,0x0000,
   4215                  0x0000,0x0000,0x00F8,0x3124,0x4924,0x4924,0x8524,0x8524,
   4216                  0x8524,0x8504,0x4900,0x4800,0x33FC,0x0000,0x0000,0x0000,
   4217                  0x0000,0x2008,0x2008,0x27E8,0x3808,0x2008,0x2008,0x3808,
   4218                  0x27E8,0x2008,0x2008,0x1000,0xFFFC,0x0080,0x0080,0x0000,
   4219                  0x0000,0x0104,0x0104,0x0974,0x0984,0x0904,0x0904,0x0984,
   4220                  0x0974,0x0904,0x0884,0x0880,0xF3FC,0x0020,0x0020,0x0000,
   4221                  0x0000,0x0104,0x0904,0x0974,0x0984,0x0904,0xF104,0x0184,
   4222                  0x0974,0x0904,0x0884,0x0880,0xF3FC,0x0020,0x0020,0x0000,
   4223                  0x0000,0x0204,0x0204,0x72F4,0x8304,0x8204,0x8204,0x8304,
   4224                  0x82F4,0x8204,0x8104,0x8100,0x8FFC,0x0040,0x0040,0x0000,
   4225                  0x0000,0x0104,0x0104,0x6574,0x9584,0x9504,0x9504,0x9584,
   4226                  0x9574,0x9504,0x9484,0x9480,0x89FC,0x0020,0x0020,0x0000,
   4227                  0x0000,0x0104,0x6504,0x9574,0x9584,0x9504,0x8904,0x0184,
   4228                  0x7D74,0x8504,0x8484,0x8480,0x7DFC,0x0020,0x0020,0x0000,
   4229                  0x0000,0x0104,0x0104,0x7974,0x8984,0x8904,0x8904,0x8984,
   4230                  0x8974,0x8904,0x8884,0x8880,0x7BFC,0x0020,0x0020,0x0000,
   4231                  0x0000,0x0104,0x0104,0x7D74,0x9184,0x9104,0x9104,0x9184,
   4232                  0x9174,0x9104,0x9084,0x9080,0x7DFC,0x0020,0x0020,0x0000,
   4233                  0x0000,0x0104,0x0104,0x8174,0x8184,0x4104,0x4104,0x2184,
   4234                  0x1974,0x2104,0x4084,0x4080,0x87FC,0x8020,0x0020,0x0000,
   4235                  0x0000,0x8104,0x8104,0x4174,0x2184,0x1904,0x2104,0xC184,
   4236                  0x4174,0x2104,0x1884,0x2080,0x43FC,0x8020,0x0020,0x0000,
   4237                  0x0000,0x0104,0x0104,0x3174,0x4984,0x4904,0x8504,0x8584,
   4238                  0x8574,0x8504,0x4884,0x4880,0x33FC,0x0020,0x0020,0x0000,
   4239                  0x0000,0x0104,0x0104,0x7974,0x9584,0x9504,0x9504,0x9584,
   4240                  0x9574,0x9504,0x9484,0x9480,0x95FC,0x0020,0x0020,0x0000,
   4241                  0x0000,0x2008,0x2008,0x3FE8,0x2008,0x2008,0x3FE8,0x2008,
   4242                  0x2008,0x1000,0xFFFC,0x0100,0x0100,0xFFFC,0x0000,0x0000,
   4243                  0x0000,0x0104,0x0174,0x0984,0x0904,0x0984,0x0974,0x0904,
   4244                  0x0884,0x0880,0x0BFC,0x0820,0x0820,0xF3FC,0x0000,0x0000,
   4245                  0x0000,0x0204,0x02F4,0x7304,0x8204,0x8304,0x82F4,0x8204,
   4246                  0x8104,0x8100,0x87FC,0x8040,0x8040,0x8FFC,0x0000,0x0000,
   4247                  0x0000,0x0104,0x0174,0x6584,0x9504,0x9584,0x9574,0x9504,
   4248                  0x9484,0x9480,0x95FC,0x9420,0x9420,0x89FC,0x0000,0x0000,
   4249                  0x0000,0x0104,0x0174,0x7984,0x8904,0x8984,0x8974,0x8904,
   4250                  0x8884,0x8880,0x8BFC,0x8820,0x8820,0x7BFC,0x0000,0x0000,
   4251                  0x0000,0x0104,0x0174,0x7D84,0x9104,0x9184,0x9174,0x9104,
   4252                  0x9084,0x9080,0x91FC,0x9020,0x9020,0x7DFC,0x0000,0x0000,
   4253                  0x0000,0x0104,0x0174,0x8184,0x8104,0x4184,0x4174,0x2104,
   4254                  0x1884,0x2080,0x43FC,0x4020,0x8020,0x87FC,0x0000,0x0000,
   4255                  0x0000,0x0104,0x8174,0x8184,0x4104,0x2184,0x1974,0x2104,
   4256                  0xC084,0x4080,0x21FC,0x1820,0x2020,0x43FC,0x8000,0x0000,
   4257                  0x0000,0x0104,0x0174,0x3184,0x4904,0x4984,0x8574,0x8504,
   4258                  0x8484,0x8480,0x85FC,0x4820,0x4820,0x33FC,0x0000,0x0000,
   4259                  0x0000,0x2008,0x2008,0x27E8,0x3808,0x2008,0x2008,0x3808,
   4260                  0x27E8,0x2008,0x1008,0x1000,0xFFFC,0x0420,0x0420,0x0000,
   4261                  0x0000,0x0104,0x0104,0x0974,0x0984,0x0904,0x0904,0x0984,
   4262                  0x0974,0x0904,0x0884,0x0880,0xF3FC,0x0048,0x0048,0x0000,
   4263                  0x0000,0x2008,0x27E8,0x3808,0x2008,0x2008,0x3808,0x27E8,
   4264                  0x2008,0x2088,0x0080,0x0080,0xFFFC,0x0000,0x0000,0x0000,
   4265                  0x0000,0x0104,0x0174,0x0984,0x0904,0x0904,0x0984,0x0974,
   4266                  0x0904,0x0914,0x0810,0x0810,0xF3FC,0x0000,0x0000,0x0000,
   4267                  0x0000,0x0204,0x02F4,0x7304,0x8204,0x8204,0x8304,0x82F4,
   4268                  0x8204,0x8224,0x8020,0x8020,0x9FFC,0x0000,0x0000,0x0000,
   4269                  0x0000,0x0104,0x0174,0x6584,0x9504,0x9504,0x9584,0x9574,
   4270                  0x9504,0x9510,0x9410,0x9410,0x89FC,0x0000,0x0000,0x0000,
   4271                  0x0000,0x0104,0x0174,0x7984,0x8904,0x8904,0x8984,0x8974,
   4272                  0x8904,0x8914,0x8810,0x8810,0x7BFC,0x0000,0x0000,0x0000,
   4273                  0x0000,0x0104,0x0174,0x7D84,0x9104,0x9104,0x9184,0x9174,
   4274                  0x9104,0x9114,0x9010,0x9010,0x7DFC,0x0000,0x0000,0x0000,
   4275                  0x0000,0x0104,0x0174,0x8184,0x8104,0x4104,0x4184,0x2174,
   4276                  0x1904,0x2114,0x4010,0x4010,0x87FC,0x8000,0x0000,0x0000,
   4277                  0x0000,0x8104,0x8174,0x4184,0x2104,0x1904,0x2184,0xC174,
   4278                  0x4104,0x2114,0x1810,0x2010,0x43FC,0x8000,0x0000,0x0000,
   4279                  0x0000,0x0104,0x0174,0x3184,0x4904,0x4904,0x8584,0x8574,
   4280                  0x8504,0x8514,0x4810,0x4810,0x33FC,0x0000,0x0000,0x0000,
   4281                  0x0000,0x2008,0x27E8,0x3808,0x2008,0x3808,0x27E8,0x2088,
   4282                  0x0080,0x0080,0xFFFC,0x0000,0x0000,0xFFFC,0x0000,0x0000,
   4283                  0x0000,0x0104,0x0174,0x0984,0x0904,0x0984,0x0974,0x0924,
   4284                  0x0820,0x0820,0x0BFC,0x0800,0x0800,0xF3FC,0x0000,0x0000,
   4285                  0x0000,0x0204,0x02F4,0x7304,0x8204,0x8304,0x82F4,0x8224,
   4286                  0x8020,0x8020,0x8FFC,0x8000,0x8000,0x9FFC,0x0000,0x0000,
   4287                  0x0000,0x0104,0x0174,0x6584,0x9504,0x9584,0x9574,0x9524,
   4288                  0x9420,0x9420,0x95FC,0x9400,0x9400,0x89FC,0x0000,0x0000,
   4289                  0x0000,0x0104,0x0174,0x7984,0x8904,0x8984,0x8974,0x8924,
   4290                  0x8820,0x8820,0x8BFC,0x8800,0x8800,0x7BFC,0x0000,0x0000,
   4291                  0x0000,0x0104,0x0174,0x7D84,0x9104,0x9184,0x9174,0x9124,
   4292                  0x9020,0x9020,0x91FC,0x9000,0x9000,0x7DFC,0x0000,0x0000,
   4293                  0x0000,0x0104,0x0174,0x8184,0x8104,0x4184,0x4174,0x2124,
   4294                  0x1820,0x2020,0x43FC,0x4000,0x8000,0x87FC,0x0000,0x0000,
   4295                  0x0000,0x0104,0x0174,0x3184,0x4904,0x4984,0x8574,0x8524,
   4296                  0x8420,0x8420,0x85FC,0x4800,0x4800,0x33FC,0x0000,0x0000,
   4297                  0x0000,0x2008,0x27E8,0x3808,0x2008,0x2008,0x3808,0x27E8,
   4298                  0x2008,0x2428,0x0420,0x0420,0xFFFC,0x0000,0x0000,0x0000,
   4299                  0x0000,0x0204,0x02F4,0x7304,0x8204,0x8204,0x8304,0x82F4,
   4300                  0x8204,0x8288,0x8088,0x8088,0x8FFC,0x0000,0x0000,0x0000,
   4301                  0x0000,0x0104,0x0174,0x6584,0x9504,0x9504,0x9584,0x9574,
   4302                  0x9504,0x9548,0x9448,0x9448,0x8BFC,0x0000,0x0000,0x0000,
   4303                  0x0000,0x0104,0x0174,0x7984,0x8904,0x8904,0x8984,0x8974,
   4304                  0x8904,0x894C,0x8848,0x8848,0x7BFC,0x0000,0x0000,0x0000,
   4305                  0x0000,0x0104,0x0174,0x7D84,0x9104,0x9104,0x9184,0x9174,
   4306                  0x9104,0x914C,0x9048,0x9048,0x7FFC,0x0000,0x0000,0x0000,
   4307                  0x0000,0x8104,0x8174,0x4184,0x2104,0x1904,0x2184,0xC174,
   4308                  0x4104,0x214C,0x1848,0x2048,0x43FC,0x8000,0x0000,0x0000,
   4309                  0x0000,0x0000,0x0104,0x3174,0x4984,0x4904,0x8504,0x8584,
   4310                  0x8574,0x8504,0x4948,0x4848,0x33FC,0x0000,0x0000,0x0000,
   4311                  0x0000,0x2008,0x27E8,0x3808,0x2008,0x3808,0x27E8,0x2428,
   4312                  0x0420,0x0420,0xFFFC,0x0000,0x0000,0xFFFC,0x0000,0x0000,
   4313                  0x0000,0x0104,0x0174,0x6584,0x9504,0x9584,0x9574,0x954C,
   4314                  0x9448,0x9448,0x95FC,0x9400,0x9400,0x89FC,0x0000,0x0000,
   4315                  0x0000,0x0104,0x0174,0x7D84,0x9104,0x9184,0x9174,0x914C,
   4316                  0x9048,0x9048,0x91FC,0x9000,0x9000,0x7DFC,0x0000,0x0000,
   4317                  0x0000,0x0104,0x0174,0x8184,0x8104,0x4184,0x4174,0x214C,
   4318                  0x1848,0x2048,0x43FC,0x4000,0x8000,0x87FC,0x0000,0x0000,
   4319                  0x0000,0x0000,0x4000,0x4208,0x4208,0x42E8,0x4308,0x4208,
   4320                  0x7E08,0x4208,0x4308,0x42E8,0x4208,0x4208,0x4000,0x0000,
   4321                  0x0000,0x0000,0x0100,0x0944,0x0944,0x095C,0x0964,0x0944,
   4322                  0x09C4,0x0944,0x0964,0x095C,0x0944,0xF144,0x0100,0x0000,
   4323                  0x0000,0x0000,0x0400,0x7484,0x8484,0x84B4,0x84C4,0x8484,
   4324                  0x8784,0x8484,0x84C4,0x84B4,0x8484,0x8484,0x0400,0x0000,
   4325                  0x0000,0x0000,0x0100,0x6524,0x9524,0x952C,0x9534,0x9524,
   4326                  0x95E4,0x9524,0x9534,0x952C,0x9524,0x8924,0x0100,0x0000,
   4327                  0x0000,0x0000,0x0100,0x7924,0x8924,0x892C,0x8934,0x8924,
   4328                  0x89E4,0x8924,0x8934,0x892C,0x8924,0x7924,0x0100,0x0000,
   4329                  0x0000,0x0000,0x0100,0x7D24,0x9124,0x912C,0x9134,0x9124,
   4330                  0x91E4,0x9124,0x9134,0x912C,0x9124,0x7D24,0x0100,0x0000,
   4331                  0x0000,0x0000,0x0100,0x8124,0x8124,0x412C,0x4134,0x2124,
   4332                  0x19E4,0x2124,0x4134,0x412C,0x8124,0x8124,0x0100,0x0000,
   4333                  0x0000,0x0000,0x0100,0x2124,0x5124,0x512C,0x8934,0x8924,
   4334                  0x89E4,0x8924,0x8934,0x512C,0x5124,0x2124,0x0100,0x0000,
   4335                  0x0000,0x2208,0x2268,0x2388,0x2208,0x3E08,0x2208,0x2388,
   4336                  0x2268,0x2208,0x2000,0x0000,0xFFFC,0x0100,0x0100,0x0000,
   4337                  0x0000,0x0144,0x0144,0x715C,0x5164,0x89C4,0x8944,0x8964,
   4338                  0x895C,0x8944,0x8944,0x5000,0x77FC,0x0020,0x0020,0x0000,
   4339                  0x0000,0x2208,0x2268,0x2388,0x2208,0x3E08,0x2208,0x2388,
   4340                  0x2268,0x2208,0x2000,0x0000,0xFFFC,0x0000,0x0000,0x0000,
   4341                  0x0000,0x0244,0x0244,0x725C,0x8264,0x83C4,0x8244,0x8264,
   4342                  0x825C,0x8244,0x8244,0x8000,0x8FFC,0x0000,0x0000,0x0000,
   4343                  0x0000,0x0000,0x4000,0x4208,0x4208,0x7EE8,0x4308,0x4208,
   4344                  0x4208,0x4208,0x4308,0x7EE8,0x4208,0x4208,0x4000,0x0000,
   4345                  0x0000,0x0000,0x0400,0x7484,0x8484,0x87B4,0x84C4,0x8484,
   4346                  0x8484,0x8484,0x84C4,0x87B4,0x8484,0x8484,0x0400,0x0000,
   4347                  0x0000,0x0000,0x0100,0x6524,0x9524,0x95EC,0x9534,0x9524,
   4348                  0x9524,0x9524,0x9534,0x95EC,0x9524,0x8924,0x0100,0x0000,
   4349                  0x0000,0x0000,0x0100,0x7D24,0x9124,0x91EC,0x9134,0x9124,
   4350                  0x9124,0x9124,0x9134,0x91EC,0x9124,0x7D24,0x0100,0x0000,
   4351                  0x0000,0x0000,0x0100,0x8124,0x8124,0x41EC,0x4134,0x2124,
   4352                  0x1924,0x2124,0x4134,0x41EC,0x8124,0x8124,0x0100,0x0000,
   4353                  0x0000,0x0000,0x0400,0x0484,0x0484,0x04B4,0x04C4,0x0484,
   4354                  0xFC84,0x0484,0x04C4,0x04B4,0x0484,0x0484,0x0400,0x0000,
   4355                  0x0000,0x0000,0x0100,0x0944,0x0944,0x095C,0x0964,0x0944,
   4356                  0x0F44,0x0944,0x0964,0x095C,0x0944,0xF144,0x0100,0x0000,
   4357                  0x0000,0x0000,0x0200,0x7284,0x8284,0x82B4,0x82C4,0x8284,
   4358                  0x9E84,0x8284,0x82C4,0x82B4,0x8284,0x8284,0x0200,0x0000,
   4359                  0x0000,0x0000,0x0100,0x7144,0x8944,0x895C,0x8964,0x8944,
   4360                  0x8F44,0x8944,0x8964,0x895C,0x8944,0x8944,0x0100,0x0000,
   4361                  0x0000,0x0000,0x0100,0x6544,0x9544,0x955C,0x9564,0x9544,
   4362                  0x9744,0x9544,0x9564,0x955C,0x9544,0x8944,0x0100,0x0000,
   4363                  0x0000,0x0000,0x0100,0x6544,0x9544,0x955C,0x9564,0x8944,
   4364                  0x0744,0x7D44,0x8564,0x855C,0x8544,0x7D44,0x0100,0x0000,
   4365                  0x0000,0x0000,0x0100,0x7944,0x8944,0x895C,0x8964,0x8944,
   4366                  0x8F44,0x8944,0x8964,0x895C,0x8944,0x7944,0x0100,0x0000,
   4367                  0x0000,0x0000,0x0100,0x7D44,0x9144,0x915C,0x9164,0x9144,
   4368                  0x9744,0x9144,0x9164,0x915C,0x9144,0x7D44,0x0100,0x0000,
   4369                  0x0000,0x0000,0x0100,0x8144,0x8144,0x415C,0x4164,0x2144,
   4370                  0x1744,0x2144,0x4164,0x415C,0x8144,0x8144,0x0100,0x0000,
   4371                  0x0000,0x0000,0x0100,0x3144,0x4944,0x495C,0x8564,0x8544,
   4372                  0x8744,0x8544,0x8564,0x495C,0x4944,0x3144,0x0100,0x0000,
   4373                  0x0000,0x0244,0x0244,0x025C,0x4264,0x3E44,0x0244,0x0264,
   4374                  0x125C,0x1244,0x1244,0x1000,0xFFFC,0x0000,0x0000,0x0000,
   4375                  0x0000,0x0080,0x00A4,0x70AC,0x50B4,0x8FA4,0x88A4,0x88B4,
   4376                  0x88AC,0x8AA4,0x8A80,0x5200,0x77FC,0x0000,0x0000,0x0000,
   4377                  0x0000,0x0244,0x0244,0x025C,0x4264,0x3E44,0x0244,0x0264,
   4378                  0x025C,0x0244,0x0244,0x0000,0xFFFC,0x0000,0x0000,0x0000,
   4379                  0x0000,0x0200,0x0244,0x625C,0x8264,0x9E44,0x8244,0x8264,
   4380                  0x825C,0x8244,0x8200,0x8000,0x9FFC,0x0000,0x0000,0x0000,
   4381                  0x0000,0x0100,0x0124,0x492C,0xA934,0xAF24,0xA924,0xA934,
   4382                  0xA92C,0xA924,0xA900,0xA800,0x93FC,0x0000,0x0000,0x0000,
   4383                  0x0000,0x0100,0x0124,0x712C,0x9134,0x9724,0x9124,0x9134,
   4384                  0x912C,0x9124,0x9100,0x9000,0x77FC,0x0000,0x0000,0x0000,
   4385                  0x0000,0x0100,0x0124,0x812C,0x8134,0x4724,0x4124,0x2134,
   4386                  0x192C,0x2124,0x4100,0x4000,0x87FC,0x8000,0x0000,0x0000,
   4387                  0x0000,0x0000,0x0400,0x0484,0x8484,0x7CB4,0x04C4,0x0484,
   4388                  0x0484,0x0484,0x04C4,0xFCB4,0x0484,0x0484,0x0400,0x0000,
   4389                  0x0000,0x0000,0x0200,0x7284,0x8284,0x82B4,0x9EC4,0x8284,
   4390                  0x8284,0x8284,0x82C4,0x9EB4,0x8284,0x8284,0x0200,0x0000,
   4391                  0x0000,0x0000,0x0100,0x6544,0x9544,0x975C,0x9564,0x9544,
   4392                  0x9544,0x9544,0x9564,0x975C,0x9544,0x8944,0x0100,0x0000,
   4393                  0x0000,0x0000,0x0100,0x7944,0x8944,0x8F5C,0x8964,0x8944,
   4394                  0x8944,0x8944,0x8964,0x8F5C,0x8944,0x7944,0x0100,0x0000,
   4395                  0x0000,0x0000,0x0100,0x8144,0x8144,0x475C,0x4164,0x2144,
   4396                  0x1944,0x2144,0x4164,0x475C,0x8144,0x8144,0x0100,0x0000,
   4397                  0x0000,0x0000,0x0100,0x2144,0x5144,0x575C,0x8964,0x8944,
   4398                  0x8944,0x8944,0x8964,0x575C,0x5144,0x2144,0x0100,0x0000,
   4399                  0x0000,0x0000,0x4000,0x4208,0x4208,0x42E8,0x4308,0x4208,
   4400                  0x4208,0x4208,0x4308,0x42E8,0x4208,0x4208,0x4000,0x0000,
   4401                  0x0000,0x0000,0x0200,0x7284,0x8284,0x82B4,0x82C4,0x8284,
   4402                  0x8284,0x8284,0x82C4,0x82B4,0x8284,0x8284,0x0200,0x0000,
   4403                  0x0000,0x0000,0x0100,0x6524,0x9524,0x952C,0x9534,0x9524,
   4404                  0x9524,0x9524,0x9534,0x952C,0x9524,0x8924,0x0100,0x0000,
   4405                  0x0000,0x0000,0x0100,0x7924,0x8924,0x892C,0x8934,0x8924,
   4406                  0x8924,0x8924,0x8934,0x892C,0x8924,0x7924,0x0100,0x0000,
   4407                  0x0000,0x0000,0x0100,0x7D24,0x9124,0x912C,0x9134,0x9124,
   4408                  0x9124,0x9124,0x9134,0x912C,0x9124,0x7D24,0x0100,0x0000,
   4409                  0x0000,0x0000,0x0100,0x8124,0x8124,0x412C,0x4134,0x2124,
   4410                  0x1924,0x2124,0x4134,0x412C,0x8124,0x8124,0x0100,0x0000,
   4411                  0x0000,0x2008,0x2008,0x27E8,0x3808,0x2008,0x2008,0x3808,
   4412                  0x27E8,0x2008,0x2008,0x1000,0xFFFC,0x0000,0x0000,0x0000,
   4413                  0x0000,0x0104,0x0104,0x0974,0x0984,0x0904,0x0904,0x0984,
   4414                  0x0974,0x0904,0x0884,0x0880,0xF3FC,0x0000,0x0000,0x0000,
   4415                  0x0000,0x0204,0x0204,0x72F4,0x8304,0x8204,0x8204,0x8304,
   4416                  0x82F4,0x8204,0x8104,0x8100,0x8FFC,0x0000,0x0000,0x0000,
   4417                  0x0000,0x0000,0x0104,0x6574,0x9584,0x9504,0x9504,0x9584,
   4418                  0x9574,0x9504,0x9500,0x9400,0x89FC,0x0000,0x0000,0x0000,
   4419                  0x0000,0x0104,0x0104,0x7974,0x8984,0x8904,0x8904,0x8984,
   4420                  0x8974,0x8904,0x8884,0x8880,0x7BFC,0x0000,0x0000,0x0000,
   4421                  0x0000,0x0104,0x0104,0x7D74,0x9184,0x9104,0x9104,0x9184,
   4422                  0x9174,0x9104,0x9084,0x9080,0x7DFC,0x0000,0x0000,0x0000,
   4423                  0x0000,0x0104,0x0104,0x8174,0x8184,0x4104,0x4104,0x2184,
   4424                  0x1974,0x2104,0x4084,0x4080,0x87FC,0x8000,0x0000,0x0000,
   4425                  0x0000,0x0104,0x0104,0x3174,0x4984,0x4904,0x8504,0x8584,
   4426                  0x8574,0x8504,0x4884,0x4880,0x33FC,0x0000,0x0000,0x0000,
   4427                  0x0000,0x0020,0x0E20,0x1124,0x20A4,0x20A4,0x20A4,0x1124,
   4428                  0x0E20,0x0020,0x0000,0x0000,0xFFFC,0x0080,0x0080,0x0000,
   4429                  0x0000,0x0010,0x0190,0x0A54,0x0A54,0x0A54,0x0A54,0x0A54,
   4430                  0x0990,0x0810,0x0800,0x0800,0xF3FC,0x0020,0x0020,0x0000,
   4431                  0x0000,0x0010,0x0390,0x7454,0x8454,0x8454,0x8454,0x8454,
   4432                  0x8390,0x8010,0x8000,0x8000,0x8FFC,0x0040,0x0040,0x0000,
   4433                  0x0000,0x0010,0x0190,0x4A54,0xAA54,0xAA54,0xAA54,0xAA54,
   4434                  0xA990,0xA810,0xA800,0xA800,0x93FC,0x0020,0x0020,0x0000,
   4435                  0x0000,0x0010,0x4990,0xAA54,0xAA54,0xAA54,0x9254,0x0254,
   4436                  0x7190,0xA810,0xA800,0xA800,0xABFC,0x0020,0x0020,0x0000,
   4437                  0x0000,0x0010,0x0190,0x7A54,0x8A54,0x8A54,0x8A54,0x8A54,
   4438                  0x8990,0x8810,0x8800,0x8800,0x7BFC,0x0020,0x0020,0x0000,
   4439                  0x0000,0x0010,0x0190,0x7A54,0x9254,0x9254,0x9254,0x9254,
   4440                  0x9190,0x9010,0x9000,0x9000,0x7BFC,0x0020,0x0020,0x0000,
   4441                  0x0000,0x0010,0x0190,0x8254,0x8254,0x4254,0x4254,0x2254,
   4442                  0x1990,0x2010,0x4000,0x4000,0x87FC,0x8020,0x0020,0x0000,
   4443                  0x0000,0x0010,0x0190,0x2254,0x5254,0x8A54,0x8A54,0x8A54,
   4444                  0x8990,0x8810,0x8800,0x5000,0x27FC,0x0020,0x0020,0x0000,
   4445                  0x0000,0x0020,0x0E20,0x1124,0x20A4,0x20A4,0x1124,0x0E20,
   4446                  0x0020,0x0000,0xFFFC,0x0100,0x0100,0xFFFC,0x0000,0x0000,
   4447                  0x0000,0x0010,0x0190,0x0A54,0x0A54,0x0A54,0x0A54,0x0990,
   4448                  0x0810,0x0800,0x0BFC,0x0820,0x0820,0xF3FC,0x0000,0x0000,
   4449                  0x0000,0x0010,0x0390,0x7454,0x8454,0x8454,0x8454,0x8390,
   4450                  0x8010,0x8000,0x87FC,0x8020,0x8020,0x8FFC,0x0000,0x0000,
   4451                  0x0000,0x0010,0x0190,0x4A54,0xAA54,0xAA54,0xAA54,0xA990,
   4452                  0xA810,0xA800,0xABFC,0xA820,0xA820,0x93FC,0x0000,0x0000,
   4453                  0x0000,0x0010,0x0190,0x7A54,0x8A54,0x8A54,0x8A54,0x8990,
   4454                  0x8810,0x8800,0x8BFC,0x8820,0x8820,0x7BFC,0x0000,0x0000,
   4455                  0x0000,0x0010,0x0190,0x7A54,0xA254,0xA254,0xA254,0xA190,
   4456                  0xA010,0xA000,0xA3FC,0xA020,0xA020,0x7BFC,0x0000,0x0000,
   4457                  0x0000,0x0010,0x0190,0x8254,0x8254,0x4254,0x4254,0x2190,
   4458                  0x1810,0x2000,0x43FC,0x4020,0x8020,0x87FC,0x0000,0x0000,
   4459                  0x0000,0x0010,0x8190,0x4254,0x2254,0x1A54,0x2254,0x4190,
   4460                  0x8010,0x4000,0x23FC,0x1820,0x2020,0x43FC,0x8000,0x0000,
   4461                  0x0000,0x0010,0x0190,0x2254,0x5254,0x8A54,0x8A54,0x8990,
   4462                  0x8810,0x8800,0x8BFC,0x8820,0x5020,0x27FC,0x0000,0x0000,
   4463                  0x0000,0x0020,0x0E20,0x1124,0x20A4,0x20A4,0x20A4,0x1124,
   4464                  0x0E20,0x0020,0x0000,0x0000,0xFFFC,0x0420,0x0420,0x0000,
   4465                  0x0000,0x0010,0x0190,0x2254,0x5254,0x8A54,0x8A54,0x8A54,
   4466                  0x8990,0x8810,0x8800,0x5000,0x27FC,0x0048,0x0048,0x0000,
   4467                  0x0000,0x0020,0x0E20,0x1124,0x20A4,0x20A4,0x20A4,0x1124,
   4468                  0x0E20,0x0120,0x0100,0x0100,0xFFFC,0x0000,0x0000,0x0000,
   4469                  0x0000,0x0010,0x0190,0x1254,0x1254,0x1254,0x1254,0x1254,
   4470                  0x1190,0x1050,0x1040,0x1040,0xE7FC,0x0000,0x0000,0x0000,
   4471                  0x0000,0x0010,0x0390,0x7454,0x8454,0x8454,0x8454,0x8454,
   4472                  0x8390,0x8090,0x8080,0x8080,0x9FFC,0x0000,0x0000,0x0000,
   4473                  0x0000,0x0010,0x0190,0x4A54,0xAA54,0xAA54,0xAA54,0xAA54,
   4474                  0xA990,0xA850,0xA840,0xA840,0x93FC,0x0000,0x0000,0x0000,
   4475                  0x0000,0x0010,0x4990,0xAA54,0xAA54,0xAA54,0x9254,0x0254,
   4476                  0x7990,0x8850,0x8840,0x8840,0x7BFC,0x0000,0x0000,0x0000,
   4477                  0x0000,0x0010,0x0190,0x7A54,0x8A54,0x8A54,0x8A54,0x8A54,
   4478                  0x8990,0x8850,0x8840,0x8840,0x7BFC,0x0000,0x0000,0x0000,
   4479                  0x0000,0x0010,0x0190,0x7A54,0x9254,0x9254,0x9254,0x9254,
   4480                  0x9190,0x9050,0x9040,0x9040,0x7BFC,0x0000,0x0000,0x0000,
   4481                  0x0000,0x0010,0x0190,0x8254,0x8254,0x4254,0x4254,0x2254,
   4482                  0x1990,0x2090,0x4080,0x4080,0x87FC,0x8000,0x0000,0x0000,
   4483                  0x0000,0x0010,0x0190,0x7254,0x5254,0x8A54,0x8A54,0x8A54,
   4484                  0x8990,0x8850,0x8840,0x5040,0x77FC,0x0000,0x0000,0x0000,
   4485                  0x0000,0x0020,0x0E20,0x1124,0x20A4,0x20A4,0x1124,0x0E20,
   4486                  0x0120,0x0100,0xFFFC,0x0000,0x0000,0xFFFC,0x0000,0x0000,
   4487                  0x0000,0x0010,0x0190,0x1254,0x1254,0x1254,0x1254,0x1190,
   4488                  0x1050,0x1040,0x13FC,0x1000,0x1000,0xE7FC,0x0000,0x0000,
   4489                  0x0000,0x0010,0x0390,0x7454,0x8454,0x8454,0x8390,0x8050,
   4490                  0x8040,0x8040,0x8FFC,0x8000,0x8000,0x9FFC,0x0000,0x0000,
   4491                  0x0000,0x0010,0x0190,0x4A54,0xAA54,0xAA54,0xAA54,0xA990,
   4492                  0xA850,0xA840,0xABFC,0xA800,0xA800,0x93FC,0x0000,0x0000,
   4493                  0x0000,0x0010,0x0190,0x7A54,0x8A54,0x8A54,0x8A54,0x8990,
   4494                  0x8850,0x8840,0x8BFC,0x8800,0x8800,0x7BFC,0x0000,0x0000,
   4495                  0x0000,0x0010,0x0190,0x7A54,0xA254,0xA254,0xA254,0xA190,
   4496                  0xA050,0xA040,0xA3FC,0xA000,0xA000,0x7BFC,0x0000,0x0000,
   4497                  0x0000,0x0010,0x0190,0x8254,0x8254,0x4254,0x4254,0x2190,
   4498                  0x1850,0x2040,0x43FC,0x4000,0x8000,0x87FC,0x0000,0x0000,
   4499                  0x0000,0x0010,0x0190,0x7254,0x5254,0x8A54,0x8A54,0x8990,
   4500                  0x8850,0x8840,0x8BFC,0x8800,0x5000,0x77FC,0x0000,0x0000,
   4501                  0x0000,0x0020,0x0E20,0x1124,0x20A4,0x20A4,0x20A4,0x1124,
   4502                  0x0E20,0x08A0,0x0880,0x0880,0xFFFC,0x0000,0x0000,0x0000,
   4503                  0x0000,0x0010,0x0190,0x1254,0x1254,0x1254,0x1254,0x1254,
   4504                  0x1190,0x1130,0x1120,0x1120,0xE7FC,0x0000,0x0000,0x0000,
   4505                  0x0000,0x0010,0x0390,0x7454,0x8454,0x8454,0x8454,0x8454,
   4506                  0x8390,0x8010,0x8120,0x8120,0x9FFC,0x0000,0x0000,0x0000,
   4507                  0x0000,0x0010,0x0190,0x4A54,0xAA54,0xAA54,0xAA54,0xAA54,
   4508                  0xA990,0xA930,0xA920,0xA920,0x93FC,0x0000,0x0000,0x0000,
   4509                  0x0000,0x0010,0x0190,0x7A54,0x8A54,0x8A54,0x8A54,0x8A54,
   4510                  0x8990,0x8930,0x8920,0x8920,0x7BFC,0x0000,0x0000,0x0000,
   4511                  0x0000,0x0010,0x0190,0x7A54,0x9254,0x9254,0x9254,0x9254,
   4512                  0x9190,0x90B0,0x90A0,0x90A0,0x7BFC,0x0000,0x0000,0x0000,
   4513                  0x0000,0x0010,0x0190,0x8254,0x8254,0x4254,0x4254,0x2254,
   4514                  0x1990,0x2130,0x4120,0x4120,0x87FC,0x8000,0x0000,0x0000,
   4515                  0x0000,0x8010,0x8190,0x4254,0x2254,0x1A54,0x2254,0xC254,
   4516                  0x4190,0x2130,0x1920,0x2120,0x43FC,0x8000,0x0000,0x0000,
   4517                  0x0000,0x0010,0x0190,0x2254,0x5254,0x8A54,0x8A54,0x8A54,
   4518                  0x8990,0x8950,0x8940,0x5140,0x27FC,0x0000,0x0000,0x0000,
   4519                  0x0000,0x0020,0x0E20,0x1124,0x20A4,0x20A4,0x1124,0x0E20,
   4520                  0x08A0,0x0880,0xFFFC,0x0000,0x0000,0xFFFC,0x0000,0x0000,
   4521                  0x0000,0x0010,0x0390,0x7454,0x8454,0x8454,0x8390,0x8010,
   4522                  0x8120,0x8120,0x87FC,0x8000,0x8000,0x8FFC,0x0000,0x0000,
   4523                  0x0000,0x0010,0x0190,0x4A54,0xAA54,0xAA54,0xAA54,0xA990,
   4524                  0xA930,0xA920,0xABFC,0xA800,0xA800,0x93FC,0x0000,0x0000,
   4525                  0x0000,0x0010,0x0190,0x7A54,0xA254,0xA254,0xA254,0xA190,
   4526                  0xA130,0xA120,0xA3FC,0xA000,0xA000,0x7BFC,0x0000,0x0000,
   4527                  0x0000,0x0000,0x4010,0x4110,0x4290,0x4450,0x4454,0x4454,
   4528                  0x7C54,0x4454,0x4454,0x4450,0x4290,0x4110,0x4010,0x0000,
   4529                  0x0000,0x0000,0x0410,0x1410,0x1490,0x1550,0x1554,0x1554,
   4530                  0x1754,0x1554,0x1554,0x1550,0x1490,0xE410,0x0410,0x0000,
   4531                  0x0000,0x0000,0x0410,0x7410,0x8490,0x8550,0x8554,0x8554,
   4532                  0x8754,0x8554,0x8554,0x8550,0x8490,0x8410,0x0410,0x0000,
   4533                  0x0000,0x0000,0x0210,0x4A10,0xAA50,0xAAB0,0xAA94,0xAA94,
   4534                  0xAB94,0xAA94,0xAA94,0xAAB0,0xAA50,0x9210,0x0210,0x0000,
   4535                  0x0000,0x0000,0x0210,0x4A10,0xAA50,0xAAB0,0xAA94,0x9294,
   4536                  0x0394,0x7294,0xAA94,0xAAB0,0xAA50,0xAA10,0x0210,0x0000,
   4537                  0x0000,0x0000,0x0410,0x7410,0x9490,0x9550,0x9554,0x9554,
   4538                  0x9754,0x9554,0x9554,0x9550,0x9490,0x7410,0x0410,0x0000,
   4539                  0x0000,0x0000,0x0410,0x7410,0xA490,0xA550,0xA554,0xA554,
   4540                  0xA754,0xA554,0xA554,0xA550,0xA490,0x7410,0x0410,0x0000,
   4541                  0x0000,0x0000,0x0410,0x8410,0x8490,0x4550,0x4554,0x2554,
   4542                  0x1754,0x2554,0x4554,0x4550,0x8490,0x8410,0x0410,0x0000,
   4543                  0x0000,0x0000,0x0410,0x6410,0x9490,0x9550,0x9554,0x9554,
   4544                  0x9754,0x9554,0x9554,0x9550,0x9490,0x6410,0x0410,0x0000,
   4545                  0x0000,0x0000,0x0210,0x7210,0xAA50,0xAAB0,0xAA94,0xAA94,
   4546                  0xAB94,0xAA94,0xAA94,0xAAB0,0xAA50,0xAA10,0x0210,0x0000,
   4547                  0x0000,0x2010,0x2390,0x2454,0x2454,0x3C54,0x2454,0x2454,
   4548                  0x2390,0x2010,0x2000,0x0000,0xFFFC,0x0100,0x0100,0x0000,
   4549                  0x0000,0x0200,0x0210,0x0A50,0x0AB4,0x0A94,0x0B94,0x0A94,
   4550                  0x0AB4,0x0A50,0x0A10,0x0800,0xF7FC,0x0040,0x0040,0x0000,
   4551                  0x0000,0x0400,0x0410,0x7490,0x8554,0x8554,0x8754,0x8554,
   4552                  0x8554,0x8490,0x8410,0x8000,0x9FFC,0x0080,0x0080,0x0000,
   4553                  0x0000,0x0200,0x0210,0x4A50,0xAAB4,0xAA94,0xAB94,0xAA94,
   4554                  0xAAB4,0xAA50,0xAA10,0xA800,0x97FC,0x0040,0x0040,0x0000,
   4555                  0x0000,0x0210,0x0250,0x82B4,0x8294,0x4394,0x4294,0x22B4,
   4556                  0x1A50,0x2210,0x4200,0x4000,0x87FC,0x8040,0x0040,0x0000,
   4557                  0x0000,0x0210,0x0250,0x72B4,0x5294,0x8B94,0x8A94,0x8AB4,
   4558                  0x8A50,0x8A10,0x8A00,0x5000,0x77FC,0x0040,0x0040,0x0000,
   4559                  0x0000,0x2010,0x2390,0x2454,0x3C54,0x2454,0x2454,0x2390,
   4560                  0x2010,0x0000,0xFFFC,0x0100,0x0100,0xFFFC,0x0000,0x0000,
   4561                  0x0000,0x0210,0x0250,0x12B4,0x1294,0x1394,0x12B4,0x1250,
   4562                  0x1210,0x1000,0x13FC,0x1040,0x1040,0xE7FC,0x0000,0x0000,
   4563                  0x0000,0x0410,0x0490,0x7554,0x8554,0x8754,0x8554,0x8490,
   4564                  0x8410,0x8000,0x8FFC,0x8080,0x8080,0x9FFC,0x0000,0x0000,
   4565                  0x0000,0x0210,0x0250,0x82B4,0x8294,0x4394,0x42B4,0x2250,
   4566                  0x1A10,0x2000,0x43FC,0x4040,0x8040,0x87FC,0x0000,0x0000,
   4567                  0x0000,0x0210,0x0250,0x72B4,0x5294,0x8B94,0x8AB4,0x8A50,
   4568                  0x8A10,0x8800,0x8BFC,0x8840,0x5040,0x77FC,0x0000,0x0000,
   4569                  0x0000,0x2010,0x2390,0x2454,0x2454,0x3C54,0x2454,0x2454,
   4570                  0x2390,0x2010,0x2000,0x0000,0xFFFC,0x0000,0x0000,0x0000,
   4571                  0x0000,0x0210,0x0250,0x12B4,0x1294,0x1394,0x1294,0x12B4,
   4572                  0x1250,0x1210,0x1200,0x1000,0xE7FC,0x0000,0x0000,0x0000,
   4573                  0x0000,0x0410,0x0490,0x7550,0x8554,0x8754,0x8554,0x8554,
   4574                  0x8550,0x8490,0x8410,0x8000,0x9FFC,0x0000,0x0000,0x0000,
   4575                  0x0000,0x0210,0x0250,0x4AB4,0xAA94,0xAB94,0xAA94,0xAAB4,
   4576                  0xAA50,0xAA10,0xAA00,0xA800,0x97FC,0x0000,0x0000,0x0000,
   4577                  0x0000,0x0210,0x0250,0x7AB4,0x9294,0x9394,0x9294,0x92B4,
   4578                  0x9250,0x9210,0x9200,0x9000,0x7FFC,0x0000,0x0000,0x0000,
   4579                  0x0000,0x0210,0x0250,0x82B4,0x8294,0x4394,0x4294,0x22B4,
   4580                  0x1A50,0x2210,0x4200,0x4000,0x87FC,0x8000,0x0000,0x0000,
   4581                  0x0000,0x0210,0x0250,0x72B4,0x5294,0x8B94,0x8A94,0x8AB4,
   4582                  0x8A50,0x8A10,0x8A00,0x5000,0x77FC,0x0000,0x0000,0x0000,
   4583                  0x0000,0x0000,0x4010,0x4010,0x4310,0x7C90,0x4854,0x4854,
   4584                  0x4854,0x4854,0x4854,0x7C90,0x4310,0x4010,0x4010,0x0000,
   4585                  0x0000,0x0000,0x0410,0x7410,0x8490,0x8750,0x8554,0x8554,
   4586                  0x8554,0x8554,0x8554,0x8750,0x8490,0x8410,0x0410,0x0000,
   4587                  0x0000,0x0000,0x0210,0x4A10,0xAA50,0xABB0,0xAA94,0xAA94,
   4588                  0xAA94,0xAA94,0xAA94,0xABB0,0xAA50,0x9210,0x0210,0x0000,
   4589                  0x0000,0x0000,0x0410,0x7410,0xA490,0xA750,0xA554,0xA554,
   4590                  0xA554,0xA554,0xA554,0xA750,0xA490,0x7410,0x0410,0x0000,
   4591                  0x0000,0x0000,0x0410,0x8410,0x8490,0x4750,0x4554,0x2554,
   4592                  0x1554,0x2554,0x4554,0x4750,0x8490,0x8410,0x0410,0x0000,
   4593                  0x0000,0x0000,0x0810,0x0810,0x0990,0x0A50,0x0A54,0x0A54,
   4594                  0xFA54,0x0A54,0x0A54,0x0A50,0x0990,0x0810,0x0810,0x0000,
   4595                  0x0000,0x0000,0x0410,0x1410,0x1490,0x1550,0x1554,0x1554,
   4596                  0x1D54,0x1554,0x1554,0x1550,0x1490,0xE410,0x0410,0x0000,
   4597                  0x0000,0x0000,0x0410,0x7410,0x8490,0x8550,0x8554,0x8554,
   4598                  0x9D54,0x8554,0x8554,0x8550,0x8490,0x8410,0x0410,0x0000,
   4599                  0x0000,0x0000,0x0210,0x4A10,0xAA50,0xAAB0,0xAA94,0xAA94,
   4600                  0xAE94,0xAA94,0xAA94,0xAAB0,0xAA50,0x9210,0x0210,0x0000,
   4601                  0x0000,0x0000,0x0210,0x4A10,0xAA50,0xAAB0,0xAA94,0x9294,
   4602                  0x0E94,0x7294,0xAA94,0xAAB0,0xAA50,0xAA10,0x0210,0x0000,
   4603                  0x0000,0x0000,0x0410,0x7410,0x9490,0x9550,0x9554,0x9554,
   4604                  0x9D54,0x9554,0x9554,0x9550,0x9490,0x7410,0x0410,0x0000,
   4605                  0x0000,0x0000,0x0410,0x8410,0x8490,0x4550,0x4554,0x2554,
   4606                  0x1D54,0x2554,0x4554,0x4550,0x8490,0x8410,0x0410,0x0000,
   4607                  0x0000,0x0000,0x0410,0x6410,0x9490,0x9550,0x9554,0x9554,
   4608                  0x9D54,0x9554,0x9554,0x9550,0x9490,0x6410,0x0410,0x0000,
   4609                  0x0000,0x0810,0x0990,0x0A54,0x8A54,0x7A54,0x0A54,0x0A54,
   4610                  0x2990,0x2810,0x2800,0x2000,0xFFFC,0x0000,0x0000,0x0000,
   4611                  0x0000,0x0410,0x0490,0x6550,0x8554,0x9D54,0x8554,0x8554,
   4612                  0x9550,0x9490,0x9410,0x9000,0xBFFC,0x0000,0x0000,0x0000,
   4613                  0x0000,0x0210,0x0250,0x4AB4,0xAA94,0xAE94,0xAA94,0xAAB4,
   4614                  0xAA50,0xAA10,0xA840,0xA840,0x97FC,0x0000,0x0000,0x0000,
   4615                  0x0000,0x0210,0x0250,0x72B4,0x9294,0x9694,0x9294,0x92B4,
   4616                  0x9250,0x9210,0x9040,0x9040,0x77FC,0x0000,0x0000,0x0000,
   4617                  0x0000,0x0210,0x0250,0x72B4,0x5294,0x8E94,0x8A94,0x8AB4,
   4618                  0x8A50,0x8A10,0x8840,0x5040,0x77FC,0x0000,0x0000,0x0000,
   4619                  0x0000,0x0410,0x0490,0x0554,0x4554,0x3D54,0x0554,0x0490,
   4620                  0x1410,0x1000,0xFFFC,0x0000,0x0000,0xFFFC,0x0000,0x0000,
   4621                  0x0000,0x0108,0x0128,0x1158,0x174C,0x1148,0x1158,0x1128,
   4622                  0x1308,0x1200,0x17FC,0x1000,0x1000,0xE7FC,0x0000,0x0000,
   4623                  0x0000,0x0410,0x0490,0x6554,0x8554,0x9D54,0x8554,0x8490,
   4624                  0x8C10,0x8800,0x9FFC,0x8000,0x8000,0x9FFC,0x0000,0x0000,
   4625                  0x0000,0x0108,0x0128,0x4958,0xAF4C,0xA948,0xA958,0xA928,
   4626                  0xAB08,0xAA00,0xAFFC,0xA800,0xA800,0x97FC,0x0000,0x0000,
   4627                  0x0000,0x0108,0x0128,0x6158,0x974C,0x9148,0x9158,0x9128,
   4628                  0x9308,0x9200,0x97FC,0x9000,0x9000,0x67FC,0x0000,0x0000,
   4629                  0x0000,0x0810,0x0990,0x0A54,0x8A54,0x7A54,0x0A54,0x0A54,
   4630                  0x0990,0x0810,0x0800,0x0000,0xFFFC,0x0000,0x0000,0x0000,
   4631                  0x0000,0x0210,0x0250,0x12B4,0x1294,0x1E94,0x1294,0x12B4,
   4632                  0x1250,0x1210,0x1200,0x1000,0xE7FC,0x0000,0x0000,0x0000,
   4633                  0x0000,0x0410,0x0490,0x6550,0x8554,0x9D54,0x8554,0x8554,
   4634                  0x8550,0x8490,0x8410,0x8000,0x9FFC,0x0000,0x0000,0x0000,
   4635                  0x0000,0x0210,0x0250,0x4AB4,0xAA94,0xAE94,0xAA94,0xAAB4,
   4636                  0xAA50,0xAA10,0xAA00,0xA800,0x97FC,0x0000,0x0000,0x0000,
   4637                  0x0000,0x0210,0x0250,0x72B4,0x9294,0x9E94,0x9294,0x92B4,
   4638                  0x9250,0x9210,0x9200,0x9000,0x77FC,0x0000,0x0000,0x0000,
   4639                  0x0000,0x0210,0x0250,0x7AB4,0xA294,0xAE94,0xA294,0xA2B4,
   4640                  0xA250,0xA210,0xA200,0xA000,0x7FFC,0x0000,0x0000,0x0000,
   4641                  0x0000,0x0210,0x0250,0x82B4,0x8294,0x4E94,0x4294,0x22B4,
   4642                  0x1A50,0x2210,0x4200,0x4000,0x87FC,0x8000,0x0000,0x0000,
   4643                  0x0000,0x0210,0x0250,0x72B4,0x5294,0x8E94,0x8A94,0x8AB4,
   4644                  0x8A50,0x8A10,0x8A00,0x5000,0x77FC,0x0000,0x0000,0x0000,
   4645                  0x0000,0x0000,0x0810,0x0810,0x8990,0x7A50,0x0A54,0x0A54,
   4646                  0x0A54,0x0A54,0x0A54,0xFA50,0x0990,0x0810,0x0810,0x0000,
   4647                  0x0000,0x0000,0x0410,0x1410,0x1490,0x1D50,0x1554,0x1554,
   4648                  0x1554,0x1554,0x1554,0x1D50,0x1490,0xE410,0x0410,0x0000,
   4649                  0x0000,0x0000,0x0410,0x7410,0x8490,0x8550,0x9D54,0x8554,
   4650                  0x8554,0x8554,0x8554,0x9D50,0x8490,0x8410,0x0410,0x0000,
   4651                  0x0000,0x0000,0x0210,0x4A10,0xAA50,0xAEB0,0xAA94,0xAA94,
   4652                  0xAA94,0xAA94,0xAA94,0xAEB0,0xAA50,0x9210,0x0210,0x0000,
   4653                  0x0000,0x0000,0x0410,0x7410,0x9490,0x9D50,0x9554,0x9554,
   4654                  0x9554,0x9554,0x9554,0x9D50,0x9490,0x7410,0x0410,0x0000,
   4655                  0x0000,0x0000,0x0410,0x8410,0x8490,0x5D50,0x4554,0x2554,
   4656                  0x1554,0x2554,0x4554,0x5D50,0x8490,0x8410,0x0410,0x0000,
   4657                  0x0000,0x0000,0x0410,0x6410,0x9490,0x9D50,0x9554,0x9554,
   4658                  0x9554,0x9554,0x9554,0x9D50,0x9490,0x6410,0x0410,0x0000,
   4659                  0x0000,0x0000,0x4010,0x4010,0x4310,0x4490,0x4854,0x4854,
   4660                  0x4854,0x4854,0x4854,0x4490,0x4310,0x4010,0x4010,0x0000,
   4661                  0x0000,0x0000,0x0410,0x1410,0x1490,0x1550,0x1554,0x1554,
   4662                  0x1554,0x1554,0x1554,0x1550,0x1490,0xE410,0x0410,0x0000,
   4663                  0x0000,0x0000,0x0410,0x7410,0x8490,0x8550,0x8554,0x8554,
   4664                  0x8554,0x8554,0x8554,0x8550,0x8490,0x8410,0x0410,0x0000,
   4665                  0x0000,0x0000,0x0410,0x7410,0x8490,0x8550,0x8554,0x8554,
   4666                  0x1554,0x5554,0xB554,0x9D50,0xB490,0x5410,0x1410,0x0000,
   4667                  0x0000,0x0000,0x0410,0x6410,0x9490,0x9550,0x9554,0x9554,
   4668                  0x9554,0x9554,0x9554,0x9550,0x9490,0x9410,0x0410,0x0000,
   4669                  0x0000,0x0000,0x0210,0x4A10,0xAA50,0xAAB0,0xAA94,0xAA94,
   4670                  0xAA94,0xAA94,0xAA94,0xAAB0,0xAA50,0x9210,0x0210,0x0000,
   4671                  0x0000,0x0000,0x0210,0x4A10,0xAA50,0xAAB0,0xAA94,0x9294,
   4672                  0x8294,0x0A94,0x0A94,0x0AB0,0x0A50,0xF210,0x0210,0x0000,
   4673                  0x0000,0x0000,0x0410,0x7410,0x9490,0x9550,0x9554,0x9554,
   4674                  0x9554,0x9554,0x9554,0x9550,0x9490,0x7410,0x0410,0x0000,
   4675                  0x0000,0x0000,0x0410,0x7410,0xA490,0xA550,0xA554,0xA554,
   4676                  0xA554,0xA554,0xA554,0xA550,0xA490,0x7410,0x0410,0x0000,
   4677                  0x0000,0x0000,0x0410,0x8410,0x8490,0x4550,0x4554,0x2554,
   4678                  0x1554,0x2554,0x4554,0x4550,0x8490,0x8410,0x0410,0x0000,
   4679                  0x0000,0x0000,0x0410,0x6410,0x9490,0x9550,0x9554,0x9554,
   4680                  0x9554,0x9554,0x9554,0x9550,0x9490,0x6410,0x0410,0x0000,
   4681                  0x0000,0x0000,0x0210,0x7210,0xAA50,0xAAB0,0xAA94,0xAA94,
   4682                  0xAA94,0xAA94,0xAA94,0xAAB0,0xAA50,0xAA10,0x0210,0x0000,
   4683                  0x0000,0x2010,0x2390,0x2454,0x2454,0x2454,0x2454,0x2454,
   4684                  0x2390,0x2010,0x2000,0x0000,0xFFFC,0x0000,0x0000,0x0000,
   4685                  0x0000,0x0410,0x0490,0x7550,0x8554,0x8554,0x8554,0x8554,
   4686                  0x8550,0x8490,0x8410,0x8000,0x9FFC,0x0000,0x0000,0x0000,
   4687                  0x0000,0x0210,0x0250,0x4AB4,0xAA94,0xAA94,0xAA94,0xAAB4,
   4688                  0xAA50,0xAA10,0xAA00,0xA800,0x97FC,0x0000,0x0000,0x0000,
   4689                  0x0000,0x0210,0x0250,0x7AB4,0x8A94,0x8A94,0x8A94,0x8AB4,
   4690                  0x8A50,0x8A10,0x8A00,0x8800,0x7FFC,0x0000,0x0000,0x0000,
   4691                  0x0000,0x0210,0x0250,0x7AB4,0x9294,0x9294,0x9294,0x92B4,
   4692                  0x9250,0x9210,0x9200,0x9000,0x7FFC,0x0000,0x0000,0x0000,
   4693                  0x0000,0x0210,0x0250,0x72B4,0x5294,0x8A94,0x8A94,0x8AB4,
   4694                  0x8A50,0x8A10,0x8A00,0x5000,0x77FC,0x0000,0x0000,0x0000,
   4695                  0x0000,0x0020,0x0E20,0x1124,0x20A4,0x20A4,0x20A4,0x1124,
   4696                  0x0E20,0x0020,0x0000,0x0000,0xFFFC,0x0000,0x0000,0x0000,
   4697                  0x0000,0x0010,0x0190,0x1254,0x1254,0x1254,0x1254,0x1254,
   4698                  0x1190,0x1010,0x1000,0x1000,0xE7FC,0x0000,0x0000,0x0000,
   4699                  0x0000,0x0010,0x0390,0x7454,0x8454,0x8454,0x8454,0x8390,
   4700                  0x8010,0x8000,0x8000,0x8000,0x8FFC,0x0000,0x0000,0x0000,
   4701                  0x0000,0x0010,0x0190,0x4A54,0xAA54,0xAA54,0xAA54,0xAA54,
   4702                  0xA990,0xA810,0xA800,0xA800,0x93FC,0x0000,0x0000,0x0000,
   4703                  0x0000,0x0010,0x0190,0x7A54,0x8A54,0x8A54,0x8A54,0x8A54,
   4704                  0x8990,0x8810,0x8800,0x8800,0x7BFC,0x0000,0x0000,0x0000,
   4705                  0x0000,0x0010,0x0190,0x7A54,0x9254,0x9254,0x9254,0x9254,
   4706                  0x9190,0x9010,0x9000,0x9000,0x7BFC,0x0000,0x0000,0x0000,
   4707                  0x0000,0x0010,0x0190,0x8254,0x8254,0x4254,0x4254,0x2254,
   4708                  0x1990,0x2010,0x4000,0x4000,0x87FC,0x8000,0x0000,0x0000,
   4709                  0x0000,0x0010,0x0190,0x7254,0x5254,0x8A54,0x8A54,0x8A54,
   4710                  0x8990,0x8810,0x8800,0x5000,0x77FC,0x0000,0x0000,0x0000};
   4711          */
   4712          
   4713              
   4714          


   Segment part sizes:

     Function/Label   Bytes
     --------------   -----
     HANGUL_FONT16x16  608

 
 608 bytes in segment DATA_C
 
 608 bytes of CONST memory

Errors: none
Warnings: none
