#include "CSLab_Rectifier_Main.h"
#ifndef HANGUL
const unsigned short HANGUL_FONT16x16[][16] = 
{
  0x0000,0x0000,0x0000,0x0000,0x0000,0x0000,0x0000,0x0000
};
#endif
#ifdef HANGUL
const unsigned short HANGUL_FONT16x16[][16] = 
{
        0x0000,0x0000,0x0000,0x0000,0x0000,0x0000,0x0000,0x0000,
	0x0000,0x0000,0x0000,0x0000,0x0000,0x0000,0x0000,0x0000,
        0x0000,0x2000,0x2008,0x2008,0x1008,0x1008,0x0808,0x0608,
        0x01F0,0x0000,0x0000,0x0000,0xFFFC,0x0080,0x0080,0x0000,
        0x0000,0x0100,0x0104,0x0904,0x0904,0x0884,0x0884,0x0844,
        0x0838,0x0800,0x0800,0x0800,0xF3FC,0x0020,0x0020,0x0000,
        0x0000,0x0400,0x0404,0x7404,0x8204,0x8204,0x8104,0x8084,
        0x8078,0x8000,0x8000,0x8000,0x8FFC,0x0040,0x0040,0x0000,
        0x0000,0x0100,0x0104,0x7104,0x8904,0x8884,0x8884,0x8844,
        0x8838,0x8800,0x8800,0x8800,0x8BFC,0x0020,0x0020,0x0000,
        0x0000,0x0100,0x0104,0x6504,0x9504,0x9484,0x9484,0x9444,
        0x9438,0x9400,0x9400,0x9400,0x89FC,0x0020,0x0020,0x0000,
        0x0000,0x0100,0x6504,0x9504,0x9484,0x9484,0x9444,0x8824,
        0x0418,0x0400,0x0400,0x0400,0xF9FC,0x0020,0x0020,0x0000,
        0x0000,0x0100,0x6504,0x9504,0x9484,0x9484,0x8844,0x0024,
        0x7C18,0x8400,0x8400,0x8400,0x7DFC,0x0020,0x0020,0x0000,
        0x0000,0x0100,0x0104,0x7904,0x8904,0x8884,0x8884,0x8844,
        0x8838,0x8800,0x8800,0x8800,0x7BFC,0x0020,0x0020,0x0000,
        0x0000,0x0200,0x0204,0x7D04,0x9104,0x9084,0x9044,0x9024,
        0x9018,0x9000,0x9000,0x9000,0x7DFC,0x0020,0x0020,0x0000,
        0x0000,0x0200,0x0204,0x7D04,0x9104,0x9084,0x9044,0x7C24,
        0x8018,0x8000,0x4000,0x3C00,0x41FC,0x8020,0x8020,0x0000,
        0x0000,0x0200,0x0204,0x8104,0x8104,0x4084,0x4044,0x2024,
        0x1818,0x2000,0x4000,0x4000,0x87FC,0x8020,0x0020,0x0000,
        0x0000,0x8200,0x8204,0x4104,0x2104,0x1884,0x2044,0xC024,
        0x4018,0x2000,0x1800,0x2000,0x43FC,0x8020,0x0020,0x0000,
        0x0000,0x0100,0x0104,0x3104,0x4904,0x4884,0x8484,0x8444,
        0x8438,0x8400,0x4800,0x4800,0x33FC,0x0020,0x0020,0x0000,
        0x0000,0x0100,0x8104,0x8904,0x8904,0x4884,0x4884,0x2844,
        0x1838,0x2800,0x4800,0x4800,0x8BFC,0x8020,0x0020,0x0000,
        0x0000,0x0100,0x0104,0x9104,0x9084,0x9084,0x5444,0x5424,
        0x3418,0x5400,0x5400,0x9000,0x93FC,0x9020,0x0020,0x0000,
        0x0000,0x0100,0x0104,0x7904,0x9484,0x9484,0x9444,0x9424,
        0x9418,0x9400,0x9400,0x9400,0x95FC,0x0020,0x0020,0x0000,
        0x0000,0x0200,0x0204,0x8904,0x8904,0xF884,0x8844,0x8824,
        0x8818,0x8800,0xF800,0x8800,0x8BFC,0x0020,0x0020,0x0000,
        0x0000,0x0100,0x0104,0x0904,0x4884,0xA884,0xAA44,0xAA24,
        0xAA18,0xAA00,0xAA00,0xA800,0x49FC,0x0820,0x0020,0x0000,
        0x0000,0x2000,0x2008,0x2008,0x1008,0x0808,0x0608,0x01F0,
        0x0000,0x0000,0xFFFC,0x0100,0x0100,0xFFFC,0x0000,0x0000,
        0x0000,0x0200,0x0204,0x0904,0x0904,0x0884,0x0844,0x0838,
        0x0800,0x0800,0x0BFC,0x0820,0x0820,0xF3FC,0x0000,0x0000,
        0x0000,0x0400,0x0404,0x7204,0x8104,0x8084,0x8064,0x8018,
        0x8000,0x8000,0x87FC,0x8040,0x8040,0x8FFC,0x0000,0x0000,
        0x0000,0x0100,0x0104,0x6484,0x9484,0x9444,0x9424,0x9418,
        0x9400,0x9400,0x95FC,0x9420,0x9420,0x89FC,0x0000,0x0000,
        0x0000,0x0200,0x0204,0x7904,0x8904,0x8884,0x8844,0x8838,
        0x8800,0x8800,0x8BFC,0x8820,0x8820,0x7BFC,0x0000,0x0000,
        0x0000,0x0200,0x0204,0x7D04,0x9104,0x9084,0x9044,0x9038,
        0x9000,0x9000,0x91FC,0x9020,0x9020,0x7DFC,0x0000,0x0000,
        0x0000,0x0200,0x0204,0x8104,0x8104,0x4084,0x4044,0x2038,
        0x1800,0x2000,0x43FC,0x4020,0x8020,0x87FC,0x0000,0x0000,
        0x0000,0x0200,0x8204,0x8104,0x4104,0x2084,0x1844,0x2038,
        0xC000,0x4000,0x21FC,0x1820,0x2020,0x43FC,0x8000,0x0000,
        0x0000,0x0200,0x0204,0x3104,0x4904,0x4884,0x8444,0x8438,
        0x8400,0x8400,0x85FC,0x4820,0x4820,0x33FC,0x0000,0x0000,
        0x0000,0x2000,0x2008,0x1008,0x1008,0x0808,0x0408,0x0308,
        0x00F0,0x0000,0x0000,0x0000,0xFFFC,0x0420,0x0420,0x0000,
        0x0000,0x0200,0x0204,0x0904,0x0904,0x0884,0x0844,0x0824,
        0x0818,0x0800,0x0800,0x0800,0xF3FC,0x0048,0x0048,0x0000,
        0x0000,0x0400,0x0404,0x7204,0x8204,0x8104,0x8084,0x8044,
        0x8038,0x8000,0x8000,0x8000,0x8FFC,0x0110,0x0110,0x0000,
        0x0000,0x0100,0x0104,0x6504,0x9484,0x9484,0x9444,0x9424,
        0x9418,0x9400,0x9400,0x9400,0x89FC,0x0048,0x0048,0x0000,
        0x0000,0x0200,0x0204,0x8104,0x8104,0x4084,0x4044,0x2024,
        0x1818,0x2000,0x4000,0x4000,0x87FC,0x8048,0x0048,0x0000,
        0x0000,0x0200,0x0204,0x3104,0x4904,0x4884,0x8444,0x8424,
        0x8418,0x8400,0x4800,0x4800,0x33FC,0x0048,0x0048,0x0000,
        0x0000,0x2000,0x2008,0x1008,0x0808,0x0408,0x0308,0x00F0,
        0x0000,0x0000,0xFFFC,0x0820,0x0820,0xFFFC,0x0000,0x0000,
        0x0000,0x0400,0x0404,0x7204,0x8104,0x8084,0x8064,0x8018,
        0x8000,0x8000,0x87FC,0x8110,0x8110,0x8FFC,0x0000,0x0000,
        0x0000,0x0100,0x0104,0x6484,0x9484,0x9444,0x9424,0x9418,
        0x9400,0x9400,0x95FC,0x9490,0x9490,0x89FC,0x0000,0x0000,
        0x0000,0x2000,0x2008,0x2008,0x1008,0x1008,0x0808,0x0608,
        0x01F0,0x0080,0x0080,0x0080,0xFFFC,0x0000,0x0000,0x0000,
        0x0000,0x0200,0x0204,0x0904,0x0904,0x0884,0x0844,0x0824,
        0x0838,0x0820,0x0820,0x0820,0xF3FC,0x0000,0x0000,0x0000,
        0x0000,0x0400,0x0404,0x7404,0x8204,0x8204,0x8104,0x8084,
        0x8078,0x8020,0x8020,0x8020,0x8FFC,0x0000,0x0000,0x0000,
        0x0000,0x0200,0x0204,0x7104,0x8904,0x8884,0x8844,0x8824,
        0x8838,0x8820,0x8820,0x8820,0x8BFC,0x0000,0x0000,0x0000,
        0x0000,0x0100,0x0104,0x6504,0x9504,0x9484,0x9484,0x9444,
        0x9438,0x9420,0x9420,0x9420,0x89FC,0x0000,0x0000,0x0000,
        0x0000,0x0100,0x6504,0x9504,0x9484,0x9484,0x8844,0x0024,
        0x7C38,0x8420,0x8420,0x8420,0x7DFC,0x0000,0x0000,0x0000,
        0x0000,0x0200,0x0204,0x7904,0x8904,0x8884,0x8844,0x8824,
        0x8838,0x8820,0x8820,0x8820,0x7BFC,0x0000,0x0000,0x0000,
        0x0000,0x0200,0x0204,0x7D04,0x9104,0x9084,0x9044,0x9024,
        0x9038,0x9020,0x9020,0x9020,0x7DFC,0x0000,0x0000,0x0000,
        0x0000,0x0100,0x0104,0x8104,0x8104,0x4084,0x2084,0x1044,
        0x0C38,0x1020,0x2020,0x4020,0x87FC,0x8000,0x0000,0x0000,
        0x0000,0x8200,0x8204,0x4104,0x2104,0x1884,0x2044,0xC024,
        0x4038,0x2020,0x1820,0x2020,0x43FC,0x8000,0x0000,0x0000,
        0x0000,0x0200,0x0204,0x3104,0x4904,0x4884,0x8444,0x8424,
        0x8438,0x8420,0x4820,0x4820,0x33FC,0x0000,0x0000,0x0000,
        0x0000,0x0200,0x0204,0x8904,0x8904,0x4884,0x4844,0x2824,
        0x1838,0x2820,0x4820,0x4820,0x8BFC,0x8800,0x0000,0x0000,
        0x0000,0x0100,0x0104,0x7904,0x9484,0x9484,0x9444,0x9424,
        0x9438,0x9420,0x9420,0x9420,0x95FC,0x0000,0x0000,0x0000,
        0x0000,0x0200,0x0204,0x8904,0x8904,0xF884,0x8844,0x8824,
        0x8838,0x8820,0xF820,0x8820,0x8BFC,0x0000,0x0000,0x0000,
        0x0000,0x0100,0x0104,0x0904,0x4884,0xA884,0xAA44,0xAA24,
        0xAA38,0xAA20,0xAA20,0xA820,0x49FC,0x0800,0x0000,0x0000,
        0x0000,0x2000,0x2008,0x2008,0x1008,0x0808,0x0608,0x01F0,
        0x0080,0x0080,0xFFFC,0x0000,0x0000,0xFFFC,0x0000,0x0000,
        0x0000,0x0400,0x0404,0x7204,0x8104,0x8084,0x8064,0x8018,
        0x8020,0x8020,0x8FFC,0x8000,0x8000,0x9FFC,0x0000,0x0000,
        0x0000,0x0100,0x0104,0x6484,0x9484,0x9444,0x9424,0x9438,
        0x9420,0x9420,0x95FC,0x9400,0x9400,0x89FC,0x0000,0x0000,
        0x0000,0x0200,0x0204,0x7904,0x8904,0x8884,0x8844,0x8838,
        0x8820,0x8820,0x8BFC,0x8800,0x8800,0x7BFC,0x0000,0x0000,
        0x0000,0x0200,0x0204,0x7D04,0x9104,0x9084,0x9044,0x9038,
        0x9020,0x9020,0x91FC,0x9000,0x9000,0x7DFC,0x0000,0x0000,
        0x0000,0x0200,0x0204,0x8104,0x8104,0x4084,0x4044,0x2038,
        0x1820,0x2020,0x43FC,0x4000,0x8000,0x87FC,0x0000,0x0000,
        0x0000,0x0100,0x8104,0x4104,0x2084,0x1884,0x2044,0x4038,
        0x8020,0x4020,0x23FC,0x1800,0x2000,0x43FC,0x8000,0x0000,
        0x0000,0x0200,0x0204,0x3104,0x4904,0x4884,0x8444,0x8438,
        0x8420,0x8420,0x85FC,0x4800,0x4800,0x33FC,0x0000,0x0000,
        0x0000,0x2000,0x2008,0x1008,0x1008,0x0808,0x0408,0x0308,
        0x02F0,0x0220,0x0220,0x0220,0xFFFC,0x0000,0x0000,0x0000,
        0x0000,0x0100,0x0104,0x0904,0x0904,0x0884,0x0884,0x0844,
        0x0838,0x0848,0x0848,0x0848,0xF3FC,0x0000,0x0000,0x0000,
        0x0000,0x0200,0x0A04,0x0904,0x0904,0x0884,0xF044,0x0024,
        0x0818,0x0848,0x0848,0x0848,0xF3FC,0x0000,0x0000,0x0000,
        0x0000,0x0400,0x0404,0x7404,0x8204,0x8204,0x8104,0x8084,
        0x80F8,0x8090,0x8090,0x8090,0x8FFC,0x0000,0x0000,0x0000,
        0x0000,0x0200,0x0204,0x7104,0x8904,0x8884,0x8844,0x8824,
        0x8818,0x8848,0x8848,0x8848,0x8BFC,0x0000,0x0000,0x0000,
        0x0000,0x0100,0x0104,0x6504,0x9504,0x9484,0x9484,0x9444,
        0x9438,0x9448,0x9448,0x9448,0x89FC,0x0000,0x0000,0x0000,
        0x0000,0x0200,0x0204,0x7904,0x8904,0x8884,0x8844,0x8824,
        0x8818,0x8848,0x8848,0x8848,0x7BFC,0x0000,0x0000,0x0000,
        0x0000,0x0200,0x0204,0x7D04,0x9104,0x9084,0x9044,0x9024,
        0x9018,0x9048,0x9048,0x9048,0x7DFC,0x0000,0x0000,0x0000,
        0x0000,0x0200,0x0204,0x8104,0x8104,0x4084,0x4044,0x2024,
        0x1818,0x2048,0x4048,0x4048,0x87FC,0x8000,0x0000,0x0000,
        0x0000,0x8200,0x8204,0x4104,0x2104,0x1884,0x2044,0xC024,
        0x4018,0x2048,0x1848,0x2048,0x43FC,0x8000,0x0000,0x0000,
        0x0000,0x0100,0x0104,0x3104,0x4904,0x4884,0x8484,0x8444,
        0x8438,0x8448,0x4848,0x4848,0x33FC,0x0000,0x0000,0x0000,
        0x0000,0x0100,0x0104,0x7904,0x9484,0x9484,0x9444,0x9424,
        0x9418,0x9448,0x9448,0x9448,0x95FC,0x0000,0x0000,0x0000,
        0x0000,0x2000,0x2008,0x2008,0x1008,0x0808,0x0608,0x03F0,
        0x0220,0x0220,0xFFFC,0x0000,0x0000,0xFFFC,0x0000,0x0000,
        0x0000,0x0400,0x0404,0x7204,0x8104,0x8084,0x8064,0x8098,
        0x8090,0x8090,0x87FC,0x8000,0x8000,0x8FFC,0x0000,0x0000,
        0x0000,0x0100,0x0104,0x6484,0x9484,0x9444,0x9424,0x9458,
        0x9448,0x9448,0x95FC,0x9400,0x9400,0x89FC,0x0000,0x0000,
        0x0000,0x0200,0x0204,0x7D04,0x9104,0x9084,0x9044,0x9078,
        0x9048,0x9048,0x91FC,0x9000,0x9000,0x7DFC,0x0000,0x0000,
        0x0000,0x0200,0x0204,0x8104,0x8104,0x4084,0x4044,0x2078,
        0x1848,0x2048,0x43FC,0x4000,0x8000,0x87FC,0x0000,0x0000,
        0x0000,0x0000,0x4000,0x4008,0x4008,0x4008,0x4008,0x7F08,
        0x4008,0x4008,0x4008,0x4008,0x5C08,0x43F0,0x4000,0x0000,
        0x0000,0x0000,0x0100,0x0904,0x0904,0x0904,0x0904,0x09E4,
        0x0904,0x0904,0x0904,0x0904,0x0944,0xF138,0x0100,0x0000,
        0x0000,0x0000,0x0200,0x7204,0x8204,0x8204,0x8204,0x83E4,
        0x8204,0x8204,0x8204,0x8204,0x8284,0x8278,0x0200,0x0000,
        0x0000,0x0000,0x0100,0x7104,0x8904,0x8904,0x8904,0x89E4,
        0x8904,0x8904,0x8904,0x8904,0x8944,0x8938,0x0100,0x0000,
        0x0000,0x0000,0x0100,0x6504,0x9504,0x9504,0x9504,0x95E4,
        0x9504,0x9504,0x9504,0x9504,0x9544,0x8938,0x0100,0x0000,
        0x0000,0x0000,0x0100,0x6504,0x9504,0x9504,0x9504,0x89E4,
        0x0104,0x7D04,0x8504,0x8504,0x8544,0x7D38,0x0100,0x0000,
        0x0000,0x0000,0x0100,0x6504,0x9504,0x9504,0x9504,0x89E4,
        0x8104,0x8104,0x4104,0x3D04,0x4144,0x8138,0x8100,0x0000,
        0x0000,0x0000,0x0100,0x6504,0x9504,0x9504,0x9504,0x89E4,
        0x1104,0x5104,0xB504,0x9504,0xB544,0x5138,0x1100,0x0000,
        0x0000,0x0000,0x0100,0x7904,0x8904,0x8904,0x8904,0x89E4,
        0x8904,0x8904,0x8904,0x8904,0x8944,0x7938,0x0100,0x0000,
        0x0000,0x0000,0x0100,0x7D04,0x9104,0x9104,0x9104,0x91E4,
        0x9104,0x9104,0x9104,0x9104,0x9144,0x7D38,0x0100,0x0000,
        0x0000,0x0000,0x8100,0x8104,0x8104,0x4104,0x4104,0x21E4,
        0x1904,0x2104,0x4104,0x4104,0x8144,0x8138,0x8100,0x0000,
        0x0000,0x0000,0x0100,0x3104,0x4904,0x4904,0x8504,0x85E4,
        0x8504,0x8504,0x8504,0x4904,0x4944,0x3138,0x0100,0x0000,
        0x0000,0x0000,0x0100,0x8904,0x8904,0x4904,0x4904,0x29E4,
        0x1904,0x2904,0x4904,0x4904,0x8944,0x8938,0x0100,0x0000,
        0x0000,0x2000,0x2008,0x2008,0x3F88,0x2008,0x2008,0x2008,
        0x2C08,0x13F0,0x1000,0x0000,0xFFFC,0x0080,0x0080,0x0000,
        0x0000,0x0100,0x0104,0x1104,0x11E4,0x1104,0x1104,0x1104,
        0x1144,0x1138,0x1100,0x1000,0xE7FC,0x0040,0x0040,0x0000,
        0x0000,0x0200,0x0204,0x7204,0x8204,0x83E4,0x8204,0x8204,
        0x8284,0x8278,0x8200,0x8000,0x9FFC,0x0040,0x0040,0x0000,
        0x0000,0x0100,0x0104,0x4904,0xA9E4,0xA904,0xA904,0xA904,
        0xA944,0xA938,0xA900,0xA800,0x93FC,0x0040,0x0040,0x0000,
        0x0000,0x0100,0x4904,0xA904,0xA9E4,0xA904,0x9104,0x0104,
        0x7944,0x8938,0x8900,0x8800,0x7BFC,0x0040,0x0040,0x0000,
        0x0000,0x0100,0x0104,0x7904,0x89E4,0x8904,0x8904,0x8904,
        0x8944,0x8938,0x8900,0x8800,0x7BFC,0x0040,0x0040,0x0000,
        0x0000,0x0100,0x0104,0x7904,0x91E4,0x9104,0x9104,0x9104,
        0x9144,0x9138,0x9100,0x9000,0x7BFC,0x0040,0x0040,0x0000,
        0x0000,0x0100,0x0104,0x8104,0x81E4,0x4104,0x4104,0x2104,
        0x1944,0x2138,0x4100,0x4000,0x87FC,0x8040,0x0040,0x0000,
        0x0000,0x0100,0x0104,0x7104,0x51E4,0x8904,0x8904,0x8904,
        0x8944,0x8938,0x8900,0x5000,0x77FC,0x0040,0x0040,0x0000,
        0x0000,0x2000,0x2008,0x3F88,0x2008,0x2008,0x2C08,0x23F0,
        0x2000,0x0000,0xFFFC,0x0100,0x0100,0xFFFC,0x0000,0x0000,
        0x0000,0x0200,0x0204,0x73E4,0x8204,0x8204,0x8284,0x8278,
        0x8200,0x8000,0x8FFC,0x8040,0x8040,0x9FFC,0x0000,0x0000,
        0x0000,0x0100,0x0104,0x49E4,0xA904,0xA904,0xA944,0xA938,
        0xA900,0xA800,0xABFC,0xA840,0xA840,0x93FC,0x0000,0x0000,
        0x0000,0x0100,0x0104,0x79E4,0xA104,0xA104,0xA144,0xA138,
        0xA100,0xA000,0xA3FC,0xA040,0xA040,0x7BFC,0x0000,0x0000,
        0x0000,0x0100,0x8104,0x81E4,0x4104,0x2104,0x1944,0x2138,
        0xC100,0x4000,0x23FC,0x1840,0x2040,0x43FC,0x8000,0x0000,
        0x0000,0x0100,0x0104,0x71E4,0x5104,0x8904,0x8944,0x8938,
        0x8900,0x8800,0x8BFC,0x8840,0x5040,0x77FC,0x0000,0x0000,
        0x0000,0x2000,0x2008,0x2008,0x3F88,0x2008,0x2008,0x2008,
        0x2C08,0x13F0,0x1000,0x0000,0xFFFC,0x0000,0x0000,0x0000,
        0x0000,0x0100,0x0104,0x1104,0x11E4,0x1104,0x1104,0x1104,
        0x1144,0x1138,0x1100,0x1000,0xE7FC,0x0000,0x0000,0x0000,
        0x0000,0x0200,0x0204,0x7204,0x83E4,0x8204,0x8204,0x8204,
        0x8284,0x8278,0x8200,0x8000,0x9FFC,0x0000,0x0000,0x0000,
        0x0000,0x0100,0x0104,0x4904,0xA9E4,0xA904,0xA904,0xA904,
        0xA944,0xA938,0xA900,0xA800,0x93FC,0x0000,0x0000,0x0000,
        0x0000,0x0100,0x0104,0x7904,0x89E4,0x8904,0x8904,0x8904,
        0x8944,0x8938,0x8900,0x8800,0x7BFC,0x0000,0x0000,0x0000,
        0x0000,0x0100,0x0104,0x7904,0x91E4,0x9104,0x9104,0x9104,
        0x9144,0x9138,0x9100,0x9000,0x7BFC,0x0000,0x0000,0x0000,
        0x0000,0x0100,0x0104,0x8104,0x81E4,0x4104,0x4104,0x2104,
        0x1944,0x2138,0x4100,0x4000,0x87FC,0x8000,0x0000,0x0000,
        0x0000,0x0100,0x0104,0x7104,0x51E4,0x8904,0x8904,0x8904,
        0x8944,0x8938,0x8900,0x5000,0x77FC,0x0000,0x0000,0x0000,
        0x0000,0x0000,0x4000,0x4008,0x4008,0x7F08,0x4008,0x4008,
        0x4008,0x7F08,0x4008,0x4008,0x5C08,0x43F0,0x4000,0x0000,
        0x0000,0x0000,0x0200,0x7204,0x8204,0x83E4,0x8204,0x8204,
        0x8204,0x83E4,0x8204,0x8204,0x8284,0x8278,0x0200,0x0000,
        0x0000,0x0000,0x0100,0x6504,0x9504,0x95E4,0x9504,0x9504,
        0x9504,0x95E4,0x9504,0x9504,0x9544,0x8938,0x0100,0x0000,
        0x0000,0x0000,0x0100,0x7D04,0x9104,0x91E4,0x9104,0x9104,
        0x9104,0x91E4,0x9104,0x9104,0x9144,0x7D38,0x0100,0x0000,
        0x0000,0x0000,0x0100,0x8104,0x8104,0x41E4,0x4104,0x2104,
        0x1904,0x21E4,0x4104,0x4104,0x8144,0x8138,0x0100,0x0000,
        0x0000,0x0000,0x0100,0x0104,0x0104,0x0104,0x0104,0x0104,
        0xFF04,0x0104,0x0104,0x0104,0x0184,0x0178,0x0100,0x0000,
        0x0000,0x0000,0x0080,0x0884,0x0884,0x0884,0x0884,0x0884,
        0x0F84,0x0884,0x0884,0x0884,0x08C4,0xF0B8,0x0080,0x0000,
        0x0000,0x0000,0x0100,0x7104,0x8104,0x8104,0x8104,0x8104,
        0x9F04,0x8104,0x8104,0x8104,0x8184,0x8178,0x0100,0x0000,
        0x0000,0x0000,0x0080,0x7084,0x8884,0x8884,0x8884,0x8884,
        0x8F84,0x8884,0x8884,0x8884,0x88C4,0x88B8,0x0080,0x0000,
        0x0000,0x0000,0x0080,0x6484,0x9484,0x9484,0x9484,0x9484,
        0x9784,0x9484,0x9484,0x9484,0x94C4,0x88B8,0x0080,0x0000,
        0x0000,0x0000,0x0080,0x6484,0x9484,0x9484,0x9484,0x8884,
        0x8384,0x0484,0x0484,0x0484,0x04C4,0xF8B8,0x0080,0x0000,
        0x0000,0x0000,0x0080,0x6484,0x9484,0x9484,0x9484,0x8884,
        0x0384,0x7C84,0x8484,0x8484,0x84C4,0x7CB8,0x0080,0x0000,
        0x0000,0x0000,0x0080,0x6484,0x9484,0x9484,0x9484,0x8884,
        0x1384,0x5084,0xB484,0x9484,0xB4C4,0x50B8,0x1080,0x0000,
        0x0000,0x0000,0x0080,0x7884,0x8884,0x8884,0x8884,0x8884,
        0x8F84,0x8884,0x8884,0x8884,0x88C4,0x78B8,0x0080,0x0000,
        0x0000,0x0000,0x0080,0x7C84,0x9084,0x9084,0x9084,0x9084,
        0x9784,0x9084,0x9084,0x9084,0x90C4,0x7CB8,0x0080,0x0000,
        0x0000,0x0000,0x0080,0x8084,0x8084,0x4084,0x4084,0x2084,
        0x1784,0x2084,0x4084,0x4084,0x80C4,0x80B8,0x0080,0x0000,
        0x0000,0x0000,0x0080,0x3084,0x4884,0x4884,0x8484,0x8484,
        0x8784,0x8484,0x8484,0x4884,0x48C4,0x30B8,0x0080,0x0000,
        0x0000,0x0000,0x0080,0x8884,0x8884,0x4884,0x4884,0x2884,
        0x1F84,0x2884,0x4884,0x4884,0x88C4,0x88B8,0x0080,0x0000,
        0x0000,0x0100,0x0104,0x0104,0x4104,0x3F04,0x0104,0x0104,
        0x0984,0x0978,0x0900,0x0800,0xFFFC,0x0000,0x0000,0x0000,
        0x0000,0x0080,0x0084,0x1084,0x1084,0x1784,0x1084,0x1084,
        0x10C4,0x12B8,0x1280,0x1200,0xE7FC,0x0000,0x0000,0x0000,
        0x0000,0x0100,0x0104,0x7104,0x8104,0x8104,0x8F04,0x8184,
        0x8178,0x8500,0x8500,0x8400,0x9FFC,0x0000,0x0000,0x0000,
        0x0000,0x0080,0x0084,0x4884,0xA884,0xAF84,0xA884,0xA884,
        0xA8C4,0xAAB8,0xAA80,0xAA00,0x97FC,0x0000,0x0000,0x0000,
        0x0000,0x0080,0x8084,0x8084,0x4084,0x3784,0x2084,0x4084,
        0x80C4,0x82B8,0x4280,0x3200,0x27FC,0x4000,0x8000,0x0000,
        0x0000,0x0080,0x0084,0x7084,0x5084,0x8F84,0x8884,0x8884,
        0x88C4,0x8AB8,0x8A80,0x5200,0x77FC,0x0000,0x0000,0x0000,
        0x0000,0x0200,0x0208,0x0208,0x4208,0x3E08,0x0308,0x02F0,
        0x1200,0x1000,0xFFFC,0x0000,0x0000,0xFFFC,0x0000,0x0000,
        0x0000,0x0080,0x0084,0x8084,0x8784,0x4084,0x40C4,0x22B8,
        0x1A80,0x2200,0x47FC,0x4000,0x8000,0x8FFC,0x0000,0x0000,
        0x0000,0x0100,0x0104,0x0104,0x4104,0x3F04,0x0104,0x0104,
        0x0184,0x0178,0x0100,0x0000,0xFFFC,0x0000,0x0000,0x0000,
        0x0000,0x0080,0x0084,0x1084,0x1084,0x1784,0x1084,0x1084,
        0x10C4,0x10B8,0x1080,0x1000,0xE7FC,0x0000,0x0000,0x0000,
        0x0000,0x0100,0x0104,0x6104,0x8104,0x8F04,0x8104,0x8104,
        0x8184,0x8178,0x8100,0x8000,0x9FFC,0x0000,0x0000,0x0000,
        0x0000,0x0080,0x0084,0x4884,0xA884,0xAF84,0xA884,0xA884,
        0xA8C4,0xA8B8,0xA880,0xA800,0x93FC,0x0000,0x0000,0x0000,
        0x0000,0x0080,0x0084,0x7084,0x9084,0x9784,0x9084,0x9084,
        0x90C4,0x90B8,0x9080,0x9000,0x77FC,0x0000,0x0000,0x0000,
        0x0000,0x0080,0x0084,0x7884,0xA084,0xA784,0xA084,0xA084,
        0xA0C4,0xA0B8,0xA080,0xA000,0x7BFC,0x0000,0x0000,0x0000,
        0x0000,0x0080,0x0084,0x8084,0x8084,0x4784,0x4084,0x2084,
        0x18C4,0x20B8,0x4080,0x4000,0x87FC,0x8000,0x0000,0x0000,
        0x0000,0x0000,0x0200,0x0204,0x8204,0x7E04,0x0204,0x0204,
        0x0204,0x0204,0x0204,0xFE04,0x0304,0x02F8,0x0200,0x0000,
        0x0000,0x0000,0x0100,0x7104,0x8104,0x8104,0x9F04,0x8104,
        0x8104,0x8104,0x8104,0x9F04,0x8184,0x8178,0x0100,0x0000,
        0x0000,0x0000,0x0080,0x6484,0x9484,0x9784,0x9484,0x9484,
        0x9484,0x9484,0x9484,0x9784,0x94C4,0x88B8,0x0080,0x0000,
        0x0000,0x0000,0x4000,0x4008,0x4008,0x4008,0x4008,0x4008,
        0x4008,0x4008,0x4008,0x4008,0x5C08,0x43F0,0x4000,0x0000,
        0x0000,0x0000,0x0080,0x0884,0x0884,0x0884,0x0884,0x0884,
        0x0884,0x0884,0x0884,0x0884,0x08C4,0xF0B8,0x0080,0x0000,
        0x0000,0x0000,0x0100,0x7104,0x8104,0x8104,0x8104,0x8104,
        0x8104,0x8104,0x8104,0x8104,0x8184,0x8178,0x0100,0x0000,
        0x0000,0x0000,0x0080,0x7084,0x8884,0x8884,0x8884,0x8884,
        0x8884,0x8884,0x8884,0x8884,0x88C4,0x88B8,0x0080,0x0000,
        0x0000,0x0000,0x0080,0x6484,0x9484,0x9484,0x9484,0x9484,
        0x9484,0x9484,0x9484,0x9484,0x94C4,0x88B8,0x0080,0x0000,
        0x0000,0x0000,0x0080,0x6484,0x9484,0x9484,0x9484,0x8884,
        0x8084,0x0484,0x0484,0x0484,0x04C4,0xF8B8,0x0080,0x0000,
        0x0000,0x0000,0x0080,0x7884,0x8884,0x8884,0x8884,0x8884,
        0x8884,0x8884,0x8884,0x8884,0x88C4,0x78B8,0x0080,0x0000,
        0x0000,0x0000,0x0080,0x7C84,0x9084,0x9084,0x9084,0x9084,
        0x9084,0x9084,0x9084,0x9084,0x90C4,0x7CB8,0x0080,0x0000,
        0x0000,0x0000,0x0080,0x8084,0x8084,0x4084,0x4084,0x2084,
        0x1884,0x2084,0x4084,0x4084,0x80C4,0x80B8,0x0080,0x0000,
        0x0000,0x0000,0x0080,0x2084,0x5084,0x5084,0x8884,0x8884,
        0x8884,0x8884,0x8884,0x5084,0x50C4,0x20B8,0x0080,0x0000,
        0x0000,0x1000,0x1008,0x1008,0x1008,0x1008,0x1008,0x1008,
        0x1C08,0x13F0,0x1000,0x0000,0xFFFC,0x0000,0x0000,0x0000,
        0x0000,0x2000,0x2008,0x2008,0x1008,0x1008,0x0808,0x0608,
        0x01F0,0x0000,0x0000,0x0000,0xFFFC,0x0000,0x0000,0x0000,
        0x0000,0x0200,0x0204,0x0904,0x0904,0x0884,0x0844,0x0824,
        0x0818,0x0800,0x0800,0x0800,0xF3FC,0x0000,0x0000,0x0000,
        0x0000,0x0400,0x0404,0x7404,0x8204,0x8204,0x8104,0x8084,
        0x8078,0x8000,0x8000,0x8000,0x8FFC,0x0000,0x0000,0x0000,
        0x0000,0x0200,0x0204,0x7104,0x8904,0x8884,0x8844,0x8824,
        0x8818,0x8800,0x8800,0x8800,0x8BFC,0x0000,0x0000,0x0000,
        0x0000,0x0100,0x0104,0x6504,0x9484,0x9484,0x9444,0x9424,
        0x9418,0x9400,0x9400,0x9400,0x89FC,0x0000,0x0000,0x0000,
        0x0000,0x0100,0x6504,0x9504,0x9484,0x9484,0x8844,0x0024,
        0x7C18,0x8400,0x8400,0x8400,0x7DFC,0x0000,0x0000,0x0000,
        0x0000,0x0100,0x0104,0x7904,0x8904,0x8884,0x8884,0x8844,
        0x8838,0x8800,0x8800,0x8800,0x7BFC,0x0000,0x0000,0x0000,
        0x0000,0x0200,0x0204,0x7D04,0x9104,0x9084,0x9044,0x9024,
        0x9018,0x9000,0x9000,0x9000,0x7DFC,0x0000,0x0000,0x0000,
        0x0000,0x0200,0x0204,0x8104,0x8104,0x4084,0x4044,0x2024,
        0x1818,0x2000,0x4000,0x4000,0x87FC,0x8000,0x0000,0x0000,
        0x0000,0x0200,0x0204,0x3104,0x4904,0x4884,0x8444,0x8424,
        0x8418,0x8400,0x4800,0x4800,0x33FC,0x0000,0x0000,0x0000,
        0x0000,0x0200,0x0204,0x8904,0x8904,0x4884,0x4844,0x2824,
        0x1818,0x2800,0x4800,0x4800,0x8BFC,0x8800,0x0000,0x0000,
        0x0000,0x0100,0x8904,0x8904,0x8904,0xF884,0x8884,0x8844,
        0x8838,0x8800,0xF800,0x8800,0x8BFC,0x8800,0x0000,0x0000,
        0x0000,0x1000,0x0808,0x0408,0x0308,0x20F0,0x1008,0x0808,
        0x0608,0x01F0,0x0000,0x0000,0xFFFC,0x0080,0x0080,0x0000,
        0x0000,0x0200,0x0104,0x0884,0x0864,0x0818,0x0A04,0x0904,
        0x08C4,0x0838,0x0800,0x0800,0xF3FC,0x0020,0x0020,0x0000,
        0x0000,0x0200,0x0904,0x0884,0x0864,0x0818,0xF204,0x0104,
        0x08C4,0x0838,0x0800,0x0800,0xF3FC,0x0020,0x0020,0x0000,
        0x0000,0x0200,0x0104,0x7084,0x8064,0x8418,0x8204,0x8104,
        0x80C4,0x8038,0x8000,0x8000,0x8FFC,0x0040,0x0040,0x0000,
        0x0000,0x0100,0x0084,0x6444,0x9424,0x9418,0x9504,0x9484,
        0x9444,0x9438,0x9400,0x9400,0x89FC,0x0020,0x0020,0x0000,
        0x0000,0x0100,0x6484,0x9444,0x9424,0x9418,0x8904,0x0084,
        0x7C44,0x8438,0x8400,0x8400,0x7DFC,0x0020,0x0020,0x0000,
        0x0000,0x0200,0x0104,0x7884,0x8864,0x8818,0x8A04,0x8904,
        0x88C4,0x8838,0x8800,0x8800,0x7BFC,0x0020,0x0020,0x0000,
        0x0000,0x0204,0x0104,0x7CC4,0x9038,0x9204,0x9104,0x90C4,
        0x9038,0x9000,0x9000,0x9000,0x7DFC,0x0020,0x0020,0x0000,
        0x0000,0x0200,0x0104,0x8084,0x8064,0x4018,0x4204,0x2104,
        0x18C4,0x2038,0x4000,0x4000,0x87FC,0x8020,0x0020,0x0000,
        0x0000,0x8200,0x8104,0x4084,0x2064,0x1818,0x2204,0xC104,
        0x40C4,0x2038,0x1800,0x2000,0x43FC,0x8020,0x0020,0x0000,
        0x0000,0x0200,0x0104,0x3084,0x4864,0x4818,0x8604,0x8504,
        0x84C4,0x8438,0x4800,0x4800,0x33FC,0x0020,0x0020,0x0000,
        0x0000,0x0100,0x0084,0x7844,0x9424,0x9418,0x9504,0x9484,
        0x9444,0x9438,0x9400,0x9400,0x95FC,0x0020,0x0020,0x0000,
        0x0000,0x1000,0x0808,0x0608,0x21F0,0x1008,0x0C08,0x03F0,
        0x0000,0x0000,0xFFFC,0x0100,0x0100,0xFFFC,0x0000,0x0000,
        0x0000,0x0200,0x0104,0x08C4,0x0838,0x0A04,0x0984,0x0878,
        0x0800,0x0800,0x0BFC,0x0820,0x0820,0xF3FC,0x0000,0x0000,
        0x0000,0x0200,0x0104,0x70C4,0x8438,0x8204,0x8184,0x8078,
        0x8000,0x8000,0x87FC,0x8040,0x8040,0x8FFC,0x0000,0x0000,
        0x0000,0x0100,0x0084,0x6464,0x9418,0x9504,0x94C4,0x9438,
        0x9400,0x9400,0x95FC,0x9420,0x9420,0x89FC,0x0000,0x0000,
        0x0000,0x0200,0x0104,0x78C4,0x8838,0x8A04,0x8984,0x8878,
        0x8800,0x8800,0x8BFC,0x8820,0x8820,0x7BFC,0x0000,0x0000,
        0x0000,0x0200,0x0104,0x7CC4,0x9038,0x9204,0x9184,0x9078,
        0x9000,0x9000,0x91FC,0x9020,0x9020,0x7DFC,0x0000,0x0000,
        0x0000,0x0200,0x0104,0x80C4,0x8038,0x4204,0x4184,0x2078,
        0x1800,0x2000,0x43FC,0x4020,0x8020,0x87FC,0x0000,0x0000,
        0x0000,0x0200,0x8104,0x80C4,0x4038,0x2204,0x1984,0x2078,
        0xC000,0x4000,0x21FC,0x1820,0x2020,0x43FC,0x8000,0x0000,
        0x0000,0x0200,0x0104,0x30C4,0x4838,0x4A04,0x8584,0x8478,
        0x8400,0x8400,0x85FC,0x4820,0x4820,0x33FC,0x0000,0x0000,
        0x0000,0x1000,0x0808,0x0408,0x0308,0x20F0,0x1008,0x0808,
        0x0608,0x01F0,0x0000,0x0000,0xFFFC,0x0420,0x0420,0x0000,
        0x0000,0x0200,0x0104,0x0884,0x0864,0x0818,0x0A04,0x0904,
        0x08C4,0x0838,0x0800,0x0800,0xF3FC,0x0048,0x0048,0x0000,
        0x0000,0x0100,0x0084,0x6444,0x9424,0x9418,0x9504,0x9484,
        0x9444,0x9438,0x9400,0x9400,0x89FC,0x0048,0x0048,0x0000,
        0x0000,0x1000,0x0808,0x0408,0x0308,0x20F0,0x1008,0x0808,
        0x0608,0x01F0,0x0080,0x0080,0xFFFC,0x0000,0x0000,0x0000,
        0x0000,0x0200,0x0104,0x0884,0x0864,0x0818,0x0A04,0x0904,
        0x08C4,0x0838,0x0820,0x0820,0xF3FC,0x0000,0x0000,0x0000,
        0x0000,0x0200,0x0904,0x0884,0x0864,0x0818,0xF204,0x0104,
        0x08C4,0x0838,0x0820,0x0820,0xF3FC,0x0000,0x0000,0x0000,
        0x0000,0x0200,0x0104,0x7084,0x8064,0x8418,0x8204,0x8104,
        0x80C4,0x8038,0x8020,0x8020,0x8FFC,0x0000,0x0000,0x0000,
        0x0000,0x0100,0x0084,0x6444,0x9424,0x9418,0x9504,0x9484,
        0x9444,0x9438,0x9420,0x9420,0x89FC,0x0000,0x0000,0x0000,
        0x0000,0x0200,0x0104,0x7884,0x8864,0x8818,0x8A04,0x8904,
        0x88C4,0x8838,0x8820,0x8820,0x7BFC,0x0000,0x0000,0x0000,
        0x0000,0x0200,0x0104,0x7C84,0x9064,0x9018,0x9204,0x9104,
        0x90C4,0x9038,0x9020,0x9020,0x7DFC,0x0000,0x0000,0x0000,
        0x0000,0x0200,0x0104,0x8084,0x8064,0x4018,0x4204,0x2104,
        0x18C4,0x2038,0x4020,0x4020,0x87FC,0x8000,0x0000,0x0000,
        0x0000,0x8200,0x8104,0x4084,0x2064,0x1818,0x2204,0xC104,
        0x40C4,0x2038,0x1820,0x2020,0x43FC,0x8000,0x0000,0x0000,
        0x0000,0x0200,0x0104,0x3084,0x4864,0x4818,0x8604,0x8504,
        0x84C4,0x8438,0x4820,0x4820,0x33FC,0x0000,0x0000,0x0000,
        0x0000,0x1000,0x0808,0x0608,0x21F0,0x1008,0x0C08,0x03F0,
        0x0080,0x0080,0xFFFC,0x0000,0x0000,0xFFFC,0x0000,0x0000,
        0x0000,0x0200,0x0104,0x08C4,0x0838,0x0A04,0x0984,0x0878,
        0x0820,0x0820,0x0BFC,0x0800,0x0800,0xF3FC,0x0000,0x0000,
        0x0000,0x0200,0x0104,0x70C4,0x8438,0x8204,0x8184,0x8078,
        0x8020,0x8020,0x8FFC,0x8000,0x8000,0x9FFC,0x0000,0x0000,
        0x0000,0x0200,0x0104,0x78C4,0x8838,0x8A04,0x8984,0x8878,
        0x8820,0x8820,0x8BFC,0x8800,0x8800,0x7BFC,0x0000,0x0000,
        0x0000,0x0200,0x0104,0x80C4,0x8038,0x4204,0x4184,0x2078,
        0x1820,0x2020,0x43FC,0x4000,0x8000,0x87FC,0x0000,0x0000,
        0x0000,0x0200,0x0104,0x30C4,0x4838,0x4A04,0x8584,0x8478,
        0x8420,0x8420,0x85FC,0x4800,0x4800,0x33FC,0x0000,0x0000,
        0x0000,0x1000,0x0808,0x0408,0x0308,0x20F0,0x1008,0x0808,
        0x0608,0x01F0,0x0220,0x0220,0xFFFC,0x0000,0x0000,0x0000,
        0x0000,0x0200,0x0104,0x7084,0x8064,0x8418,0x8204,0x8104,
        0x80C4,0x8038,0x8090,0x8090,0x8FFC,0x0000,0x0000,0x0000,
        0x0000,0x0100,0x0084,0x6444,0x9424,0x9418,0x9504,0x9484,
        0x9444,0x9478,0x9448,0x9448,0x89FC,0x0000,0x0000,0x0000,
        0x0000,0x0200,0x0104,0x8084,0x8064,0x4018,0x4204,0x2104,
        0x18C4,0x2078,0x4048,0x4048,0x87FC,0x8000,0x0000,0x0000,
        0x0000,0x0204,0x8104,0x40C4,0x2038,0x1A04,0x2104,0x40C4,
        0x8038,0x4048,0x2048,0x1848,0x23FC,0x4000,0x8000,0x0000,
        0x0000,0x0100,0x0084,0x7844,0x9424,0x9418,0x9504,0x9484,
        0x9444,0x9478,0x9448,0x9448,0x95FC,0x0000,0x0000,0x0000,
        0x0000,0x1000,0x0808,0x0608,0x21F0,0x1008,0x0C08,0x03F0,
        0x0420,0x0420,0xFFFC,0x0000,0x0000,0xFFFC,0x0000,0x0000,
        0x0000,0x0000,0x4000,0x4008,0x5008,0x4C08,0x43F0,0x4000,
        0x7E00,0x4008,0x4008,0x4008,0x5808,0x47F0,0x4000,0x0000,
        0x0000,0x0000,0x0100,0x0904,0x0904,0x0944,0x0938,0x0900,
        0x09E0,0x0904,0x0904,0x0904,0x0944,0xF138,0x0100,0x0000,
        0x0000,0x0000,0x0200,0x7204,0x8204,0x8284,0x8278,0x8200,
        0x83C0,0x8204,0x8204,0x8204,0x8284,0x8278,0x0200,0x0000,
        0x0000,0x0000,0x0100,0x7904,0x8104,0x8144,0x8138,0x9100,
        0x51E0,0xB504,0x9504,0x9504,0xB544,0x5138,0x1100,0x0000,
        0x0000,0x0000,0x0100,0x6504,0x9504,0x9544,0x9538,0x9500,
        0x95E0,0x9504,0x9504,0x9504,0x9544,0x8938,0x0100,0x0000,
        0x0000,0x0000,0x0100,0x7904,0x8904,0x8944,0x8938,0x8900,
        0x89E0,0x8904,0x8904,0x8904,0x8944,0x7938,0x0100,0x0000,
        0x0000,0x0000,0x0100,0x7D04,0x9104,0x9144,0x9138,0x9100,
        0x91E0,0x9104,0x9104,0x9104,0x9144,0x7D38,0x0100,0x0000,
        0x0000,0x0000,0x0100,0x8104,0x8104,0x4144,0x4138,0x2100,
        0x19E0,0x2104,0x4104,0x4104,0x8144,0x8138,0x0100,0x0000,
        0x0000,0x0000,0x0100,0x2104,0x5104,0x5144,0x8938,0x8900,
        0x89E0,0x8904,0x8904,0x5104,0x5144,0x2138,0x0100,0x0000,
        0x0000,0x0000,0x0100,0x8904,0x8904,0x4944,0x4938,0x2900,
        0x19E0,0x2904,0x4904,0x4904,0x8944,0x8938,0x0100,0x0000,
        0x0000,0x0000,0x0100,0x9104,0x9104,0x9144,0x5538,0x5500,
        0x35E0,0x5504,0x5504,0x9104,0x9144,0x9138,0x0100,0x0000,
        0x0000,0x2008,0x2408,0x2308,0x20F0,0x3F00,0x2008,0x2008,
        0x2608,0x21F0,0x2000,0x0000,0xFFFC,0x0080,0x0080,0x0000,
        0x0000,0x0104,0x0104,0x1144,0x1138,0x1100,0x11E4,0x1104,
        0x1144,0x1138,0x1100,0x1000,0xE7FC,0x0020,0x0020,0x0000,
        0x0000,0x0104,0x0104,0x4944,0xA938,0xA900,0xA9E4,0xA904,
        0xA944,0xA938,0xA900,0xA800,0x93FC,0x0020,0x0020,0x0000,
        0x0000,0x8104,0x8104,0x4144,0x2138,0x1900,0x21E4,0xC104,
        0x4144,0x2138,0x1900,0x2000,0x43FC,0x8020,0x0020,0x0000,
        0x0000,0x0104,0x0104,0x7144,0x5138,0x8900,0x89E4,0x8904,
        0x8944,0x8938,0x8900,0x5000,0x77FC,0x0020,0x0020,0x0000,
        0x0000,0x2008,0x2C08,0x23F0,0x2000,0x3F08,0x2008,0x2808,
        0x27F0,0x0000,0xFFFC,0x0100,0x0100,0xFFFC,0x0000,0x0000,
        0x0000,0x0104,0x0144,0x1138,0x1100,0x11E4,0x1104,0x1144,
        0x1138,0x1000,0x13FC,0x1040,0x1040,0xE7FC,0x0000,0x0000,
        0x0000,0x0104,0x0144,0x7138,0x5100,0x89E4,0x8904,0x8944,
        0x8938,0x8800,0x8BFC,0x8840,0x5040,0x77FC,0x0000,0x0000,
        0x0000,0x2008,0x2408,0x2308,0x20F0,0x3F00,0x2008,0x2008,
        0x2608,0x21F0,0x2000,0x0000,0xFFFC,0x0000,0x0000,0x0000,
        0x0000,0x0204,0x0204,0x7284,0x8278,0x8200,0x83C4,0x8204,
        0x8284,0x8278,0x8200,0x8000,0x9FFC,0x0000,0x0000,0x0000,
        0x0000,0x0104,0x0104,0x4944,0xA938,0xA900,0xA9E4,0xA904,
        0xA944,0xA938,0xA900,0xA800,0x93FC,0x0000,0x0000,0x0000,
        0x0000,0x0104,0x0104,0x7944,0x8938,0x8900,0x89E4,0x8904,
        0x8944,0x8938,0x8900,0x8800,0x7BFC,0x0000,0x0000,0x0000,
        0x0000,0x0104,0x0104,0x7944,0x9138,0x9100,0x91E4,0x9104,
        0x9144,0x9138,0x9100,0x9000,0x7BFC,0x0000,0x0000,0x0000,
        0x0000,0x0104,0x0104,0x7144,0x5138,0x8900,0x89E4,0x8904,
        0x8944,0x8938,0x8900,0x5000,0x77FC,0x0000,0x0000,0x0000,
        0x0000,0x0000,0x4000,0x4008,0x5008,0x4C08,0x43F0,0x7E00,
        0x4000,0x4008,0x7E08,0x4008,0x5808,0x47F0,0x4000,0x0000,
        0x0000,0x0000,0x0204,0x0204,0x0204,0x0304,0x02F8,0x0200,
        0xFE04,0x0204,0x0204,0x0204,0x0304,0x02F8,0x0200,0x0000,
        0x0000,0x0000,0x0080,0x0884,0x0884,0x0884,0x08C4,0x08B8,
        0x0F80,0x0884,0x0884,0x0884,0x08C4,0xF0B8,0x0080,0x0000,
        0x0000,0x0000,0x0100,0x7104,0x8104,0x8184,0x8178,0x8100,
        0x9F00,0x8104,0x8104,0x8104,0x8184,0x8178,0x0100,0x0000,
        0x0000,0x0000,0x0080,0x6484,0x9484,0x9484,0x94C4,0x94B8,
        0x9780,0x9484,0x9484,0x9484,0x94C4,0x88B8,0x0080,0x0000,
        0x0000,0x0000,0x0080,0x6484,0x9484,0x9484,0x94C4,0x88B8,
        0x1380,0x5084,0xB484,0x9484,0xB4C4,0x50B8,0x1080,0x0000,
        0x0000,0x0000,0x0080,0x7884,0x8884,0x8884,0x88C4,0x88B8,
        0x8F80,0x8884,0x8884,0x8884,0x88C4,0x78B8,0x0080,0x0000,
        0x0000,0x0000,0x0080,0x7C84,0x9084,0x9084,0x90C4,0x90B8,
        0x9780,0x9084,0x9084,0x9084,0x90C4,0x7CB8,0x0080,0x0000,
        0x0000,0x0000,0x0080,0x8084,0x8084,0x4084,0x40C4,0x20B8,
        0x1780,0x2084,0x4084,0x4084,0x80C4,0x80B8,0x0080,0x0000,
        0x0000,0x0000,0x0080,0x2084,0x5084,0x5084,0x88C4,0x88B8,
        0x8F80,0x8884,0x8884,0x5084,0x50C4,0x20B8,0x0080,0x0000,
        0x0000,0x0000,0x0080,0x8884,0x8884,0x4884,0x48C4,0x28B8,
        0x1F80,0x2884,0x4884,0x4884,0x88C4,0x88B8,0x0080,0x0000,
        0x0000,0x0104,0x0104,0x0184,0x4178,0x3F00,0x0104,0x0104,
        0x0984,0x0978,0x0900,0x0800,0xFFFC,0x0000,0x0000,0x0000,
        0x0000,0x0084,0x0084,0x48C4,0xA8B8,0xAF80,0xA884,0xA884,
        0xA8C4,0xAAB8,0xAA80,0xAA00,0x97FC,0x0000,0x0000,0x0000,
        0x0000,0x0084,0x8084,0x80C4,0x40B8,0x3780,0x2084,0x4084,
        0x80C4,0x82B8,0x4280,0x3200,0x27FC,0x4000,0x8000,0x0000,
        0x0000,0x0084,0x0084,0x70C4,0x50B8,0x8F80,0x8884,0x8884,
        0x88C4,0x8AB8,0x8A80,0x5200,0x77FC,0x0000,0x0000,0x0000,
        0x0000,0x0208,0x0208,0x0308,0x42F0,0x3E08,0x0208,0x0308,
        0x12F0,0x1000,0xFFFC,0x0000,0x0000,0xFFFC,0x0000,0x0000,
        0x0000,0x0084,0x0084,0x10C4,0x17B8,0x1084,0x1084,0x12C4,
        0x12B8,0x1200,0x17FC,0x1000,0x1000,0xE7FC,0x0000,0x0000,
        0x0000,0x0104,0x0184,0x6178,0x8F04,0x8104,0x8184,0x8578,
        0x8500,0x8400,0x9FFC,0x8000,0x8000,0x9FFC,0x0000,0x0000,
        0x0000,0x0084,0x0084,0x48C4,0xAFB8,0xA884,0xA884,0xAAC4,
        0xAAB8,0xAA00,0xAFFC,0xA800,0xA800,0x97FC,0x0000,0x0000,
        0x0000,0x0084,0x0084,0x70C4,0x97B8,0x9084,0x9084,0x92C4,
        0x92B8,0x9200,0x97FC,0x9000,0x9000,0x77FC,0x0000,0x0000,
        0x0000,0x0084,0x0084,0x78C4,0xA7B8,0xA084,0xA084,0xA2C4,
        0xA2B8,0xA200,0xA7FC,0xA000,0xA000,0x7FFC,0x0000,0x0000,
        0x0000,0x0084,0x8084,0x80C4,0x47B8,0x3084,0x2084,0x42C4,
        0x82B8,0x8200,0x47FC,0x3000,0x2000,0x47FC,0x8000,0x0000,
        0x0000,0x0100,0x0104,0x0104,0x0184,0x4178,0x3F04,0x0104,
        0x0184,0x0178,0x0100,0x0000,0xFFFC,0x0000,0x0000,0x0000,
        0x0000,0x0104,0x0104,0x6184,0x8178,0x8F00,0x8104,0x8104,
        0x8184,0x8178,0x8100,0x8000,0x9FFC,0x0000,0x0000,0x0000,
        0x0000,0x0084,0x0084,0x48C4,0xA8B8,0xAF80,0xA884,0xA884,
        0xA8C4,0xA8B8,0xA880,0xA800,0x93FC,0x0000,0x0000,0x0000,
        0x0000,0x0084,0x0084,0x70C4,0x90B8,0x9780,0x9084,0x9084,
        0x90C4,0x90B8,0x9080,0x9000,0x77FC,0x0000,0x0000,0x0000,
        0x0000,0x0084,0x0084,0x78C4,0xA0B8,0xA780,0xA084,0xA084,
        0xA0C4,0xA0B8,0xA080,0xA000,0x7BFC,0x0000,0x0000,0x0000,
        0x0000,0x0000,0x0204,0x0204,0x8204,0x7F04,0x02F8,0x0200,
        0x0204,0x0204,0x0204,0xFE04,0x0304,0x02F8,0x0200,0x0000,
        0x0000,0x0000,0x4000,0x4008,0x5008,0x4C08,0x43F0,0x4000,
        0x4000,0x4008,0x4008,0x4008,0x5808,0x47F0,0x4000,0x0000,
        0x0000,0x0000,0x0080,0x0884,0x0884,0x08C4,0x08B8,0x0880,
        0x0880,0x0884,0x0884,0x0884,0x08C4,0xF0B8,0x0080,0x0000,
        0x0000,0x0000,0x0100,0x7104,0x8104,0x8184,0x8178,0x8100,
        0x8100,0x8104,0x8104,0x8104,0x8184,0x8178,0x0100,0x0000,
        0x0000,0x0000,0x0080,0x7884,0x8084,0x80C4,0x80B8,0x9080,
        0x5080,0xB484,0x9484,0x9484,0xB4C4,0x50B8,0x1080,0x0000,
        0x0000,0x0000,0x0080,0x6484,0x9484,0x94C4,0x94B8,0x9480,
        0x9480,0x9484,0x9484,0x9484,0x94C4,0x88B8,0x0080,0x0000,
        0x0000,0x0000,0x0080,0x6484,0x9484,0x94C4,0x94B8,0x8880,
        0x0080,0x7C84,0x8484,0x8484,0x84C4,0x7CB8,0x0080,0x0000,
        0x0000,0x0000,0x0080,0x6484,0x9484,0x94C4,0x94B8,0x8880,
        0x1080,0x5084,0xB484,0x9484,0xB4C4,0x50B8,0x1080,0x0000,
        0x0000,0x0000,0x0080,0x7884,0x8884,0x88C4,0x88B8,0x8880,
        0x8880,0x8884,0x8884,0x8884,0x88C4,0x78B8,0x0080,0x0000,
        0x0000,0x0000,0x0080,0x7C84,0x9084,0x90C4,0x90B8,0x9080,
        0x9080,0x9084,0x9084,0x9084,0x90C4,0x7CB8,0x0080,0x0000,
        0x0000,0x0000,0x0080,0x8084,0x8084,0x40C4,0x40B8,0x2080,
        0x1880,0x2084,0x4084,0x4084,0x80C4,0x80B8,0x0080,0x0000,
        0x0000,0x0000,0x0080,0x2084,0x5084,0x50C4,0x88B8,0x8880,
        0x8880,0x8884,0x8884,0x5084,0x50C4,0x20B8,0x0080,0x0000,
        0x0000,0x0000,0x0080,0x7884,0x9484,0x94C4,0x94B8,0x9480,
        0x9480,0x9484,0x9484,0x9484,0x94C4,0x94B8,0x0080,0x0000,
        0x0000,0x1000,0x0808,0x0408,0x0308,0x20F0,0x1008,0x0808,
        0x0608,0x01F0,0x0000,0x0000,0xFFFC,0x0000,0x0000,0x0000,
        0x0000,0x0200,0x0104,0x0884,0x0864,0x0818,0x0A04,0x0904,
        0x08C4,0x0838,0x0800,0x0800,0xF3FC,0x0000,0x0000,0x0000,
        0x0000,0x0200,0x0104,0x7084,0x8064,0x8418,0x8204,0x8104,
        0x80C4,0x8038,0x8000,0x8000,0x8FFC,0x0000,0x0000,0x0000,
        0x0000,0x0100,0x0084,0x6444,0x9424,0x9418,0x9504,0x9484,
        0x9444,0x9438,0x9400,0x9400,0x89FC,0x0000,0x0000,0x0000,
        0x0000,0x0200,0x0104,0x7884,0x8864,0x8818,0x8A04,0x8904,
        0x88C4,0x8838,0x8800,0x8800,0x7BFC,0x0000,0x0000,0x0000,
        0x0000,0x0200,0x0104,0x7C84,0x9064,0x9018,0x9204,0x9104,
        0x90C4,0x9038,0x9000,0x9000,0x7DFC,0x0000,0x0000,0x0000,
        0x0000,0x0200,0x0104,0x8084,0x8064,0x4018,0x4204,0x2104,
        0x18C4,0x2038,0x4000,0x4000,0x87FC,0x8000,0x0000,0x0000,
        0x0000,0x0200,0x0104,0x3084,0x4864,0x4818,0x8604,0x8504,
        0x84C4,0x8438,0x4800,0x4800,0x33FC,0x0000,0x0000,0x0000,
        0x0000,0x0000,0x0FF8,0x1000,0x1000,0x1000,0x1000,0x1000,
        0x1000,0x0800,0x0800,0x0000,0xFFFC,0x0080,0x0080,0x0000,
        0x0000,0x0000,0x00FC,0x0900,0x0900,0x0900,0x0900,0x0900,
        0x0900,0x0880,0x0880,0x0800,0xF3FC,0x0020,0x0020,0x0000,
        0x0000,0x0000,0x08FC,0x0900,0x0900,0x0900,0xF100,0x0100,
        0x0900,0x0880,0x0880,0x0800,0xF3FC,0x0020,0x0020,0x0000,
        0x0000,0x0000,0x00FC,0x7100,0x8100,0x8100,0x8100,0x8100,
        0x8100,0x8080,0x8080,0x8000,0x8FFC,0x0040,0x0040,0x0000,
        0x0000,0x0000,0x00FC,0x7100,0x8900,0x8900,0x8900,0x8900,
        0x8900,0x8880,0x8880,0x8800,0x8BFC,0x0020,0x0020,0x0000,
        0x0000,0x0000,0x00FC,0x6500,0x9500,0x9500,0x9500,0x9500,
        0x9500,0x9480,0x9480,0x9400,0x89FC,0x0020,0x0020,0x0000,
        0x0000,0x0000,0x647C,0x9480,0x9480,0x9480,0x9480,0x8880,
        0x0480,0x0440,0x0440,0x0400,0xF9FC,0x0020,0x0020,0x0000,
        0x0000,0x0000,0x647C,0x9480,0x9480,0x9480,0x8880,0x0080,
        0x7C80,0x8440,0x8440,0x8400,0x7DFC,0x0020,0x0020,0x0000,
        0x0000,0x0000,0x00FC,0x7900,0x8900,0x8900,0x8900,0x8900,
        0x8900,0x8880,0x8880,0x8800,0x7BFC,0x0020,0x0020,0x0000,
        0x0000,0x0000,0x00FC,0x7D00,0x9100,0x9100,0x9100,0x9100,
        0x9100,0x9080,0x9080,0x9000,0x7DFC,0x0020,0x0020,0x0000,
        0x0000,0x0000,0x00FC,0x8100,0x8100,0x4100,0x4100,0x2100,
        0x1900,0x2080,0x4080,0x4000,0x87FC,0x8020,0x0020,0x0000,
        0x0000,0x8000,0x80FC,0x4100,0x2100,0x1900,0x2100,0xC100,
        0x4100,0x2080,0x1880,0x2000,0x43FC,0x8020,0x0020,0x0000,
        0x0000,0x0000,0x00FC,0x3100,0x4900,0x4900,0x8500,0x8500,
        0x8500,0x8480,0x4880,0x4800,0x33FC,0x0020,0x0020,0x0000,
        0x0000,0x0000,0x00FC,0x8900,0x8900,0x4900,0x4900,0x2900,
        0x1900,0x2880,0x4880,0x4800,0x8BFC,0x8820,0x0020,0x0000,
        0x0000,0x0000,0x007C,0x9080,0x9080,0x9080,0x5480,0x5480,
        0x3480,0x5440,0x5440,0x9000,0x93FC,0x9020,0x0020,0x0000,
        0x0000,0x0000,0x007C,0x7880,0x9480,0x9480,0x9480,0x9480,
        0x9480,0x9440,0x9440,0x9400,0x95FC,0x0020,0x0020,0x0000,
        0x0000,0x0000,0x007C,0x0880,0x4880,0xA880,0xAA80,0xAA80,
        0xAA80,0xAA40,0xAA40,0xA800,0x49FC,0x0820,0x0020,0x0000,
        0x0000,0x0000,0x0FF8,0x1000,0x1000,0x1000,0x1000,0x0800,
        0x0800,0x0000,0xFFFC,0x0100,0x0100,0xFFFC,0x0000,0x0000,
        0x0000,0x0000,0x00FC,0x0900,0x0900,0x0900,0x0900,0x0880,
        0x0880,0x0800,0x0BFC,0x0820,0x0820,0xF3FC,0x0000,0x0000,
        0x0000,0x0000,0x00FC,0x7100,0x8100,0x8100,0x8100,0x8080,
        0x8080,0x8000,0x87FC,0x8020,0x8020,0x8FFC,0x0000,0x0000,
        0x0000,0x0000,0x007C,0x6480,0x9480,0x9480,0x9480,0x9440,
        0x9440,0x9400,0x95FC,0x9420,0x9420,0x89FC,0x0000,0x0000,
        0x0000,0x0000,0x00FC,0x7900,0x8900,0x8900,0x8900,0x8880,
        0x8880,0x8800,0x8BFC,0x8820,0x8820,0x7BFC,0x0000,0x0000,
        0x0000,0x0000,0x00FC,0x7D00,0x9100,0x9100,0x9100,0x9080,
        0x9080,0x9000,0x91FC,0x9020,0x9020,0x7DFC,0x0000,0x0000,
        0x0000,0x0000,0x00FC,0x8100,0x8100,0x4100,0x4100,0x2080,
        0x1880,0x2000,0x43FC,0x4020,0x8020,0x87FC,0x0000,0x0000,
        0x0000,0x0000,0x80FC,0x8100,0x4100,0x2100,0x1900,0x2080,
        0xC080,0x4000,0x21FC,0x1820,0x2020,0x43FC,0x8000,0x0000,
        0x0000,0x0000,0x00FC,0x3100,0x4900,0x4900,0x8500,0x8480,
        0x8480,0x8400,0x85FC,0x4820,0x4820,0x33FC,0x0000,0x0000,
        0x0000,0x0000,0x0FF8,0x1000,0x1000,0x1000,0x1000,0x1000,
        0x1000,0x0800,0x0800,0x0000,0xFFFC,0x0420,0x0420,0x0000,
        0x0000,0x0000,0x00FC,0x0900,0x0900,0x0900,0x0900,0x0900,
        0x0900,0x0880,0x0880,0x0800,0xF3FC,0x0048,0x0048,0x0000,
        0x0000,0x0000,0x01FC,0x7200,0x8200,0x8200,0x8200,0x8200,
        0x8200,0x8100,0x8100,0x8000,0x8FFC,0x0110,0x0110,0x0000,
        0x0000,0x0000,0x007C,0x6480,0x9480,0x9480,0x9480,0x9480,
        0x9480,0x9440,0x9440,0x9400,0x89FC,0x0048,0x0048,0x0000,
        0x0000,0x0000,0x00FC,0x7900,0x8900,0x8900,0x8900,0x8900,
        0x8900,0x8880,0x8880,0x8800,0x7BFC,0x0048,0x0048,0x0000,
        0x0000,0x0000,0x00FC,0x3100,0x4900,0x4900,0x8500,0x8500,
        0x8500,0x8480,0x4880,0x4800,0x33FC,0x0048,0x0048,0x0000,
        0x0000,0x0000,0x0FF8,0x1000,0x1000,0x1000,0x1000,0x1000,
        0x1040,0x0840,0x0840,0x0040,0xFFFC,0x0000,0x0000,0x0000,
        0x0000,0x0000,0x00FC,0x0900,0x0900,0x0900,0x0900,0x0900,
        0x0910,0x0910,0x0810,0x0810,0xF3FC,0x0000,0x0000,0x0000,
        0x0000,0x0000,0x08FC,0x0900,0x0900,0x0900,0xF100,0x8100,
        0x8110,0x4110,0x3810,0x4010,0x83FC,0x8000,0x0000,0x0000,
        0x0000,0x0000,0x01FC,0x7200,0x8200,0x8200,0x8200,0x8200,
        0x8210,0x8110,0x8110,0x8010,0x9FFC,0x0000,0x0000,0x0000,
        0x0000,0x0000,0x007C,0x6480,0x9480,0x9480,0x9480,0x9480,
        0x9490,0x9490,0x9410,0x9410,0x89FC,0x0000,0x0000,0x0000,
        0x0000,0x0000,0x647C,0x9480,0x9480,0x9480,0x8880,0x0080,
        0x7C90,0x8490,0x8410,0x8410,0x7DFC,0x0000,0x0000,0x0000,
        0x0000,0x0000,0x647C,0x9480,0x9480,0x9480,0x8880,0x0080,
        0x7C90,0x9090,0x9010,0x9010,0x7DFC,0x0000,0x0000,0x0000,
        0x0000,0x0000,0x00FC,0x7900,0x8900,0x8900,0x8900,0x8900,
        0x8910,0x8910,0x8810,0x8810,0x7BFC,0x0000,0x0000,0x0000,
        0x0000,0x0000,0x00FC,0x7D00,0x9100,0x9100,0x9100,0x9100,
        0x9110,0x9110,0x9010,0x9010,0x7DFC,0x0000,0x0000,0x0000,
        0x0000,0x0000,0x00FC,0x8100,0x8100,0x4100,0x4100,0x2100,
        0x1910,0x2110,0x4010,0x4010,0x87FC,0x8000,0x0000,0x0000,
        0x0000,0x8000,0x80FC,0x4100,0x2100,0x1900,0x2100,0xC100,
        0x4110,0x2110,0x1810,0x2010,0x43FC,0x8000,0x0000,0x0000,
        0x0000,0x0000,0x00FC,0x3100,0x4900,0x4900,0x8500,0x8500,
        0x8510,0x8510,0x4810,0x4810,0x33FC,0x0000,0x0000,0x0000,
        0x0000,0x0000,0x007C,0x0880,0x4880,0xA880,0xAA80,0xAA80,
        0xAA90,0xAA90,0xAA10,0xA810,0x49FC,0x0800,0x0000,0x0000,
        0x0000,0x0000,0x0FF8,0x1000,0x1000,0x1000,0x1000,0x1040,
        0x1040,0x0040,0xFFFC,0x0000,0x0000,0xFFFC,0x0000,0x0000,
        0x0000,0x0000,0x00FC,0x0900,0x0900,0x0900,0x0900,0x0910,
        0x0910,0x0810,0x0BFC,0x0800,0x0800,0xF3FC,0x0000,0x0000,
        0x0000,0x0000,0x01FC,0x7200,0x8200,0x8200,0x8200,0x8220,
        0x8220,0x8020,0x8FFC,0x8000,0x8000,0x9FFC,0x0000,0x0000,
        0x0000,0x0000,0x007C,0x6480,0x9480,0x9480,0x9480,0x9490,
        0x9410,0x9410,0x95FC,0x9400,0x9400,0x89FC,0x0000,0x0000,
        0x0000,0x0000,0x00FC,0x7900,0x8900,0x8900,0x8900,0x8910,
        0x8910,0x8810,0x8BFC,0x8800,0x8800,0x7BFC,0x0000,0x0000,
        0x0000,0x0000,0x00FC,0x7D00,0x9100,0x9100,0x9100,0x9110,
        0x9110,0x9010,0x91FC,0x9000,0x9000,0x7DFC,0x0000,0x0000,
        0x0000,0x0000,0x00FC,0x8100,0x8100,0x4100,0x4100,0x2110,
        0x1910,0x2010,0x43FC,0x4000,0x8000,0x87FC,0x0000,0x0000,
        0x0000,0x0000,0x80FC,0x8100,0x4100,0x2100,0x1900,0x2110,
        0xC110,0x4010,0x21FC,0x1800,0x2000,0x43FC,0x8000,0x0000,
        0x0000,0x0000,0x00FC,0x3100,0x4900,0x4900,0x8500,0x8510,
        0x8510,0x8410,0x85FC,0x4800,0x4800,0x33FC,0x0000,0x0000,
        0x0000,0x0000,0x0FF8,0x1000,0x1000,0x1000,0x1000,0x1000,
        0x1110,0x0910,0x0910,0x0110,0xFFFC,0x0000,0x0000,0x0000,
        0x0000,0x0000,0x00FC,0x0900,0x0900,0x0900,0x0900,0x0900,
        0x0900,0x0948,0x0848,0x0848,0xF3FC,0x0000,0x0000,0x0000,
        0x0000,0x0000,0x01FC,0x7200,0x8200,0x8200,0x8200,0x8200,
        0x8248,0x8248,0x8048,0x8048,0x8FFC,0x0000,0x0000,0x0000,
        0x0000,0x0000,0x007C,0x6480,0x9480,0x9480,0x9480,0x9480,
        0x9480,0x94C8,0x9448,0x9448,0x89FC,0x0000,0x0000,0x0000,
        0x0000,0x0000,0x00FC,0x7900,0x8900,0x8900,0x8900,0x8900,
        0x8900,0x8948,0x8848,0x8848,0x7BFC,0x0000,0x0000,0x0000,
        0x0000,0x0000,0x00FC,0x7D00,0x9100,0x9100,0x9100,0x9100,
        0x9100,0x9148,0x9048,0x9048,0x7DFC,0x0000,0x0000,0x0000,
        0x0000,0x8000,0x80FC,0x4100,0x2100,0x1900,0x2100,0xC100,
        0x4100,0x2148,0x1848,0x2048,0x43FC,0x8000,0x0000,0x0000,
        0x0000,0x0000,0x00FC,0x3100,0x4900,0x4900,0x8500,0x8500,
        0x8500,0x8548,0x4848,0x4848,0x33FC,0x0000,0x0000,0x0000,
        0x0000,0x0000,0x00FC,0x2900,0x2900,0x2900,0x2900,0x2900,
        0x2900,0x2948,0x2848,0x2848,0xF3FC,0x0000,0x0000,0x0000,
        0x0000,0x0000,0x0FF8,0x1000,0x1000,0x1000,0x1000,0x1220,
        0x1220,0x0220,0xFFFC,0x0000,0x0000,0xFFFC,0x0000,0x0000,
        0x0000,0x0000,0x01FC,0x7200,0x8200,0x8200,0x8200,0x8248,
        0x8248,0x8048,0x87FC,0x8000,0x8000,0x8FFC,0x0000,0x0000,
        0x0000,0x0000,0x4000,0x41F8,0x4200,0x4200,0x4200,0x4200,
        0x7E00,0x4200,0x4200,0x4200,0x4200,0x4200,0x4000,0x0000,
        0x0000,0x0000,0x0100,0x091C,0x0920,0x0920,0x0920,0x0920,
        0x09E0,0x0920,0x0920,0x0920,0x0920,0xF120,0x0100,0x0000,
        0x0000,0x0000,0x0200,0x723C,0x8240,0x8240,0x8240,0x8240,
        0x83C0,0x8240,0x8240,0x8240,0x8240,0x8240,0x0200,0x0000,
        0x0000,0x0000,0x0100,0x651C,0x9520,0x9520,0x9520,0x9520,
        0x95E0,0x9520,0x9520,0x9520,0x9520,0x8920,0x0100,0x0000,
        0x0000,0x0000,0x0100,0x651C,0x9520,0x9520,0x9520,0x8920,
        0x01E0,0x7D20,0x8520,0x8520,0x8520,0x7D20,0x0100,0x0000,
        0x0000,0x0000,0x0100,0x791C,0x8920,0x8920,0x8920,0x8920,
        0x89E0,0x8920,0x8920,0x8920,0x8920,0x7920,0x0100,0x0000,
        0x0000,0x0000,0x0100,0x7D1C,0x9120,0x9120,0x9120,0x9120,
        0x91E0,0x9120,0x9120,0x9120,0x9120,0x7D20,0x0100,0x0000,
        0x0000,0x0000,0x0100,0x811C,0x8120,0x4120,0x4120,0x2120,
        0x19E0,0x2120,0x4120,0x4120,0x8120,0x8120,0x0100,0x0000,
        0x0000,0x0000,0x0100,0x211C,0x5120,0x5120,0x8920,0x8920,
        0x89E0,0x8920,0x8920,0x5120,0x5120,0x2120,0x0100,0x0000,
        0x0000,0x0000,0x0100,0x891C,0x8920,0xF920,0x8920,0x8920,
        0x89E0,0x8920,0x8920,0xF920,0x8920,0x8920,0x0100,0x0000,
        0x0000,0x0000,0x0080,0x088C,0x4890,0xA890,0xAA90,0xAA90,
        0xAAF0,0xAA90,0xAA90,0xA890,0x4890,0x0890,0x0080,0x0000,
        0x0000,0x2000,0x20F8,0x2100,0x2100,0x3F00,0x2100,0x2100,
        0x2100,0x2100,0x2000,0x0000,0xFFFC,0x0100,0x0100,0x0000,
        0x0000,0x0200,0x021C,0x7220,0x8220,0x83E0,0x8220,0x8220,
        0x8220,0x8220,0x8200,0x8000,0x9FFC,0x0080,0x0080,0x0000,
        0x0000,0x0100,0x011C,0x4920,0xA920,0xA9E0,0xA920,0xA920,
        0xA920,0xA920,0xA900,0xA800,0x93FC,0x0020,0x0020,0x0000,
        0x0000,0x8100,0x811C,0x4120,0x2120,0x19E0,0x2120,0xC120,
        0x4120,0x2120,0x1900,0x2000,0x43FC,0x8020,0x0020,0x0000,
        0x0000,0x2000,0x20F8,0x2100,0x2100,0x3F00,0x2100,0x2100,
        0x2100,0x2100,0x2000,0x0000,0xFFFC,0x0000,0x0000,0x0000,
        0x0000,0x0200,0x021C,0x7220,0x8220,0x83E0,0x8220,0x8220,
        0x8220,0x8220,0x8200,0x8000,0x8FFC,0x0000,0x0000,0x0000,
        0x0000,0x0100,0x011C,0x4920,0xA920,0xA9E0,0xA920,0xA920,
        0xA920,0xA920,0xA900,0xA800,0x93FC,0x0000,0x0000,0x0000,
        0x0000,0x0100,0x011C,0x7920,0x8920,0x89E0,0x8920,0x8920,
        0x8920,0x8920,0x8900,0x8800,0x7BFC,0x0000,0x0000,0x0000,
        0x0000,0x0100,0x011C,0x7920,0x9120,0x91E0,0x9120,0x9120,
        0x9120,0x9120,0x9100,0x9000,0x7BFC,0x0000,0x0000,0x0000,
        0x0000,0x0100,0x011C,0x8120,0x8120,0x41E0,0x4120,0x2120,
        0x1920,0x2120,0x4100,0x4000,0x87FC,0x8000,0x0000,0x0000,
        0x0000,0x0000,0x4000,0x41F8,0x4200,0x7E00,0x4200,0x4200,
        0x4200,0x4200,0x4200,0x7E00,0x4200,0x4200,0x4000,0x0000,
        0x0000,0x0000,0x0100,0x091C,0x0920,0x09E0,0x0920,0x0920,
        0x0920,0x0920,0x0920,0x09E0,0x0920,0xF120,0x0100,0x0000,
        0x0000,0x0000,0x0400,0x743C,0x8440,0x87C0,0x8440,0x8440,
        0x8440,0x8440,0x8440,0x87C0,0x8440,0x8440,0x0400,0x0000,
        0x0000,0x0000,0x0100,0x651C,0x9520,0x95E0,0x9520,0x9520,
        0x9520,0x9520,0x9520,0x95E0,0x9520,0x8920,0x0100,0x0000,
        0x0000,0x0000,0x0100,0x7D1C,0x9120,0x91E0,0x9120,0x9120,
        0x9120,0x9120,0x9120,0x91E0,0x9120,0x7D20,0x0100,0x0000,
        0x0000,0x0000,0x0100,0x811C,0x8120,0x41E0,0x4120,0x2120,
        0x1920,0x2120,0x4120,0x41E0,0x8120,0x8120,0x0100,0x0000,
        0x0000,0x0000,0x0100,0x211C,0x5120,0x51E0,0x8920,0x8920,
        0x8920,0x8920,0x8920,0x51E0,0x5120,0x2120,0x0100,0x0000,
        0x0000,0x0000,0x0200,0x023C,0x0240,0x0240,0x0240,0x0240,
        0xFE40,0x0240,0x0240,0x0240,0x0240,0x0240,0x0200,0x0000,
        0x0000,0x0000,0x0100,0x091C,0x0920,0x0920,0x0920,0x0920,
        0x0F20,0x0920,0x0920,0x0920,0x0920,0xF120,0x0100,0x0000,
        0x0000,0x0000,0x0200,0x723C,0x8240,0x8240,0x8240,0x8240,
        0x9E40,0x8240,0x8240,0x8240,0x8240,0x8240,0x0200,0x0000,
        0x0000,0x0000,0x0100,0x711C,0x8920,0x8920,0x8920,0x8920,
        0x8F20,0x8920,0x8920,0x8920,0x8920,0x8920,0x0100,0x0000,
        0x0000,0x0000,0x0080,0x649C,0x94A0,0x94A0,0x94A0,0x94A0,
        0x97A0,0x94A0,0x94A0,0x94A0,0x94A0,0x88A0,0x0080,0x0000,
        0x0000,0x0000,0x0100,0x791C,0x8920,0x8920,0x8920,0x8920,
        0x8F20,0x8920,0x8920,0x8920,0x8920,0x7920,0x0100,0x0000,
        0x0000,0x0000,0x0100,0x7D1C,0x9120,0x9120,0x9120,0x9120,
        0x9720,0x9120,0x9120,0x9120,0x9120,0x7D20,0x0100,0x0000,
        0x0000,0x0000,0x0100,0x811C,0x8120,0x4120,0x4120,0x2120,
        0x1720,0x2120,0x4120,0x4120,0x8120,0x8120,0x0100,0x0000,
        0x0000,0x0000,0x0100,0x211C,0x5120,0x5120,0x8920,0x8920,
        0x8F20,0x8920,0x8920,0x5120,0x5120,0x2120,0x0100,0x0000,
        0x0000,0x0100,0x011C,0x0120,0x4120,0x3F20,0x0120,0x0120,
        0x0920,0x0920,0x0900,0x0800,0xFFFC,0x0000,0x0000,0x0000,
        0x0000,0x0080,0x809C,0x80A0,0x40A0,0x37A0,0x20A0,0x40A0,
        0x80A0,0x82A0,0x4280,0x3200,0x27FC,0x4000,0x8000,0x0000,
        0x0000,0x0200,0x023C,0x0240,0x4240,0x3E40,0x0240,0x0240,
        0x1200,0x1000,0xFFFC,0x0000,0x0000,0xFFFC,0x0000,0x0000,
        0x0000,0x0100,0x011C,0x0120,0x4120,0x3F20,0x0120,0x0120,
        0x0120,0x0120,0x0100,0x0000,0xFFFC,0x0000,0x0000,0x0000,
        0x0000,0x0100,0x011C,0x6120,0x8120,0x8F20,0x8120,0x8120,
        0x8120,0x8120,0x8100,0x8000,0x9FFC,0x0000,0x0000,0x0000,
        0x0000,0x0080,0x009C,0x48A0,0xA8A0,0xAFA0,0xA8A0,0xA8A0,
        0xA8A0,0xA8A0,0xA880,0xA800,0x93FC,0x0000,0x0000,0x0000,
        0x0000,0x0080,0x009C,0x70A0,0x90A0,0x97A0,0x90A0,0x90A0,
        0x90A0,0x90A0,0x9080,0x9000,0x77FC,0x0000,0x0000,0x0000,
        0x0000,0x0080,0x009C,0x78A0,0xA0A0,0xA7A0,0xA0A0,0xA0A0,
        0xA0A0,0xA0A0,0xA080,0xA000,0x7BFC,0x0000,0x0000,0x0000,
        0x0000,0x0000,0x0400,0x043C,0x8440,0x7C40,0x0440,0x0440,
        0x0440,0x0440,0x0440,0xFC40,0x0440,0x0440,0x0400,0x0000,
        0x0000,0x0000,0x0100,0x091C,0x0920,0x0F20,0x0920,0x0920,
        0x0920,0x0920,0x0920,0x0F20,0x0920,0xF120,0x0100,0x0000,
        0x0000,0x0000,0x0080,0x649C,0x94A0,0x97A0,0x94A0,0x94A0,
        0x94A0,0x94A0,0x94A0,0x97A0,0x94A0,0x88A0,0x0080,0x0000,
        0x0000,0x0000,0x0100,0x791C,0x8920,0x8F20,0x8920,0x8920,
        0x8920,0x8920,0x8920,0x8F20,0x8920,0x7920,0x0100,0x0000,
        0x0000,0x0000,0x0100,0x7D1C,0x9120,0x9720,0x9120,0x9120,
        0x9120,0x9120,0x9120,0x9720,0x9120,0x7D20,0x0100,0x0000,
        0x0000,0x0000,0x0100,0x211C,0x5120,0x5720,0x8920,0x8920,
        0x8920,0x8920,0x8920,0x5720,0x5120,0x2120,0x0100,0x0000,
        0x0000,0x0000,0x4000,0x41F8,0x4200,0x4200,0x4200,0x4200,
        0x4200,0x4200,0x4200,0x4200,0x4200,0x4200,0x4000,0x0000,
        0x0000,0x0000,0x0100,0x091C,0x0920,0x0920,0x0920,0x0920,
        0x0920,0x0920,0x0920,0x0920,0x0920,0xF120,0x0100,0x0000,
        0x0000,0x0000,0x0200,0x723C,0x8240,0x8240,0x8240,0x8240,
        0x8240,0x8240,0x8240,0x8240,0x8240,0x8240,0x0200,0x0000,
        0x0000,0x0000,0x0080,0x649C,0x94A0,0x94A0,0x94A0,0x94A0,
        0x94A0,0x94A0,0x94A0,0x94A0,0x94A0,0x88A0,0x0080,0x0000,
        0x0000,0x0000,0x0080,0x649C,0x94A0,0x94A0,0x94A0,0x88A0,
        0x80A0,0x04A0,0x04A0,0x04A0,0x04A0,0xF8A0,0x0080,0x0000,
        0x0000,0x0000,0x0080,0x649C,0x94A0,0x94A0,0x94A0,0x88A0,
        0x00A0,0x7CA0,0x84A0,0x84A0,0x84A0,0x7CA0,0x0080,0x0000,
        0x0000,0x0000,0x0100,0x791C,0x8920,0x8920,0x8920,0x8920,
        0x8920,0x8920,0x8920,0x8920,0x8920,0x7920,0x0100,0x0000,
        0x0000,0x0000,0x0100,0x7D1C,0x9120,0x9120,0x9120,0x9120,
        0x9120,0x9120,0x9120,0x9120,0x9120,0x7D20,0x0100,0x0000,

        0x0000,0x0000,0x0100,0x811C,0x8120,0x4120,0x4120,0x2120,
        0x1920,0x2120,0x4120,0x4120,0x8120,0x8120,0x0100,0x0000,
        0x0000,0x0000,0x0100,0x311C,0x4920,0x4920,0x8520,0x8520,
        0x8520,0x8520,0x8520,0x4920,0x4920,0x3120,0x0100,0x0000,
        0x0000,0x0000,0x0100,0x891C,0x8920,0x4920,0x4920,0x2920,
        0x1920,0x2920,0x4920,0x4920,0x8920,0x8920,0x0100,0x0000,
        0x0000,0x0000,0x0100,0x891C,0x8920,0xF920,0x8920,0x8920,
        0x8920,0x8920,0x8920,0xF920,0x8920,0x8920,0x0100,0x0000,
        0x0000,0x2000,0x20F8,0x2100,0x2100,0x2100,0x2100,0x2100,
        0x2100,0x2100,0x2000,0x0000,0xFFFC,0x0000,0x0000,0x0000,
        0x0000,0x0200,0x021C,0x7220,0x8220,0x8220,0x8220,0x8220,
        0x8220,0x8220,0x8200,0x8000,0x8FFC,0x0000,0x0000,0x0000,
        0x0000,0x0100,0x011C,0x4920,0xA920,0xA920,0xA920,0xA920,
        0xA920,0xA920,0xA900,0xA800,0x93FC,0x0000,0x0000,0x0000,
        0x0000,0x0000,0x0FF8,0x1000,0x1000,0x1000,0x1000,0x1000,
        0x1000,0x1000,0x0800,0x0800,0xFFFC,0x0000,0x0000,0x0000,
        0x0000,0x0000,0x00FC,0x0900,0x0900,0x0900,0x0900,0x0900,
        0x0900,0x0880,0x0880,0x0800,0xF3FC,0x0000,0x0000,0x0000,
        0x0000,0x0000,0x00FC,0x7100,0x8100,0x8100,0x8100,0x8100,
        0x8100,0x8080,0x8080,0x8000,0x8FFC,0x0000,0x0000,0x0000,
        0x0000,0x0000,0x007C,0x6480,0x9480,0x9480,0x9480,0x9480,
        0x9480,0x9440,0x9440,0x9400,0x89FC,0x0000,0x0000,0x0000,
        0x0000,0x0000,0x647C,0x9480,0x9480,0x9480,0x8880,0x0080,
        0x7C80,0x8440,0x8440,0x8400,0x7DFC,0x0000,0x0000,0x0000,
        0x0000,0x0000,0x00FC,0x7900,0x8900,0x8900,0x8900,0x8900,
        0x8900,0x8880,0x8880,0x8800,0x7BFC,0x0000,0x0000,0x0000,
        0x0000,0x0000,0x00FC,0x7D00,0x9100,0x9100,0x9100,0x9100,
        0x9100,0x9080,0x9080,0x9000,0x7DFC,0x0000,0x0000,0x0000,
        0x0000,0x0000,0x00FC,0x8100,0x8100,0x4100,0x4100,0x2100,
        0x1900,0x2080,0x4080,0x4000,0x87FC,0x8000,0x0000,0x0000,
        0x0000,0x0000,0x00FC,0x3100,0x4900,0x4900,0x8500,0x8500,
        0x8500,0x8480,0x4880,0x4800,0x33FC,0x0000,0x0000,0x0000,
        0x0000,0x0000,0x00FC,0x8900,0x8900,0xF900,0x8900,0x8900,
        0x8900,0x8880,0xF880,0x8800,0x8BFC,0x0000,0x0000,0x0000,
        0x0000,0x0000,0x1FF0,0x2008,0x2008,0x2008,0x2008,0x2008,
        0x2008,0x1000,0x1000,0x0000,0xFFFC,0x0080,0x0080,0x0000,
        0x0000,0x0000,0x00F8,0x0904,0x0904,0x0904,0x0904,0x0904,
        0x0904,0x0884,0x0880,0x0800,0xF3FC,0x0020,0x0020,0x0000,
        0x0000,0x0000,0x08F8,0x0904,0x0904,0x0904,0xF104,0x0104,
        0x0904,0x0884,0x0880,0x0800,0xF3FC,0x0020,0x0020,0x0000,
        0x0000,0x0000,0x01F8,0x7204,0x8204,0x8204,0x8204,0x8204,
        0x8204,0x8100,0x8100,0x8000,0x8FFC,0x0040,0x0040,0x0000,
        0x0000,0x0000,0x00F8,0x7104,0x8904,0x8904,0x8904,0x8904,
        0x8904,0x8884,0x8880,0x8800,0x8BFC,0x0020,0x0020,0x0000,
        0x0000,0x0000,0x00F8,0x6504,0x9504,0x9504,0x9504,0x9504,
        0x9504,0x9484,0x9480,0x9400,0x89FC,0x0020,0x0020,0x0000,
        0x0000,0x0000,0x6478,0x9484,0x9484,0x9484,0x9484,0x8884,
        0x0484,0x0444,0x0440,0x0400,0xF9FC,0x0020,0x0020,0x0000,
        0x0000,0x0000,0x6478,0x9484,0x9484,0x9484,0x8884,0x0084,
        0x7C84,0x8444,0x8440,0x8400,0x7DFC,0x0020,0x0020,0x0000,
        0x0000,0x0000,0x6478,0x9484,0x9484,0x9484,0x8884,0x0084,
        0x7C84,0x9044,0x9040,0x9000,0x7DFC,0x0020,0x0020,0x0000,
        0x0000,0x0000,0x6478,0x9484,0x9484,0x9484,0x8884,0x1084,
        0x5084,0xB444,0x9440,0xB400,0x51FC,0x1020,0x0020,0x0000,
        0x0000,0x0000,0x00F8,0x7904,0x8904,0x8904,0x8904,0x8904,
        0x8904,0x8884,0x8880,0x8800,0x7BFC,0x0020,0x0020,0x0000,
        0x0000,0x0000,0x00F8,0x7D04,0x9104,0x9104,0x9104,0x9104,
        0x9104,0x9084,0x9080,0x9000,0x7DFC,0x0020,0x0020,0x0000,
        0x0000,0x0000,0x00F8,0x8104,0x8104,0x4104,0x4104,0x2104,
        0x1904,0x2084,0x4080,0x4000,0x87FC,0x8020,0x0020,0x0000,
        0x0000,0x8000,0x80F8,0x4104,0x2104,0x1904,0x2104,0xC104,
        0x4104,0x2084,0x1880,0x2000,0x43FC,0x8020,0x0020,0x0000,
        0x0000,0x0000,0x00F8,0x3104,0x4904,0x4904,0x8504,0x8504,
        0x8504,0x8484,0x4880,0x4800,0x33FC,0x0020,0x0020,0x0000,
        0x0000,0x0000,0x00F8,0x8904,0x8904,0x4904,0x4904,0x2904,
        0x1904,0x2884,0x4880,0x4800,0x8BFC,0x8820,0x0020,0x0000,
        0x0000,0x0000,0x0078,0x9084,0x9084,0x9084,0x5484,0x5484,
        0x3484,0x5444,0x5440,0x9000,0x93FC,0x9020,0x0020,0x0000,
        0x0000,0x0000,0x0078,0x0884,0x4884,0xA884,0xAA84,0xAA84,
        0xAA84,0xAA44,0xAA40,0xA800,0x49FC,0x0820,0x0020,0x0000,
        0x0000,0x0000,0x1FF0,0x2008,0x2008,0x2008,0x2008,0x1008,
        0x1000,0x0000,0xFFFC,0x0100,0x0100,0xFFFC,0x0000,0x0000,
        0x0000,0x0000,0x00F8,0x0904,0x0904,0x0904,0x0904,0x0904,
        0x0880,0x0880,0x0BFC,0x0820,0x0820,0xF3FC,0x0000,0x0000,
        0x0000,0x0000,0x01F8,0x7204,0x8204,0x8204,0x8204,0x8204,
        0x8100,0x8100,0x87FC,0x8040,0x8040,0x8FFC,0x0000,0x0000,
        0x0000,0x0000,0x0078,0x6484,0x9484,0x9484,0x9484,0x9484,
        0x9440,0x9440,0x95FC,0x9420,0x9420,0x89FC,0x0000,0x0000,
        0x0000,0x0000,0x00F8,0x7904,0x8904,0x8904,0x8904,0x8904,
        0x8880,0x8880,0x8BFC,0x8820,0x8820,0x7BFC,0x0000,0x0000,
        0x0000,0x0000,0x00F8,0x7D04,0x9104,0x9104,0x9104,0x9104,
        0x9080,0x9080,0x91FC,0x9020,0x9020,0x7DFC,0x0000,0x0000,
        0x0000,0x0000,0x00F8,0x8104,0x8104,0x4104,0x4104,0x2104,
        0x1880,0x2080,0x43FC,0x4020,0x8020,0x87FC,0x0000,0x0000,
        0x0000,0x0000,0x80F8,0x8104,0x4104,0x2104,0x1904,0x2104,
        0xC080,0x4080,0x21FC,0x1820,0x2020,0x43FC,0x8000,0x0000,
        0x0000,0x0000,0x00F8,0x3104,0x4904,0x4904,0x8504,0x8504,
        0x8480,0x8480,0x85FC,0x4820,0x4820,0x33FC,0x0000,0x0000,
        0x0000,0x0000,0x1FF0,0x2008,0x2008,0x2008,0x2008,0x2008,
        0x2008,0x1000,0x1000,0x0000,0xFFFC,0x0420,0x0420,0x0000,
        0x0000,0x0000,0x1FF0,0x2008,0x2008,0x2008,0x2008,0x2008,
        0x2088,0x2080,0x0080,0x0080,0xFFFC,0x0000,0x0000,0x0000,
        0x0000,0x0000,0x00F8,0x0904,0x0904,0x0904,0x0904,0x0904,
        0x0904,0x0920,0x0820,0x0820,0xF3FC,0x0000,0x0000,0x0000,
        0x0000,0x0000,0x08F8,0x0904,0x0904,0x0904,0xF104,0x0104,
        0x0904,0x0910,0x0810,0x0810,0xF3FC,0x0000,0x0000,0x0000,
        0x0000,0x0000,0x01F8,0x7204,0x8204,0x8204,0x8204,0x8204,
        0x8224,0x8220,0x8020,0x8020,0x9FFC,0x0000,0x0000,0x0000,
        0x0000,0x0000,0x00F8,0x7104,0x8904,0x8904,0x8904,0x8904,
        0x8904,0x8910,0x8810,0x8810,0x8BFC,0x0000,0x0000,0x0000,
        0x0000,0x0000,0x0078,0x6484,0x9484,0x9484,0x9484,0x9484,
        0x9484,0x9490,0x9410,0x9410,0x89FC,0x0000,0x0000,0x0000,
        0x0000,0x0000,0x6478,0x9484,0x9484,0x9484,0x8884,0x0084,
        0x7C84,0x8490,0x8410,0x8410,0x7DFC,0x0000,0x0000,0x0000,
        0x0000,0x0000,0x6478,0x9484,0x9484,0x9484,0x8884,0x0084,
        0x7C84,0x9090,0x9010,0x9010,0x7DFC,0x0000,0x0000,0x0000,
        0x0000,0x0000,0x00F8,0x7904,0x8904,0x8904,0x8904,0x8904,
        0x8904,0x8910,0x8810,0x8810,0x7BFC,0x0000,0x0000,0x0000,
        0x0000,0x0000,0x00F8,0x7D04,0x9104,0x9104,0x9104,0x9104,
        0x9104,0x9110,0x9010,0x9010,0x7DFC,0x0000,0x0000,0x0000,
        0x0000,0x0000,0x00F8,0x8104,0x8104,0x4104,0x4104,0x2104,
        0x1904,0x2110,0x4010,0x4010,0x87FC,0x8000,0x0000,0x0000,
        0x0000,0x0000,0x00F8,0x3104,0x4904,0x4904,0x8504,0x8504,
        0x8504,0x8510,0x4810,0x4810,0x33FC,0x0000,0x0000,0x0000,
        0x0000,0x0000,0x0078,0x9084,0x9084,0x9084,0x5484,0x5484,
        0x3484,0x5490,0x5410,0x9010,0x93FC,0x9000,0x0000,0x0000,
        0x0000,0x0000,0x00F8,0x8904,0x8904,0xF904,0x8904,0x8904,
        0x8904,0x8910,0xF810,0x8810,0x8BFC,0x0000,0x0000,0x0000,
        0x0000,0x0000,0x1FF0,0x2008,0x2008,0x2008,0x2008,0x2088,
        0x2080,0x0080,0xFFFC,0x0000,0x0000,0xFFFC,0x0000,0x0000,
        0x0000,0x0000,0x00F8,0x0904,0x0904,0x0904,0x0904,0x0924,
        0x0920,0x0820,0x0BFC,0x0800,0x0800,0xF3FC,0x0000,0x0000,
        0x0000,0x0000,0x01F8,0x7204,0x8204,0x8204,0x8204,0x8224,
        0x8220,0x8020,0x8FFC,0x8000,0x8000,0x9FFC,0x0000,0x0000,
        0x0000,0x0000,0x00F8,0x6504,0x9504,0x9504,0x9504,0x9524,
        0x9420,0x9420,0x95FC,0x9400,0x9400,0x89FC,0x0000,0x0000,
        0x0000,0x0000,0x00F8,0x7904,0x8904,0x8904,0x8904,0x8924,
        0x8920,0x8820,0x8BFC,0x8800,0x8800,0x7BFC,0x0000,0x0000,
        0x0000,0x0000,0x00F8,0x7D04,0x9104,0x9104,0x9104,0x9124,
        0x9120,0x9020,0x91FC,0x9000,0x9000,0x7DFC,0x0000,0x0000,
        0x0000,0x0000,0x00F8,0x8104,0x8104,0x4104,0x4104,0x2124,
        0x1920,0x2020,0x43FC,0x4000,0x8000,0x87FC,0x0000,0x0000,
        0x0000,0x0000,0x80F8,0x8104,0x4104,0x2104,0x1904,0x2124,
        0xC120,0x4020,0x21FC,0x1800,0x2000,0x43FC,0x8000,0x0000,
        0x0000,0x0000,0x00F8,0x3104,0x4904,0x4904,0x8504,0x8524,
        0x8520,0x8420,0x85FC,0x4800,0x4800,0x33FC,0x0000,0x0000,
        0x0000,0x0000,0x1FF0,0x2008,0x2008,0x2008,0x2008,0x2008,
        0x2008,0x2420,0x0420,0x0420,0xFFFC,0x0000,0x0000,0x0000,
        0x0000,0x0000,0x01F8,0x7204,0x8204,0x8204,0x8204,0x8204,
        0x8204,0x8290,0x8090,0x8090,0x8FFC,0x0000,0x0000,0x0000,
        0x0000,0x0000,0x0078,0x6484,0x9484,0x9484,0x9484,0x9484,
        0x9484,0x94C8,0x9448,0x9448,0x8BFC,0x0000,0x0000,0x0000,
        0x0000,0x8000,0x80F8,0x4104,0x2104,0x1904,0x2104,0xC104,
        0x4104,0x2148,0x1848,0x2048,0x43FC,0x8000,0x0000,0x0000,
        0x0000,0x0000,0x00F8,0x3104,0x4904,0x4904,0x8504,0x8504,
        0x8504,0x8548,0x4848,0x4848,0x33FC,0x0000,0x0000,0x0000,
        0x0000,0x0000,0x1FF0,0x2008,0x2008,0x2008,0x2008,0x2428,
        0x2420,0x0420,0xFFFC,0x0000,0x0000,0xFFFC,0x0000,0x0000,
        0x0000,0x0000,0x01F8,0x7204,0x8204,0x8204,0x8204,0x8204,
        0x8290,0x8090,0x87FC,0x8000,0x8000,0x8FFC,0x0000,0x0000,
        0x0000,0x0000,0x4000,0x41F0,0x4208,0x4208,0x4208,0x4208,
        0x7E08,0x4208,0x4208,0x4208,0x4208,0x4208,0x4000,0x0000,
        0x0000,0x0000,0x0100,0x0918,0x0924,0x0924,0x0924,0x0924,
        0x09E4,0x0924,0x0924,0x0924,0x0924,0xF124,0x0100,0x0000,
        0x0000,0x0000,0x0200,0x7238,0x8244,0x8244,0x8244,0x8244,
        0x83C4,0x8244,0x8244,0x8244,0x8244,0x8244,0x0200,0x0000,
        0x0000,0x0000,0x0100,0x7118,0x8924,0x8924,0x8924,0x8924,
        0x89E4,0x8924,0x8924,0x8924,0x8924,0x8924,0x0100,0x0000,
        0x0000,0x0000,0x0100,0x6518,0x9524,0x9524,0x9524,0x9524,
        0x95E4,0x9524,0x9524,0x9524,0x9524,0x8924,0x0100,0x0000,
        0x0000,0x0000,0x0100,0x6518,0x9524,0x9524,0x9524,0x8924,
        0x01E4,0x7D24,0x8524,0x8524,0x8524,0x7D24,0x0100,0x0000,
        0x0000,0x0000,0x0100,0x6518,0x9524,0x9524,0x9524,0x8924,
        0x81E4,0x8124,0x4124,0x3D24,0x4124,0x8124,0x8100,0x0000,
        0x0000,0x0000,0x0100,0x7918,0x8924,0x8924,0x8924,0x8924,
        0x89E4,0x8924,0x8924,0x8924,0x8924,0x7924,0x0100,0x0000,
        0x0000,0x0000,0x0100,0x7D18,0x9124,0x9124,0x9124,0x9124,
        0x91E4,0x9124,0x9124,0x9124,0x9124,0x7D24,0x0100,0x0000,
        0x0000,0x0000,0x0100,0x8118,0x8124,0x4124,0x4124,0x2124,
        0x19E4,0x2124,0x4124,0x4124,0x8124,0x8124,0x0100,0x0000,
        0x0000,0x0000,0x0100,0x3118,0x4924,0x4924,0x8524,0x8524,
        0x85E4,0x8524,0x8524,0x4924,0x4924,0x3124,0x0100,0x0000,
        0x0000,0x0000,0x0100,0x9118,0x9124,0x9124,0x5524,0x5524,
        0x35E4,0x5524,0x5524,0x9124,0x9124,0x9124,0x0100,0x0000,
        0x0000,0x0000,0x0100,0x7918,0x9524,0x9524,0x9524,0x9524,
        0x95E4,0x9524,0x9524,0x9524,0x9524,0x9524,0x0100,0x0000,
        0x0000,0x2000,0x20F0,0x2108,0x2108,0x3F08,0x2108,0x2108,
        0x2108,0x2108,0x2000,0x0000,0xFFFC,0x0100,0x0100,0x0000,
        0x0000,0x0200,0x0238,0x7244,0x8244,0x83C4,0x8244,0x8244,
        0x8244,0x8244,0x8200,0x8000,0x9FFC,0x0080,0x0080,0x0000,
        0x0000,0x0100,0x0118,0x4924,0xA924,0xA9E4,0xA924,0xA924,
        0xA924,0xA924,0xA900,0xA800,0x93FC,0x0020,0x0020,0x0000,
        0x0000,0x2000,0x20F0,0x2108,0x2108,0x3F08,0x2108,0x2108,
        0x2000,0x0000,0xFFFC,0x0100,0x0100,0xFFFC,0x0000,0x0000,
        0x0000,0x0100,0x8118,0x4124,0x2124,0x19E4,0x2124,0x4124,
        0x8124,0x4000,0x23FC,0x1840,0x2040,0x43FC,0x8000,0x0000,
        0x0000,0x2000,0x20F0,0x2108,0x2108,0x2108,0x3F08,0x2108,
        0x2108,0x2108,0x2000,0x0000,0xFFFC,0x0000,0x0000,0x0000,
        0x0000,0x0200,0x0238,0x7244,0x8244,0x8244,0x83C4,0x8244,
        0x8244,0x8244,0x8240,0x8000,0x8FFC,0x0000,0x0000,0x0000,
        0x0000,0x0100,0x0118,0x4924,0xA924,0xA924,0xA9E4,0xA924,
        0xA924,0xA924,0xA900,0xA800,0x93FC,0x0000,0x0000,0x0000,
        0x0000,0x0100,0x0118,0x7924,0x8924,0x89E4,0x8924,0x8924,
        0x8924,0x8924,0x8900,0x8800,0x7BFC,0x0000,0x0000,0x0000,
        0x0000,0x0100,0x0118,0x7924,0x9124,0x91E4,0x9124,0x9124,
        0x9124,0x9124,0x9100,0x9000,0x7BFC,0x0000,0x0000,0x0000,
        0x0000,0x0100,0x0118,0x8124,0x8124,0x41E4,0x4124,0x2124,
        0x1924,0x2124,0x4100,0x4000,0x87FC,0x8000,0x0000,0x0000,
        0x0000,0x0000,0x4000,0x41F0,0x4208,0x7E08,0x4208,0x4208,
        0x4208,0x4208,0x4208,0x7E08,0x4208,0x4208,0x4000,0x0000,
        0x0000,0x0000,0x0200,0x0238,0x0244,0x0244,0x0244,0x0244,
        0xFE44,0x0244,0x0244,0x0244,0x0244,0x0244,0x0200,0x0000,
        0x0000,0x0000,0x0100,0x0938,0x0944,0x0944,0x0944,0x0944,
        0x0F44,0x0944,0x0944,0x0944,0x0944,0xF144,0x0100,0x0000,
        0x0000,0x0000,0x0200,0x7238,0x8244,0x8244,0x8244,0x8244,
        0x9E44,0x8244,0x8244,0x8244,0x8244,0x8244,0x0200,0x0000,
        0x0000,0x0000,0x0100,0x6538,0x9544,0x9544,0x9544,0x9544,
        0x9744,0x9544,0x9544,0x9544,0x9544,0x8944,0x0100,0x0000,
        0x0000,0x0000,0x0100,0x7938,0x8944,0x8944,0x8944,0x8944,
        0x8F44,0x8944,0x8944,0x8944,0x8944,0x7944,0x0100,0x0000,
        0x0000,0x0000,0x0100,0x7D38,0x9144,0x9144,0x9144,0x9144,
        0x9744,0x9144,0x9144,0x9144,0x9144,0x7D44,0x0100,0x0000,
        0x0000,0x0000,0x0100,0x8138,0x8144,0x4144,0x4144,0x2144,
        0x1744,0x2144,0x4144,0x4144,0x8144,0x8144,0x0100,0x0000,
        0x0000,0x0000,0x0100,0x3118,0x4924,0x4924,0x8524,0x8524,
        0x8724,0x8524,0x8524,0x4924,0x4924,0x3124,0x0100,0x0000,
        0x0000,0x0200,0x0238,0x0244,0x4244,0x3E44,0x0244,0x0244,
        0x1244,0x1244,0x1200,0x1000,0xFFFC,0x0000,0x0000,0x0000,
        0x0000,0x0080,0x8098,0x80A4,0x40A4,0x37A4,0x20A4,0x40A4,
        0x80A4,0x82A4,0x4280,0x3200,0x27FC,0x4000,0x8000,0x0000,
        0x0000,0x0200,0x0238,0x0244,0x4244,0x3E44,0x0244,0x0244,
        0x1200,0x1000,0xFFFC,0x0000,0x0000,0xFFFC,0x0000,0x0000,
        0x0000,0x0080,0x0098,0x60A4,0x97A4,0x90A4,0x90A4,0x92A4,
        0x9280,0x9200,0x97FC,0x9000,0x9000,0x67FC,0x0000,0x0000,
        0x0000,0x0200,0x0238,0x0244,0x0244,0x4244,0x3E44,0x0244,
        0x0244,0x0244,0x0200,0x0200,0xFFFC,0x0000,0x0000,0x0000,
        0x0000,0x0200,0x0238,0x6244,0x8244,0x9E44,0x8244,0x8244,
        0x8244,0x8244,0x8200,0x8000,0x9FFC,0x0000,0x0000,0x0000,
        0x0000,0x0100,0x0118,0x4924,0xA924,0xAF24,0xA924,0xA924,
        0xA924,0xA924,0xA900,0xA800,0x93FC,0x0000,0x0000,0x0000,
        0x0000,0x0100,0x0118,0x7924,0xA124,0xA724,0xA124,0xA124,
        0xA124,0xA124,0xA100,0xA000,0x7BFC,0x0000,0x0000,0x0000,
        0x0000,0x0100,0x0118,0x8124,0x8124,0x4724,0x4124,0x2124,
        0x1924,0x2124,0x4100,0x4000,0x87FC,0x8000,0x0000,0x0000,
        0x0000,0x0100,0x0118,0x7124,0x5124,0x8F24,0x8924,0x8924,
        0x8924,0x8924,0x8900,0x5000,0x77FC,0x0000,0x0000,0x0000,
        0x0000,0x0000,0x0400,0x0478,0x8484,0x7C84,0x0484,0x0484,
        0x0484,0x0484,0x0484,0xFC84,0x0484,0x0484,0x0400,0x0000,
        0x0000,0x0000,0x0200,0x7238,0x8244,0x8244,0x9E44,0x8244,
        0x8244,0x8244,0x8244,0x9E44,0x8244,0x8244,0x0200,0x0000,
        0x0000,0x0000,0x0100,0x6538,0x9544,0x9744,0x9544,0x9544,
        0x9544,0x9544,0x9544,0x9744,0x9544,0x8944,0x0100,0x0000,
        0x0000,0x0000,0x0100,0x7938,0x8944,0x8F44,0x8944,0x8944,
        0x8944,0x8944,0x8944,0x8F44,0x8944,0x7944,0x0100,0x0000,
        0x0000,0x0000,0x0100,0x2138,0x5144,0x5744,0x8944,0x8944,
        0x8944,0x8944,0x8944,0x5744,0x5144,0x2144,0x0100,0x0000,
        0x0000,0x0000,0x4000,0x41F0,0x4208,0x4208,0x4208,0x4208,
        0x4208,0x4208,0x4208,0x4208,0x4208,0x4208,0x4000,0x0000,
        0x0000,0x0000,0x0100,0x0918,0x0924,0x0924,0x0924,0x0924,
        0x0924,0x0924,0x0924,0x0924,0x0924,0xF124,0x0100,0x0000,
        0x0000,0x0000,0x0200,0x7238,0x8244,0x8244,0x8244,0x8244,
        0x8244,0x8244,0x8244,0x8244,0x8244,0x8244,0x0200,0x0000,
        0x0000,0x0000,0x0100,0x7118,0x8924,0x8924,0x8924,0x8924,

        0x8924,0x8924,0x8924,0x8924,0x8924,0x8924,0x0100,0x0000,
        0x0000,0x0000,0x0100,0x6518,0x9524,0x9524,0x9524,0x9524,
        0x9524,0x9524,0x9524,0x9524,0x9524,0x8924,0x0100,0x0000,
        0x0000,0x0000,0x0100,0x6518,0x9524,0x9524,0x9524,0x8924,
        0x0124,0x7D24,0x8524,0x8524,0x8524,0x7D24,0x0100,0x0000,
        0x0000,0x0000,0x0100,0x7918,0x8924,0x8924,0x8924,0x8924,
        0x8924,0x8924,0x8924,0x8924,0x8924,0x7924,0x0100,0x0000,
        0x0000,0x0000,0x0100,0x7D18,0x9124,0x9124,0x9124,0x9124,
        0x9124,0x9124,0x9124,0x9124,0x9124,0x7D24,0x0100,0x0000,
        0x0000,0x0000,0x0100,0x8118,0x8124,0x4124,0x4124,0x2124,
        0x1924,0x2124,0x4124,0x4124,0x8124,0x8124,0x0100,0x0000,
        0x0000,0x0000,0x0100,0x2118,0x5124,0x5124,0x8924,0x8924,
        0x8924,0x8924,0x8924,0x5124,0x5124,0x2124,0x0100,0x0000,
        0x0000,0x2000,0x20F0,0x2108,0x2108,0x2108,0x2108,0x2108,
        0x2108,0x2108,0x2000,0x0000,0xFFFC,0x0000,0x0000,0x0000,
        0x0000,0x0000,0x1FF0,0x2008,0x2008,0x2008,0x2008,0x2008,
        0x2008,0x1000,0x1000,0x0000,0xFFFC,0x0000,0x0000,0x0000,
        0x0000,0x0000,0x00F8,0x0904,0x0904,0x0904,0x0904,0x0904,
        0x0904,0x0884,0x0880,0x0800,0xF3FC,0x0000,0x0000,0x0000,
        0x0000,0x0000,0x01F8,0x7204,0x8204,0x8204,0x8204,0x8204,
        0x8204,0x8100,0x8100,0x8000,0x8FFC,0x0000,0x0000,0x0000,
        0x0000,0x0000,0x00F8,0x7104,0x8904,0x8904,0x8904,0x8904,
        0x8904,0x8884,0x8880,0x8800,0x8BFC,0x0000,0x0000,0x0000,
        0x0000,0x0000,0x0078,0x6484,0x9484,0x9484,0x9484,0x9484,
        0x9484,0x9444,0x9440,0x9400,0x89FC,0x0000,0x0000,0x0000,
        0x0000,0x0000,0x00F8,0x7904,0x8904,0x8904,0x8904,0x8904,
        0x8904,0x8884,0x8880,0x8800,0x7BFC,0x0000,0x0000,0x0000,
        0x0000,0x0000,0x00F8,0x7D04,0x9104,0x9104,0x9104,0x9104,
        0x9104,0x9084,0x9080,0x9000,0x7DFC,0x0000,0x0000,0x0000,
        0x0000,0x0000,0x00F8,0x8104,0x8104,0x4104,0x4104,0x2104,
        0x1904,0x2084,0x4080,0x4000,0x87FC,0x8000,0x0000,0x0000,
        0x0000,0x8000,0x80F8,0x4104,0x2104,0x1904,0x2104,0xC104,
        0x4104,0x2084,0x1880,0x2000,0x43FC,0x8000,0x0000,0x0000,
        0x0000,0x0000,0x00F8,0x3104,0x4904,0x4904,0x8504,0x8504,
        0x8504,0x8484,0x4880,0x4800,0x33FC,0x0000,0x0000,0x0000,
        0x0000,0x0000,0x00F8,0x8904,0x8904,0x4904,0x4904,0x2904,
        0x1904,0x2884,0x4880,0x4800,0x8BFC,0x8800,0x0000,0x0000,
        0x0000,0x1FF0,0x2008,0x2008,0x2008,0x2000,0x1FF0,0x2008,
        0x2008,0x2008,0x2000,0x1000,0xFFFC,0x0080,0x0080,0x0000,
        0x0000,0x00F8,0x0104,0x0904,0x0904,0x0800,0x08F8,0x0904,
        0x0904,0x0904,0x0900,0x0880,0xF3FC,0x0020,0x0020,0x0000,
        0x0000,0x01F8,0x0204,0x7204,0x8204,0x8000,0x81F8,0x8204,
        0x8204,0x8204,0x8200,0x8100,0x8FFC,0x0040,0x0040,0x0000,
        0x0000,0x0078,0x0084,0x6484,0x9484,0x9480,0x9478,0x9484,
        0x9484,0x9484,0x9480,0x9440,0x89FC,0x0020,0x0020,0x0000,
        0x0000,0x00F8,0x0104,0x7904,0x8904,0x8800,0x88F8,0x8904,
        0x8904,0x8904,0x8900,0x8880,0x7BFC,0x0020,0x0020,0x0000,
        0x0000,0x00F8,0x0104,0x7D04,0x9104,0x9000,0x90F8,0x9104,
        0x9104,0x9104,0x9100,0x9080,0x7DFC,0x0020,0x0020,0x0000,
        0x0000,0x00F8,0x0104,0x8104,0x8104,0x4000,0x40F8,0x2104,
        0x1904,0x2104,0x4100,0x4080,0x87FC,0x8020,0x0020,0x0000,
        0x0000,0x80F8,0x8104,0x4104,0x2104,0x1800,0x20F8,0xC104,
        0x4104,0x2104,0x1900,0x2080,0x43FC,0x8020,0x0020,0x0000,
        0x0000,0x00F8,0x0104,0x3104,0x4904,0x4800,0x84F8,0x8504,
        0x8504,0x8504,0x4900,0x4880,0x33FC,0x0020,0x0020,0x0000,
        0x0000,0x0078,0x0084,0x0884,0x4884,0xA880,0xAA78,0xAA84,
        0xAA84,0xAA84,0xAA80,0xA840,0x49FC,0x0820,0x0020,0x0000,
        0x0000,0x1FF0,0x2008,0x2008,0x2000,0x1FF0,0x2008,0x2008,
        0x2000,0x1000,0xFFFC,0x0100,0x0100,0xFFFC,0x0000,0x0000,
        0x0000,0x00F8,0x0104,0x0904,0x0900,0x08F8,0x0904,0x0904,
        0x0900,0x0880,0x0BFC,0x0820,0x0820,0xF3FC,0x0000,0x0000,
//};
	
	

        0x0000,0x01F8,0x0204,0x7204,0x8200,0x81F8,0x8204,0x8204,
        0x8200,0x8100,0x87FC,0x8040,0x8040,0x8FFC,0x0000,0x0000,
        0x0000,0x0078,0x0084,0x6484,0x9480,0x9478,0x9484,0x9484,
        0x9480,0x9440,0x95FC,0x9420,0x9420,0x89FC,0x0000,0x0000,
        0x0000,0x00F8,0x0104,0x7904,0x8900,0x88F8,0x8904,0x8904,
        0x8900,0x8880,0x8BFC,0x8820,0x8820,0x7BFC,0x0000,0x0000,
        0x0000,0x00F8,0x0104,0x7D04,0x9100,0x90F8,0x9104,0x9104,
        0x9100,0x9080,0x91FC,0x9020,0x9020,0x7DFC,0x0000,0x0000,
        0x0000,0x00F8,0x0104,0x8104,0x8100,0x40F8,0x4104,0x2104,
        0x1900,0x2080,0x43FC,0x4020,0x8020,0x87FC,0x0000,0x0000,
        0x0000,0x00F8,0x8104,0x8104,0x4100,0x20F8,0x1904,0x2104,
        0xC100,0x4080,0x21FC,0x1820,0x2020,0x43FC,0x8000,0x0000,
        0x0000,0x00F8,0x0104,0x3104,0x4900,0x48F8,0x8504,0x8504,
        0x8500,0x8480,0x85FC,0x4820,0x4820,0x33FC,0x0000,0x0000,
        0x0000,0x1FF0,0x2008,0x2008,0x2008,0x0000,0x1FF0,0x2008,
        0x2008,0x2008,0x1080,0x0080,0xFFFC,0x0000,0x0000,0x0000,
        0x0000,0x00F8,0x0104,0x0904,0x0904,0x0800,0x08F8,0x0904,
        0x0904,0x0904,0x0920,0x0820,0xF3FC,0x0000,0x0000,0x0000,
        0x0000,0x01F8,0x0204,0x7204,0x8204,0x8000,0x81F8,0x8204,
        0x8204,0x8224,0x8220,0x8020,0x8FFC,0x0000,0x0000,0x0000,
        0x0000,0x00F8,0x0104,0x6504,0x9504,0x9400,0x94F8,0x9504,
        0x9504,0x9524,0x9520,0x9420,0x89FC,0x0000,0x0000,0x0000,
        0x0000,0x0078,0x6484,0x9484,0x9484,0x9400,0x8878,0x0084,
        0x7C84,0x8484,0x8420,0x8420,0x7DFC,0x0000,0x0000,0x0000,
        0x0000,0x0078,0x6484,0x9484,0x9484,0x9400,0x8878,0x0084,
        0x7C84,0x9084,0x9020,0x9020,0x7DFC,0x0000,0x0000,0x0000,
        0x0000,0x00F8,0x0104,0x7904,0x8904,0x8800,0x88F8,0x8904,
        0x8904,0x8904,0x8920,0x8820,0x7BFC,0x0000,0x0000,0x0000,
        0x0000,0x00F8,0x0104,0x7D04,0x9104,0x9000,0x90F8,0x9104,
        0x9104,0x9104,0x9120,0x9020,0x7DFC,0x0000,0x0000,0x0000,
        0x0000,0x00F8,0x0104,0x8104,0x8104,0x4000,0x40F8,0x2104,
        0x1904,0x2104,0x4120,0x4020,0x87FC,0x8000,0x0000,0x0000,
        0x0000,0x80F8,0x8104,0x4104,0x2104,0x1800,0x20F8,0xC104,
        0x4104,0x2104,0x1920,0x2020,0x43FC,0x8000,0x0000,0x0000,
        0x0000,0x00F8,0x0104,0x3104,0x4904,0x4800,0x84F8,0x8504,
        0x8504,0x8504,0x4920,0x4820,0x33FC,0x0000,0x0000,0x0000,
        0x0000,0x0078,0x0084,0x0884,0x4884,0xA800,0xAA78,0xAA84,
        0xAA84,0xAA84,0xAA20,0xA820,0x49FC,0x0800,0x0000,0x0000,
        0x0000,0x1FF0,0x2008,0x2008,0x2000,0x1FF0,0x2008,0x2008,
        0x2080,0x0080,0xFFFC,0x0000,0x0000,0xFFFC,0x0000,0x0000,
        0x0000,0x00F8,0x0104,0x0904,0x0800,0x08F8,0x0904,0x0904,
        0x0920,0x0820,0x0BFC,0x0800,0x0800,0xF3FC,0x0000,0x0000,
        0x0000,0x01F8,0x0204,0x7204,0x8200,0x81F8,0x8204,0x8204,
        0x8220,0x8020,0x8FFC,0x8000,0x8000,0x9FFC,0x0000,0x0000,
        0x0000,0x00F8,0x0104,0x6504,0x9400,0x94F8,0x9504,0x9504,
        0x9520,0x9420,0x95FC,0x9400,0x9400,0x89FC,0x0000,0x0000,
        0x0000,0x00F8,0x0104,0x7904,0x8800,0x88F8,0x8904,0x8904,
        0x8920,0x8820,0x8BFC,0x8800,0x8800,0x7BFC,0x0000,0x0000,
        0x0000,0x00F8,0x0104,0x7D04,0x9000,0x90F8,0x9104,0x9104,
        0x9120,0x9020,0x91FC,0x9000,0x9000,0x7DFC,0x0000,0x0000,
        0x0000,0x00F8,0x0104,0x8104,0x8000,0x40F8,0x4104,0x2104,
        0x1920,0x2020,0x43FC,0x4000,0x8000,0x87FC,0x0000,0x0000,
        0x0000,0x00F8,0x8104,0x8104,0x4000,0x20F8,0x1904,0x2104,
        0xC120,0x4020,0x21FC,0x1800,0x2000,0x43FC,0x8000,0x0000,
        0x0000,0x00F8,0x0104,0x3104,0x4800,0x48F8,0x8504,0x8504,
        0x8520,0x8420,0x85FC,0x4800,0x4800,0x33FC,0x0000,0x0000,
        0x0000,0x1FF0,0x2008,0x2008,0x2008,0x0000,0x1FF0,0x2008,
        0x2008,0x2008,0x1220,0x0220,0xFFFC,0x0000,0x0000,0x0000,
        0x0000,0x80F8,0x8104,0x4104,0x2104,0x1800,0x20F8,0xC104,
        0x4104,0x214C,0x1948,0x2048,0x43FC,0x8000,0x0000,0x0000,
        0x0000,0x0000,0x4000,0x41F0,0x4208,0x4208,0x4208,0x4208,
        0x7C00,0x41F0,0x4208,0x4208,0x4208,0x4208,0x4000,0x0000,
        0x0000,0x0000,0x0100,0x0918,0x0924,0x0924,0x0924,0x0924,
        0x09C0,0x0918,0x0924,0x0924,0x0924,0xF124,0x0100,0x0000,
        0x0000,0x0000,0x0400,0x7438,0x8444,0x8444,0x8444,0x8444,
        0x8780,0x8438,0x8444,0x8444,0x8444,0x8444,0x0400,0x0000,
        0x0000,0x0000,0x0100,0x6518,0x9524,0x9524,0x9524,0x9524,
        0x95C0,0x9518,0x9524,0x9524,0x9524,0x8924,0x0100,0x0000,
        0x0000,0x0000,0x0100,0x2118,0x5124,0x5124,0x8924,0x8924,
        0x89C0,0x8918,0x8924,0x5124,0x5124,0x2124,0x0100,0x0000,
        0x0000,0x20F0,0x2108,0x2108,0x2108,0x3E00,0x20F0,0x2108,
        0x2108,0x2108,0x2000,0x0000,0xFFFC,0x0100,0x0100,0x0000,
        0x0000,0x0118,0x0124,0x4924,0xA924,0xA9C0,0xA918,0xA924,
        0xA924,0xA924,0xA900,0xA800,0x93FC,0x0020,0x0020,0x0000,
        0x0000,0x20F0,0x2108,0x2108,0x3F00,0x20F0,0x2108,0x2108,
        0x2108,0x0000,0xFFFC,0x0100,0x0100,0xFFFC,0x0000,0x0000,
        0x0000,0x20F0,0x2108,0x2108,0x2108,0x3E00,0x20F0,0x2108,
        0x2108,0x2108,0x2000,0x0000,0xFFFC,0x0000,0x0000,0x0000,
        0x0000,0x0238,0x0244,0x7244,0x8244,0x83C0,0x8238,0x8244,
        0x8244,0x8244,0x8200,0x8000,0x8FFC,0x0000,0x0000,0x0000,
        0x0000,0x0000,0x0400,0x0478,0x0484,0x0484,0x0484,0x0484,
        0xFC00,0x0478,0x0484,0x0484,0x0484,0x0484,0x0400,0x0000,
        0x0000,0x0000,0x0100,0x0938,0x0944,0x0944,0x0944,0x0944,
        0x0F00,0x0938,0x0944,0x0944,0x0944,0xF144,0x0100,0x0000,
        0x0000,0x0000,0x0200,0x7238,0x8244,0x8244,0x8244,0x8244,
        0x9E00,0x8238,0x8244,0x8244,0x8244,0x8244,0x0200,0x0000,
        0x0000,0x0000,0x0100,0x6538,0x9544,0x9544,0x9544,0x9544,
        0x9700,0x9538,0x9544,0x9544,0x9544,0x8944,0x0100,0x0000,
        0x0000,0x0000,0x0100,0x6538,0x9544,0x9544,0x9544,0x8944,
        0x1700,0x5138,0xB544,0x9544,0xB544,0x5144,0x1100,0x0000,
        0x0000,0x0000,0x0100,0x7938,0x8944,0x8944,0x8944,0x8944,
        0x8F00,0x8938,0x8944,0x8944,0x8944,0x7944,0x0100,0x0000,
        0x0000,0x0000,0x0100,0x2138,0x5144,0x5144,0x8944,0x8944,
        0x8F00,0x8938,0x8944,0x5144,0x5144,0x2144,0x0100,0x0000,
        0x0000,0x0238,0x0244,0x0244,0x4240,0x3E38,0x0244,0x0244,
        0x1244,0x1000,0xFFFC,0x0000,0x0000,0xFFFC,0x0000,0x0000,
        0x0000,0x0238,0x0244,0x0244,0x4244,0x3E00,0x0238,0x0244,
        0x0244,0x0244,0x0200,0x0000,0xFFFC,0x0000,0x0000,0x0000,
        0x0000,0x0238,0x0244,0x6244,0x8244,0x9E00,0x8238,0x8244,
        0x8244,0x8244,0x8200,0x8000,0x9FFC,0x0000,0x0000,0x0000,
        0x0000,0x0118,0x0124,0x4924,0xA924,0xAF00,0xA918,0xA924,
        0xA924,0xA924,0xA900,0xA800,0x93FC,0x0000,0x0000,0x0000,
        0x0000,0x0118,0x0124,0x7124,0x9124,0x9700,0x9118,0x9124,
        0x9124,0x9124,0x9100,0x9000,0x77FC,0x0000,0x0000,0x0000,
        0x0000,0x0118,0x0124,0x7924,0xA124,0xA700,0xA118,0xA124,
        0xA124,0xA124,0xA100,0xA000,0x7BFC,0x0000,0x0000,0x0000,
        0x0000,0x0118,0x0124,0x7124,0x5124,0x8F00,0x8918,0x8924,
        0x8924,0x8924,0x8900,0x5000,0x77FC,0x0000,0x0000,0x0000,
        0x0000,0x0000,0x4000,0x41F0,0x4208,0x4208,0x4208,0x4208,
        0x4000,0x41F0,0x4208,0x4208,0x4208,0x4208,0x4000,0x0000,
        0x0000,0x0000,0x0100,0x0918,0x0924,0x0924,0x0924,0x0924,
        0x0900,0x0918,0x0924,0x0924,0x0924,0xF124,0x0100,0x0000,
        0x0000,0x0000,0x0200,0x7238,0x8244,0x8244,0x8244,0x8244,
        0x8200,0x8238,0x8244,0x8244,0x8244,0x8244,0x0200,0x0000,
        0x0000,0x0000,0x0100,0x7118,0x8924,0x8924,0x8924,0x8924,
        0x8900,0x8918,0x8924,0x8924,0x8924,0x8924,0x0100,0x0000,
        0x0000,0x0000,0x0100,0x6518,0x9524,0x9524,0x9524,0x9524,
        0x9500,0x9518,0x9524,0x9524,0x9524,0x8924,0x0100,0x0000,
        0x0000,0x0000,0x0100,0x7918,0x8924,0x8924,0x8924,0x8924,
        0x8900,0x8918,0x8924,0x8924,0x8924,0x7924,0x0100,0x0000,
        0x0000,0x0000,0x0100,0x7D18,0x9124,0x9124,0x9124,0x9124,
        0x9100,0x9118,0x9124,0x9124,0x9124,0x7D24,0x0100,0x0000,
        0x0000,0x0000,0x8100,0x8118,0x8124,0x4124,0x4124,0x2124,
        0x1900,0x2118,0x4124,0x4124,0x8124,0x8124,0x8100,0x0000,
        0x0000,0x20F0,0x2108,0x2108,0x2108,0x2000,0x20F0,0x2108,
        0x2108,0x2108,0x2000,0x0000,0xFFFC,0x0000,0x0000,0x0000,
        0x0000,0x0238,0x0244,0x7244,0x8244,0x8200,0x8238,0x8244,
        0x8244,0x8244,0x8200,0x8000,0x8FFC,0x0000,0x0000,0x0000,
        0x0000,0x0118,0x0124,0x4924,0xA924,0xA900,0xA918,0xA924,
        0xA924,0xA924,0xA900,0xA800,0x97FC,0x0000,0x0000,0x0000,
        0x0000,0x0118,0x0124,0x7924,0x8924,0x8900,0x8918,0x8924,
        0x8924,0x8924,0x8900,0x8800,0x7FFC,0x0000,0x0000,0x0000,
        0x0000,0x0118,0x0124,0x7924,0x9124,0x9100,0x9118,0x9124,
        0x9124,0x9124,0x9100,0x9000,0x7FFC,0x0000,0x0000,0x0000,
        0x0000,0x1FF0,0x2008,0x2008,0x2008,0x2000,0x1FF0,0x2008,
        0x2008,0x2008,0x2000,0x1000,0xFFFC,0x0000,0x0000,0x0000,
        0x0000,0x01F8,0x0204,0x7204,0x8204,0x8000,0x81F8,0x8204,
        0x8204,0x8204,0x8200,0x8100,0x8FFC,0x0000,0x0000,0x0000,
        0x0000,0x0078,0x0084,0x6484,0x9484,0x9480,0x9478,0x9484,
        0x9484,0x9484,0x9480,0x9440,0x89FC,0x0000,0x0000,0x0000,
        0x0000,0x00F8,0x0104,0x7904,0x8904,0x8800,0x88F8,0x8904,
        0x8904,0x8904,0x8900,0x8880,0x7BFC,0x0000,0x0000,0x0000,
        0x0000,0x00F8,0x0104,0x7D04,0x9104,0x9000,0x90F8,0x9104,
        0x9104,0x9104,0x9100,0x9080,0x7DFC,0x0000,0x0000,0x0000,
        0x0000,0x00F8,0x0104,0x8104,0x8104,0x4000,0x40F8,0x2104,
        0x1904,0x2104,0x4100,0x4080,0x87FC,0x8000,0x0000,0x0000,
        0x0000,0x00F8,0x0104,0x3104,0x4904,0x4800,0x84F8,0x8504,
        0x8504,0x8504,0x4900,0x4880,0x33FC,0x0000,0x0000,0x0000,
        0x0000,0x0000,0x1E08,0x2108,0x2108,0x2108,0x2108,0x2108,
        0x20F0,0x2000,0x1000,0x1000,0xFFFC,0x0080,0x0080,0x0000,
        0x0000,0x0000,0x00C4,0x0924,0x0924,0x0924,0x0924,0x0924,
        0x0918,0x0900,0x0880,0x0880,0xF3FC,0x0020,0x0020,0x0000,
        0x0000,0x0000,0x01C4,0x7224,0x8224,0x8224,0x8224,0x8224,
        0x8218,0x8200,0x8100,0x8100,0x8FFC,0x0040,0x0040,0x0000,
        0x0000,0x0000,0x0064,0x6494,0x9494,0x9494,0x9494,0x9494,
        0x9494,0x9488,0x9440,0x9440,0x89FC,0x0020,0x0020,0x0000,
        0x0000,0x0000,0x00C4,0x7924,0x8924,0x8924,0x8924,0x8924,
        0x8918,0x8900,0x8880,0x8880,0x7BFC,0x0020,0x0020,0x0000,
        0x0000,0x0000,0x00C4,0x7D24,0x9124,0x9124,0x9124,0x9124,
        0x9124,0x9118,0x9080,0x9080,0x7DFC,0x0020,0x0020,0x0000,
        0x0000,0x0000,0x00C4,0x8124,0x8124,0x4124,0x4124,0x2124,
        0x1924,0x2118,0x4080,0x4080,0x87FC,0x8020,0x0020,0x0000,
        0x0000,0x0000,0x80C4,0x4124,0x2124,0x1924,0x2124,0x4124,
        0x8118,0x4100,0x2080,0x1880,0x23FC,0x4020,0x8020,0x0000,
        0x0000,0x0000,0x00C4,0x3124,0x4924,0x4924,0x8524,0x8524,
        0x8524,0x8518,0x4880,0x4880,0x33FC,0x0020,0x0020,0x0000,
        0x0000,0x0000,0x00C4,0x8924,0x8924,0x4924,0x4924,0x2924,
        0x1924,0x2918,0x4880,0x4880,0x8BFC,0x8820,0x0020,0x0000,
        0x0000,0x0000,0x00C4,0x8924,0x8924,0xF924,0x8924,0x8924,
        0x8924,0x8918,0xF880,0x8880,0x8BFC,0x0020,0x0020,0x0000,
        0x0000,0x0000,0x0064,0x0894,0x4894,0xA894,0xAA94,0xAA94,
        0xAA94,0xAA88,0xAA40,0xA840,0x49FC,0x0820,0x0020,0x0000,
        0x0000,0x0000,0x1E08,0x2108,0x2108,0x2108,0x2108,0x20F0,
        0x1000,0x1000,0xFFFC,0x0100,0x0100,0xFFFC,0x0000,0x0000,
        0x0000,0x0000,0x00C4,0x0924,0x0924,0x0924,0x0924,0x0918,
        0x0880,0x0880,0x0BFC,0x0820,0x0820,0xF3FC,0x0000,0x0000,
        0x0000,0x0000,0x01C4,0x7224,0x8224,0x8224,0x8224,0x8218,
        0x8100,0x8100,0x87FC,0x8040,0x8040,0x8FFC,0x0000,0x0000,
        0x0000,0x0000,0x0064,0x6494,0x9494,0x9494,0x9494,0x9488,
        0x9440,0x9440,0x95FC,0x9420,0x9420,0x89FC,0x0000,0x0000,
        0x0000,0x0000,0x00C4,0x7924,0x8924,0x8924,0x8924,0x8918,
        0x8880,0x8880,0x8BFC,0x8820,0x8820,0x7BFC,0x0000,0x0000,
        0x0000,0x0000,0x00C4,0x7D24,0x9124,0x9124,0x9124,0x9118,
        0x9080,0x9080,0x91FC,0x9020,0x9020,0x7DFC,0x0000,0x0000,
        0x0000,0x0000,0x00C4,0x8124,0x8124,0x4124,0x4124,0x2118,
        0x1880,0x2080,0x43FC,0x4020,0x8020,0x87FC,0x0000,0x0000,
        0x0000,0x0000,0x80C4,0x8124,0x4124,0x2124,0x1924,0x2118,
        0xC080,0x4080,0x21FC,0x1820,0x2020,0x43FC,0x8000,0x0000,
        0x0000,0x0000,0x00C4,0x3124,0x4924,0x4924,0x8524,0x8518,
        0x8480,0x8480,0x85FC,0x4820,0x4820,0x33FC,0x0000,0x0000,
        0x0000,0x0000,0x1E08,0x2108,0x2108,0x2108,0x2108,0x2108,
        0x20F0,0x2000,0x1000,0x1000,0xFFFC,0x0420,0x0420,0x0000,
        0x0000,0x0000,0x00C4,0x0924,0x0924,0x0924,0x0924,0x0924,
        0x0918,0x0900,0x0880,0x0880,0xF3FC,0x0048,0x0048,0x0000,
        0x0000,0x0000,0x01C4,0x7224,0x8224,0x8224,0x8224,0x8224,
        0x8224,0x8218,0x8100,0x8100,0x8FFC,0x0110,0x0110,0x0000,
        0x0000,0x0000,0x00C4,0x8124,0x8124,0x4124,0x4124,0x2124,
        0x1924,0x2118,0x4080,0x4080,0x87FC,0x8048,0x0048,0x0000,
        0x0000,0x0000,0x00C4,0x3124,0x4924,0x4924,0x8524,0x8524,
        0x8524,0x8518,0x4880,0x4880,0x33FC,0x0048,0x0048,0x0000,
        0x0000,0x0000,0x1E08,0x2108,0x2108,0x2108,0x2108,0x20F0,
        0x2000,0x2100,0x0100,0x0100,0xFFFC,0x0000,0x0000,0x0000,
        0x0000,0x0000,0x00C4,0x0924,0x0924,0x0924,0x0924,0x0924,
        0x0918,0x0920,0x0820,0x0820,0xF3FC,0x0000,0x0000,0x0000,
        0x0000,0x0000,0x01C4,0x7224,0x8224,0x8224,0x8224,0x8218,
        0x8200,0x8220,0x8020,0x8020,0x9FFC,0x0000,0x0000,0x0000,
        0x0000,0x0000,0x0064,0x6494,0x9494,0x9494,0x9494,0x9494,
        0x9488,0x9420,0x9420,0x9420,0x89FC,0x0000,0x0000,0x0000,
        0x0000,0x0000,0x00C4,0x7924,0x8924,0x8924,0x8924,0x8924,
        0x8918,0x8920,0x8820,0x8820,0x7BFC,0x0000,0x0000,0x0000,
        0x0000,0x0000,0x00C4,0x7D24,0x9124,0x9124,0x9124,0x9124,
        0x9118,0x9120,0x9020,0x9020,0x7DFC,0x0000,0x0000,0x0000,
        0x0000,0x0000,0x00C4,0x8124,0x8124,0x4124,0x4124,0x2124,
        0x1918,0x2120,0x4020,0x4020,0x87FC,0x8000,0x0000,0x0000,
        0x0000,0x0000,0x80C4,0x4124,0x2124,0x1924,0x2124,0x4124,
        0x8118,0x4120,0x2020,0x1820,0x23FC,0x4000,0x8000,0x0000,
        0x0000,0x0000,0x00C4,0x3124,0x4924,0x4924,0x8524,0x8524,
        0x8518,0x8520,0x4820,0x4820,0x33FC,0x0000,0x0000,0x0000,
        0x0000,0x0000,0x0864,0x4894,0xA894,0xAA94,0xAA94,0xAA94,
        0xAA88,0xAA80,0xAA08,0xA808,0x49FC,0x0800,0x0000,0x0000,
        0x0000,0x0000,0x1E08,0x2108,0x2108,0x2108,0x20F0,0x2000,
        0x2100,0x0100,0xFFFC,0x0000,0x0000,0xFFFC,0x0000,0x0000,
        0x0000,0x0000,0x00C4,0x0924,0x0924,0x0924,0x0918,0x0900,
        0x0820,0x0820,0x0BFC,0x0800,0x0800,0xF3FC,0x0000,0x0000,
        0x0000,0x0000,0x01C4,0x7224,0x8224,0x8224,0x8218,0x8200,
        0x8020,0x8020,0x8FFC,0x8000,0x8000,0x9FFC,0x0000,0x0000,
        0x0000,0x0000,0x0064,0x6494,0x9494,0x9494,0x9494,0x9488,
        0x9420,0x9420,0x95FC,0x9400,0x9400,0x89FC,0x0000,0x0000,
        0x0000,0x0000,0x00C4,0x7924,0x8924,0x8924,0x8918,0x8900,
        0x8820,0x8820,0x8BFC,0x8800,0x8800,0x7BFC,0x0000,0x0000,
        0x0000,0x0000,0x00C4,0x7D24,0x9124,0x9124,0x9118,0x9100,
        0x9020,0x9020,0x91FC,0x9000,0x9000,0x7DFC,0x0000,0x0000,
        0x0000,0x0000,0x00C4,0x8124,0x8124,0x4124,0x4118,0x2100,
        0x1820,0x2020,0x43FC,0x4000,0x8000,0x87FC,0x0000,0x0000,
        0x0000,0x0000,0x00C4,0x3124,0x4924,0x4924,0x8518,0x8500,
        0x8420,0x8420,0x85FC,0x4800,0x4800,0x33FC,0x0000,0x0000,
        0x0000,0x0000,0x1E08,0x2108,0x2108,0x2108,0x2108,0x20F0,
        0x2000,0x2440,0x0440,0x0440,0xFFFC,0x0000,0x0000,0x0000,
        0x0000,0x0000,0x00C4,0x0924,0x0924,0x0924,0x0924,0x0924,
        0x0918,0x0900,0x0848,0x0848,0xF3FC,0x0000,0x0000,0x0000,
        0x0000,0x0000,0x01C4,0x7224,0x8224,0x8224,0x8224,0x8218,
        0x8200,0x8290,0x8090,0x8090,0x8FFC,0x0000,0x0000,0x0000,
        0x0000,0x0000,0x0064,0x6494,0x9494,0x9494,0x9494,0x9494,
        0x9488,0x9400,0x9448,0x9448,0x89FC,0x0000,0x0000,0x0000,
        0x0000,0x0000,0x00C4,0x7924,0x8924,0x8924,0x8924,0x8924,
        0x8918,0x8900,0x8848,0x8848,0x7BFC,0x0000,0x0000,0x0000,
        0x0000,0x0000,0x00C4,0x7D24,0x9124,0x9124,0x9124,0x9124,
        0x9118,0x9100,0x9048,0x9048,0x7DFC,0x0000,0x0000,0x0000,
        0x0000,0x0000,0x00C4,0x8124,0x8124,0x4124,0x4124,0x2124,
        0x1918,0x2100,0x4048,0x4048,0x87FC,0x8000,0x0000,0x0000,
        0x0000,0x8000,0x80C4,0x4124,0x2124,0x1924,0x2124,0xC124,
        0x4118,0x2100,0x1848,0x2048,0x43FC,0x8000,0x0000,0x0000,
        0x0000,0x0000,0x00C4,0x3124,0x4924,0x4924,0x8524,0x8524,
        0x8518,0x8500,0x4848,0x4848,0x33FC,0x0000,0x0000,0x0000,
        0x0000,0x0000,0x1E08,0x2108,0x2108,0x2108,0x20F0,0x2000,
        0x2440,0x0440,0xFFFC,0x0000,0x0000,0xFFFC,0x0000,0x0000,
        0x0000,0x0000,0x01C4,0x7224,0x8224,0x8224,0x8218,0x8200,
        0x8090,0x8090,0x87FC,0x8000,0x8000,0x8FFC,0x0000,0x0000,
        0x0000,0x0000,0x00C4,0x7D24,0x9124,0x9124,0x9118,0x9100,
        0x9048,0x9048,0x91FC,0x9000,0x9000,0x7DFC,0x0000,0x0000,
        0x0000,0x0000,0x00C4,0x8124,0x8124,0x4124,0x4118,0x2100,
        0x1848,0x2048,0x43FC,0x4000,0x8000,0x87FC,0x0000,0x0000,
        0x0000,0x0000,0x4000,0x4388,0x4448,0x4448,0x4448,0x4448,
        0x7C48,0x4448,0x4448,0x4448,0x4448,0x4430,0x4000,0x0000,
        0x0000,0x0000,0x0200,0x1224,0x1254,0x1254,0x1254,0x1254,
        0x13D4,0x1254,0x1254,0x1254,0x1254,0xE248,0x0200,0x0000,
        0x0000,0x0000,0x0400,0x7464,0x8494,0x8494,0x8494,0x8494,
        0x8794,0x8494,0x8494,0x8494,0x8494,0x8488,0x0400,0x0000,
        0x0000,0x0000,0x0100,0x6524,0x9554,0x9554,0x9554,0x9554,
        0x95D4,0x9554,0x9554,0x9554,0x9554,0x8948,0x0100,0x0000,
        0x0000,0x0000,0x0200,0x7224,0x9254,0x9254,0x9254,0x9254,
        0x93D4,0x9254,0x9254,0x9254,0x9254,0x7248,0x0200,0x0000,
        0x0000,0x0000,0x0200,0x7224,0xA254,0xA254,0xA254,0xA254,
        0xA3D4,0xA254,0xA254,0xA254,0xA254,0x7248,0x0200,0x0000,
        0x0000,0x0000,0x0200,0x8224,0x8254,0x4254,0x4254,0x2254,
        0x13D4,0x2254,0x4254,0x4254,0x8254,0x8248,0x0200,0x0000,
        0x0000,0x0000,0x0200,0x6224,0x9254,0x9254,0x9254,0x9254,
        0x93D4,0x9254,0x9254,0x9254,0x9254,0x6248,0x0200,0x0000,
        0x0000,0x2000,0x2188,0x2248,0x2248,0x2248,0x3E48,0x2248,
        0x2248,0x2230,0x2000,0x0000,0xFFFC,0x0100,0x0100,0x0000,
        0x0000,0x0400,0x0464,0x7494,0x8494,0x8494,0x8794,0x8494,
        0x8494,0x8488,0x8400,0x8000,0x9FFC,0x0080,0x0080,0x0000,
        0x0000,0x0200,0x0224,0x7254,0x5254,0x8A54,0x8BD4,0x8A54,
        0x8A54,0x8A48,0x8A00,0x5000,0x77FC,0x0020,0x0020,0x0000,
        0x0000,0x0200,0x8224,0x8254,0x4254,0x23D4,0x1A54,0x2254,
        0xC248,0x4000,0x23FC,0x1840,0x2040,0x43FC,0x8000,0x0000,
        0x0000,0x2000,0x2188,0x2248,0x2248,0x2248,0x3E48,0x2248,
        0x2248,0x2230,0x2000,0x0000,0xFFFC,0x0000,0x0000,0x0000,
        0x0000,0x0400,0x0464,0x7494,0x8494,0x8494,0x8794,0x8494,
        0x8494,0x8488,0x8400,0x8000,0x9FFC,0x0000,0x0000,0x0000,
        0x0000,0x0200,0x0224,0x4A54,0xAA54,0xAA54,0xABD4,0xAA54,
        0xAA54,0xAA48,0xAA00,0xA800,0x93FC,0x0000,0x0000,0x0000,
        0x0000,0x0200,0x0224,0x7A54,0x8A54,0x8A54,0x8BD4,0x8A54,
        0x8A54,0x8A48,0x8A00,0x8800,0x7BFC,0x0000,0x0000,0x0000,
        0x0000,0x0200,0x0224,0x7A54,0x9254,0x9254,0x93D4,0x9254,
        0x9254,0x9248,0x9200,0x9000,0x7BFC,0x0000,0x0000,0x0000,
        0x0000,0x0200,0x0224,0x8254,0x8254,0x4254,0x43D4,0x2254,
        0x1A54,0x2248,0x4200,0x4000,0x87FC,0x8000,0x0000,0x0000,
        0x0000,0x0200,0x0224,0x7254,0x5254,0x8A54,0x8BD4,0x8A54,
        0x8A54,0x8A48,0x8A00,0x5000,0x77FC,0x0000,0x0000,0x0000,
        0x0000,0x0000,0x4000,0x4388,0x4448,0x7C48,0x4448,0x4448,
        0x4448,0x4448,0x4448,0x7C48,0x4448,0x4430,0x4000,0x0000,
        0x0000,0x0000,0x0400,0x7464,0x8494,0x8794,0x8494,0x8494,
        0x8494,0x8494,0x8494,0x8794,0x8494,0x8488,0x0400,0x0000,
        0x0000,0x0000,0x0100,0x6524,0x9554,0x95D4,0x9554,0x9554,
        0x9554,0x9554,0x9554,0x95D4,0x9554,0x8948,0x0100,0x0000,
        0x0000,0x0000,0x0200,0x7224,0xA254,0xA3D4,0xA254,0xA254,
        0xA254,0xA254,0xA254,0xA3D4,0xA254,0x7248,0x0200,0x0000,
        0x0000,0x0000,0x0200,0x8224,0x8254,0x43D4,0x4254,0x2254,
        0x1254,0x2254,0x4254,0x43D4,0x8254,0x8248,0x0200,0x0000,
        0x0000,0x0000,0x0200,0x6224,0x9254,0x93D4,0x9254,0x9254,
        0x9254,0x9254,0x9254,0x93D4,0x9254,0x6248,0x0200,0x0000,
        0x0000,0x0000,0x0200,0x0264,0x0294,0x0294,0x0294,0x0294,
        0xFE94,0x0294,0x0294,0x0294,0x0294,0x0288,0x0200,0x0000,
        0x0000,0x0000,0x0100,0x0924,0x0954,0x0954,0x0954,0x0954,
        0x0F54,0x0954,0x0954,0x0954,0x0954,0xF148,0x0100,0x0000,
        0x0000,0x0000,0x0400,0x7464,0x8494,0x8494,0x8494,0x8494,
        0x9C94,0x8494,0x8494,0x8494,0x8494,0x8488,0x0400,0x0000,
        0x0000,0x0000,0x0100,0x6524,0x9554,0x9554,0x9554,0x9554,
        0x9754,0x9554,0x9554,0x9554,0x9554,0x8948,0x0100,0x0000,
        0x0000,0x0000,0x0200,0x7224,0x9254,0x9254,0x9254,0x9254,
        0x9E54,0x9254,0x9254,0x9254,0x9254,0x7248,0x0200,0x0000,
        0x0000,0x0000,0x0100,0x7D24,0x9154,0x9154,0x9154,0x9154,
        0x9754,0x9154,0x9154,0x9154,0x9154,0x7D48,0x0100,0x0000,
        0x0000,0x0000,0x0200,0x8224,0x8254,0x4254,0x4254,0x2254,
        0x1E54,0x2254,0x4254,0x4254,0x8254,0x8248,0x0200,0x0000,
        0x0000,0x0000,0x0200,0x6224,0x9254,0x9254,0x9254,0x9254,
        0x9E54,0x9254,0x9254,0x9254,0x9254,0x6248,0x0200,0x0000,
        0x0000,0x0200,0x0264,0x0294,0x4294,0x3E94,0x0294,0x0294,
        0x1294,0x1288,0x1200,0x1000,0xFFFC,0x0000,0x0000,0x0000,
        0x0000,0x0100,0x8124,0x8154,0x4154,0x3754,0x2154,0x4154,
        0x8154,0x8348,0x4200,0x3200,0x27FC,0x4000,0x8000,0x0000,
        0x0000,0x0200,0x0264,0x0294,0x4294,0x3E94,0x0294,0x0288,
        0x1200,0x1000,0xFFFC,0x0000,0x0000,0xFFFC,0x0000,0x0000,
        0x0000,0x0400,0x0464,0x0494,0x4494,0x3C94,0x0494,0x0494,
        0x0494,0x0488,0x0400,0x0000,0xFFFC,0x0000,0x0000,0x0000,
        0x0000,0x0100,0x0124,0x1154,0x1154,0x1754,0x1154,0x1154,
        0x1154,0x1148,0x1100,0x1000,0xE7FC,0x0000,0x0000,0x0000,
        0x0000,0x0200,0x0264,0x6294,0x8294,0x9E94,0x8294,0x8294,
        0x8294,0x8288,0x8200,0x8000,0x9FFC,0x0000,0x0000,0x0000,
        0x0000,0x0100,0x0124,0x4954,0xA954,0xAF54,0xA954,0xA954,
        0xA954,0xA948,0xA900,0xA800,0x97FC,0x0000,0x0000,0x0000,
        0x0000,0x0100,0x0124,0x7154,0x9154,0x9754,0x9154,0x9154,
        0x9154,0x9148,0x9100,0x9000,0x77FC,0x0000,0x0000,0x0000,
        0x0000,0x0100,0x0124,0x8154,0x8154,0x4754,0x4154,0x2154,
        0x1954,0x2148,0x4100,0x4000,0x87FC,0x8000,0x0000,0x0000,
        0x0000,0x0100,0x0124,0x7154,0x5154,0x8F54,0x8954,0x8954,
        0x8954,0x8948,0x8900,0x5000,0x77FC,0x0000,0x0000,0x0000,
        0x0000,0x0000,0x0200,0x0264,0x8294,0x7E94,0x0294,0x0294,
        0x0294,0x0294,0x0294,0xFE94,0x0294,0x0288,0x0200,0x0000,
        0x0000,0x0000,0x0200,0x1224,0x1254,0x1E54,0x1254,0x1254,
        0x1254,0x1254,0x1254,0x1E54,0x1254,0xE248,0x0200,0x0000,
        0x0000,0x0000,0x0400,0x7464,0x8494,0x8494,0x9C94,0x8494,
        0x8494,0x8494,0x8494,0x9C94,0x8494,0x8488,0x0400,0x0000,
        0x0000,0x0000,0x0100,0x6524,0x9554,0x9754,0x9554,0x9554,
        0x9554,0x9554,0x9554,0x9754,0x9554,0x8948,0x0100,0x0000,
        0x0000,0x0000,0x0200,0x7224,0x9254,0x9E54,0x9254,0x9254,
        0x9254,0x9254,0x9254,0x9E54,0x9254,0x7248,0x0200,0x0000,
        0x0000,0x0000,0x0200,0x7224,0xA254,0xAE54,0xA254,0xA254,
        0xA254,0xA254,0xA254,0xAE54,0xA254,0x7248,0x0200,0x0000,
        0x0000,0x0000,0x0200,0x8224,0x8254,0x4E54,0x4254,0x2254,
        0x1254,0x2254,0x4254,0x4E54,0x8254,0x8248,0x0200,0x0000,
        0x0000,0x0000,0x0200,0x6224,0x9254,0x9E54,0x9254,0x9254,
        0x9254,0x9254,0x9254,0x9E54,0x9254,0x6248,0x0200,0x0000,
        0x0000,0x0000,0x4000,0x4388,0x4448,0x4448,0x4448,0x4448,
        0x4448,0x4448,0x4448,0x4448,0x4448,0x4430,0x4000,0x0000,
        0x0000,0x0000,0x0200,0x1224,0x1254,0x1254,0x1254,0x1254,
        0x1254,0x1254,0x1254,0x1254,0x1254,0xE248,0x0200,0x0000,
        0x0000,0x0000,0x0400,0x7464,0x8494,0x8494,0x8494,0x8494,
        0x8494,0x8494,0x8494,0x8494,0x8494,0x8488,0x0400,0x0000,
        0x0000,0x0000,0x0100,0x6524,0x9554,0x9554,0x9554,0x9554,
        0x9554,0x9554,0x9554,0x9554,0x9554,0x8948,0x0100,0x0000,
        0x0000,0x0000,0x0100,0x7924,0x8954,0x8954,0x8954,0x8954,
        0x8954,0x8954,0x8954,0x8954,0x8954,0x7948,0x0100,0x0000,
        0x0000,0x0000,0x0200,0x7224,0xA254,0xA254,0xA254,0xA254,
        0xA254,0xA254,0xA254,0xA254,0xA254,0x7248,0x0200,0x0000,
        0x0000,0x0000,0x8200,0x8224,0x8254,0x4254,0x4254,0x2254,
        0x1A54,0x2254,0x4254,0x4254,0x8254,0x8248,0x8200,0x0000,
        0x0000,0x0000,0x0200,0x6224,0x9254,0x9254,0x9254,0x9254,
        0x9254,0x9254,0x9254,0x9254,0x9254,0x6248,0x0200,0x0000,
        0x0000,0x0000,0x0200,0x9224,0x9254,0x9254,0x5254,0x5254,
        0x3254,0x5254,0x5254,0x9254,0x9254,0x9248,0x0200,0x0000,
        0x0000,0x0000,0x0100,0x7924,0x9554,0x9554,0x9554,0x9554,
        0x9554,0x9554,0x9554,0x9554,0x9554,0x9548,0x0100,0x0000,
        0x0000,0x0000,0x0200,0x9224,0x9254,0xF254,0x9254,0x9254,
        0x9254,0x9254,0x9254,0xF254,0x9254,0x9248,0x0200,0x0000,
        0x0000,0x0000,0x1E08,0x2108,0x2108,0x2108,0x2108,0x2108,
        0x20F0,0x2000,0x1000,0x1000,0xFFFC,0x0000,0x0000,0x0000,
        0x0000,0x0000,0x00C4,0x0924,0x0924,0x0924,0x0924,0x0924,
        0x0924,0x0918,0x0880,0x0880,0xF3FC,0x0000,0x0000,0x0000,
        0x0000,0x0000,0x01C4,0x7224,0x8224,0x8224,0x8224,0x8224,
        0x8224,0x8218,0x8100,0x8100,0x8FFC,0x0000,0x0000,0x0000,
        0x0000,0x0000,0x0064,0x6494,0x9494,0x9494,0x9494,0x9494,
        0x9494,0x9488,0x9440,0x9440,0x89FC,0x0000,0x0000,0x0000,
        0x0000,0x0000,0x00C4,0x7924,0x8924,0x8924,0x8924,0x8924,
        0x8924,0x8918,0x8880,0x8880,0x7BFC,0x0000,0x0000,0x0000,
        0x0000,0x0000,0x00C4,0x7D24,0x9124,0x9124,0x9124,0x9124,
        0x9118,0x9100,0x9080,0x9080,0x7DFC,0x0000,0x0000,0x0000,
        0x0000,0x0000,0x00C4,0x8124,0x8124,0x4124,0x4124,0x2124,
        0x1924,0x2118,0x4080,0x4080,0x87FC,0x8000,0x0000,0x0000,
        0x0000,0x0000,0x00C4,0x3124,0x4924,0x4924,0x8524,0x8524,
        0x8524,0x8518,0x4880,0x4880,0x33FC,0x0000,0x0000,0x0000,
        0x0000,0x0000,0x3FF8,0x2008,0x2008,0x2008,0x2008,0x2008,
        0x3FF8,0x0000,0x0000,0x0000,0xFFFC,0x0080,0x0080,0x0000,
        0x0000,0x0000,0x01FC,0x0904,0x0904,0x0904,0x0904,0x0904,
        0x09FC,0x0800,0x0800,0x0800,0xF3FC,0x0020,0x0020,0x0000,
        0x0000,0x0000,0x03FC,0x7204,0x8204,0x8204,0x8204,0x8204,
        0x83FC,0x8000,0x8000,0x8000,0x8FFC,0x0040,0x0040,0x0000,
        0x0000,0x0000,0x79FC,0x8104,0x8104,0x8104,0x8104,0x1104,
        0x51FC,0xB400,0x9400,0x9400,0xB5FC,0x5020,0x1020,0x0000,
        0x0000,0x0000,0x01FC,0x7104,0x8904,0x8904,0x8904,0x8904,
        0x89FC,0x8800,0x8800,0x8800,0x8BFC,0x0020,0x0020,0x0000,
        0x0000,0x0000,0x01FC,0x6504,0x9504,0x9504,0x9504,0x9504,
        0x95FC,0x9400,0x9400,0x9400,0x89FC,0x0020,0x0020,0x0000,
        0x0000,0x0000,0x64FC,0x9484,0x9484,0x9484,0x9484,0x8884,
        0x04FC,0x0400,0x0400,0x0400,0xF9FC,0x0020,0x0020,0x0000,
        0x0000,0x0000,0x64FC,0x9484,0x9484,0x9484,0x8884,0x0084,
        0x7CFC,0x8400,0x8400,0x8400,0x7DFC,0x0020,0x0020,0x0000,
        0x0000,0x0000,0x01FC,0x7904,0x8904,0x8904,0x8904,0x8904,
        0x89FC,0x8800,0x8800,0x8800,0x7BFC,0x0020,0x0020,0x0000,
        0x0000,0x0000,0x01FC,0x7D04,0x9104,0x9104,0x9104,0x9104,
        0x91FC,0x9000,0x9000,0x9000,0x7DFC,0x0020,0x0020,0x0000,
        0x0000,0x0000,0x01FC,0x8104,0x8104,0x4104,0x4104,0x2104,
        0x19FC,0x2000,0x4000,0x4000,0x87FC,0x8020,0x0020,0x0000,
        0x0000,0x0000,0x01FC,0x3104,0x4904,0x4904,0x8504,0x8504,
        0x85FC,0x8400,0x4800,0x4800,0x33FC,0x0020,0x0020,0x0000,
        0x0000,0x0000,0x81FC,0x8904,0x8904,0x4904,0x4904,0x2904,
        0x19FC,0x2800,0x4800,0x4800,0x8BFC,0x8020,0x0020,0x0000,
        0x0000,0x0000,0x01FC,0x7904,0x9504,0x9504,0x9504,0x9504,
        0x95FC,0x9400,0x9400,0x9400,0x95FC,0x0020,0x0020,0x0000,
        0x0000,0x0000,0x00FC,0x0884,0x4884,0xA884,0xAA84,0xAA84,
        0xAAFC,0xAA00,0xAA00,0xA800,0x49FC,0x0820,0x0020,0x0000,
        0x0000,0x0000,0x3FF8,0x2008,0x2008,0x2008,0x2008,0x3FF8,
        0x0000,0x0000,0xFFFC,0x0100,0x0100,0xFFFC,0x0000,0x0000,
        0x0000,0x0000,0x01FC,0x0904,0x0904,0x0904,0x0904,0x09FC,
        0x0800,0x0800,0x0BFC,0x0820,0x0820,0xF3FC,0x0000,0x0000,
        0x0000,0x0000,0x03FC,0x7204,0x8204,0x8204,0x8204,0x83FC,
        0x8000,0x8000,0x87FC,0x8040,0x8040,0x8FFC,0x0000,0x0000,
        0x0000,0x0000,0x00FC,0x6484,0x9484,0x9484,0x9484,0x94FC,
        0x9400,0x9400,0x95FC,0x9420,0x9420,0x89FC,0x0000,0x0000,
        0x0000,0x0000,0x01FC,0x7904,0x8904,0x8904,0x8904,0x89FC,
        0x8800,0x8800,0x8BFC,0x8820,0x8820,0x7BFC,0x0000,0x0000,
        0x0000,0x0000,0x01FC,0x7D04,0x9104,0x9104,0x9104,0x91FC,
        0x9000,0x9000,0x91FC,0x9020,0x9020,0x7DFC,0x0000,0x0000,
        0x0000,0x0000,0x01FC,0x8104,0x8104,0x4104,0x4104,0x21FC,
        0x1800,0x2000,0x43FC,0x4020,0x8020,0x87FC,0x0000,0x0000,
        0x0000,0x0000,0x81FC,0x8104,0x4104,0x2104,0x1904,0x21FC,
        0xC000,0x4000,0x21FC,0x1820,0x2020,0x43FC,0x8000,0x0000,
        0x0000,0x0000,0x01FC,0x3104,0x4904,0x4904,0x8504,0x85FC,
        0x8400,0x8400,0x85FC,0x4820,0x4820,0x33FC,0x0000,0x0000,
        0x0000,0x0000,0x01FC,0x8904,0x8904,0x4904,0x4904,0x29FC,
        0x1800,0x2800,0x4BFC,0x4820,0x8820,0x8BFC,0x0000,0x0000,
        0x0000,0x0000,0x3FF8,0x2008,0x2008,0x2008,0x2008,0x2008,
        0x3FF8,0x0000,0x0000,0x0000,0xFFFC,0x0420,0x0420,0x0000,
        0x0000,0x0000,0x01FC,0x0904,0x0904,0x0904,0x0904,0x0904,
        0x09FC,0x0800,0x0800,0x0800,0xF3FC,0x0048,0x0048,0x0000,
        0x0000,0x0000,0x00FC,0x6484,0x9484,0x9484,0x9484,0x9484,
        0x94FC,0x9400,0x9400,0x9400,0x89FC,0x0048,0x0048,0x0000,
        0x0000,0x0000,0x01FC,0x3104,0x4904,0x4904,0x8504,0x8504,
        0x85FC,0x8400,0x4800,0x4800,0x33FC,0x0048,0x0048,0x0000,
        0x0000,0x0000,0x3FF8,0x2008,0x2008,0x2008,0x2008,0x2008,
        0x3FF8,0x0080,0x0080,0x0080,0xFFFC,0x0000,0x0000,0x0000,
        0x0000,0x0000,0x01FC,0x0904,0x0904,0x0904,0x0904,0x0904,
        0x09FC,0x0810,0x0810,0x0810,0xF3FC,0x0000,0x0000,0x0000,
        0x0000,0x0000,0x03FC,0x7204,0x8204,0x8204,0x8204,0x8204,
        0x83FC,0x8020,0x8020,0x8020,0x9FFC,0x0000,0x0000,0x0000,
        0x0000,0x0000,0x00FC,0x6484,0x9484,0x9484,0x9484,0x9484,
        0x94FC,0x9410,0x9410,0x9410,0x89FC,0x0000,0x0000,0x0000,
        0x0000,0x0000,0x64FC,0x9484,0x9484,0x9484,0x8884,0x0084,
        0x7CFC,0x8410,0x8410,0x8410,0x7DFC,0x0000,0x0000,0x0000,
        0x0000,0x0000,0x01FC,0x7904,0x8904,0x8904,0x8904,0x8904,
        0x89FC,0x8810,0x8810,0x8810,0x7BFC,0x0000,0x0000,0x0000,
        0x0000,0x0000,0x01FC,0x7D04,0x9104,0x9104,0x9104,0x9104,
        0x91FC,0x9010,0x9010,0x9010,0x7DFC,0x0000,0x0000,0x0000,
        0x0000,0x0000,0x01FC,0x8104,0x8104,0x4104,0x4104,0x2104,
        0x19FC,0x2010,0x4010,0x4010,0x87FC,0x8000,0x0000,0x0000,
        0x0000,0x0000,0x01FC,0x3104,0x4904,0x4904,0x8504,0x8504,
        0x85FC,0x8410,0x4810,0x4810,0x33FC,0x0000,0x0000,0x0000,
        0x0000,0x0000,0x01FC,0x8904,0x8904,0x4904,0x4904,0x2904,
        0x19FC,0x2810,0x4810,0x4810,0x8BFC,0x8800,0x0000,0x0000,
        0x0000,0x0000,0x00FC,0x0884,0x4884,0xA884,0xAA84,0xAA84,
        0xAAFC,0xAA10,0xAA10,0xA810,0x49FC,0x0800,0x0000,0x0000,
        0x0000,0x0000,0x3FF8,0x2008,0x2008,0x2008,0x2008,0x3FF8,
        0x0080,0x0080,0xFFFC,0x0000,0x0000,0xFFFC,0x0000,0x0000,
        0x0000,0x0000,0x01FC,0x0904,0x0904,0x0904,0x0904,0x09FC,
        0x0820,0x0820,0x0BFC,0x0800,0x0800,0xF3FC,0x0000,0x0000,
        0x0000,0x0000,0x03FC,0x7204,0x8204,0x8204,0x8204,0x83FC,
        0x8020,0x8020,0x8FFC,0x8000,0x8000,0x9FFC,0x0000,0x0000,
        0x0000,0x0000,0x00FC,0x6484,0x9484,0x9484,0x9484,0x94FC,
        0x9420,0x9420,0x95FC,0x9400,0x9400,0x89FC,0x0000,0x0000,
        0x0000,0x0000,0x01FC,0x7904,0x8904,0x8904,0x8904,0x89FC,
        0x8820,0x8820,0x8BFC,0x8800,0x8800,0x7BFC,0x0000,0x0000,
        0x0000,0x0000,0x01FC,0x7D04,0x9104,0x9104,0x9104,0x91FC,
        0x9020,0x9020,0x91FC,0x9000,0x9000,0x7DFC,0x0000,0x0000,
        0x0000,0x0000,0x01FC,0x8104,0x8104,0x4104,0x4104,0x21FC,
        0x1820,0x2020,0x43FC,0x4000,0x8000,0x87FC,0x0000,0x0000,
        0x0000,0x0000,0x81FC,0x8104,0x4104,0x2104,0x1904,0x21FC,
        0xC020,0x4020,0x21FC,0x1800,0x2000,0x43FC,0x8000,0x0000,
        0x0000,0x0000,0x01FC,0x3104,0x4904,0x4904,0x8504,0x85FC,
        0x8420,0x8420,0x85FC,0x4800,0x4800,0x33FC,0x0000,0x0000,
        0x0000,0x0000,0x3FF8,0x2008,0x2008,0x2008,0x2008,0x2008,
        0x3FF8,0x0420,0x0420,0x0420,0xFFFC,0x0000,0x0000,0x0000,
        0x0000,0x0000,0x01FC,0x0904,0x0904,0x0904,0x0904,0x0904,
        0x09FC,0x0848,0x0848,0x0848,0xF3FC,0x0000,0x0000,0x0000,
        0x0000,0x0000,0x03FC,0x7204,0x8204,0x8204,0x8204,0x8204,
        0x83FC,0x8088,0x8088,0x8088,0x8FFC,0x0000,0x0000,0x0000,
        0x0000,0x0000,0x00FC,0x6484,0x9484,0x9484,0x9484,0x9484,
        0x94FC,0x9448,0x9448,0x9448,0x8BFC,0x0000,0x0000,0x0000,
        0x0000,0x0000,0x01FC,0x8104,0x8104,0x4104,0x4104,0x2104,
        0x19FC,0x2048,0x4048,0x4048,0x87FC,0x8000,0x0000,0x0000,
        0x0000,0x8000,0x81FC,0x4104,0x2104,0x1904,0x2104,0xC104,
        0x41FC,0x2048,0x1848,0x2048,0x43FC,0x8000,0x0000,0x0000,
        0x0000,0x0000,0x01FC,0x3104,0x4904,0x4904,0x8504,0x8504,
        0x85FC,0x8448,0x4848,0x4848,0x33FC,0x0000,0x0000,0x0000,
        0x0000,0x0000,0x81FC,0x9104,0x9104,0x5504,0x5504,0x3504,
        0x35FC,0x5448,0x5448,0x9048,0x93FC,0x8000,0x0000,0x0000,
        0x0000,0x0000,0x3FF8,0x2008,0x2008,0x2008,0x2008,0x3FF8,
        0x0420,0x0420,0xFFFC,0x0000,0x0000,0xFFFC,0x0000,0x0000,
        0x0000,0x0000,0x4000,0x43F8,0x4208,0x4208,0x4208,0x4208,
        0x7E08,0x4208,0x4208,0x4208,0x4208,0x43F8,0x4000,0x0000,
        0x0000,0x0000,0x0100,0x093C,0x0924,0x0924,0x0924,0x0924,
        0x09E4,0x0924,0x0924,0x0924,0x0924,0xF13C,0x0100,0x0000,
        0x0000,0x0000,0x0100,0x093C,0x0924,0x0924,0x0924,0xF124,
        0x81E4,0x8124,0x4124,0x3924,0x4124,0x813C,0x8100,0x0000,
        0x0000,0x0000,0x0400,0x747C,0x8444,0x8444,0x8444,0x8444,
        0x87C4,0x8444,0x8444,0x8444,0x8444,0x847C,0x0400,0x0000,
        0x0000,0x0000,0x0100,0x653C,0x9524,0x9524,0x9524,0x9524,
        0x95E4,0x9524,0x9524,0x9524,0x9524,0x893C,0x0100,0x0000,
        0x0000,0x0000,0x0100,0x653C,0x9524,0x9524,0x9524,0x8924,
        0x01E4,0x7D24,0x8524,0x8524,0x8524,0x7D3C,0x0100,0x0000,
        0x0000,0x0000,0x0100,0x793C,0x8924,0x8924,0x8924,0x8924,
        0x89E4,0x8924,0x8924,0x8924,0x8924,0x793C,0x0100,0x0000,
        0x0000,0x0000,0x0100,0x7D3C,0x9124,0x9124,0x9124,0x9124,
        0x91E4,0x9124,0x9124,0x9124,0x9124,0x7D3C,0x0100,0x0000,
        0x0000,0x0000,0x8100,0x813C,0x8124,0x4124,0x4124,0x2124,
        0x19E4,0x2124,0x4124,0x4124,0x8124,0x813C,0x8100,0x0000,
        0x0000,0x0000,0x0100,0x213C,0x5124,0x5124,0x8924,0x8924,
        0x89E4,0x8924,0x8924,0x5124,0x5124,0x213C,0x0100,0x0000,
        0x0000,0x2000,0x23F8,0x2208,0x2208,0x3E08,0x2208,0x2208,
        0x2208,0x23F8,0x2000,0x0000,0xFFFC,0x0100,0x0100,0x0000,
        0x0000,0x0200,0x027C,0x7244,0x8244,0x83C4,0x8244,0x8244,
        0x8244,0x827C,0x8200,0x8000,0x9FFC,0x0080,0x0080,0x0000,
        0x0000,0x8100,0x813C,0x4124,0x2124,0x19E4,0x2124,0xC124,
        0x4124,0x213C,0x1900,0x2000,0x43FC,0x8020,0x0020,0x0000,
        0x0000,0x0100,0x013C,0x7124,0x5124,0x89E4,0x8924,0x8924,
        0x8924,0x893C,0x8900,0x5000,0x77FC,0x0020,0x0020,0x0000,
        0x0000,0x2000,0x23F8,0x2208,0x2208,0x3E08,0x2208,0x2208,
        0x2208,0x23F8,0x2000,0x0000,0xFFFC,0x0000,0x0000,0x0000,
        0x0000,0x0200,0x027C,0x7244,0x8244,0x83C4,0x8244,0x8244,
        0x8244,0x827C,0x8200,0x8000,0x8FFC,0x0000,0x0000,0x0000,
        0x0000,0x0100,0x013C,0x4924,0xA924,0xA9E4,0xA924,0xA924,
        0xA924,0xA93C,0xA900,0xA800,0x93FC,0x0000,0x0000,0x0000,
        0x0000,0x0100,0x013C,0x7924,0x9124,0x91E4,0x9124,0x9124,
        0x9124,0x913C,0x9100,0x9000,0x7BFC,0x0000,0x0000,0x0000,
        0x0000,0x0100,0x013C,0x8124,0x8124,0x41E4,0x4124,0x2124,
        0x1924,0x213C,0x4100,0x4000,0x87FC,0x8000,0x0000,0x0000,
        0x0000,0x0100,0x013C,0x7124,0x5124,0x89E4,0x8924,0x8924,
        0x8924,0x893C,0x8900,0x5000,0x77FC,0x0000,0x0000,0x0000,
        0x0000,0x0000,0x4000,0x43F8,0x4208,0x7E08,0x4208,0x4208,
        0x4208,0x4208,0x4208,0x7E08,0x4208,0x43F8,0x4000,0x0000,
        0x0000,0x0000,0x0400,0x747C,0x8444,0x87C4,0x8444,0x8444,
        0x8444,0x8444,0x8444,0x87C4,0x8444,0x847C,0x0400,0x0000,
        0x0000,0x0000,0x0100,0x653C,0x9524,0x95E4,0x9524,0x9524,
        0x9524,0x9524,0x9524,0x95E4,0x9524,0x893C,0x0100,0x0000,
        0x0000,0x0000,0x0100,0x7D3C,0x9124,0x91E4,0x9124,0x9124,
        0x9124,0x9124,0x9124,0x91E4,0x9124,0x7D3C,0x0100,0x0000,
        0x0000,0x0000,0x0100,0x813C,0x8124,0x41E4,0x4124,0x2124,
        0x1924,0x2124,0x4124,0x41E4,0x8124,0x813C,0x0100,0x0000,
        0x0000,0x0000,0x0200,0x027C,0x0244,0x0244,0x0244,0x0244,
        0xFE44,0x0244,0x0244,0x0244,0x0244,0x027C,0x0200,0x0000,
        0x0000,0x0000,0x0100,0x097C,0x0944,0x0944,0x0944,0x0944,
        0x0F44,0x0944,0x0944,0x0944,0x0944,0xF17C,0x0100,0x0000,
        0x0000,0x0000,0x0100,0x097C,0x0944,0x0944,0x0944,0xF144,
        0x0744,0x0944,0x0944,0x0944,0x0944,0xF17C,0x0100,0x0000,
        0x0000,0x0000,0x0200,0x727C,0x8244,0x8244,0x8244,0x8244,
        0x9E44,0x8244,0x8244,0x8244,0x8244,0x827C,0x0200,0x0000,
        0x0000,0x0000,0x0100,0x713C,0x8924,0x8924,0x8924,0x8924,
        0x8F24,0x8924,0x8924,0x8924,0x8924,0x893C,0x0100,0x0000,
        0x0000,0x0000,0x0100,0x653C,0x9524,0x9524,0x9524,0x9524,
        0x9724,0x9524,0x9524,0x9524,0x9524,0x893C,0x0100,0x0000,
        0x0000,0x0000,0x0100,0x657C,0x9544,0x9544,0x9544,0x8944,
        0x8744,0x0544,0x0544,0x0544,0x0544,0xF97C,0x0100,0x0000,
        0x0000,0x0000,0x0100,0x657C,0x9544,0x9544,0x9544,0x8944,
        0x0744,0x7D44,0x8544,0x8544,0x8544,0x7D7C,0x0100,0x0000,
        0x0000,0x0000,0x0100,0x797C,0x8944,0x8944,0x8944,0x8944,
        0x8F44,0x8944,0x8944,0x8944,0x8944,0x797C,0x0100,0x0000,
        0x0000,0x0000,0x0100,0x7D7C,0x9144,0x9144,0x9144,0x9144,
        0x9744,0x9144,0x9144,0x9144,0x9144,0x7D7C,0x0100,0x0000,
        0x0000,0x0000,0x0100,0x817C,0x8144,0x4144,0x4144,0x2144,
        0x1744,0x2144,0x4144,0x4144,0x8144,0x817C,0x0100,0x0000,
        0x0000,0x0000,0x0100,0x217C,0x5144,0x5144,0x8944,0x8944,
        0x8F44,0x8944,0x8944,0x5144,0x5144,0x217C,0x0100,0x0000,
        0x0000,0x0000,0x0100,0x797C,0x9544,0x9544,0x9544,0x9544,
        0x9744,0x9544,0x9544,0x9544,0x9544,0x957C,0x0100,0x0000,
        0x0000,0x0000,0x0100,0x117C,0x5144,0xB144,0x9544,0x9544,
        0x9744,0x9544,0x9544,0xB144,0x5144,0x117C,0x0100,0x0000,
        0x0000,0x0200,0x027C,0x0244,0x4244,0x3E44,0x0244,0x0244,
        0x1244,0x127C,0x1200,0x1000,0xFFFC,0x0000,0x0000,0x0000,
        0x0000,0x0200,0x027C,0x6244,0x8244,0x9E44,0x8244,0x8244,
        0x8244,0x8A7C,0x8A00,0x8800,0x9FFC,0x0000,0x0000,0x0000,
        0x0000,0x0080,0x00BC,0x48A4,0xA8A4,0xAFA4,0xA8A4,0xA8A4,
        0xA8A4,0xAABC,0xAA80,0xAA00,0x97FC,0x0000,0x0000,0x0000,
        0x0000,0x0080,0x00BC,0x78A4,0xA0A4,0xA7A4,0xA0A4,0xA0A4,
        0xA0A4,0xA2BC,0xA280,0xA200,0x7FFC,0x0000,0x0000,0x0000,
        0x0000,0x0080,0x00BC,0x80A4,0x80A4,0x47A4,0x40A4,0x20A4,
        0x18A4,0x22BC,0x4280,0x4200,0x87FC,0x8000,0x0000,0x0000,
        0x0000,0x0200,0x027C,0x0244,0x4244,0x3E44,0x0244,0x027C,
        0x1200,0x1000,0xFFFC,0x0000,0x0000,0xFFFC,0x0000,0x0000,
        0x0000,0x0200,0x027C,0x0244,0x4244,0x3E44,0x0244,0x0244,
        0x0244,0x027C,0x0200,0x0000,0xFFFC,0x0000,0x0000,0x0000,
        0x0000,0x0200,0x027C,0x6244,0x8244,0x9E44,0x8244,0x8244,
        0x8244,0x827C,0x8200,0x8000,0x9FFC,0x0000,0x0000,0x0000,
        0x0000,0x0100,0x013C,0x4924,0xA924,0xAF24,0xA924,0xA924,
        0xA924,0xA93C,0xA900,0xA800,0x93FC,0x0000,0x0000,0x0000,
        0x0000,0x0000,0x0400,0x047C,0x8444,0x7C44,0x0444,0x0444,
        0x0444,0x0444,0x0444,0xFC44,0x0444,0x047C,0x0400,0x0000,
        0x0000,0x0000,0x0200,0x727C,0x8244,0x8244,0x9E44,0x8244,
        0x8244,0x8244,0x8244,0x9E44,0x8244,0x827C,0x0200,0x0000,
        0x0000,0x0000,0x0100,0x657C,0x9544,0x9744,0x9544,0x9544,
        0x9544,0x9544,0x9544,0x9744,0x9544,0x897C,0x0100,0x0000,
        0x0000,0x0000,0x0100,0x797C,0x8944,0x8F44,0x8944,0x8944,
        0x8944,0x8944,0x8944,0x8F44,0x8944,0x797C,0x0100,0x0000,
        0x0000,0x0000,0x0100,0x817C,0x8144,0x4744,0x4144,0x2144,
        0x1944,0x2144,0x4144,0x4744,0x8144,0x817C,0x0100,0x0000,
        0x0000,0x0000,0x4000,0x43F8,0x4208,0x4208,0x4208,0x4208,
        0x4208,0x4208,0x4208,0x4208,0x4208,0x43F8,0x4000,0x0000,
        0x0000,0x0000,0x0200,0x727C,0x8244,0x8244,0x8244,0x8244,
        0x8244,0x8244,0x8244,0x8244,0x8244,0x827C,0x0200,0x0000,
        0x0000,0x0000,0x0100,0x653C,0x9524,0x9524,0x9524,0x9524,
        0x9524,0x9524,0x9524,0x9524,0x9524,0x893C,0x0100,0x0000,
        0x0000,0x0000,0x0100,0x793C,0x8924,0x8924,0x8924,0x8924,
        0x8924,0x8924,0x8924,0x8924,0x8924,0x793C,0x0100,0x0000,
        0x0000,0x0000,0x0100,0x813C,0x8124,0x4124,0x4124,0x2124,
        0x1924,0x2124,0x4124,0x4124,0x8124,0x813C,0x0100,0x0000,
        0x0000,0x0000,0x3FF8,0x2008,0x2008,0x2008,0x2008,0x2008,
        0x3FF8,0x0000,0x0000,0x0000,0xFFFC,0x0000,0x0000,0x0000,
        0x0000,0x0000,0x01FC,0x0904,0x0904,0x0904,0x0904,0x0904,
        0x09FC,0x0800,0x0800,0x0800,0xF3FC,0x0000,0x0000,0x0000,
        0x0000,0x0000,0x03FC,0x7204,0x8204,0x8204,0x8204,0x8204,
        0x83FC,0x8000,0x8000,0x8000,0x8FFC,0x0000,0x0000,0x0000,
        0x0000,0x0000,0x01FC,0x7104,0x8904,0x8904,0x8904,0x8904,
        0x89FC,0x8800,0x8800,0x8800,0x8BFC,0x0000,0x0000,0x0000,
        0x0000,0x0000,0x01FC,0x6504,0x9504,0x9504,0x9504,0x9504,
        0x95FC,0x9400,0x9400,0x9400,0x89FC,0x0000,0x0000,0x0000,
        0x0000,0x0000,0x64FC,0x9484,0x9484,0x9484,0x8884,0x0084,
        0x7CFC,0x8400,0x8400,0x8400,0x7DFC,0x0000,0x0000,0x0000,
        0x0000,0x0000,0x01FC,0x7904,0x8904,0x8904,0x8904,0x8904,
        0x89FC,0x8800,0x8800,0x8800,0x7BFC,0x0000,0x0000,0x0000,
        0x0000,0x0000,0x01FC,0x7D04,0x9104,0x9104,0x9104,0x9104,
        0x91FC,0x9000,0x9000,0x9000,0x7DFC,0x0000,0x0000,0x0000,
        0x0000,0x0000,0x01FC,0x8104,0x8104,0x4104,0x4104,0x2104,
        0x19FC,0x2000,0x4000,0x4000,0x87FC,0x8000,0x0000,0x0000,
        0x0000,0x8000,0x81FC,0x4104,0x2104,0x1904,0x2104,0xC104,
        0x41FC,0x2000,0x1800,0x2000,0x43FC,0x8000,0x0000,0x0000,
        0x0000,0x0000,0x01FC,0x3104,0x4904,0x4904,0x8504,0x8504,
        0x85FC,0x8400,0x4800,0x4800,0x33FC,0x0000,0x0000,0x0000,
        0x0000,0x0000,0x81FC,0x9104,0x9104,0x5104,0x5504,0x3504,
        0x35FC,0x5400,0x5000,0x9000,0x93FC,0x8000,0x0000,0x0000,
        0x0000,0x0000,0x00FC,0x7884,0x9484,0x9484,0x9484,0x9484,
        0x94FC,0x9400,0x9400,0x9400,0x95FC,0x0000,0x0000,0x0000,
        0x0000,0x0000,0x1FF8,0x2080,0x2080,0x2080,0x2080,0x2080,
        0x1FF8,0x0000,0x0000,0x0000,0xFFFC,0x0080,0x0080,0x0000,
        0x0000,0x0000,0x00FC,0x0920,0x0920,0x0920,0x0920,0x0920,
        0x08FC,0x0800,0x0800,0x0800,0xF3FC,0x0020,0x0020,0x0000,
        0x0000,0x0000,0x08FC,0x0920,0x0920,0x0920,0xF120,0x0120,
        0x08FC,0x0800,0x0800,0x0800,0xF3FC,0x0020,0x0020,0x0000,
        0x0000,0x0000,0x08FC,0x0910,0x0910,0x0910,0xF110,0x8110,
        0x80FC,0x4000,0x3800,0x4000,0x83FC,0x8020,0x0020,0x0000,
        0x0000,0x0000,0x01FC,0x7220,0x8220,0x8220,0x8220,0x8220,
        0x81FC,0x8000,0x8000,0x8000,0x8FFC,0x0040,0x0040,0x0000,
        0x0000,0x0000,0x00FC,0x7120,0x8920,0x8920,0x8920,0x8920,
        0x88FC,0x8800,0x8800,0x8800,0x8BFC,0x0020,0x0020,0x0000,
        0x0000,0x0000,0x00FC,0x6520,0x9520,0x9520,0x9520,0x9520,
        0x94FC,0x9400,0x9400,0x9400,0x89FC,0x0020,0x0020,0x0000,
        0x0000,0x0000,0x64FC,0x9520,0x9520,0x9520,0x9520,0x8920,
        0x04FC,0x0400,0x0400,0x0400,0xF9FC,0x0020,0x0020,0x0000,
        0x0000,0x0000,0x647C,0x9490,0x9490,0x9490,0x8890,0x0090,
        0x7C7C,0x8400,0x8400,0x8400,0x7DFC,0x0020,0x0020,0x0000,
        0x0000,0x0000,0x647C,0x9490,0x9490,0x9490,0x8890,0x0090,
        0x7C7C,0x9000,0x9000,0x9000,0x7DFC,0x0020,0x0020,0x0000,
        0x0000,0x0000,0x00FC,0x7910,0x8910,0x8910,0x8910,0x8910,
        0x88FC,0x8800,0x8800,0x8800,0x7BFC,0x0020,0x0020,0x0000,
        0x0000,0x0000,0x00FC,0x7D10,0x9110,0x9110,0x9110,0x9110,
        0x90FC,0x9000,0x9000,0x9000,0x7DFC,0x0020,0x0020,0x0000,
        0x0000,0x0000,0x00FC,0x8110,0x8110,0x4110,0x4110,0x2110,
        0x18FC,0x2000,0x4000,0x4000,0x87FC,0x8020,0x0020,0x0000,
        0x0000,0x0000,0x00FC,0x3120,0x4920,0x4920,0x8520,0x8520,
        0x84FC,0x8400,0x4800,0x4800,0x33FC,0x0020,0x0020,0x0000,
        0x0000,0x0000,0x007C,0x7890,0x9490,0x9490,0x9490,0x9490,
        0x947C,0x9400,0x9400,0x9400,0x95FC,0x0020,0x0020,0x0000,
        0x0000,0x0000,0x1FF8,0x2080,0x2080,0x2080,0x2080,0x1FF8,
        0x0000,0x0000,0xFFFC,0x0100,0x0100,0xFFFC,0x0000,0x0000,
        0x0000,0x0000,0x00FC,0x0920,0x0920,0x0920,0x0920,0x08FC,
        0x0800,0x0800,0x0BFC,0x0820,0x0820,0xF3FC,0x0000,0x0000,
        0x0000,0x0000,0x01FC,0x7220,0x8220,0x8220,0x8220,0x81FC,
        0x8000,0x8000,0x87FC,0x8040,0x8040,0x8FFC,0x0000,0x0000,
        0x0000,0x0000,0x00FC,0x6520,0x9520,0x9520,0x9520,0x94FC,
        0x9400,0x9400,0x95FC,0x9420,0x9420,0x89FC,0x0000,0x0000,
        0x0000,0x0000,0x00FC,0x7920,0x8920,0x8920,0x8920,0x88FC,
        0x8800,0x8800,0x8BFC,0x8820,0x8820,0x7BFC,0x0000,0x0000,
        0x0000,0x0000,0x00FC,0x7D20,0x9120,0x9120,0x9120,0x90FC,
        0x9000,0x9000,0x91FC,0x9020,0x9020,0x7DFC,0x0000,0x0000,
        0x0000,0x0000,0x00FC,0x8120,0x8120,0x4120,0x4120,0x20FC,
        0x1800,0x2000,0x43FC,0x4020,0x8020,0x87FC,0x0000,0x0000,
        0x0000,0x0000,0x80FC,0x8120,0x4120,0x2120,0x1920,0x20FC,
        0xC000,0x4000,0x21FC,0x1820,0x2020,0x43FC,0x8000,0x0000,
        0x0000,0x0000,0x00FC,0x3120,0x4920,0x4920,0x8520,0x84FC,
        0x8400,0x8400,0x85FC,0x4820,0x4820,0x33FC,0x0000,0x0000,
        0x0000,0x0000,0x00FC,0x7920,0x9520,0x9520,0x9520,0x94FC,
        0x9400,0x9400,0x95FC,0x9420,0x9420,0x95FC,0x0000,0x0000,
        0x0000,0x0000,0x1FF8,0x2080,0x2080,0x2080,0x2080,0x2080,
        0x1FF8,0x0000,0x0000,0x0000,0xFFFC,0x0420,0x0420,0x0000,
        0x0000,0x0000,0x00FC,0x0910,0x0910,0x0910,0x0910,0x0910,
        0x08FC,0x0800,0x0800,0x0800,0xF3FC,0x0048,0x0048,0x0000,
        0x0000,0x0000,0x01FC,0x7220,0x8220,0x8220,0x8220,0x8220,
        0x81FC,0x8000,0x8000,0x8000,0x8FFC,0x0110,0x0110,0x0000,
        0x0000,0x0000,0x00FC,0x7D10,0x9110,0x9110,0x9110,0x9110,
        0x90FC,0x9000,0x9000,0x9000,0x7DFC,0x0048,0x0048,0x0000,
        0x0000,0x0000,0x1FF8,0x2080,0x2080,0x2080,0x2080,0x2080,
        0x1FF8,0x0080,0x0080,0x0080,0xFFFC,0x0000,0x0000,0x0000,
        0x0000,0x0000,0x00FC,0x0910,0x0910,0x0910,0x0910,0x0910,
        0x08FC,0x0810,0x0810,0x0810,0xF3FC,0x0000,0x0000,0x0000,
        0x0000,0x0000,0x01FC,0x7220,0x8220,0x8220,0x8220,0x8220,
        0x81FC,0x8020,0x8020,0x8020,0x9FFC,0x0000,0x0000,0x0000,
        0x0000,0x0000,0x00FC,0x7110,0x8910,0x8910,0x8910,0x8910,
        0x88FC,0x8810,0x8810,0x8810,0x8BFC,0x0000,0x0000,0x0000,
        0x0000,0x0000,0x00FC,0x6520,0x9520,0x9520,0x9520,0x9520,
        0x94FC,0x9420,0x9420,0x9420,0x89FC,0x0000,0x0000,0x0000,
        0x0000,0x0000,0x647C,0x9490,0x9490,0x9490,0x8890,0x0090,
        0x7C7C,0x8410,0x8410,0x8410,0x7DFC,0x0000,0x0000,0x0000,
        0x0000,0x0000,0x00FC,0x7920,0x8920,0x8920,0x8920,0x8920,
        0x88FC,0x8820,0x8820,0x8820,0x7BFC,0x0000,0x0000,0x0000,
        0x0000,0x0000,0x00FC,0x7D20,0x9120,0x9120,0x9120,0x9120,
        0x90FC,0x9020,0x9020,0x9020,0x7DFC,0x0000,0x0000,0x0000,
        0x0000,0x0000,0x00FC,0x8120,0x8120,0x4120,0x2120,0x1120,
        0x0CFC,0x1020,0x2020,0x4020,0x87FC,0x8000,0x0000,0x0000,
        0x0000,0x0000,0x00FC,0x3110,0x4910,0x4910,0x8510,0x8510,
        0x84FC,0x8410,0x4810,0x4810,0x33FC,0x0000,0x0000,0x0000,
        0x0000,0x0000,0x00FC,0x8910,0x8910,0x4910,0x4910,0x2910,
        0x18FC,0x2810,0x4810,0x4810,0x8BFC,0x8800,0x0000,0x0000,
        0x0000,0x0000,0x1FF8,0x2080,0x2080,0x2080,0x2080,0x1FF8,
        0x0080,0x0080,0xFFFC,0x0000,0x0000,0xFFFC,0x0000,0x0000,
        0x0000,0x0000,0x00FC,0x0920,0x0920,0x0920,0x0920,0x08FC,
        0x0820,0x0820,0x0BFC,0x0800,0x0800,0xF3FC,0x0000,0x0000,
        0x0000,0x0000,0x01FC,0x7220,0x8220,0x8220,0x8220,0x81FC,
        0x8020,0x8020,0x8FFC,0x8000,0x8000,0x9FFC,0x0000,0x0000,
        0x0000,0x0000,0x00FC,0x7120,0x8920,0x8920,0x8920,0x88FC,
        0x8820,0x8820,0x8BFC,0x8800,0x8800,0x8BFC,0x0000,0x0000,
        0x0000,0x0000,0x00FC,0x6520,0x9520,0x9520,0x9520,0x94FC,
        0x9420,0x9420,0x95FC,0x9400,0x9400,0x89FC,0x0000,0x0000,
        0x0000,0x0000,0x00FC,0x7920,0x8920,0x8920,0x8920,0x88FC,
        0x8820,0x8820,0x8BFC,0x8800,0x8800,0x7BFC,0x0000,0x0000,
        0x0000,0x0000,0x00FC,0x7D20,0x9120,0x9120,0x9120,0x90FC,
        0x9020,0x9020,0x91FC,0x9000,0x9000,0x7DFC,0x0000,0x0000,
        0x0000,0x0000,0x00FC,0x8120,0x8120,0x4120,0x4120,0x20FC,
        0x1820,0x2020,0x43FC,0x4000,0x8000,0x87FC,0x0000,0x0000,
        0x0000,0x0000,0x80FC,0x8120,0x4120,0x2120,0x1920,0x20FC,
        0xC020,0x4020,0x21FC,0x1800,0x2000,0x43FC,0x8000,0x0000,
        0x0000,0x0000,0x00FC,0x3120,0x4920,0x4920,0x8520,0x84FC,
        0x8420,0x8420,0x85FC,0x4800,0x4800,0x33FC,0x0000,0x0000,
        0x0000,0x0000,0x1FF8,0x2080,0x2080,0x2080,0x2080,0x2080,
        0x1FF8,0x0420,0x0420,0x0420,0xFFFC,0x0000,0x0000,0x0000,
        0x0000,0x0000,0x00FC,0x0910,0x0910,0x0910,0x0910,0x0910,
        0x08FC,0x0848,0x0848,0x0848,0xF3FC,0x0000,0x0000,0x0000,
        0x0000,0x0000,0x01FC,0x7220,0x8220,0x8220,0x8220,0x8220,
        0x81FC,0x8088,0x8088,0x8088,0x8FFC,0x0000,0x0000,0x0000,
        0x0000,0x0000,0x007C,0x6490,0x9490,0x9490,0x9490,0x9490,
        0x947C,0x9448,0x9448,0x9448,0x8BFC,0x0000,0x0000,0x0000,
        0x0000,0x0000,0x00FC,0x7D10,0x9110,0x9110,0x9110,0x9110,
        0x90FC,0x9048,0x9048,0x9048,0x7FFC,0x0000,0x0000,0x0000,
        0x0000,0x0000,0x00FC,0x8110,0x8110,0x4110,0x4110,0x2110,
        0x18FC,0x2048,0x4048,0x4048,0x87FC,0x8000,0x0000,0x0000,
        0x0000,0x8000,0x80FC,0x4110,0x2110,0x1910,0x2110,0xC110,
        0x40FC,0x2048,0x1848,0x2048,0x43FC,0x8000,0x0000,0x0000,
        0x0000,0x0000,0x00FC,0x3120,0x4920,0x4920,0x8520,0x8520,
        0x84FC,0x8448,0x4848,0x4848,0x33FC,0x0000,0x0000,0x0000,
        0x0000,0x0000,0x007C,0x7890,0x9490,0x9490,0x9490,0x9490,
        0x947C,0x9448,0x9448,0x9448,0x97FC,0x0000,0x0000,0x0000,
        0x0000,0x0000,0x1FF8,0x2080,0x2080,0x2080,0x2080,0x1FF8,
        0x0420,0x0420,0xFFFC,0x0000,0x0000,0xFFFC,0x0000,0x0000,
        0x0000,0x0000,0x01FC,0x7220,0x8220,0x8220,0x8220,0x81FC,
        0x8090,0x8090,0x87FC,0x8000,0x8000,0x8FFC,0x0000,0x0000,
        0x0000,0x0000,0x4000,0x41F8,0x4220,0x4220,0x4220,0x4220,
        0x7E20,0x4220,0x4220,0x4220,0x4220,0x41F8,0x4000,0x0000,
        0x0000,0x0000,0x0100,0x093C,0x0948,0x0948,0x0948,0x0948,
        0x09C8,0x0948,0x0948,0x0948,0x0948,0xF13C,0x0100,0x0000,
        0x0000,0x0000,0x0100,0x093C,0x0948,0x0948,0x0948,0xF148,
        0x01C8,0x0948,0x0948,0x0948,0x0948,0xF13C,0x0100,0x0000,
        0x0000,0x0000,0x0200,0x723C,0x8248,0x8248,0x8248,0x8248,
        0x83C8,0x8248,0x8248,0x8248,0x8248,0x823C,0x0200,0x0000,
        0x0000,0x0000,0x0100,0x653C,0x9548,0x9548,0x9548,0x9548,
        0x95C8,0x9548,0x9548,0x9548,0x9548,0x893C,0x0100,0x0000,
        0x0000,0x0000,0x0100,0x793C,0x8948,0x8948,0x8948,0x8948,
        0x89C8,0x8948,0x8948,0x8948,0x8948,0x793C,0x0100,0x0000,
        0x0000,0x0000,0x0100,0x7D3C,0x9148,0x9148,0x9148,0x9148,
        0x91C8,0x9148,0x9148,0x9148,0x9148,0x7D3C,0x0100,0x0000,
        0x0000,0x0000,0x0100,0x813C,0x8148,0x4148,0x4148,0x2148,
        0x19C8,0x2148,0x4148,0x4148,0x8148,0x813C,0x0100,0x0000,
        0x0000,0x0000,0x0100,0x311C,0x4928,0x4928,0x8528,0x8528,
        0x85E8,0x8528,0x8528,0x4928,0x4928,0x311C,0x0100,0x0000,
        0x0000,0x2000,0x21F8,0x2220,0x2220,0x3E20,0x2220,0x2220,
        0x2220,0x21F8,0x2000,0x0000,0xFFFC,0x0100,0x0100,0x0000,
        0x0000,0x0200,0x023C,0x7248,0x8248,0x83C8,0x8248,0x8248,
        0x8248,0x823C,0x8200,0x8000,0x9FFC,0x0080,0x0080,0x0000,
        0x0000,0x8100,0x813C,0x4148,0x2148,0x19C8,0x2148,0xC148,
        0x4148,0x213C,0x1900,0x2000,0x43FC,0x8020,0x0020,0x0000,
        0x0000,0x21F8,0x2220,0x2220,0x3E20,0x2220,0x2220,0x21F8,
        0x2000,0x0000,0xFFFC,0x0100,0x0100,0xFFFC,0x0000,0x0000,
        0x0000,0x013C,0x8148,0x8148,0x41C8,0x2148,0x1948,0x213C,
        0xC100,0x4000,0x23FC,0x1840,0x2040,0x43FC,0x8000,0x0000,
        0x0000,0x2000,0x21F8,0x2220,0x2220,0x3E20,0x2220,0x2220,
        0x2220,0x21F8,0x2000,0x0000,0xFFFC,0x0000,0x0000,0x0000,
        0x0000,0x0100,0x013C,0x1148,0x1148,0x11C8,0x1148,0x1148,
        0x1148,0x113C,0x1100,0x1000,0xE7FC,0x0000,0x0000,0x0000,
        0x0000,0x0200,0x023C,0x7248,0x8248,0x83C8,0x8248,0x8248,
        0x8248,0x823C,0x8200,0x8000,0x8FFC,0x0000,0x0000,0x0000,
        0x0000,0x0100,0x013C,0x4948,0xA948,0xA9C8,0xA948,0xA948,
        0xA948,0xA93C,0xA900,0xA800,0x93FC,0x0000,0x0000,0x0000,
        0x0000,0x0100,0x013C,0x7948,0x8948,0x89C8,0x8948,0x8948,
        0x8948,0x893C,0x8900,0x8800,0x7BFC,0x0000,0x0000,0x0000,
        0x0000,0x0100,0x013C,0x7948,0x9148,0x91C8,0x9148,0x9148,
        0x9148,0x913C,0x9100,0x9000,0x7BFC,0x0000,0x0000,0x0000,
        0x0000,0x0000,0x4000,0x41F8,0x4220,0x7E20,0x4220,0x4220,
        0x4220,0x4220,0x4220,0x7E20,0x4220,0x41F8,0x4000,0x0000,
        0x0000,0x0000,0x0400,0x747C,0x8490,0x8790,0x8490,0x8490,
        0x8490,0x8490,0x8490,0x8790,0x8490,0x847C,0x0400,0x0000,
        0x0000,0x0000,0x0200,0x023C,0x0248,0x0248,0x0248,0x0248,
        0xFE48,0x0248,0x0248,0x0248,0x0248,0x023C,0x0200,0x0000,
        0x0000,0x0000,0x0100,0x093C,0x0948,0x0948,0x0948,0x0948,
        0x0F48,0x0948,0x0948,0x0948,0x0948,0xF13C,0x0100,0x0000,
        0x0000,0x0000,0x0200,0x723C,0x8248,0x8248,0x8248,0x8248,
        0x9E48,0x8248,0x8248,0x8248,0x8248,0x823C,0x0200,0x0000,
        0x0000,0x0000,0x0100,0x713C,0x8948,0x8948,0x8948,0x8948,
        0x8F48,0x8948,0x8948,0x8948,0x8948,0x893C,0x0100,0x0000,
        0x0000,0x0000,0x0100,0x653C,0x9548,0x9548,0x9548,0x9548,
        0x9748,0x9548,0x9548,0x9548,0x9548,0x893C,0x0100,0x0000,
        0x0000,0x0000,0x0100,0x653C,0x9548,0x9548,0x9548,0x8948,
        0x8748,0x0548,0x0548,0x0548,0x0548,0xF93C,0x0100,0x0000,
        0x0000,0x0000,0x0100,0x653C,0x9548,0x9548,0x9548,0x8948,
        0x0748,0x7D48,0x8548,0x8548,0x8548,0x7D3C,0x0100,0x0000,
        0x0000,0x0000,0x0100,0x793C,0x8948,0x8948,0x8948,0x8948,
        0x8F48,0x8948,0x8948,0x8948,0x8948,0x793C,0x0100,0x0000,
        0x0000,0x0000,0x0100,0x7D3C,0x9148,0x9148,0x9148,0x9148,
        0x9748,0x9148,0x9148,0x9148,0x9148,0x7D3C,0x0100,0x0000,
        0x0000,0x0000,0x0100,0x813C,0x8148,0x4148,0x4148,0x2148,
        0x1748,0x2148,0x4148,0x4148,0x8148,0x813C,0x0100,0x0000,
        0x0000,0x0000,0x0100,0x213C,0x5148,0x5148,0x8948,0x8948,
        0x8F48,0x8948,0x8948,0x5148,0x5148,0x213C,0x0100,0x0000,
        0x0000,0x0000,0x0100,0x793C,0x9548,0x9548,0x9548,0x9548,
        0x9748,0x9548,0x9548,0x9548,0x9548,0x953C,0x0100,0x0000,
        0x0000,0x0000,0x0100,0x893C,0x8948,0xF948,0x8948,0x8948,
        0x8F48,0x8948,0x8948,0xF948,0x8948,0x893C,0x0100,0x0000,
        0x0000,0x0200,0x023C,0x0248,0x4248,0x3E48,0x0248,0x0248,
        0x1248,0x123C,0x1200,0x1000,0xFFFC,0x0000,0x0000,0x0000,
        0x0000,0x0080,0x009C,0x48A8,0xA8A8,0xAFA8,0xA8A8,0xA8A8,
        0xA8A8,0xAA9C,0xAA80,0xAA00,0x97FC,0x0000,0x0000,0x0000,
        0x0000,0x0080,0x809C,0x80A8,0x40A8,0x37A8,0x20A8,0x40A8,
        0x80A8,0x829C,0x4280,0x3200,0x27FC,0x4000,0x8000,0x0000,
        0x0000,0x0200,0x027C,0x0290,0x4290,0x3E90,0x0290,0x027C,
        0x1200,0x1000,0xFFFC,0x0000,0x0000,0xFFFC,0x0000,0x0000,
        0x0000,0x0200,0x023C,0x0248,0x4248,0x3E48,0x0248,0x0248,
        0x0248,0x023C,0x0200,0x0000,0xFFFC,0x0000,0x0000,0x0000,
        0x0000,0x0100,0x011C,0x1128,0x1128,0x1728,0x1128,0x1128,
        0x1128,0x111C,0x1100,0x1000,0xE7FC,0x0000,0x0000,0x0000,
        0x0000,0x0200,0x023C,0x6248,0x8248,0x9E48,0x8248,0x8248,
        0x8248,0x823C,0x8200,0x8000,0x9FFC,0x0000,0x0000,0x0000,
        0x0000,0x0100,0x011C,0x4928,0xA928,0xAF28,0xA928,0xA928,
        0xA928,0xA91C,0xA900,0xA800,0x93FC,0x0000,0x0000,0x0000,
        0x0000,0x0100,0x011C,0x7128,0x5128,0x8F28,0x8928,0x8928,
        0x8928,0x891C,0x8900,0x5000,0x77FC,0x0000,0x0000,0x0000,
        0x0000,0x0000,0x0400,0x047C,0x8490,0x7C90,0x0490,0x0490,
        0x0490,0x0490,0x0490,0xFC90,0x0490,0x047C,0x0400,0x0000,
        0x0000,0x0000,0x0200,0x727C,0x8290,0x8290,0x9E90,0x8290,
        0x8290,0x8290,0x8290,0x9E90,0x8290,0x827C,0x0200,0x0000,
        0x0000,0x0000,0x0100,0x653C,0x9548,0x9748,0x9548,0x9548,
        0x9548,0x9548,0x9548,0x9748,0x9548,0x893C,0x0100,0x0000,
        0x0000,0x0000,0x0100,0x793C,0x8948,0x8F48,0x8948,0x8948,
        0x8948,0x8948,0x8948,0x8F48,0x8948,0x793C,0x0100,0x0000,
        0x0000,0x0000,0x0100,0x813C,0x8148,0x4748,0x4148,0x2148,
        0x1948,0x2148,0x4148,0x4748,0x8148,0x813C,0x0100,0x0000,
        0x0000,0x0000,0x0100,0x213C,0x5148,0x5748,0x8948,0x8948,
        0x8948,0x8948,0x8948,0x5748,0x5148,0x213C,0x0100,0x0000,
        0x0000,0x0000,0x4000,0x41F8,0x4220,0x4220,0x4220,0x4220,
        0x4220,0x4220,0x4220,0x4220,0x4220,0x41F8,0x4000,0x0000,
        0x0000,0x0000,0x0100,0x093C,0x0948,0x0948,0x0948,0x0948,
        0x0948,0x0948,0x0948,0x0948,0x0948,0xF13C,0x0100,0x0000,
        0x0000,0x0000,0x0200,0x727C,0x8290,0x8290,0x8290,0x8290,
        0x8290,0x8290,0x8290,0x8290,0x8290,0x827C,0x0200,0x0000,
        0x0000,0x0000,0x0100,0x653C,0x9548,0x9548,0x9548,0x9548,
        0x9548,0x9548,0x9548,0x9548,0x9548,0x893C,0x0100,0x0000,
        0x0000,0x0000,0x0100,0x793C,0x8948,0x8948,0x8948,0x8948,
        0x8948,0x8948,0x8948,0x8948,0x8948,0x793C,0x0100,0x0000,
        0x0000,0x0000,0x0100,0x7D3C,0x9148,0x9148,0x9148,0x9148,
        0x9148,0x9148,0x9148,0x9148,0x9148,0x7D3C,0x0100,0x0000,
        0x0000,0x0000,0x0100,0x813C,0x8148,0x4148,0x4148,0x2148,
        0x1948,0x2148,0x4148,0x4148,0x8148,0x813C,0x0100,0x0000,
        0x0000,0x0000,0x1FF8,0x2080,0x2080,0x2080,0x2080,0x2080,
        0x1FF8,0x0000,0x0000,0x0000,0xFFFC,0x0000,0x0000,0x0000,
        0x0000,0x0000,0x00FC,0x0910,0x0910,0x0910,0x0910,0x0910,
        0x08FC,0x0800,0x0800,0x0800,0xF3FC,0x0000,0x0000,0x0000,
        0x0000,0x0000,0x01FC,0x7220,0x8220,0x8220,0x8220,0x8220,
        0x81FC,0x8000,0x8000,0x8000,0x8FFC,0x0000,0x0000,0x0000,
        0x0000,0x0000,0x007C,0x6490,0x9490,0x9490,0x9490,0x9490,
        0x947C,0x9400,0x9400,0x9400,0x89FC,0x0000,0x0000,0x0000,
        0x0000,0x0000,0x647C,0x9490,0x9490,0x9490,0x8890,0x0090,
        0x7C7C,0x8400,0x8400,0x8400,0x7DFC,0x0000,0x0000,0x0000,
        0x0000,0x0000,0x00FC,0x7910,0x8910,0x8910,0x8910,0x8910,
        0x88FC,0x8800,0x8800,0x8800,0x7BFC,0x0000,0x0000,0x0000,
        0x0000,0x0000,0x00FC,0x7D10,0x9110,0x9110,0x9110,0x9110,
        0x90FC,0x9000,0x9000,0x9000,0x7DFC,0x0000,0x0000,0x0000,
        0x0000,0x0000,0x00FC,0x8110,0x8110,0x4110,0x4110,0x2110,
        0x18FC,0x2000,0x4000,0x4000,0x87FC,0x8000,0x0000,0x0000,
        0x0000,0x0000,0x00FC,0x3110,0x4910,0x4910,0x8510,0x8510,
        0x84FC,0x8400,0x4800,0x4800,0x33FC,0x0000,0x0000,0x0000,
        0x0000,0x0000,0x80FC,0x8920,0x8920,0x4920,0x4920,0x2920,
        0x18FC,0x2800,0x4800,0x4800,0x8BFC,0x8000,0x0000,0x0000,
        0x0000,0x0000,0x007C,0x9090,0x9090,0x9090,0x5490,0x5490,
        0x347C,0x5400,0x5400,0x9000,0x93FC,0x9000,0x0000,0x0000,
        0x0000,0x1FF8,0x2080,0x2080,0x1FF8,0x0000,0x1FF8,0x2080,
        0x2080,0x1FF8,0x0000,0x0000,0xFFFC,0x0080,0x0080,0x0000,
        0x0000,0x00FC,0x0120,0x0920,0x08FC,0x0800,0x08FC,0x0920,
        0x0920,0x08FC,0x0800,0x0800,0xF3FC,0x0020,0x0020,0x0000,
        0x0000,0x01FC,0x0220,0x7220,0x81FC,0x8000,0x81FC,0x8220,
        0x8220,0x81FC,0x8000,0x8000,0x8FFC,0x0040,0x0040,0x0000,
        0x0000,0x007C,0x0090,0x6490,0x947C,0x9400,0x947C,0x9490,
        0x9490,0x947C,0x9400,0x9400,0x89FC,0x0020,0x0020,0x0000,
        0x0000,0x007C,0x6490,0x9490,0x947C,0x9400,0x887C,0x0090,
        0x7C90,0x847C,0x8400,0x8400,0x7DFC,0x0020,0x0020,0x0000,
        0x0000,0x00FC,0x0120,0x7920,0x88FC,0x8800,0x88FC,0x8920,
        0x8920,0x88FC,0x8800,0x8800,0x7BFC,0x0020,0x0020,0x0000,
        0x0000,0x00FC,0x0120,0x7D20,0x90FC,0x9000,0x90FC,0x9120,
        0x9120,0x90FC,0x9000,0x9000,0x7DFC,0x0020,0x0020,0x0000,
        0x0000,0x00FC,0x0120,0x8120,0x80FC,0x4000,0x40FC,0x2120,
        0x1920,0x20FC,0x4000,0x4000,0x87FC,0x8020,0x0020,0x0000,
        0x0000,0x80FC,0x8120,0x4120,0x20FC,0x1800,0x20FC,0xC120,
        0x4120,0x20FC,0x1800,0x2000,0x43FC,0x8020,0x0020,0x0000,
        0x0000,0x00FC,0x0120,0x3120,0x48FC,0x4800,0x84FC,0x8520,
        0x8520,0x84FC,0x4800,0x4800,0x33FC,0x0020,0x0020,0x0000,
        0x0000,0x007C,0x0090,0x0890,0x487C,0xA800,0xAA7C,0xAA90,
        0xAA90,0xAA7C,0xAA00,0xA800,0x49FC,0x0820,0x0020,0x0000,
        0x0000,0x1FF8,0x2080,0x1FF8,0x0000,0x1FF8,0x2080,0x1FF8,
        0x0000,0x0000,0xFFFC,0x0100,0x0100,0xFFFC,0x0000,0x0000,
        0x0000,0x00FC,0x0120,0x08FC,0x0800,0x08FC,0x0920,0x08FC,
        0x0800,0x0800,0x0BFC,0x0820,0x0820,0xF3FC,0x0000,0x0000,
        0x0000,0x01FC,0x0220,0x71FC,0x8000,0x81FC,0x8220,0x81FC,
        0x8000,0x8000,0x87FC,0x8040,0x8040,0x8FFC,0x0000,0x0000,
        0x0000,0x00FC,0x0120,0x64FC,0x9400,0x94FC,0x9520,0x94FC,
        0x9400,0x9400,0x95FC,0x9420,0x9420,0x89FC,0x0000,0x0000,
        0x0000,0x00FC,0x0120,0x78FC,0x8800,0x88FC,0x8920,0x88FC,
        0x8800,0x8800,0x8BFC,0x8820,0x8820,0x7BFC,0x0000,0x0000,
        0x0000,0x00FC,0x0120,0x7CFC,0x9000,0x90FC,0x9120,0x90FC,
        0x9000,0x9000,0x91FC,0x9020,0x9020,0x7DFC,0x0000,0x0000,
        0x0000,0x00FC,0x0120,0x80FC,0x8000,0x40FC,0x4120,0x20FC,
        0x1800,0x2000,0x43FC,0x4020,0x8020,0x87FC,0x0000,0x0000,
        0x0000,0x00FC,0x8120,0x80FC,0x4000,0x20FC,0x1920,0x20FC,
        0xC000,0x4000,0x21FC,0x1820,0x2020,0x43FC,0x8000,0x0000,
        0x0000,0x00FC,0x0120,0x30FC,0x4800,0x48FC,0x8520,0x84FC,
        0x8400,0x8400,0x85FC,0x4820,0x4820,0x33FC,0x0000,0x0000,
        0x0000,0x1FF8,0x2080,0x2080,0x1FF8,0x0000,0x1FF8,0x2080,
        0x2080,0x1FF8,0x0000,0x0000,0xFFFC,0x0420,0x0420,0x0000,
        0x0000,0x00FC,0x0120,0x0920,0x08FC,0x0800,0x08FC,0x0920,
        0x0920,0x08FC,0x0800,0x0800,0xF3FC,0x0048,0x0048,0x0000,
        0x0000,0x00FC,0x0120,0x7920,0x88FC,0x8800,0x88FC,0x8920,
        0x8920,0x88FC,0x8800,0x8800,0x7BFC,0x0048,0x0048,0x0000,
        0x0000,0x1FF8,0x2080,0x2080,0x1FF8,0x0000,0x1FF8,0x2080,
        0x2080,0x1FF8,0x0080,0x0080,0xFFFC,0x0000,0x0000,0x0000,
        0x0000,0x00FC,0x0120,0x0920,0x08FC,0x0800,0x08FC,0x0920,
        0x0920,0x08FC,0x0820,0x0820,0xF3FC,0x0000,0x0000,0x0000,
        0x0000,0x01FC,0x0220,0x7220,0x81FC,0x8000,0x81FC,0x8220,
        0x8220,0x81FC,0x8020,0x8020,0x8FFC,0x0000,0x0000,0x0000,
        0x0000,0x00FC,0x0120,0x7120,0x88FC,0x8800,0x88FC,0x8920,
        0x8920,0x88FC,0x8820,0x8820,0x8BFC,0x0000,0x0000,0x0000,
        0x0000,0x007C,0x0090,0x6490,0x947C,0x9400,0x947C,0x9490,
        0x9490,0x947C,0x9420,0x9420,0x89FC,0x0000,0x0000,0x0000,
        0x0000,0x00FC,0x0120,0x7920,0x88FC,0x8800,0x88FC,0x8920,
        0x8920,0x88FC,0x8820,0x8820,0x7BFC,0x0000,0x0000,0x0000,
        0x0000,0x00FC,0x0120,0x8120,0x80FC,0x4000,0x40FC,0x2120,
        0x1920,0x20FC,0x4020,0x4020,0x87FC,0x8000,0x0000,0x0000,
        0x0000,0x80FC,0x8120,0x4120,0x20FC,0x1800,0x20FC,0xC120,
        0x4120,0x20FC,0x1820,0x2020,0x43FC,0x8000,0x0000,0x0000,
        0x0000,0x00FC,0x0120,0x3120,0x48FC,0x4800,0x84FC,0x8520,
        0x8520,0x84FC,0x4820,0x4820,0x33FC,0x0000,0x0000,0x0000,
        0x0000,0x1FF8,0x2080,0x1FF8,0x0000,0x1FF8,0x2080,0x1FF8,
        0x0080,0x0080,0xFFFC,0x0000,0x0000,0xFFFC,0x0000,0x0000,
        0x0000,0x00FC,0x0120,0x30FC,0x4800,0x48FC,0x8520,0x84FC,
        0x8420,0x8420,0x85FC,0x4800,0x4800,0x33FC,0x0000,0x0000,
        0x0000,0x1FF8,0x2080,0x2080,0x1FF8,0x0000,0x1FF8,0x2080,
        0x2080,0x1FF8,0x0220,0x0220,0xFFFC,0x0000,0x0000,0x0000,
        0x0000,0x00FC,0x0120,0x0920,0x08FC,0x0800,0x08FC,0x0920,
        0x0920,0x08FC,0x0848,0x0848,0xF3FC,0x0000,0x0000,0x0000,
        0x0000,0x00FC,0x0120,0x7920,0x88FC,0x8800,0x88FC,0x8920,
        0x8920,0x88FC,0x8848,0x8848,0x7BFC,0x0000,0x0000,0x0000,
        0x0000,0x00FC,0x0120,0x7D20,0x90FC,0x9000,0x90FC,0x9120,
        0x9120,0x90FC,0x9048,0x9048,0x7DFC,0x0000,0x0000,0x0000,
        0x0000,0x00FC,0x0120,0x8120,0x80FC,0x4000,0x40FC,0x2120,
        0x1920,0x20FC,0x4048,0x4048,0x87FC,0x8000,0x0000,0x0000,
        0x0000,0x80FC,0x8120,0x4120,0x20FC,0x1800,0x20FC,0xC120,
        0x4120,0x20FC,0x1848,0x2048,0x43FC,0x8000,0x0000,0x0000,
        0x0000,0x00FC,0x0120,0x3120,0x48FC,0x4800,0x84FC,0x8520,
        0x8520,0x84FC,0x4848,0x4848,0x33FC,0x0000,0x0000,0x0000,
        0x0000,0x0000,0x4000,0x41F8,0x4220,0x4220,0x4220,0x41F8,
        0x7C00,0x41F8,0x4220,0x4220,0x4220,0x41F8,0x4000,0x0000,
        0x0000,0x0000,0x0100,0x093C,0x0948,0x0948,0x0948,0x093C,
        0x09C0,0x093C,0x0948,0x0948,0x0948,0xF13C,0x0100,0x0000,
        0x0000,0x0000,0x0400,0x747C,0x8490,0x8490,0x8490,0x847C,
        0x8780,0x847C,0x8490,0x8490,0x8490,0x847C,0x0400,0x0000,
        0x0000,0x0000,0x0100,0x653C,0x9548,0x9548,0x9548,0x953C,
        0x95C0,0x953C,0x9548,0x9548,0x9548,0x893C,0x0100,0x0000,
        0x0000,0x0000,0x0100,0x793C,0x8948,0x8948,0x8948,0x893C,
        0x89C0,0x893C,0x8948,0x8948,0x8948,0x793C,0x0100,0x0000,
        0x0000,0x0000,0x0100,0x7D3C,0x9148,0x9148,0x9148,0x913C,
        0x91C0,0x913C,0x9148,0x9148,0x9148,0x7D3C,0x0100,0x0000,
        0x0000,0x0000,0x0100,0x213C,0x5148,0x5148,0x8948,0x893C,
        0x89C0,0x893C,0x8948,0x5148,0x5148,0x213C,0x0100,0x0000,
        0x0000,0x21F8,0x2220,0x2220,0x21F8,0x3E00,0x21F8,0x2220,
        0x2220,0x21F8,0x2000,0x0000,0xFFFC,0x0000,0x0000,0x0000,
        0x0000,0x0000,0x4000,0x41F8,0x4220,0x7E20,0x4220,0x41F8,
        0x4000,0x41F8,0x4220,0x7E20,0x4220,0x41F8,0x4000,0x0000,
        0x0000,0x0000,0x0100,0x213C,0x5148,0x51C8,0x8948,0x893C,
        0x8900,0x893C,0x8948,0x51C8,0x5148,0x213C,0x0100,0x0000,
        0x0000,0x0000,0x0400,0x047C,0x0490,0x0490,0x0490,0x047C,
        0xFC00,0x047C,0x0490,0x0490,0x0490,0x047C,0x0400,0x0000,
        0x0000,0x0000,0x0100,0x093C,0x0948,0x0948,0x0948,0x093C,
        0x0F00,0x093C,0x0948,0x0948,0x0948,0xF13C,0x0100,0x0000,
        0x0000,0x0000,0x0200,0x723C,0x8248,0x8248,0x8248,0x823C,
        0x9E00,0x823C,0x8248,0x8248,0x8248,0x823C,0x0200,0x0000,
        0x0000,0x0000,0x0100,0x653C,0x9548,0x9548,0x9548,0x953C,
        0x9700,0x953C,0x9548,0x9548,0x9548,0x893C,0x0100,0x0000,
        0x0000,0x0000,0x0100,0x793C,0x8948,0x8948,0x8948,0x893C,
        0x8F00,0x893C,0x8948,0x8948,0x8948,0x793C,0x0100,0x0000,
        0x0000,0x0000,0x0100,0x813C,0x8148,0x4148,0x4148,0x213C,
        0x1700,0x213C,0x4148,0x4148,0x8148,0x813C,0x0100,0x0000,
        0x0000,0x0000,0x0100,0x213C,0x5148,0x5148,0x8948,0x893C,
        0x8F00,0x893C,0x8948,0x5148,0x5148,0x213C,0x0100,0x0000,
        0x0000,0x0000,0x0400,0x047C,0x8490,0x7C90,0x0490,0x047C,
        0x0400,0x047C,0x0490,0xFC90,0x0490,0x047C,0x0400,0x0000,
        0x0000,0x0000,0x0100,0x213C,0x5148,0x5748,0x8948,0x893C,
        0x8900,0x893C,0x8948,0x5748,0x5148,0x213C,0x0100,0x0000,
        0x0000,0x0000,0x4000,0x41F8,0x4220,0x4220,0x4220,0x41F8,
        0x4000,0x41F8,0x4220,0x4220,0x4220,0x41F8,0x4000,0x0000,
        0x0000,0x0000,0x0200,0x727C,0x8290,0x8290,0x8290,0x827C,
        0x8200,0x827C,0x8290,0x8290,0x8290,0x827C,0x0200,0x0000,
        0x0000,0x0000,0x0100,0x653C,0x9548,0x9548,0x9548,0x953C,
        0x9500,0x953C,0x9548,0x9548,0x9548,0x893C,0x0100,0x0000,
        0x0000,0x0000,0x0100,0x793C,0x8948,0x8948,0x8948,0x893C,
        0x8900,0x893C,0x8948,0x8948,0x8948,0x793C,0x0100,0x0000,
        0x0000,0x0000,0x0100,0x7D3C,0x9148,0x9148,0x9148,0x913C,
        0x9100,0x913C,0x9148,0x9148,0x9148,0x7D3C,0x0100,0x0000,
        0x0000,0x1FF8,0x2080,0x2080,0x1FF8,0x0000,0x1FF8,0x2080,
        0x2080,0x1FF8,0x0000,0x0000,0xFFFC,0x0000,0x0000,0x0000,
        0x0000,0x00FC,0x0120,0x0920,0x08FC,0x0800,0x08FC,0x0920,
        0x0920,0x08FC,0x0800,0x0800,0xF3FC,0x0000,0x0000,0x0000,
        0x0000,0x01FC,0x0220,0x7220,0x81FC,0x8000,0x81FC,0x8220,
        0x8220,0x81FC,0x8000,0x8000,0x8FFC,0x0000,0x0000,0x0000,
        0x0000,0x007C,0x0090,0x6490,0x947C,0x9400,0x947C,0x9490,
        0x9490,0x947C,0x9400,0x9400,0x89FC,0x0000,0x0000,0x0000,
        0x0000,0x00FC,0x0120,0x7920,0x88FC,0x8800,0x88FC,0x8920,
        0x8920,0x88FC,0x8800,0x8800,0x7BFC,0x0000,0x0000,0x0000,
        0x0000,0x00FC,0x0120,0x7D20,0x90FC,0x9000,0x90FC,0x9120,
        0x9120,0x90FC,0x9000,0x9000,0x7DFC,0x0000,0x0000,0x0000,
        0x0000,0x00FC,0x0120,0x8120,0x80FC,0x4000,0x40FC,0x2120,
        0x1920,0x20FC,0x4000,0x4000,0x87FC,0x8000,0x0000,0x0000,
        0x0000,0x00FC,0x0120,0x3120,0x48FC,0x4800,0x84FC,0x8520,
        0x8520,0x84FC,0x4800,0x4800,0x33FC,0x0000,0x0000,0x0000,
        0x0000,0x2000,0x1000,0x0C00,0x0300,0x00F8,0x0300,0x0C00,
        0x1000,0x2000,0x0000,0x0000,0xFFFC,0x0080,0x0080,0x0000,
        0x0000,0x0100,0x0080,0x0840,0x0830,0x081C,0x0820,0x0840,
        0x0880,0x0900,0x0800,0x0800,0xF3FC,0x0020,0x0020,0x0000,
        0x0000,0x0100,0x0880,0x0840,0x0830,0x081C,0xF020,0x8040,
        0x8080,0x4100,0x3800,0x4000,0x83FC,0x8020,0x0020,0x0000,
        0x0000,0x0200,0x0100,0x7080,0x8060,0x803C,0x8040,0x8080,
        0x8100,0x8200,0x8000,0x8000,0x8FFC,0x0040,0x0040,0x0000,
        0x0000,0x0100,0x0080,0x7040,0x8830,0x881C,0x8820,0x8840,
        0x8880,0x8900,0x8800,0x8800,0x8BFC,0x0020,0x0020,0x0000,
        0x0000,0x0100,0x0080,0x6440,0x9430,0x941C,0x9420,0x9440,
        0x9480,0x9500,0x9400,0x9400,0x89FC,0x0020,0x0020,0x0000,
        0x0000,0x0100,0x6480,0x9440,0x9430,0x941C,0x9420,0x8840,
        0x0480,0x0400,0x0400,0x0400,0xF9FC,0x0020,0x0020,0x0000,
        0x0000,0x0100,0x6480,0x9440,0x9430,0x941C,0x8820,0x0040,
        0x7C80,0x8400,0x8400,0x8400,0x7DFC,0x0020,0x0020,0x0000,
        0x0000,0x0100,0x0080,0x7840,0x8830,0x881C,0x8820,0x8840,
        0x8880,0x8900,0x8800,0x8800,0x7BFC,0x0020,0x0020,0x0000,
        0x0000,0x0100,0x0080,0x7C40,0x9030,0x901C,0x9020,0x9040,
        0x9080,0x9100,0x9000,0x9000,0x7DFC,0x0020,0x0020,0x0000,
        0x0000,0x0100,0x0080,0x8040,0x8030,0x401C,0x4020,0x2040,
        0x1880,0x2100,0x4000,0x4000,0x87FC,0x8020,0x0020,0x0000,
        0x0000,0x8100,0x8080,0x4040,0x2030,0x181C,0x2020,0xC040,
        0x4080,0x2100,0x1800,0x2000,0x43FC,0x8020,0x0020,0x0000,
        0x0000,0x0100,0x0080,0x3040,0x4830,0x481C,0x8420,0x8440,
        0x8480,0x8500,0x4800,0x4800,0x33FC,0x0020,0x0020,0x0000,
        0x0000,0x0100,0x0080,0x7840,0x9430,0x941C,0x9420,0x9440,
        0x9480,0x9400,0x9400,0x9400,0x95FC,0x0020,0x0020,0x0000,
        0x0000,0x2000,0x1800,0x0700,0x00F8,0x0300,0x0C00,0x3000,
        0x0000,0x0000,0xFFFC,0x0100,0x0100,0xFFFC,0x0000,0x0000,
        0x0000,0x0100,0x0080,0x0860,0x083C,0x0840,0x0880,0x0900,
        0x0800,0x0800,0x0BFC,0x0820,0x0820,0xF3FC,0x0000,0x0000,
        0x0000,0x0200,0x0100,0x70C0,0x807C,0x8080,0x8100,0x8200,
        0x8000,0x8000,0x87FC,0x8040,0x8040,0x8FFC,0x0000,0x0000,
        0x0000,0x0100,0x0080,0x6460,0x943C,0x9440,0x9480,0x9500,
        0x9400,0x9400,0x95FC,0x9420,0x9420,0x89FC,0x0000,0x0000,
        0x0000,0x0100,0x0080,0x7860,0x883C,0x8840,0x8880,0x8900,
        0x8800,0x8800,0x8BFC,0x8820,0x8820,0x7BFC,0x0000,0x0000,
        0x0000,0x0100,0x0080,0x7C60,0x903C,0x9040,0x9080,0x9100,
        0x9000,0x9000,0x91FC,0x9020,0x9020,0x7DFC,0x0000,0x0000,
        0x0000,0x0100,0x0080,0x8060,0x803C,0x4040,0x4080,0x2100,
        0x1800,0x2000,0x43FC,0x4020,0x8020,0x87FC,0x0000,0x0000,
        0x0000,0x0100,0x8080,0x8060,0x403C,0x2040,0x1880,0x2100,
        0xC000,0x4000,0x21FC,0x1820,0x2020,0x43FC,0x8000,0x0000,
        0x0000,0x0100,0x0080,0x3060,0x481C,0x4820,0x8440,0x8480,
        0x8400,0x8400,0x85FC,0x4820,0x4820,0x33FC,0x0000,0x0000,
        0x0000,0x2000,0x1000,0x0C00,0x0300,0x00F8,0x0300,0x0C00,
        0x1000,0x2000,0x0000,0x0000,0xFFFC,0x0420,0x0420,0x0000,
        0x0000,0x0100,0x0080,0x0840,0x0830,0x081C,0x0820,0x0840,
        0x0880,0x0900,0x0800,0x0800,0xF3FC,0x0048,0x0048,0x0000,
        0x0000,0x0200,0x0100,0x7080,0x8060,0x803C,0x8040,0x8080,
        0x8100,0x8200,0x8000,0x8000,0x8FFC,0x0110,0x0110,0x0000,
        0x0000,0x0100,0x0080,0x6440,0x9430,0x941C,0x9420,0x9440,
        0x9480,0x9400,0x9400,0x9400,0x89FC,0x0048,0x0048,0x0000,
        0x0000,0x0100,0x0080,0x7840,0x8830,0x881C,0x8820,0x8840,
        0x8880,0x8900,0x8800,0x8800,0x7BFC,0x0048,0x0048,0x0000,
        0x0000,0x0100,0x0080,0x7C40,0x9030,0x901C,0x9020,0x9040,
        0x9080,0x9100,0x9000,0x9000,0x7DFC,0x0048,0x0048,0x0000,
        0x0000,0x0100,0x0080,0x8040,0x8030,0x401C,0x4020,0x2040,
        0x1880,0x2100,0x4000,0x4000,0x87FC,0x8048,0x0048,0x0000,
        0x0000,0x0100,0x0080,0x3040,0x4830,0x481C,0x8420,0x8440,
        0x8480,0x8500,0x4800,0x4800,0x33FC,0x0048,0x0048,0x0000,
        0x0000,0x2000,0x1800,0x0700,0x00F8,0x0300,0x0C00,0x3000,
        0x0000,0x0000,0xFFFC,0x0820,0x0820,0xFFFC,0x0000,0x0000,
        0x0000,0x0200,0x0100,0x70C0,0x807C,0x8080,0x8100,0x8200,
        0x8000,0x8000,0x87FC,0x8110,0x8110,0x8FFC,0x0000,0x0000,
        0x0000,0x0100,0x0080,0x6460,0x943C,0x9440,0x9480,0x9500,
        0x9400,0x9400,0x95FC,0x9490,0x9490,0x89FC,0x0000,0x0000,
        0x0000,0x0100,0x0080,0x7860,0x883C,0x8840,0x8880,0x8900,
        0x8800,0x8800,0x8BFC,0x8890,0x8890,0x7BFC,0x0000,0x0000,
        0x0000,0x0100,0x0080,0x3060,0x483C,0x4840,0x8480,0x8500,
        0x8400,0x8400,0x85FC,0x4890,0x4890,0x33FC,0x0000,0x0000,
        0x0000,0x1000,0x0800,0x0600,0x0180,0x0078,0x0180,0x0600,
        0x0880,0x1080,0x0080,0x0080,0xFFFC,0x0000,0x0000,0x0000,
        0x0000,0x0100,0x0080,0x0840,0x0830,0x081C,0x0820,0x0840,
        0x0880,0x0920,0x0820,0x0820,0xF3FC,0x0000,0x0000,0x0000,
        0x0000,0x0100,0x0880,0x0840,0x0830,0x081C,0xF020,0x0040,
        0x0880,0x0910,0x0810,0x0810,0xF3FC,0x0000,0x0000,0x0000,
        0x0000,0x0100,0x0880,0x0840,0x0830,0x081C,0xF020,0x8040,
        0x8080,0x4110,0x3810,0x4010,0x83FC,0x8000,0x0000,0x0000,
        0x0000,0x0200,0x0100,0x7080,0x8060,0x803C,0x8040,0x8080,
        0x8120,0x8220,0x8020,0x8020,0x9FFC,0x0000,0x0000,0x0000,
        0x0000,0x0100,0x0080,0x7040,0x8830,0x881C,0x8820,0x8840,
        0x8880,0x8910,0x8810,0x8810,0x8BFC,0x0000,0x0000,0x0000,
        0x0000,0x0100,0x0080,0x6440,0x9430,0x941C,0x9420,0x9440,
        0x9480,0x9520,0x9420,0x9420,0x89FC,0x0000,0x0000,0x0000,
        0x0000,0x0100,0x6480,0x9440,0x9430,0x941C,0x8820,0x0040,
        0x7C80,0x8410,0x8410,0x8410,0x7DFC,0x0000,0x0000,0x0000,
        0x0000,0x0100,0x6480,0x9440,0x9430,0x941C,0x8820,0x0040,
        0x7C80,0x9010,0x9010,0x9010,0x7DFC,0x0000,0x0000,0x0000,
        0x0000,0x0100,0x0080,0x7840,0x8830,0x881C,0x8820,0x8840,
        0x8880,0x8910,0x8810,0x8810,0x7BFC,0x0000,0x0000,0x0000,
        0x0000,0x0100,0x0080,0x7C40,0x9030,0x901C,0x9020,0x9040,
        0x9080,0x9110,0x9010,0x9010,0x7DFC,0x0000,0x0000,0x0000,
        0x0000,0x0100,0x0080,0x8040,0x8030,0x401C,0x4020,0x2040,
        0x1880,0x2110,0x4010,0x4010,0x87FC,0x8000,0x0000,0x0000,
        0x0000,0x8100,0x8080,0x4040,0x2030,0x181C,0x2020,0xC040,
        0x4080,0x2110,0x1810,0x2010,0x43FC,0x8000,0x0000,0x0000,
        0x0000,0x0100,0x0080,0x3040,0x4830,0x481C,0x8420,0x8440,
        0x8480,0x8520,0x4820,0x4820,0x33FC,0x0000,0x0000,0x0000,
        0x0000,0x0100,0x0080,0x8840,0x8830,0xF81C,0x8820,0x8840,
        0x8880,0x8910,0xF810,0x8810,0x8BFC,0x0000,0x0000,0x0000,
        0x0000,0x1800,0x0600,0x01C0,0x003C,0x01C0,0x0600,0x1880,
        0x0080,0x0080,0xFFFC,0x0000,0x0000,0xFFFC,0x0000,0x0000,
        0x0000,0x0100,0x0080,0x0860,0x083C,0x0840,0x0880,0x0920,
        0x0820,0x0820,0x0BFC,0x0800,0x0800,0xF3FC,0x0000,0x0000,
        0x0000,0x0200,0x0100,0x70C0,0x807C,0x8080,0x8100,0x8220,
        0x8020,0x8020,0x8FFC,0x8000,0x8000,0x9FFC,0x0000,0x0000,
        0x0000,0x0100,0x0080,0x6460,0x943C,0x9440,0x9480,0x9520,
        0x9420,0x9420,0x95FC,0x9400,0x9400,0x89FC,0x0000,0x0000,
        0x0000,0x0100,0x0080,0x7860,0x883C,0x8840,0x8880,0x8920,
        0x8820,0x8820,0x8BFC,0x8800,0x8800,0x7BFC,0x0000,0x0000,
        0x0000,0x0100,0x0080,0x7C60,0x903C,0x9040,0x9080,0x9120,
        0x9020,0x9020,0x91FC,0x9000,0x9000,0x7DFC,0x0000,0x0000,
        0x0000,0x0100,0x0080,0x8060,0x803C,0x4040,0x4080,0x2120,
        0x1820,0x2020,0x43FC,0x4000,0x8000,0x87FC,0x0000,0x0000,
        0x0000,0x0100,0x8080,0x8060,0x403C,0x2040,0x1880,0x2120,
        0xC020,0x4020,0x21FC,0x1800,0x2000,0x43FC,0x8000,0x0000,
        0x0000,0x0100,0x0080,0x3060,0x483C,0x4840,0x8480,0x8520,
        0x8420,0x8420,0x85FC,0x4800,0x4800,0x33FC,0x0000,0x0000,
        0x0000,0x2000,0x1000,0x0C00,0x0300,0x00F8,0x0300,0x0C00,
        0x3000,0x0420,0x0420,0x0420,0xFFFC,0x0000,0x0000,0x0000,
        0x0000,0x0100,0x0080,0x0840,0x0830,0x081C,0x0820,0x0840,
        0x0880,0x0948,0x0848,0x0848,0xF3FC,0x0000,0x0000,0x0000,
        0x0000,0x0200,0x0100,0x7080,0x8060,0x803C,0x8040,0x8080,
        0x8100,0x8290,0x8090,0x8090,0x8FFC,0x0000,0x0000,0x0000,
        0x0000,0x0100,0x0080,0x6440,0x9430,0x941C,0x9420,0x9440,
        0x9480,0x9448,0x9448,0x9448,0x8BFC,0x0000,0x0000,0x0000,
        0x0000,0x0100,0x0080,0x7840,0x8830,0x881C,0x8820,0x8840,
        0x8880,0x8948,0x8848,0x8848,0x7BFC,0x0000,0x0000,0x0000,
        0x0000,0x0100,0x0080,0x7C40,0x9030,0x901C,0x9020,0x9040,
        0x9080,0x9148,0x9048,0x9048,0x7FFC,0x0000,0x0000,0x0000,
        0x0000,0x0100,0x0080,0x8040,0x8030,0x401C,0x4020,0x2040,
        0x1880,0x2148,0x4048,0x4048,0x87FC,0x8000,0x0000,0x0000,
        0x0000,0x8100,0x8080,0x4040,0x2030,0x181C,0x2020,0xC040,
        0x4080,0x2148,0x1848,0x2048,0x43FC,0x8000,0x0000,0x0000,
        0x0000,0x0100,0x0080,0x3040,0x4830,0x481C,0x8420,0x8440,
        0x8480,0x8548,0x4848,0x4848,0x33FC,0x0000,0x0000,0x0000,
        0x0000,0x2000,0x1800,0x0700,0x00F8,0x0300,0x0C00,0x3420,
        0x0420,0x0420,0xFFFC,0x0000,0x0000,0xFFFC,0x0000,0x0000,
        0x0000,0x0200,0x0100,0x70C0,0x807C,0x8080,0x8100,0x8200,
        0x8090,0x8090,0x87FC,0x8000,0x8000,0x8FFC,0x0000,0x0000,
        0x0000,0x0100,0x0080,0x6460,0x943C,0x9440,0x9480,0x9548,
        0x9448,0x9448,0x95FC,0x9400,0x9400,0x89FC,0x0000,0x0000,
        0x0000,0x0100,0x0080,0x3060,0x483C,0x4840,0x8480,0x8548,
        0x8448,0x8448,0x85FC,0x4800,0x4800,0x33FC,0x0000,0x0000,
        0x0000,0x0000,0x4200,0x4200,0x4100,0x4100,0x4080,0x4040,
        0x7C38,0x4040,0x4080,0x4100,0x4100,0x4200,0x4200,0x0000,
        0x0000,0x0000,0x0120,0x0920,0x0920,0x0910,0x0910,0x0908,
        0x09C4,0x0908,0x0910,0x0910,0x0920,0xF120,0x0120,0x0000,
        0x0000,0x0000,0x0100,0x0920,0x0920,0x0910,0x0910,0xF108,
        0x01C4,0x0908,0x0910,0x0910,0x0920,0xF120,0x0100,0x0000,
        0x0000,0x0000,0x0400,0x7440,0x8440,0x8420,0x8420,0x8410,
        0x878C,0x8410,0x8420,0x8420,0x8440,0x8440,0x0400,0x0000,
        0x0000,0x0000,0x0100,0x6520,0x9520,0x9510,0x9510,0x9508,
        0x95C4,0x9508,0x9510,0x9510,0x9520,0x8920,0x0100,0x0000,
        0x0000,0x0000,0x0100,0x6520,0x9520,0x9510,0x9510,0x8908,
        0x01C4,0x7D08,0x8510,0x8510,0x8520,0x7D20,0x0100,0x0000,
        0x0000,0x0000,0x0100,0x7920,0x8920,0x8910,0x8910,0x8908,
        0x89C4,0x8908,0x8910,0x8910,0x8920,0x7920,0x0100,0x0000,
        0x0000,0x0000,0x0100,0x7D20,0x9120,0x9110,0x9110,0x9108,
        0x91C4,0x9108,0x9110,0x9110,0x9120,0x7D20,0x0100,0x0000,
        0x0000,0x0000,0x0100,0x8120,0x8120,0x4110,0x4110,0x2108,
        0x19C4,0x2108,0x4110,0x4110,0x8120,0x8120,0x0100,0x0000,
        0x0000,0x0000,0x0120,0x3120,0x4920,0x4910,0x8510,0x8508,
        0x85C4,0x8508,0x8510,0x4910,0x4920,0x3120,0x0120,0x0000,
        0x0000,0x0000,0x0100,0x7920,0x9520,0x9510,0x9510,0x9508,
        0x95C4,0x9508,0x9510,0x9510,0x9520,0x9520,0x0100,0x0000,
        0x0000,0x2100,0x2100,0x2080,0x2040,0x3E38,0x2040,0x2080,
        0x2100,0x2100,0x2000,0x0000,0xFFFC,0x0100,0x0100,0x0000,
        0x0000,0x0120,0x0120,0x1110,0x1110,0x11CC,0x1110,0x1110,
        0x1120,0x1120,0x1100,0x1000,0xE7FC,0x0020,0x0020,0x0000,
        0x0000,0x0240,0x0240,0x7220,0x8210,0x83CC,0x8210,0x8220,
        0x8240,0x8240,0x8200,0x8000,0x9FFC,0x0080,0x0080,0x0000,
        0x0000,0x0120,0x0120,0x4910,0xA910,0xA9CC,0xA910,0xA910,
        0xA920,0xA920,0xA900,0xA800,0x93FC,0x0020,0x0020,0x0000,
        0x0000,0x0120,0x0120,0x7110,0x5110,0x89CC,0x8910,0x8910,
        0x8920,0x8920,0x8900,0x5000,0x77FC,0x0020,0x0020,0x0000,
        0x0000,0x2100,0x2080,0x2040,0x3E38,0x2040,0x2080,0x2100,
        0x2000,0x0000,0xFFFC,0x0100,0x0100,0xFFFC,0x0000,0x0000,
        0x0000,0x0240,0x0220,0x7210,0x83CC,0x8210,0x8220,0x8240,
        0x8200,0x8000,0x8FFC,0x8040,0x8040,0x9FFC,0x0000,0x0000,
        0x0000,0x0120,0x0120,0x4910,0xA9CC,0xA910,0xA920,0xA920,
        0xA900,0xA800,0xABFC,0xA840,0xA840,0x93FC,0x0000,0x0000,
        0x0000,0x0120,0x0120,0x7910,0x89CC,0x8910,0x8920,0x8920,
        0x8900,0x8800,0x8BFC,0x8840,0x8840,0x7BFC,0x0000,0x0000,
        0x0000,0x0120,0x0120,0x8110,0x81CC,0x4110,0x4120,0x2120,
        0x1900,0x2000,0x43FC,0x4040,0x8040,0x87FC,0x0000,0x0000,
        0x0000,0x0120,0x8120,0x8110,0x41CC,0x2110,0x1920,0x2120,
        0xC100,0x4000,0x23FC,0x1840,0x2040,0x43FC,0x8000,0x0000,
        0x0000,0x2000,0x2100,0x2100,0x2080,0x2040,0x3E38,0x2040,
        0x2080,0x2100,0x2100,0x0000,0xFFFC,0x0000,0x0000,0x0000,
        0x0000,0x0240,0x0240,0x7220,0x8210,0x83CC,0x8210,0x8220,
        0x8240,0x8240,0x8200,0x8000,0x8FFC,0x0000,0x0000,0x0000,
        0x0000,0x0120,0x0120,0x4910,0xA910,0xA9CC,0xA910,0xA910,
        0xA920,0xA920,0xA900,0xA800,0x93FC,0x0000,0x0000,0x0000,
        0x0000,0x0120,0x0120,0x7910,0x8910,0x89CC,0x8910,0x8910,
        0x8920,0x8920,0x8900,0x8800,0x7BFC,0x0000,0x0000,0x0000,
        0x0000,0x0120,0x0120,0x7910,0x9110,0x91CC,0x9110,0x9110,
        0x9120,0x9120,0x9100,0x9000,0x7BFC,0x0000,0x0000,0x0000,
        0x0000,0x0120,0x0120,0x8110,0x8110,0x41CC,0x4110,0x2110,
        0x1920,0x2120,0x4100,0x4000,0x87FC,0x8000,0x0000,0x0000,
        0x0000,0x0000,0x4200,0x4200,0x4100,0x7D00,0x4080,0x4040,
        0x4038,0x4040,0x4080,0x7D00,0x4100,0x4200,0x4200,0x0000,
        0x0000,0x0000,0x0100,0x0920,0x0920,0x09D0,0x0910,0x0908,
        0x0904,0x0908,0x0910,0x09D0,0x0920,0xF120,0x0100,0x0000,
        0x0000,0x0000,0x0400,0x7440,0x8440,0x87A0,0x8420,0x8410,
        0x840C,0x8410,0x8420,0x87A0,0x8440,0x8440,0x0400,0x0000,
        0x0000,0x0000,0x0100,0x6520,0x9520,0x95D0,0x9510,0x9508,
        0x9504,0x9508,0x9510,0x95D0,0x9520,0x8920,0x0100,0x0000,
        0x0000,0x0000,0x0100,0x7920,0x8920,0x89D0,0x8910,0x8908,
        0x8904,0x8908,0x8910,0x89D0,0x8920,0x7920,0x0100,0x0000,
        0x0000,0x0000,0x0100,0x7D20,0x9120,0x91D0,0x9110,0x9108,
        0x9104,0x9108,0x9110,0x91D0,0x9120,0x7D20,0x0100,0x0000,
        0x0000,0x0000,0x0100,0x8120,0x8120,0x41D0,0x4110,0x2108,
        0x1904,0x2108,0x4110,0x41D0,0x8120,0x8120,0x0100,0x0000,
        0x0000,0x0000,0x0100,0x2120,0x5120,0x51D0,0x8910,0x8908,
        0x8904,0x8908,0x8910,0x51D0,0x5120,0x2120,0x0100,0x0000,
        0x0000,0x0000,0x0240,0x0240,0x0240,0x0220,0x0220,0x0210,
        0xFE0C,0x0210,0x0220,0x0220,0x0240,0x0240,0x0240,0x0000,
        0x0000,0x0000,0x0140,0x0940,0x0940,0x0920,0x0920,0x0910,
        0x0F0C,0x0910,0x0920,0x0920,0x0940,0xF140,0x0140,0x0000,
        0x0000,0x0000,0x0240,0x7240,0x8240,0x8220,0x8220,0x8210,
        0x9E0C,0x8210,0x8220,0x8220,0x8240,0x8240,0x0240,0x0000,
        0x0000,0x0000,0x0100,0x7140,0x8940,0x8920,0x8920,0x8910,
        0x8F0C,0x8910,0x8920,0x8920,0x8940,0x8940,0x0100,0x0000,
        0x0000,0x0000,0x0100,0x6540,0x9540,0x9520,0x9520,0x9510,
        0x970C,0x9510,0x9520,0x9520,0x9540,0x8940,0x0100,0x0000,
        0x0000,0x0000,0x0100,0x7940,0x8940,0x8920,0x8920,0x8910,
        0x8F0C,0x8910,0x8920,0x8920,0x8940,0x7940,0x0100,0x0000,
        0x0000,0x0000,0x0100,0x7D40,0x9140,0x9120,0x9120,0x9110,
        0x970C,0x9110,0x9120,0x9120,0x9140,0x7D40,0x0100,0x0000,
        0x0000,0x0000,0x0100,0x8140,0x8140,0x4120,0x4120,0x2110,
        0x170C,0x2110,0x4120,0x4120,0x8140,0x8140,0x0100,0x0000,
        0x0000,0x0000,0x0100,0x2140,0x5140,0x5120,0x8920,0x8910,
        0x8F0C,0x8910,0x8920,0x5120,0x5140,0x2140,0x0100,0x0000,
        0x0000,0x0000,0x0100,0x9140,0x9140,0x9120,0x5520,0x5510,
        0x370C,0x5510,0x5520,0x9120,0x9140,0x9140,0x0100,0x0000,
        0x0000,0x0000,0x0100,0x7940,0x9540,0x9520,0x9520,0x9510,
        0x970C,0x9510,0x9520,0x9520,0x9540,0x9540,0x0100,0x0000,
        0x0000,0x0000,0x0100,0x8940,0x8940,0xF920,0x8920,0x8910,
        0x8F0C,0x8910,0x8920,0xF920,0x8940,0x8940,0x0100,0x0000,
        0x0000,0x0240,0x0240,0x0220,0x4210,0x3E0C,0x0210,0x0220,
        0x1240,0x1240,0x1200,0x1000,0xFFFC,0x0000,0x0000,0x0000,
        0x0000,0x00A0,0x80A0,0x8090,0x4090,0x378C,0x2090,0x4090,
        0x80A0,0x82A0,0x4280,0x3200,0x27FC,0x4000,0x8000,0x0000,
        0x0000,0x0200,0x0240,0x0240,0x4220,0x3E1C,0x0220,0x0240,
        0x1240,0x1000,0xFFFC,0x0000,0x0000,0xFFFC,0x0000,0x0000,
        0x0000,0x00A0,0x00A0,0x1090,0x178C,0x1090,0x10A0,0x12A0,
        0x1280,0x1200,0x17FC,0x1000,0x1000,0xE7FC,0x0000,0x0000,
        0x0000,0x0140,0x0120,0x6110,0x8F0C,0x8110,0x8120,0x8540,
        0x8500,0x8400,0x9FFC,0x8000,0x8000,0x9FFC,0x0000,0x0000,
        0x0000,0x00A0,0x00A0,0x4890,0xAF8C,0xA890,0xA8A0,0xAAA0,
        0xAA80,0xAA00,0xAFFC,0xA800,0xA800,0x97FC,0x0000,0x0000,
        0x0000,0x00A0,0x00A0,0x7090,0x978C,0x9090,0x90A0,0x92A0,
        0x9280,0x9200,0x97FC,0x9000,0x9000,0x77FC,0x0000,0x0000,
        0x0000,0x00A0,0x00A0,0x6090,0x978C,0x9090,0x90A0,0x92A0,
        0x9280,0x9200,0x97FC,0x9000,0x9000,0x67FC,0x0000,0x0000,
        0x0000,0x0240,0x0240,0x0220,0x4210,0x3E0C,0x0210,0x0220,
        0x0240,0x0240,0x0200,0x0000,0xFFFC,0x0000,0x0000,0x0000,
        0x0000,0x0120,0x0120,0x1110,0x1110,0x170C,0x1110,0x1110,
        0x1120,0x1120,0x1100,0x1000,0xE7FC,0x0000,0x0000,0x0000,
        0x0000,0x0240,0x0240,0x6220,0x8210,0x9E0C,0x8210,0x8220,
        0x8240,0x8240,0x8200,0x8000,0x9FFC,0x0000,0x0000,0x0000,
        0x0000,0x0120,0x0120,0x4910,0xA910,0xAF0C,0xA910,0xA910,
        0xA920,0xA920,0xA900,0xA800,0x93FC,0x0000,0x0000,0x0000,
        0x0000,0x0120,0x0120,0x7110,0x9110,0x970C,0x9110,0x9110,
        0x9120,0x9120,0x9100,0x9000,0x77FC,0x0000,0x0000,0x0000,
        0x0000,0x0120,0x0120,0x7910,0xA110,0xA70C,0xA110,0xA110,
        0xA120,0xA120,0xA100,0xA000,0x7BFC,0x0000,0x0000,0x0000,
        0x0000,0x0120,0x0120,0x8110,0x8110,0x470C,0x4110,0x2110,
        0x1920,0x2120,0x4100,0x4000,0x87FC,0x8000,0x0000,0x0000,
        0x0000,0x0120,0x0120,0x7110,0x5110,0x8F0C,0x8910,0x8910,
        0x8920,0x8920,0x8900,0x5000,0x77FC,0x0000,0x0000,0x0000,
        0x0000,0x0000,0x0440,0x0440,0x8440,0x7C20,0x0420,0x0410,
        0x040C,0x0410,0x0420,0xFC20,0x0440,0x0440,0x0440,0x0000,
        0x0000,0x0000,0x0100,0x0940,0x0940,0x0F20,0x0920,0x0910,
        0x090C,0x0910,0x0920,0x0F20,0x0940,0xF140,0x0100,0x0000,
        0x0000,0x0000,0x0100,0x6540,0x9540,0x9720,0x9520,0x9510,
        0x950C,0x9510,0x9520,0x9720,0x9540,0x8940,0x0100,0x0000,
        0x0000,0x0000,0x0100,0x7940,0x8940,0x8F20,0x8920,0x8910,
        0x890C,0x8910,0x8920,0x8F20,0x8940,0x7940,0x0100,0x0000,
        0x0000,0x0000,0x0100,0x8140,0x8140,0x4720,0x4120,0x2110,
        0x190C,0x2110,0x4120,0x4720,0x8140,0x8140,0x0100,0x0000,
        0x0000,0x0000,0x0100,0x2140,0x5140,0x5720,0x8920,0x8910,
        0x890C,0x8910,0x8920,0x5720,0x5140,0x2140,0x0100,0x0000,
        0x0000,0x0000,0x4200,0x4200,0x4100,0x4100,0x4080,0x4040,
        0x4038,0x4040,0x4080,0x4100,0x4100,0x4200,0x4200,0x0000,
        0x0000,0x0000,0x0100,0x0920,0x0920,0x0910,0x0910,0x0908,
        0x0904,0x0908,0x0910,0x0910,0x0920,0xF120,0x0100,0x0000,
        0x0000,0x0000,0x0240,0x7240,0x8240,0x8220,0x8220,0x8210,
        0x820C,0x8210,0x8220,0x8220,0x8240,0x8240,0x0240,0x0000,
        0x0000,0x0000,0x0100,0x6520,0x9520,0x9510,0x9510,0x9508,
        0x9504,0x9508,0x9510,0x9510,0x9520,0x8920,0x0100,0x0000,
        0x0000,0x0000,0x0100,0x6520,0x9520,0x9510,0x9510,0x8908,
        0x8104,0x0508,0x0510,0x0510,0x0520,0xF920,0x0100,0x0000,
        0x0000,0x0000,0x0100,0x7920,0x8920,0x8910,0x8910,0x8908,
        0x8904,0x8908,0x8910,0x8910,0x8920,0x7920,0x0100,0x0000,
        0x0000,0x0000,0x0100,0x7D20,0x9120,0x9110,0x9110,0x9108,
        0x9104,0x9108,0x9110,0x9110,0x9120,0x7D20,0x0100,0x0000,
        0x0000,0x0000,0x0100,0x8120,0x8120,0x4110,0x4110,0x2108,
        0x1904,0x2108,0x4110,0x4110,0x8120,0x8120,0x0100,0x0000,
        0x0000,0x0000,0x0120,0x3120,0x4920,0x4910,0x8510,0x8508,
        0x8504,0x8508,0x8510,0x4910,0x4920,0x3120,0x0120,0x0000,
        0x0000,0x2000,0x1000,0x0C00,0x0300,0x00F8,0x0300,0x0C00,
        0x1000,0x2000,0x0000,0x0000,0xFFFC,0x0000,0x0000,0x0000,
        0x0000,0x0100,0x0080,0x0840,0x0830,0x081C,0x0820,0x0840,
        0x0880,0x0900,0x0800,0x0800,0xF3FC,0x0000,0x0000,0x0000,
        0x0000,0x0200,0x0100,0x7080,0x8060,0x803C,0x8040,0x8080,
        0x8100,0x8200,0x8000,0x8000,0x8FFC,0x0000,0x0000,0x0000,
        0x0000,0x0100,0x0080,0x7040,0x8830,0x881C,0x8820,0x8840,
        0x8880,0x8900,0x8800,0x8800,0x8BFC,0x0000,0x0000,0x0000,
        0x0000,0x0100,0x0080,0x6440,0x9430,0x940C,0x9410,0x9460,
        0x9580,0x9400,0x9400,0x9400,0x89FC,0x0000,0x0000,0x0000,
        0x0000,0x0100,0x6480,0x9440,0x9430,0x941C,0x8820,0x1040,
        0x5080,0xB400,0x9400,0xB400,0x51FC,0x1000,0x0000,0x0000,
        0x0000,0x0100,0x0080,0x7840,0x8830,0x881C,0x8820,0x8840,
        0x8880,0x8900,0x8800,0x8800,0x7BFC,0x0000,0x0000,0x0000,
        0x0000,0x0100,0x0080,0x7C40,0x9030,0x901C,0x9020,0x9040,
        0x9080,0x9100,0x9000,0x9000,0x7DFC,0x0000,0x0000,0x0000,
        0x0000,0x0100,0x0080,0x8040,0x8030,0x401C,0x4020,0x2040,
        0x1880,0x2100,0x4000,0x4000,0x87FC,0x8000,0x0000,0x0000,
        0x0000,0x0100,0x0080,0x3040,0x4830,0x481C,0x8420,0x8440,
        0x8480,0x8500,0x4800,0x4800,0x33FC,0x0000,0x0000,0x0000,
        0x0000,0x0100,0x0080,0x8840,0x8830,0xF81C,0x8820,0x8840,
        0x8880,0x8900,0xF800,0x8800,0x8BFC,0x0000,0x0000,0x0000,
        0x0000,0x2000,0x1800,0x0600,0x01F8,0x2600,0x1800,0x0600,
        0x01F8,0x0600,0x1800,0x0000,0xFFFC,0x0080,0x0080,0x0000,
        0x0000,0x0100,0x0080,0x0860,0x081C,0x0960,0x0880,0x0860,
        0x081C,0x0860,0x0980,0x0800,0xF3FC,0x0020,0x0020,0x0000,
        0x0000,0x0100,0x0880,0x0860,0x081C,0x0960,0xF080,0x8060,
        0x801C,0x4060,0x3980,0x4000,0x83FC,0x8020,0x0020,0x0000,
        0x0000,0x0200,0x0100,0x70C0,0x803C,0x82C0,0x8100,0x80C0,
        0x803C,0x80C0,0x8300,0x8000,0x8FFC,0x0040,0x0040,0x0000,
        0x0000,0x0100,0x0080,0x6460,0x941C,0x9560,0x9480,0x9460,
        0x941C,0x9460,0x9580,0x9400,0x89FC,0x0020,0x0020,0x0000,
        0x0000,0x0100,0x0080,0x7860,0x881C,0x8960,0x8880,0x8860,
        0x881C,0x8860,0x8980,0x8800,0x7BFC,0x0020,0x0020,0x0000,
        0x0000,0x0100,0x0080,0x7C60,0x901C,0x9160,0x9080,0x9060,
        0x901C,0x9060,0x9180,0x9000,0x7DFC,0x0020,0x0020,0x0000,
        0x0000,0x8100,0x8080,0x4060,0x201C,0x1960,0x2080,0xC060,
        0x401C,0x2060,0x1980,0x2000,0x43FC,0x8020,0x0020,0x0000,
        0x0000,0x0100,0x0080,0x3060,0x481C,0x4960,0x8480,0x8460,
        0x841C,0x8460,0x4980,0x4800,0x33FC,0x0020,0x0020,0x0000,
        0x0000,0x0100,0x0080,0x0860,0x481C,0xA960,0xAA80,0xAA60,
        0xAA1C,0xAA60,0xAB80,0xA800,0x49FC,0x0820,0x0020,0x0000,
        0x0000,0x3000,0x0C00,0x03F8,0x3400,0x0C00,0x03F8,0x0C00,
        0x3000,0x0000,0xFFFC,0x0100,0x0100,0xFFFC,0x0000,0x0000,
        0x0000,0x0100,0x00C0,0x083C,0x0940,0x08C0,0x083C,0x08C0,
        0x0900,0x0800,0x0BFC,0x0820,0x0820,0xF3FC,0x0000,0x0000,
        0x0000,0x0200,0x0180,0x707C,0x8280,0x8180,0x807C,0x8180,
        0x8200,0x8000,0x87FC,0x8040,0x8040,0x8FFC,0x0000,0x0000,
        0x0000,0x0100,0x00C0,0x643C,0x9540,0x94C0,0x943C,0x94C0,
        0x9500,0x9400,0x95FC,0x9420,0x9420,0x89FC,0x0000,0x0000,
        0x0000,0x0100,0x00C0,0x783C,0x8940,0x88C0,0x883C,0x88C0,
        0x8900,0x8800,0x8BFC,0x8820,0x8820,0x7BFC,0x0000,0x0000,
        0x0000,0x0100,0x00C0,0x7C3C,0x9140,0x90C0,0x903C,0x90C0,
        0x9100,0x9000,0x91FC,0x9020,0x9020,0x7DFC,0x0000,0x0000,
        0x0000,0x0100,0x80C0,0x803C,0x4140,0x20C0,0x183C,0x20C0,
        0xC100,0x4000,0x21FC,0x1820,0x2020,0x43FC,0x8000,0x0000,
        0x0000,0x0100,0x00C0,0x303C,0x4940,0x48C0,0x843C,0x84C0,
        0x8500,0x8400,0x85FC,0x4820,0x4820,0x33FC,0x0000,0x0000,
        0x0000,0x0100,0x0080,0x3060,0x481C,0x4960,0x8480,0x8460,
        0x841C,0x8460,0x4980,0x4800,0x33FC,0x0048,0x0048,0x0000,
        0x0000,0x2000,0x1800,0x0600,0x01F8,0x2600,0x1800,0x0600,
        0x01F8,0x0E00,0x3080,0x0080,0xFFFC,0x0000,0x0000,0x0000,
        0x0000,0x0080,0x0060,0x081C,0x0960,0x0880,0x0860,0x081C,
        0x0860,0x0980,0x0820,0x0820,0xF3FC,0x0000,0x0000,0x0000,
        0x0000,0x0100,0x00C0,0x703C,0x82C0,0x8100,0x80C0,0x803C,
        0x80C0,0x8320,0x8020,0x8020,0x8FFC,0x0000,0x0000,0x0000,
        0x0000,0x0080,0x0060,0x641C,0x9560,0x9480,0x9460,0x941C,
        0x9460,0x9580,0x9420,0x9420,0x89FC,0x0000,0x0000,0x0000,
        0x0000,0x0080,0x6460,0x941C,0x9560,0x9480,0x8860,0x001C,
        0x7C60,0x8580,0x8420,0x8420,0x7DFC,0x0000,0x0000,0x0000,
        0x0000,0x0080,0x0060,0x781C,0x8960,0x8880,0x8860,0x881C,
        0x8860,0x8980,0x8820,0x8820,0x7BFC,0x0000,0x0000,0x0000,
        0x0000,0x0080,0x0060,0x7C1C,0x9160,0x9080,0x9060,0x901C,
        0x9060,0x9180,0x9020,0x9020,0x7DFC,0x0000,0x0000,0x0000,
        0x0000,0x0080,0x8060,0x401C,0x2160,0x1880,0x2060,0x401C,
        0x8060,0x41A0,0x2020,0x1820,0x23FC,0x4000,0x8000,0x0000,
        0x0000,0x0080,0x0060,0x301C,0x4960,0x4880,0x8460,0x841C,
        0x8460,0x8580,0x4820,0x4820,0x33FC,0x0000,0x0000,0x0000,
        0x0000,0x3000,0x0E00,0x01F8,0x3200,0x0E00,0x01F8,0x0E00,
        0x3080,0x0080,0xFFFC,0x0000,0x0000,0xFFFC,0x0000,0x0000,
        0x0000,0x0200,0x0180,0x707C,0x8280,0x8180,0x807C,0x8180,
        0x8220,0x8020,0x8FFC,0x8000,0x8000,0x9FFC,0x0000,0x0000,
        0x0000,0x0100,0x00C0,0x643C,0x9540,0x94C0,0x943C,0x94C0,
        0x9520,0x9420,0x95FC,0x9400,0x9400,0x89FC,0x0000,0x0000,
        0x0000,0x0200,0x0180,0x707C,0x8280,0x8180,0x807C,0x8180,
        0x8290,0x8090,0x87FC,0x8000,0x8000,0x8FFC,0x0000,0x0000,
        0x0000,0x0000,0x4200,0x4100,0x40C0,0x4038,0x40C0,0x4100,
        0x7E00,0x4100,0x40C0,0x4038,0x40C0,0x4100,0x4200,0x0000,
        0x0000,0x0000,0x0120,0x0920,0x0910,0x090C,0x0910,0x0920,
        0x09E0,0x0920,0x0910,0x090C,0x0910,0xF120,0x0120,0x0000,
        0x0000,0x0000,0x0440,0x7440,0x8420,0x841C,0x8420,0x8440,
        0x87C0,0x8440,0x8420,0x841C,0x8420,0x8440,0x0440,0x0000,
        0x0000,0x0000,0x0120,0x7120,0x8910,0x890C,0x8910,0x8920,
        0x89E0,0x8920,0x8910,0x890C,0x8910,0x8920,0x0120,0x0000,
        0x0000,0x0000,0x0120,0x6520,0x9510,0x950C,0x9510,0x9520,
        0x95E0,0x9520,0x9510,0x950C,0x9510,0x8920,0x0120,0x0000,
        0x0000,0x0000,0x0120,0x6520,0x9510,0x950C,0x9510,0x8920,
        0x01E0,0x7D20,0x8510,0x850C,0x8510,0x7D20,0x0120,0x0000,
        0x0000,0x0000,0x0120,0x7920,0x8910,0x890C,0x8910,0x8920,
        0x89E0,0x8920,0x8910,0x890C,0x8910,0x7920,0x0120,0x0000,
        0x0000,0x0000,0x0120,0x7D20,0x9110,0x910C,0x9110,0x9120,
        0x91E0,0x9120,0x9110,0x910C,0x9110,0x7D20,0x0120,0x0000,
        0x0000,0x0000,0x0120,0x2120,0x5110,0x510C,0x8910,0x8920,
        0x89E0,0x8920,0x8910,0x510C,0x5110,0x2120,0x0120,0x0000,
        0x0000,0x2100,0x20C0,0x2038,0x22C0,0x3F00,0x20C0,0x2038,
        0x20C0,0x2300,0x2000,0x0000,0xFFFC,0x0100,0x0100,0x0000,
        0x0000,0x0120,0x0110,0x110C,0x1110,0x11E0,0x1110,0x110C,
        0x1110,0x1120,0x1100,0x1000,0xE7FC,0x0020,0x0020,0x0000,
        0x0000,0x0240,0x0220,0x721C,0x8220,0x83C0,0x8220,0x821C,
        0x8220,0x8240,0x8200,0x8000,0x9FFC,0x0080,0x0080,0x0000,
        0x0000,0x8120,0x8110,0x410C,0x2110,0x19E0,0x2110,0xC10C,
        0x4110,0x2120,0x1900,0x2000,0x43FC,0x8020,0x0020,0x0000,
        0x0000,0x2200,0x2180,0x2078,0x3E80,0x2180,0x2078,0x2180,
        0x2200,0x0000,0xFFFC,0x0100,0x0100,0xFFFC,0x0000,0x0000,
        0x0000,0x0120,0x8110,0x814C,0x41F0,0x2110,0x190C,0x2110,
        0xC120,0x4000,0x23FC,0x1840,0x2040,0x43FC,0x8000,0x0000,
        0x0000,0x2100,0x20C0,0x2038,0x22C0,0x3F00,0x20C0,0x2038,
        0x20C0,0x2300,0x2000,0x0000,0xFFFC,0x0000,0x0000,0x0000,
        0x0000,0x0240,0x0220,0x721C,0x8220,0x83C0,0x8220,0x821C,
        0x8220,0x8240,0x8200,0x8000,0x8FFC,0x0000,0x0000,0x0000,
        0x0000,0x0120,0x0110,0x490C,0xA910,0xA9E0,0xA910,0xA90C,
        0xA910,0xA920,0xA900,0xA800,0x93FC,0x0000,0x0000,0x0000,
        0x0000,0x0120,0x0110,0x790C,0x8910,0x89E0,0x8910,0x890C,
        0x8910,0x8920,0x8900,0x8800,0x7BFC,0x0000,0x0000,0x0000,
        0x0000,0x0120,0x0110,0x790C,0x9110,0x91E0,0x9110,0x910C,
        0x9110,0x9120,0x9100,0x9000,0x7BFC,0x0000,0x0000,0x0000,
        0x0000,0x0000,0x4200,0x4100,0x40C0,0x7C38,0x40C0,0x4100,
        0x4200,0x4100,0x40C0,0x7C38,0x40C0,0x4100,0x4200,0x0000,
        0x0000,0x0000,0x0480,0x0440,0x0430,0x040C,0x0430,0x0440,
        0xFC80,0x0440,0x0430,0x040C,0x0430,0x0440,0x0480,0x0000,
        0x0000,0x0000,0x0120,0x0920,0x0910,0x090C,0x0910,0x0920,
        0x0F20,0x0920,0x0910,0x090C,0x0910,0xF120,0x0120,0x0000,
        0x0000,0x0000,0x0240,0x7240,0x8220,0x821C,0x8220,0x8240,
        0x9E40,0x8240,0x8220,0x821C,0x8220,0x8240,0x0240,0x0000,
        0x0000,0x0000,0x0120,0x6520,0x9510,0x950C,0x9510,0x9520,
        0x9720,0x9520,0x9510,0x950C,0x9510,0x8920,0x0120,0x0000,
        0x0000,0x0000,0x0120,0x7920,0x8910,0x890C,0x8910,0x8920,
        0x8F20,0x8920,0x8910,0x890C,0x8910,0x7920,0x0120,0x0000,
        0x0000,0x0000,0x0120,0x7D20,0x9110,0x910C,0x9110,0x9120,
        0x9720,0x9120,0x9110,0x910C,0x9110,0x7D20,0x0120,0x0000,
        0x0000,0x0000,0x0120,0x2120,0x5110,0x510C,0x8910,0x8920,
        0x8F20,0x8920,0x8910,0x510C,0x5110,0x2120,0x0120,0x0000,
        0x0000,0x0240,0x0220,0x021C,0x4220,0x3E40,0x0220,0x021C,
        0x1220,0x1240,0x1200,0x1000,0xFFFC,0x0000,0x0000,0x0000,
        0x0000,0x0080,0x80A0,0x8090,0x408C,0x3790,0x20A0,0x4090,
        0x808C,0x8290,0x42A0,0x3200,0x27FC,0x4000,0x8000,0x0000,
        0x0000,0x0280,0x0260,0x021C,0x42A0,0x3E60,0x021C,0x0260,
        0x1280,0x1000,0xFFFC,0x0000,0x0000,0xFFFC,0x0000,0x0000,
        0x0000,0x0240,0x0220,0x021C,0x4220,0x3E40,0x0220,0x021C,
        0x0220,0x0240,0x0200,0x0000,0xFFFC,0x0000,0x0000,0x0000,
        0x0000,0x0240,0x0220,0x621C,0x8220,0x9E40,0x8220,0x821C,
        0x8220,0x8240,0x8200,0x8000,0x9FFC,0x0000,0x0000,0x0000,
        0x0000,0x0000,0x0120,0x2120,0x5110,0x570C,0x8910,0x8920,
        0x8920,0x8920,0x8910,0x570C,0x5110,0x2120,0x0120,0x0000,
        0x0000,0x0000,0x4200,0x4100,0x40C0,0x4038,0x40C0,0x4100,
        0x4200,0x4100,0x40C0,0x4038,0x40C0,0x4100,0x4200,0x0000,
        0x0000,0x0000,0x0120,0x0920,0x0910,0x090C,0x0910,0x0920,
        0x0920,0x0920,0x0910,0x090C,0x0910,0xF120,0x0120,0x0000,
        0x0000,0x0000,0x0240,0x7240,0x8220,0x821C,0x8220,0x8240,
        0x8240,0x8240,0x8220,0x821C,0x8220,0x8240,0x0240,0x0000,
        0x0000,0x0000,0x0120,0x6520,0x9510,0x950C,0x9510,0x9520,
        0x9520,0x9520,0x9510,0x950C,0x9510,0x8920,0x0120,0x0000,
        0x0000,0x0000,0x0120,0x6520,0x9510,0x950C,0x9510,0x8920,
        0x0120,0x7D20,0x8510,0x850C,0x8510,0x7D20,0x0120,0x0000,
        0x0000,0x0000,0x0120,0x6520,0x9510,0x950C,0x9510,0x8920,
        0x1120,0x5120,0xB510,0x950C,0xB510,0x5120,0x1120,0x0000,
        0x0000,0x0000,0x0120,0x7920,0x8910,0x890C,0x8910,0x8920,
        0x8920,0x8920,0x8910,0x890C,0x8910,0x7920,0x0120,0x0000,
        0x0000,0x0000,0x0120,0x7D20,0x9110,0x910C,0x9110,0x9120,
        0x9120,0x9120,0x9110,0x910C,0x9110,0x7D20,0x0120,0x0000,
        0x0000,0x2100,0x20C0,0x2038,0x22C0,0x2100,0x20C0,0x2038,
        0x20C0,0x2300,0x2000,0x0000,0xFFFC,0x0000,0x0000,0x0000,
        0x0000,0x0240,0x0220,0x721C,0x8220,0x8240,0x8220,0x821C,
        0x8220,0x8240,0x8200,0x8000,0x8FFC,0x0000,0x0000,0x0000,
        0x0000,0x0120,0x0110,0x490C,0xA910,0xA920,0xA910,0xA90C,
        0xA910,0xA920,0xA900,0xA800,0x97FC,0x0000,0x0000,0x0000,
        0x0000,0x0120,0x0110,0x790C,0x8910,0x8920,0x8910,0x890C,
        0x8910,0x8920,0x8900,0x8800,0x7FFC,0x0000,0x0000,0x0000,
        0x0000,0x2000,0x1800,0x0600,0x01F8,0x2600,0x1800,0x0600,
        0x01F8,0x0600,0x1800,0x0000,0xFFFC,0x0000,0x0000,0x0000,
        0x0000,0x0100,0x0080,0x0860,0x081C,0x0960,0x0880,0x0860,
        0x081C,0x0860,0x0980,0x0800,0xF3FC,0x0000,0x0000,0x0000,
        0x0000,0x0200,0x0100,0x70C0,0x803C,0x82C0,0x8100,0x80C0,
        0x803C,0x80C0,0x8300,0x8000,0x8FFC,0x0000,0x0000,0x0000,
        0x0000,0x0100,0x0080,0x6460,0x941C,0x9560,0x9480,0x9460,
        0x941C,0x9460,0x9580,0x9400,0x89FC,0x0000,0x0000,0x0000,
        0x0000,0x0100,0x0080,0x7860,0x881C,0x8960,0x8880,0x8860,
        0x881C,0x8860,0x8980,0x8800,0x7BFC,0x0000,0x0000,0x0000,
        0x0000,0x0100,0x0080,0x7C60,0x901C,0x9160,0x9080,0x9060,
        0x901C,0x9060,0x9180,0x9000,0x7DFC,0x0000,0x0000,0x0000,
        0x0000,0x0100,0x0080,0x8060,0x801C,0x4160,0x4080,0x2060,
        0x181C,0x2060,0x4180,0x4000,0x87FC,0x8000,0x0000,0x0000,
        0x0000,0x0100,0x0080,0x3060,0x481C,0x4960,0x8480,0x8460,
        0x841C,0x8460,0x4980,0x4800,0x33FC,0x0000,0x0000,0x0000,
        0x0000,0x0000,0x07C0,0x1830,0x2008,0x2008,0x2008,0x1830,
        0x07C0,0x0000,0x0000,0x0000,0xFFFC,0x0080,0x0080,0x0000,
        0x0000,0x0000,0x0070,0x0888,0x0904,0x0904,0x0904,0x0888,
        0x0870,0x0800,0x0800,0x0800,0xF3FC,0x0020,0x0020,0x0000,
        0x0000,0x0000,0x0070,0x7088,0x8104,0x8104,0x8104,0x8088,
        0x8070,0x8000,0x8000,0x8000,0x8FFC,0x0040,0x0040,0x0000,
        0x0000,0x0000,0x0070,0x7888,0x8104,0x8104,0x8104,0x8888,
        0x8870,0x4800,0x3800,0x4800,0x8BFC,0x8820,0x0020,0x0000,
        0x0000,0x0000,0x7870,0x8088,0x8104,0x8104,0x8104,0x1088,
        0x5070,0xB400,0x9400,0x9400,0xB5FC,0x5020,0x1020,0x0000,
        0x0000,0x0000,0x0030,0x6448,0x9484,0x9484,0x9484,0x9448,
        0x9430,0x9400,0x9400,0x9400,0x89FC,0x0020,0x0020,0x0000,
        0x0000,0x0000,0x6430,0x9448,0x9484,0x9484,0x9484,0x8848,
        0x0430,0x0400,0x0400,0x0400,0xF9FC,0x0020,0x0020,0x0000,
        0x0000,0x0000,0x6430,0x9448,0x9484,0x9484,0x8884,0x0048,
        0x7C30,0x8400,0x8400,0x8400,0x7DFC,0x0020,0x0020,0x0000,
        0x0000,0x0000,0x6430,0x9448,0x9484,0x9484,0x8884,0x1048,
        0x5030,0xB400,0x9400,0xB400,0x51FC,0x1020,0x0020,0x0000,
        0x0000,0x0000,0x0070,0x7888,0x8904,0x8904,0x8904,0x8888,
        0x8870,0x8800,0x8800,0x8800,0x7BFC,0x0020,0x0020,0x0000,
        0x0000,0x0000,0x0070,0x7C88,0x9104,0x9104,0x9104,0x9088,
        0x9070,0x9000,0x9000,0x9000,0x7DFC,0x0020,0x0020,0x0000,
        0x0000,0x0000,0x0070,0x8088,0x8104,0x4104,0x4104,0x2088,
        0x1870,0x2000,0x4000,0x4000,0x87FC,0x8020,0x0020,0x0000,
        0x0000,0x0000,0x8070,0x4088,0x2104,0x1904,0x2104,0x4088,
        0x8070,0x4000,0x2000,0x1800,0x23FC,0x4020,0x8020,0x0000,
        0x0000,0x0000,0x0070,0x3088,0x4904,0x4904,0x8504,0x8488,
        0x8470,0x8400,0x4800,0x4800,0x33FC,0x0020,0x0020,0x0000,
        0x0000,0x0000,0x0030,0x7848,0x9484,0x9484,0x9484,0x9448,
        0x9430,0x9400,0x9400,0x9400,0x95FC,0x0020,0x0020,0x0000,
        0x0000,0x0000,0x8870,0x8888,0x8904,0xF904,0x8904,0x8888,
        0x8870,0x8800,0xF800,0x8800,0x8BFC,0x8820,0x0020,0x0000,
        0x0000,0x0000,0x07C0,0x1830,0x2008,0x2008,0x1830,0x07C0,
        0x0000,0x0000,0xFFFC,0x0100,0x0100,0xFFFC,0x0000,0x0000,
        0x0000,0x0000,0x0070,0x0888,0x0904,0x0904,0x0888,0x0870,
        0x0800,0x0800,0x0BFC,0x0820,0x0820,0xF3FC,0x0000,0x0000,
        0x0000,0x0000,0x00F0,0x7108,0x8204,0x8204,0x8108,0x80F0,
        0x8000,0x8000,0x87FC,0x8040,0x8040,0x8FFC,0x0000,0x0000,
        0x0000,0x0000,0x0030,0x6448,0x9484,0x9484,0x9448,0x9430,
        0x9400,0x9400,0x95FC,0x9420,0x9420,0x89FC,0x0000,0x0000,
        0x0000,0x0000,0x0070,0x7888,0x8904,0x8904,0x8888,0x8870,
        0x8800,0x8800,0x8BFC,0x8820,0x8820,0x7BFC,0x0000,0x0000,
        0x0000,0x0000,0x0070,0x7C88,0x9104,0x9104,0x9088,0x9070,
        0x9000,0x9000,0x91FC,0x9020,0x9020,0x7DFC,0x0000,0x0000,
        0x0000,0x0000,0x0070,0x8088,0x8104,0x4104,0x4088,0x2070,
        0x1800,0x2000,0x43FC,0x4020,0x8020,0x87FC,0x0000,0x0000,
        0x0000,0x0000,0x8070,0x8088,0x4104,0x2104,0x1888,0x2070,
        0xC000,0x4000,0x21FC,0x1820,0x2020,0x43FC,0x8000,0x0000,
        0x0000,0x0000,0x0070,0x3088,0x4904,0x4904,0x8488,0x8470,
        0x8400,0x8400,0x85FC,0x4820,0x4820,0x33FC,0x0000,0x0000,
        0x0000,0x0000,0x07C0,0x1830,0x2008,0x2008,0x2008,0x1830,
        0x07C0,0x0000,0x0000,0x0000,0xFFFC,0x0420,0x0420,0x0000,
        0x0000,0x0000,0x0070,0x0888,0x0904,0x0904,0x0904,0x0888,
        0x0870,0x0800,0x0800,0x0800,0xF3FC,0x0048,0x0048,0x0000,
        0x0000,0x0000,0x00F0,0x7108,0x8204,0x8204,0x8204,0x8108,
        0x80F0,0x8000,0x8000,0x8000,0x8FFC,0x0110,0x0110,0x0000,
        0x0000,0x0000,0x0030,0x6448,0x9484,0x9484,0x9484,0x9448,
        0x9430,0x9400,0x9400,0x9400,0x89FC,0x0048,0x0048,0x0000,
        0x0000,0x0000,0x6430,0x9448,0x9484,0x9484,0x8884,0x0048,
        0x7C30,0x9000,0x9000,0x9000,0x7DFC,0x0048,0x0048,0x0000,
        0x0000,0x0000,0x0070,0x7888,0x8904,0x8904,0x8904,0x8888,
        0x8870,0x8800,0x8800,0x8800,0x7BFC,0x0048,0x0048,0x0000,
        0x0000,0x0000,0x0070,0x7C88,0x9104,0x9104,0x9104,0x9088,
        0x9070,0x9000,0x9000,0x9000,0x7DFC,0x0048,0x0048,0x0000,
        0x0000,0x0000,0x0070,0x8088,0x8104,0x4104,0x4104,0x2088,
        0x1870,0x2000,0x4000,0x4000,0x87FC,0x8048,0x0048,0x0000,
        0x0000,0x0000,0x0070,0x3088,0x4904,0x4904,0x8504,0x8488,
        0x8470,0x8400,0x4800,0x4800,0x33FC,0x0048,0x0048,0x0000,
        0x0000,0x0000,0x0030,0x7848,0x9484,0x9484,0x9484,0x9448,
        0x9430,0x9400,0x9400,0x9400,0x95FC,0x0048,0x0048,0x0000,
        0x0000,0x0000,0x0030,0x0848,0x4884,0xA884,0xAA84,0xAA48,
        0xAA30,0xAA00,0xAA00,0xA800,0x49FC,0x0848,0x0048,0x0000,
        0x0000,0x0000,0x07C0,0x1830,0x2008,0x2008,0x1830,0x07C0,
        0x0000,0x0000,0xFFFC,0x0820,0x0820,0xFFFC,0x0000,0x0000,
        0x0000,0x0000,0x00F0,0x7108,0x8204,0x8204,0x8108,0x80F0,
        0x8000,0x8000,0x87FC,0x8110,0x8110,0x8FFC,0x0000,0x0000,
        0x0000,0x0000,0x0030,0x6448,0x9484,0x9484,0x9448,0x9430,
        0x9400,0x9400,0x95FC,0x9490,0x9490,0x89FC,0x0000,0x0000,
        0x0000,0x0000,0x0070,0x7C88,0x9104,0x9104,0x9088,0x9070,
        0x9000,0x9000,0x91FC,0x9090,0x9090,0x7DFC,0x0000,0x0000,
        0x0000,0x0000,0x07C0,0x1830,0x2008,0x2008,0x2008,0x1830,
        0x07C0,0x0080,0x0080,0x0080,0xFFFC,0x0000,0x0000,0x0000,
        0x0000,0x0000,0x0070,0x0888,0x0904,0x0904,0x0904,0x0888,
        0x0870,0x0820,0x0820,0x0820,0xF3FC,0x0000,0x0000,0x0000,
        0x0000,0x0000,0x0070,0x7088,0x8104,0x8104,0x8104,0x8088,
        0x8070,0x8020,0x8020,0x8020,0x9FFC,0x0000,0x0000,0x0000,
        0x0000,0x0000,0x0070,0x7888,0x8104,0x8104,0x8104,0x8888,
        0x8870,0x4810,0x3810,0x4810,0x8BFC,0x8800,0x0000,0x0000,
        0x0000,0x0000,0x0070,0x7088,0x8904,0x8904,0x8904,0x8888,
        0x8870,0x8810,0x8810,0x8810,0x8BFC,0x0000,0x0000,0x0000,
        0x0000,0x0000,0x0070,0x6488,0x9504,0x9504,0x9504,0x9488,
        0x9470,0x9420,0x9420,0x9420,0x89FC,0x0000,0x0000,0x0000,
        0x0000,0x0000,0x6430,0x9448,0x9484,0x9484,0x9484,0x8848,
        0x0430,0x0410,0x0410,0x0410,0xF9FC,0x0000,0x0000,0x0000,
        0x0000,0x0000,0x6430,0x9448,0x9484,0x9484,0x8884,0x0048,
        0x7C30,0x8410,0x8410,0x8410,0x7DFC,0x0000,0x0000,0x0000,
        0x0000,0x0000,0x0070,0x7888,0x8904,0x8904,0x8904,0x8888,
        0x8870,0x8810,0x8810,0x8810,0x7BFC,0x0000,0x0000,0x0000,
        0x0000,0x0000,0x0070,0x7C88,0x9104,0x9104,0x9104,0x9088,
        0x9070,0x9020,0x9020,0x9020,0x7DFC,0x0000,0x0000,0x0000,
        0x0000,0x0000,0x7C70,0x9088,0x9104,0x9104,0x9104,0x7C88,
        0x8070,0x8020,0x4020,0x3C20,0x41FC,0x8000,0x8000,0x0000,
        0x0000,0x0000,0x0070,0x8088,0x8104,0x4104,0x2104,0x1088,
        0x0C70,0x1020,0x2020,0x4020,0x87FC,0x8000,0x0000,0x0000,
        0x0000,0x0000,0x8070,0x4088,0x2104,0x1904,0x2104,0x4088,
        0x8070,0x4020,0x2020,0x1820,0x23FC,0x4000,0x8000,0x0000,
        0x0000,0x0000,0x0070,0x3088,0x4904,0x4904,0x8504,0x8488,
        0x8470,0x8410,0x4810,0x4810,0x33FC,0x0000,0x0000,0x0000,
        0x0000,0x0000,0x0070,0x8888,0x8904,0x4904,0x4904,0x2888,
        0x1870,0x2810,0x4810,0x4810,0x8BFC,0x8800,0x0000,0x0000,
        0x0000,0x0000,0x0070,0x2888,0x2904,0x2904,0x2904,0x2888,
        0x2870,0x2810,0x2810,0x2810,0xF3FC,0x0000,0x0000,0x0000,
        0x0000,0x0000,0x0070,0x8888,0x8904,0xF904,0x8904,0x8888,
        0x8870,0x8810,0xF810,0x8810,0x8BFC,0x0000,0x0000,0x0000,
        0x0000,0x0000,0x07C0,0x1830,0x2008,0x2008,0x1830,0x07C0,
        0x0080,0x0080,0xFFFC,0x0000,0x0000,0xFFFC,0x0000,0x0000,
        0x0000,0x0000,0x0070,0x0888,0x0904,0x0904,0x0888,0x0870,
        0x0820,0x0820,0x0BFC,0x0800,0x0800,0xF3FC,0x0000,0x0000,
        0x0000,0x0000,0x00F0,0x7108,0x8204,0x8204,0x8108,0x80F0,
        0x8020,0x8020,0x8FFC,0x8000,0x8000,0x9FFC,0x0000,0x0000,
        0x0000,0x0000,0x0030,0x6448,0x9484,0x9484,0x9448,0x9430,
        0x9420,0x9420,0x95FC,0x9400,0x9400,0x89FC,0x0000,0x0000,
        0x0000,0x0000,0x0070,0x7888,0x8904,0x8904,0x8888,0x8870,
        0x8820,0x8820,0x8BFC,0x8800,0x8800,0x7BFC,0x0000,0x0000,
        0x0000,0x0000,0x0070,0x7C88,0x9104,0x9104,0x9088,0x9070,
        0x9020,0x9020,0x91FC,0x9000,0x9000,0x7DFC,0x0000,0x0000,
        0x0000,0x0000,0x0070,0x8088,0x8104,0x4104,0x4088,0x2070,
        0x1820,0x2020,0x43FC,0x4000,0x8000,0x87FC,0x0000,0x0000,
        0x0000,0x0000,0x0070,0x3088,0x4904,0x4904,0x8488,0x8470,
        0x8420,0x8420,0x85FC,0x4800,0x4800,0x33FC,0x0000,0x0000,
        0x0000,0x0000,0x07C0,0x1830,0x2008,0x2008,0x2008,0x1830,
        0x07E0,0x0420,0x0420,0x0420,0xFFFC,0x0000,0x0000,0x0000,
        0x0000,0x0000,0x0070,0x0888,0x0904,0x0904,0x0904,0x0888,
        0x0870,0x0848,0x0848,0x0848,0xF3FC,0x0000,0x0000,0x0000,
        0x0000,0x0000,0x0870,0x0888,0x0904,0x0904,0xF104,0x0088,
        0x0870,0x0848,0x0848,0x0848,0xF3FC,0x0000,0x0000,0x0000,
        0x0000,0x0000,0x0070,0x7088,0x8104,0x8104,0x8104,0x8088,
        0x8070,0x8088,0x8088,0x8088,0x8FFC,0x0000,0x0000,0x0000,
        0x0000,0x0000,0x0070,0x6488,0x9504,0x9504,0x9504,0x9488,
        0x9470,0x9448,0x9448,0x9448,0x8BFC,0x0000,0x0000,0x0000,
        0x0000,0x0000,0x6430,0x9448,0x9484,0x9484,0x8884,0x0048,
        0x7C30,0x8448,0x8448,0x8448,0x7FFC,0x0000,0x0000,0x0000,
        0x0000,0x0000,0x6430,0x9448,0x9484,0x9484,0x8884,0x0048,
        0x7C30,0x9048,0x9048,0x9048,0x7FFC,0x0000,0x0000,0x0000,
        0x0000,0x0000,0x0070,0x7888,0x8904,0x8904,0x8904,0x8888,
        0x8870,0x8848,0x8848,0x8848,0x7BFC,0x0000,0x0000,0x0000,
        0x0000,0x0000,0x0070,0x7C88,0x9104,0x9104,0x9104,0x9088,
        0x9070,0x9048,0x9048,0x9048,0x7FFC,0x0000,0x0000,0x0000,
        0x0000,0x0000,0x0070,0x7C88,0x9104,0x9104,0x9104,0x7C88,
        0x8070,0x8048,0x4048,0x3C48,0x43FC,0x8000,0x8000,0x0000,
        0x0000,0x0000,0x0070,0x8088,0x8104,0x4104,0x4104,0x2088,
        0x1870,0x2048,0x4048,0x4048,0x87FC,0x8000,0x0000,0x0000,
        0x0000,0x8000,0x8070,0x4088,0x2104,0x1904,0x2104,0xC088,
        0x4070,0x2048,0x1848,0x2048,0x43FC,0x8000,0x0000,0x0000,
        0x0000,0x0000,0x0070,0x3088,0x4904,0x4904,0x8504,0x8488,
        0x8470,0x8448,0x4848,0x4848,0x33FC,0x0000,0x0000,0x0000,
        0x0000,0x0000,0x0030,0x7848,0x9484,0x9484,0x9484,0x9448,
        0x9430,0x9448,0x9448,0x9448,0x97FC,0x0000,0x0000,0x0000,
        0x0000,0x0000,0x0070,0x8888,0x8904,0xF904,0x8904,0x8888,
        0x8870,0x8848,0xF848,0x8848,0x8BFC,0x0000,0x0000,0x0000,
        0x0000,0x0000,0x0030,0x0848,0x4884,0xA884,0xAA84,0xAA48,
        0xAA30,0xAA48,0xAA48,0xA848,0x4BFC,0x0800,0x0000,0x0000,
        0x0000,0x0000,0x07C0,0x1830,0x2008,0x2008,0x1830,0x07E0,
        0x0420,0x0420,0xFFFC,0x0000,0x0000,0xFFFC,0x0000,0x0000,
        0x0000,0x0000,0x00F0,0x7108,0x8204,0x8204,0x8108,0x80F0,
        0x8090,0x8090,0x87FC,0x8000,0x8000,0x8FFC,0x0000,0x0000,
        0x0000,0x0000,0x0030,0x6448,0x9484,0x9484,0x9448,0x9478,
        0x9448,0x9448,0x95FC,0x9400,0x9400,0x89FC,0x0000,0x0000,
        0x0000,0x0000,0x0070,0x7888,0x8904,0x8904,0x8888,0x8878,
        0x8848,0x8848,0x8BFC,0x8800,0x8800,0x7BFC,0x0000,0x0000,
        0x0000,0x0000,0x0070,0x7C88,0x9104,0x9104,0x9088,0x9078,
        0x9048,0x9048,0x91FC,0x9000,0x9000,0x7DFC,0x0000,0x0000,
        0x0000,0x0000,0x0070,0x8088,0x8104,0x4104,0x4088,0x2078,
        0x1848,0x2048,0x43FC,0x4000,0x8000,0x87FC,0x0000,0x0000,
        0x0000,0x0000,0x8070,0x8088,0x4104,0x2104,0x1888,0x2078,
        0xC048,0x4048,0x21FC,0x1800,0x2000,0x43FC,0x8000,0x0000,
        0x0000,0x0000,0x4000,0x40E0,0x4110,0x4110,0x4208,0x4208,
        0x7E08,0x4208,0x4208,0x4110,0x4110,0x40E0,0x4000,0x0000,
        0x0000,0x0000,0x0100,0x0910,0x0928,0x0928,0x0944,0x0944,
        0x09C4,0x0944,0x0944,0x0928,0x0928,0xF110,0x0100,0x0000,
        0x0000,0x0000,0x0200,0x7210,0x8228,0x8228,0x8244,0x8244,
        0x83C4,0x8244,0x8244,0x8228,0x8228,0x8210,0x0200,0x0000,
        0x0000,0x0000,0x0100,0x6510,0x9528,0x9528,0x9544,0x9544,
        0x95C4,0x9544,0x9544,0x9528,0x9528,0x8910,0x0100,0x0000,
        0x0000,0x0000,0x0100,0x6510,0x9528,0x9528,0x9544,0x8944,
        0x81C4,0x0544,0x0544,0x0528,0x0528,0xF910,0x0100,0x0000,
        0x0000,0x0000,0x0100,0x6510,0x9528,0x9528,0x9544,0x8944,
        0x01C4,0x7D44,0x8544,0x8528,0x8528,0x7D10,0x0100,0x0000,
        0x0000,0x0000,0x0100,0x6510,0x9528,0x9528,0x9544,0x8944,
        0x81C4,0x8144,0x4144,0x3D28,0x4128,0x8110,0x8100,0x0000,
        0x0000,0x0000,0x0100,0x6510,0x9528,0x9528,0x9544,0x8944,
        0x11C4,0x5144,0xB544,0x9528,0xB528,0x5110,0x1100,0x0000,
        0x0000,0x0000,0x0100,0x7910,0x8928,0x8928,0x8944,0x8944,
        0x89C4,0x8944,0x8944,0x8928,0x8928,0x7910,0x0100,0x0000,
        0x0000,0x0000,0x0100,0x7D10,0x9128,0x9128,0x9144,0x9144,
        0x91C4,0x9144,0x9144,0x9128,0x9128,0x7D10,0x0100,0x0000,
        0x0000,0x0000,0x0100,0x8110,0x8128,0x4128,0x4144,0x2144,
        0x19C4,0x2144,0x4144,0x4128,0x8128,0x8110,0x0100,0x0000,
        0x0000,0x0000,0x0100,0x2110,0x5128,0x5128,0x8944,0x8944,
        0x89C4,0x8944,0x8944,0x5128,0x5128,0x2110,0x0100,0x0000,
        0x0000,0x0000,0x0100,0x9110,0x9128,0x9128,0x5544,0x5544,
        0x35C4,0x5544,0x5544,0x9128,0x9128,0x9110,0x0100,0x0000,
        0x0000,0x2000,0x20E0,0x2110,0x2208,0x3E08,0x2208,0x2110,
        0x20E0,0x2000,0x2000,0x0000,0xFFFC,0x0100,0x0100,0x0000,
        0x0000,0x0100,0x0118,0x1124,0x1124,0x11E4,0x1124,0x1124,
        0x1118,0x1100,0x1100,0x1000,0xE7FC,0x0020,0x0020,0x0000,
        0x0000,0x0200,0x0200,0x7238,0x8244,0x8244,0x83C4,0x8244,
        0x8244,0x8238,0x8200,0x8000,0x9FFC,0x0080,0x0080,0x0000,
        0x0000,0x0100,0x0118,0x4924,0xA924,0xA9E4,0xA924,0xA924,
        0xA918,0xA900,0xA900,0xA800,0x93FC,0x0020,0x0020,0x0000,
        0x0000,0x0100,0x0118,0x7924,0x8924,0x89E4,0x8924,0x8924,
        0x8918,0x8900,0x8900,0x8800,0x7BFC,0x0020,0x0020,0x0000,
        0x0000,0x0100,0x0118,0x7924,0x9124,0x91E4,0x9124,0x9124,
        0x9118,0x9100,0x9100,0x9000,0x7BFC,0x0020,0x0020,0x0000,
        0x0000,0x0100,0x0118,0x8124,0x8124,0x41E4,0x4124,0x2124,
        0x1918,0x2100,0x4100,0x4000,0x87FC,0x8020,0x0020,0x0000,
        0x0000,0x0100,0x8118,0x4124,0x2124,0x1924,0x21E4,0x4124,
        0x8124,0x4118,0x2100,0x1800,0x23FC,0x4020,0x8020,0x0000,
        0x0000,0x0100,0x0118,0x2124,0x5124,0x8924,0x89E4,0x8924,
        0x8924,0x8918,0x8900,0x5000,0x27FC,0x0020,0x0020,0x0000,
        0x0000,0x2000,0x20E0,0x2110,0x3E08,0x2208,0x2110,0x20E0,
        0x2000,0x0000,0xFFFC,0x0100,0x0100,0xFFFC,0x0000,0x0000,
        0x0000,0x0118,0x0124,0x1124,0x11E4,0x1124,0x1124,0x1118,
        0x1100,0x1000,0x13FC,0x1040,0x1040,0xE7FC,0x0000,0x0000,
        0x0000,0x0238,0x0244,0x7244,0x83C4,0x8244,0x8244,0x8238,
        0x8200,0x8000,0x8FFC,0x8040,0x8040,0x9FFC,0x0000,0x0000,
        0x0000,0x0118,0x0124,0x7924,0x89E4,0x8924,0x8924,0x8918,
        0x8900,0x8800,0x8BFC,0x8840,0x8840,0x7BFC,0x0000,0x0000,
        0x0000,0x0118,0x0124,0x8124,0x81E4,0x4124,0x4124,0x2118,
        0x1900,0x2000,0x43FC,0x4040,0x8040,0x87FC,0x0000,0x0000,
        0x0000,0x0118,0x0124,0x7124,0x51E4,0x8924,0x8924,0x8918,
        0x8900,0x8800,0x8BFC,0x8840,0x5040,0x77FC,0x0000,0x0000,
        0x0000,0x2000,0x20E0,0x2110,0x2208,0x3E08,0x2208,0x2110,
        0x20E0,0x2000,0x2000,0x0000,0xFFFC,0x0000,0x0000,0x0000,
        0x0000,0x0100,0x0118,0x1124,0x1124,0x11E4,0x1124,0x1124,
        0x1118,0x1100,0x1100,0x1000,0xE7FC,0x0000,0x0000,0x0000,
        0x0000,0x0200,0x0238,0x7244,0x8244,0x83C4,0x8244,0x8244,
        0x8238,0x8200,0x8200,0x8000,0x8FFC,0x0000,0x0000,0x0000,
        0x0000,0x0100,0x0118,0x4924,0xA924,0xA9E4,0xA924,0xA924,
        0xA918,0xA900,0xA900,0xA800,0x93FC,0x0000,0x0000,0x0000,
        0x0000,0x0100,0x0118,0x7924,0x8924,0x89E4,0x8924,0x8924,
        0x8918,0x8900,0x8900,0x8800,0x7BFC,0x0000,0x0000,0x0000,
        0x0000,0x0100,0x0118,0x7924,0x9124,0x91E4,0x9124,0x9124,
        0x9118,0x9100,0x9100,0x9000,0x7BFC,0x0000,0x0000,0x0000,
        0x0000,0x0100,0x0118,0x8124,0x8124,0x41E4,0x4124,0x2124,
        0x1918,0x2100,0x4100,0x4000,0x87FC,0x8000,0x0000,0x0000,
        0x0000,0x0100,0x0118,0x7124,0x5124,0x89E4,0x8924,0x8924,
        0x8918,0x8900,0x8900,0x5000,0x77FC,0x0000,0x0000,0x0000,
        0x0000,0x0000,0x4000,0x40E0,0x4110,0x7D10,0x4208,0x4208,
        0x4208,0x4208,0x4208,0x7D10,0x4110,0x40E0,0x4000,0x0000,
        0x0000,0x0000,0x0100,0x0910,0x0928,0x09E8,0x0944,0x0944,
        0x0944,0x0944,0x0944,0x09E8,0x0928,0xF110,0x0100,0x0000,
        0x0000,0x0000,0x0400,0x7430,0x8448,0x87C8,0x8484,0x8484,
        0x8484,0x8484,0x8484,0x87C8,0x8448,0x8430,0x0400,0x0000,
        0x0000,0x0000,0x0100,0x6510,0x9528,0x95E8,0x9544,0x9544,
        0x9544,0x9544,0x9544,0x95E8,0x9528,0x8910,0x0100,0x0000,
        0x0000,0x0000,0x0100,0x7910,0x8928,0x89E8,0x8944,0x8944,
        0x8944,0x8944,0x8944,0x89E8,0x8928,0x7910,0x0100,0x0000,
        0x0000,0x0000,0x0100,0x7D10,0x9128,0x91E8,0x9144,0x9144,
        0x9144,0x9144,0x9144,0x91E8,0x9128,0x7D10,0x0100,0x0000,
        0x0000,0x0000,0x0100,0x8110,0x8128,0x41E8,0x4144,0x2144,
        0x1944,0x2144,0x4144,0x41E8,0x8128,0x8110,0x0100,0x0000,
        0x0000,0x0000,0x0100,0x3110,0x4928,0x49E8,0x8544,0x8544,
        0x8544,0x8544,0x8544,0x49E8,0x4928,0x3110,0x0100,0x0000,
        0x0000,0x0000,0x0200,0x0230,0x0248,0x0248,0x0284,0x0284,
        0xFE84,0x0284,0x0284,0x0248,0x0248,0x0230,0x0200,0x0000,
        0x0000,0x0000,0x0100,0x0910,0x0928,0x0928,0x0944,0x0944,
        0x0F44,0x0944,0x0944,0x0928,0x0928,0xF110,0x0100,0x0000,
        0x0000,0x0000,0x0200,0x7210,0x8228,0x8228,0x8244,0x8244,
        0x9E44,0x8244,0x8244,0x8228,0x8228,0x8210,0x0200,0x0000,
        0x0000,0x0000,0x0100,0x6510,0x9528,0x9528,0x9544,0x9544,
        0x9744,0x9544,0x9544,0x9528,0x9528,0x8910,0x0100,0x0000,
        0x0000,0x0000,0x0100,0x6510,0x9528,0x9528,0x9544,0x8944,
        0x8744,0x0544,0x0544,0x0528,0x0528,0xF910,0x0100,0x0000,
        0x0000,0x0000,0x0100,0x6510,0x9528,0x9528,0x9544,0x8944,
        0x0744,0x7D44,0x8544,0x8528,0x8528,0x7D10,0x0100,0x0000,
        0x0000,0x0000,0x0100,0x7910,0x8928,0x8928,0x8944,0x8944,
        0x8F44,0x8944,0x8944,0x8928,0x8928,0x7910,0x0100,0x0000,
        0x0000,0x0000,0x0100,0x7D10,0x9128,0x9128,0x9144,0x9144,
        0x9744,0x9144,0x9144,0x9128,0x9128,0x7D10,0x0100,0x0000,
        0x0000,0x0000,0x8100,0x8110,0x8128,0x4128,0x4144,0x2144,
        0x1744,0x2144,0x4144,0x4128,0x8128,0x8110,0x8100,0x0000,
        0x0000,0x0000,0x0100,0x2110,0x5128,0x5128,0x8944,0x8944,
        0x8F44,0x8944,0x8944,0x5128,0x5128,0x2110,0x0100,0x0000,
        0x0000,0x0200,0x0230,0x0248,0x4284,0x3E84,0x0284,0x0248,
        0x1230,0x1200,0x1200,0x1000,0xFFFC,0x0000,0x0000,0x0000,
        0x0000,0x0080,0x0098,0x10A4,0x10A4,0x17A4,0x10A4,0x10A4,
        0x1098,0x1280,0x1280,0x1200,0xE7FC,0x0000,0x0000,0x0000,
        0x0000,0x0100,0x0138,0x7144,0x8144,0x8144,0x8F44,0x8144,
        0x8138,0x8500,0x8500,0x8400,0xBFFC,0x0000,0x0000,0x0000,
        0x0000,0x0000,0x0080,0x4898,0xA8A4,0xA8A4,0xAFA4,0xA8A4,
        0xA8A4,0xAA98,0xAA80,0xAA00,0x97FC,0x0000,0x0000,0x0000,
        0x0000,0x0080,0x0098,0x70A4,0x90A4,0x97A4,0x90A4,0x90A4,
        0x9098,0x9280,0x9280,0x9200,0x77FC,0x0000,0x0000,0x0000,
        0x0000,0x0080,0x0098,0x78A4,0xA0A4,0xA7A4,0xA0A4,0xA0A4,
        0xA098,0xA280,0xA280,0xA200,0x7FFC,0x0000,0x0000,0x0000,
        0x0000,0x0080,0x8098,0x80A4,0x40A4,0x37A4,0x20A4,0x40A4,
        0x8098,0x8280,0x4280,0x3200,0x27FC,0x4000,0x8000,0x0000,
        0x0000,0x0080,0x0098,0x70A4,0x50A4,0x8FA4,0x88A4,0x88A4,
        0x8898,0x8A80,0x8A80,0x5200,0x77FC,0x0000,0x0000,0x0000,
        0x0000,0x0200,0x0230,0x0248,0x4284,0x3E84,0x0248,0x0230,
        0x1200,0x1000,0xFFFC,0x0000,0x0000,0xFFFC,0x0000,0x0000,
        0x0000,0x0098,0x00A4,0x10A4,0x17A4,0x10A4,0x10A4,0x1298,
        0x1280,0x1200,0x17FC,0x1000,0x1000,0xE7FC,0x0000,0x0000,
        0x0000,0x0138,0x0144,0x6144,0x8F44,0x8144,0x8144,0x8538,
        0x8500,0x8400,0x9FFC,0x8000,0x8000,0x9FFC,0x0000,0x0000,
        0x0000,0x0098,0x00A4,0x48A4,0xAFA4,0xA8A4,0xA8A4,0xAA98,
        0xAA80,0xAA00,0xAFFC,0xA800,0xA800,0x97FC,0x0000,0x0000,
        0x0000,0x0098,0x00A4,0x70A4,0x97A4,0x90A4,0x90A4,0x9298,
        0x9280,0x9200,0x97FC,0x9000,0x9000,0x77FC,0x0000,0x0000,
        0x0000,0x0098,0x00A4,0x78A4,0xA7A4,0xA0A4,0xA0A4,0xA298,
        0xA280,0xA200,0xA7FC,0xA000,0xA000,0x7FFC,0x0000,0x0000,
        0x0000,0x0098,0x00A4,0x60A4,0x97A4,0x90A4,0x90A4,0x9298,
        0x9280,0x9200,0x97FC,0x9000,0x9000,0x67FC,0x0000,0x0000,
        0x0000,0x0200,0x0200,0x0230,0x0248,0x4284,0x3E84,0x0284,
        0x0248,0x0230,0x0200,0x0200,0xFFFC,0x0000,0x0000,0x0000,
        0x0000,0x0100,0x0118,0x1124,0x1124,0x1724,0x1124,0x1124,
        0x1118,0x1100,0x1100,0x1000,0xE7FC,0x0000,0x0000,0x0000,
        0x0000,0x0200,0x0238,0x6244,0x8244,0x9E44,0x8244,0x8244,
        0x8238,0x8200,0x8200,0x8000,0x9FFC,0x0000,0x0000,0x0000,
        0x0000,0x0100,0x0118,0x4924,0xA924,0xAF24,0xA924,0xA924,
        0xA918,0xA900,0xA900,0xA800,0x93FC,0x0000,0x0000,0x0000,
        0x0000,0x0100,0x0118,0x7124,0x9124,0x9724,0x9124,0x9124,
        0x9118,0x9100,0x9100,0x9000,0x77FC,0x0000,0x0000,0x0000,
        0x0000,0x0100,0x0118,0x7924,0xA124,0xA724,0xA124,0xA124,
        0xA118,0xA100,0xA100,0xA000,0x7BFC,0x0000,0x0000,0x0000,
        0x0000,0x0100,0x0118,0x8124,0x8124,0x4724,0x4124,0x2124,
        0x1918,0x2100,0x4100,0x4000,0x87FC,0x8000,0x0000,0x0000,
        0x0000,0x0100,0x0118,0x7124,0x5124,0x8F24,0x8924,0x8924,
        0x8918,0x8900,0x8900,0x5000,0x77FC,0x0000,0x0000,0x0000,
        0x0000,0x0000,0x0200,0x0230,0x8248,0x7E48,0x0284,0x0284,
        0x0284,0x0284,0x0284,0xFE48,0x0248,0x0230,0x0200,0x0000,
        0x0000,0x0000,0x0100,0x0910,0x0928,0x0F28,0x0944,0x0944,
        0x0944,0x0944,0x0944,0x0F28,0x0928,0xF110,0x0100,0x0000,
        0x0000,0x0000,0x0200,0x7210,0x8228,0x8228,0x9E44,0x8244,
        0x8244,0x8244,0x8244,0x9E28,0x8228,0x8210,0x0200,0x0000,
        0x0000,0x0000,0x0100,0x6510,0x9528,0x9728,0x9544,0x9544,
        0x9544,0x9544,0x9544,0x9728,0x9528,0x8910,0x0100,0x0000,
        0x0000,0x0000,0x0100,0x7910,0x8928,0x8F28,0x8944,0x8944,
        0x8944,0x8944,0x8944,0x8F28,0x8928,0x7910,0x0100,0x0000,
        0x0000,0x0000,0x0100,0x7D10,0x9128,0x9728,0x9144,0x9144,
        0x9144,0x9144,0x9144,0x9728,0x9128,0x7D10,0x0100,0x0000,
        0x0000,0x0000,0x0100,0x8110,0x8128,0x4728,0x4144,0x2144,
        0x1944,0x2144,0x4144,0x4728,0x8128,0x8110,0x0100,0x0000,
        0x0000,0x0000,0x0100,0x2110,0x5128,0x5728,0x8944,0x8944,
        0x8944,0x8944,0x8944,0x5728,0x5128,0x2110,0x0100,0x0000,
        0x0000,0x0000,0x0100,0x9110,0x9128,0x9728,0x5544,0x5544,
        0x3544,0x5544,0x5544,0x9728,0x9128,0x9110,0x0100,0x0000,
        0x0000,0x0000,0x4000,0x40E0,0x4110,0x4110,0x4208,0x4208,
        0x4208,0x4208,0x4208,0x4110,0x4110,0x40E0,0x4000,0x0000,
        0x0000,0x0000,0x0100,0x0910,0x0928,0x0928,0x0944,0x0944,
        0x0944,0x0944,0x0944,0x0928,0x0928,0xF110,0x0100,0x0000,
        0x0000,0x0000,0x0200,0x7210,0x8228,0x8228,0x8244,0x8244,
        0x8244,0x8244,0x8244,0x8228,0x8228,0x8210,0x0200,0x0000,
        0x0000,0x0000,0x0100,0x6510,0x9528,0x9528,0x9544,0x9544,
        0x9544,0x9544,0x9544,0x9528,0x9528,0x8910,0x0100,0x0000,
        0x0000,0x0000,0x0100,0x6510,0x9528,0x9528,0x9544,0x8944,
        0x0144,0x8544,0xFD44,0x8528,0x8528,0xFD10,0x8500,0x0000,
        0x0000,0x0000,0x0100,0x7910,0x8928,0x8928,0x8944,0x8944,
        0x8944,0x8944,0x8944,0x8928,0x8928,0x7910,0x0100,0x0000,
        0x0000,0x0000,0x0100,0x7D10,0x9128,0x9128,0x9144,0x9144,
        0x9144,0x9144,0x9144,0x9128,0x9128,0x7D10,0x0100,0x0000,
        0x0000,0x0000,0x0100,0x8110,0x8128,0x4128,0x4144,0x2144,
        0x1944,0x2144,0x4144,0x4128,0x8128,0x8110,0x0100,0x0000,
        0x0000,0x0000,0x0100,0x2110,0x5128,0x5128,0x8944,0x8944,
        0x8944,0x8944,0x8944,0x5128,0x5128,0x2110,0x0100,0x0000,
        0x0000,0x0000,0x0100,0x8910,0x8928,0x4928,0x4944,0x2944,
        0x1944,0x2944,0x4944,0x4928,0x8928,0x8910,0x0100,0x0000,
        0x0000,0x0000,0x0100,0x9110,0x9128,0x9128,0x5544,0x5544,
        0x3544,0x5544,0x5544,0x9128,0x9128,0x9110,0x0100,0x0000,
        0x0000,0x0000,0x0100,0x2910,0x2928,0x2928,0x2944,0x2944,
        0x2944,0x2944,0x2944,0x2928,0x2928,0xF110,0x0100,0x0000,
        0x0000,0x0000,0x0100,0x7910,0x9528,0x9528,0x9544,0x9544,
        0x9544,0x9544,0x9544,0x9528,0x9528,0x9510,0x0100,0x0000,
        0x0000,0x0000,0x0100,0x8910,0x8928,0xF928,0x8944,0x8944,
        0x8944,0x8944,0x8944,0xF928,0x8928,0x8910,0x0100,0x0000,
        0x0000,0x0000,0x0100,0x1110,0x5128,0xB128,0x9544,0x9544,
        0x9544,0x9544,0x9544,0xB128,0x5128,0x1110,0x0100,0x0000,
        0x0000,0x1000,0x10E0,0x1110,0x1208,0x1208,0x1208,0x1110,
        0x10E0,0x1000,0x1000,0x0000,0xFFFC,0x0000,0x0000,0x0000,
        0x0000,0x0200,0x0238,0x7244,0x8244,0x8244,0x8244,0x8244,
        0x8238,0x8200,0x8200,0x8000,0x8FFC,0x0000,0x0000,0x0000,
        0x0000,0x0100,0x0118,0x4924,0xA924,0xA924,0xA924,0xA924,
        0xA918,0xA900,0xA900,0xA800,0x97FC,0x0000,0x0000,0x0000,
        0x0000,0x0100,0x0118,0x7924,0x8924,0x8924,0x8924,0x8924,
        0x8918,0x8900,0x8900,0x8800,0x7FFC,0x0000,0x0000,0x0000,
        0x0000,0x0100,0x0118,0x8124,0x8124,0x4124,0x4124,0x2124,
        0x1918,0x2100,0x4100,0x4000,0x87FC,0x8000,0x0000,0x0000,
        0x0000,0x0000,0x07C0,0x1830,0x2008,0x2008,0x2008,0x1830,
        0x07C0,0x0000,0x0000,0x0000,0xFFFC,0x0000,0x0000,0x0000,
        0x0000,0x0000,0x0070,0x0888,0x0904,0x0904,0x0904,0x0888,
        0x0870,0x0800,0x0800,0x0800,0xF3FC,0x0000,0x0000,0x0000,
        0x0000,0x0000,0x0070,0x7088,0x8104,0x8104,0x8104,0x8088,
        0x8070,0x8000,0x8000,0x8000,0x8FFC,0x0000,0x0000,0x0000,
        0x0000,0x0000,0x0070,0x6488,0x9504,0x9504,0x9504,0x9488,
        0x9470,0x9400,0x9400,0x9400,0x89FC,0x0000,0x0000,0x0000,
        0x0000,0x0000,0x6470,0x9488,0x9504,0x9504,0x9504,0x8888,
        0x0470,0x0400,0x0400,0x0400,0xF9FC,0x0000,0x0000,0x0000,
        0x0000,0x0000,0x6430,0x9448,0x9484,0x9484,0x8884,0x0048,
        0x7C30,0x8400,0x8400,0x8400,0x7DFC,0x0000,0x0000,0x0000,
        0x0000,0x0000,0x6430,0x9448,0x9484,0x9484,0x8884,0x1048,
        0x5030,0xB400,0x9400,0xB400,0x51FC,0x1000,0x0000,0x0000,
        0x0000,0x0000,0x0070,0x7888,0x8904,0x8904,0x8904,0x8888,
        0x8870,0x8800,0x8800,0x8800,0x7BFC,0x0000,0x0000,0x0000,
        0x0000,0x0000,0x0070,0x7C88,0x9104,0x9104,0x9104,0x9088,
        0x9070,0x9000,0x9000,0x9000,0x7DFC,0x0000,0x0000,0x0000,
        0x0000,0x0000,0x0070,0x8088,0x8104,0x4104,0x4104,0x2088,
        0x1870,0x2000,0x4000,0x4000,0x87FC,0x8000,0x0000,0x0000,
        0x0000,0x0000,0x8070,0x4088,0x2104,0x1904,0x2104,0x4088,
        0x8070,0x4000,0x2000,0x1800,0x23FC,0x4000,0x8000,0x0000,
        0x0000,0x0000,0x0070,0x3088,0x4904,0x4904,0x8504,0x8488,
        0x8470,0x8400,0x4800,0x4800,0x33FC,0x0000,0x0000,0x0000,
        0x0000,0x0000,0x0070,0x8888,0x8904,0x4904,0x4904,0x2888,
        0x1870,0x2800,0x4800,0x4800,0x8BFC,0x8800,0x0000,0x0000,
        0x0000,0x0000,0x0070,0x8888,0x8904,0xF904,0x8904,0x8888,
        0x8870,0x8800,0xF800,0x8800,0x8BFC,0x0000,0x0000,0x0000,
        0x0000,0x2000,0x1008,0x0C08,0x0308,0x00F8,0x0108,0x0208,
        0x0C08,0x3008,0x0000,0x0000,0xFFFC,0x0080,0x0080,0x0000,
        0x0000,0x0200,0x0104,0x0884,0x0864,0x081C,0x0824,0x0844,
        0x0884,0x0900,0x0800,0x0800,0xF3FC,0x0020,0x0020,0x0000,
        0x0000,0x0204,0x0104,0x7084,0x8064,0x801C,0x8064,0x8084,
        0x8104,0x8204,0x8000,0x8000,0x8FFC,0x0040,0x0040,0x0000,
        0x0000,0x0200,0x0104,0x7C84,0x8064,0x801C,0x8024,0x8844,
        0x4884,0xAB04,0xAA00,0xAA00,0xABFC,0x4820,0x0820,0x0000,
        0x0000,0x0200,0x0104,0x7084,0x8864,0x881C,0x8824,0x8844,
        0x8884,0x8904,0x8800,0x8800,0x8BFC,0x0020,0x0020,0x0000,
        0x0000,0x0200,0x0104,0x6484,0x9464,0x941C,0x9424,0x9444,
        0x9484,0x9504,0x9400,0x9400,0x89FC,0x0020,0x0020,0x0000,
        0x0000,0x0200,0x6504,0x9484,0x9464,0x941C,0x8824,0x0044,
        0x7C84,0x8504,0x8400,0x8400,0x7DFC,0x0020,0x0020,0x0000,
        0x0000,0x0200,0x0104,0x7884,0x8864,0x881C,0x8824,0x8844,
        0x8884,0x8900,0x8800,0x8800,0x7BFC,0x0020,0x0020,0x0000,
        0x0000,0x0200,0x0104,0x7C84,0x9064,0x901C,0x9024,0x9044,
        0x9084,0x9104,0x9000,0x9000,0x7DFC,0x0020,0x0020,0x0000,
        0x0000,0x0200,0x0104,0x8084,0x8064,0x401C,0x4024,0x2044,
        0x1884,0x2104,0x4000,0x4000,0x87FC,0x8020,0x0020,0x0000,
        0x0000,0x8200,0x8104,0x4084,0x2064,0x181C,0x2024,0xC044,
        0x4084,0x2104,0x1800,0x2000,0x43FC,0x8020,0x0020,0x0000,
        0x0000,0x0200,0x0104,0x3084,0x4864,0x481C,0x8424,0x8444,
        0x8484,0x8500,0x4800,0x4800,0x33FC,0x0020,0x0020,0x0000,
        0x0000,0x0200,0x0104,0x8884,0x8864,0x481C,0x4824,0x2844,
        0x1884,0x2904,0x4800,0x4800,0x8BFC,0x8820,0x0020,0x0000,
        0x0000,0x2008,0x1808,0x0608,0x01F8,0x0208,0x0C08,0x3008,
        0x0000,0x0000,0xFFFC,0x0100,0x0100,0xFFFC,0x0000,0x0000,
        0x0000,0x0204,0x0104,0x08C4,0x083C,0x0844,0x0884,0x0904,
        0x0800,0x0800,0x0BFC,0x0820,0x0820,0xF3FC,0x0000,0x0000,
        0x0000,0x0204,0x0104,0x70C4,0x803C,0x80C4,0x8104,0x8204,
        0x8000,0x8000,0x87FC,0x8040,0x8040,0x8FFC,0x0000,0x0000,
        0x0000,0x0104,0x0084,0x6464,0x941C,0x9424,0x9444,0x9484,
        0x9400,0x9400,0x95FC,0x9420,0x9420,0x89FC,0x0000,0x0000,
        0x0000,0x0204,0x0104,0x78C4,0x883C,0x8844,0x8884,0x8904,
        0x8800,0x8800,0x8BFC,0x8820,0x8820,0x7BFC,0x0000,0x0000,
        0x0000,0x0204,0x0104,0x7CC4,0x903C,0x9044,0x9084,0x9104,
        0x9000,0x9000,0x91FC,0x9020,0x9020,0x7DFC,0x0000,0x0000,
        0x0000,0x0204,0x0104,0x80C4,0x803C,0x4044,0x4084,0x2104,
        0x1800,0x2000,0x43FC,0x4020,0x8020,0x87FC,0x0000,0x0000,
        0x0000,0x0204,0x8104,0x80C4,0x403C,0x2044,0x1884,0x2104,
        0xC000,0x4000,0x21FC,0x1820,0x2020,0x43FC,0x8000,0x0000,
        0x0000,0x0204,0x0104,0x30C4,0x483C,0x4844,0x8484,0x8504,
        0x8400,0x8400,0x85FC,0x4820,0x4820,0x33FC,0x0000,0x0000,
        0x0000,0x2008,0x1008,0x0C08,0x0308,0x00F8,0x0308,0x0C08,
        0x1008,0x2008,0x0000,0x0000,0xFFFC,0x0420,0x0420,0x0000,
        0x0000,0x0200,0x0104,0x0884,0x0864,0x081C,0x0824,0x0844,
        0x0884,0x0904,0x0800,0x0800,0xF3FC,0x0048,0x0048,0x0000,
        0x0000,0x0204,0x0104,0x7084,0x8064,0x801C,0x8064,0x8084,
        0x8104,0x8204,0x8000,0x8000,0x8FFC,0x0110,0x0110,0x0000,
        0x0000,0x0200,0x0104,0x7C84,0x8064,0x801C,0x8024,0x8844,
        0x4884,0xAB04,0xAA00,0xAA00,0xABFC,0x4848,0x0848,0x0000,
        0x0000,0x0200,0x0104,0x6484,0x9464,0x941C,0x9424,0x9444,
        0x9484,0x9504,0x9400,0x9400,0x89FC,0x0048,0x0048,0x0000,
        0x0000,0x0200,0x0104,0x7884,0x8864,0x881C,0x8824,0x8844,
        0x8884,0x8904,0x8800,0x8800,0x7BFC,0x0048,0x0048,0x0000,
        0x0000,0x0200,0x0104,0x3084,0x4864,0x481C,0x8424,0x8444,
        0x8484,0x8504,0x4800,0x4800,0x33FC,0x0048,0x0048,0x0000,
        0x0000,0x2008,0x1808,0x0608,0x01F8,0x0608,0x1808,0x2008,
        0x0000,0x0000,0xFFFC,0x0820,0x0820,0xFFFC,0x0000,0x0000,
        0x0000,0x0204,0x0104,0x70C4,0x803C,0x80C4,0x8104,0x8204,
        0x8000,0x8000,0x87FC,0x8110,0x8110,0x8FFC,0x0000,0x0000,
        0x0000,0x0104,0x0084,0x6464,0x941C,0x9424,0x9444,0x9484,
        0x9400,0x9400,0x95FC,0x9490,0x9490,0x89FC,0x0000,0x0000,
        0x0000,0x2000,0x1008,0x0C08,0x0308,0x00F8,0x0108,0x0208,
        0x0C88,0x3088,0x0080,0x0080,0xFFFC,0x0000,0x0000,0x0000,
        0x0000,0x0200,0x0104,0x0884,0x0864,0x081C,0x0824,0x0844,
        0x0884,0x0920,0x0820,0x0820,0xF3FC,0x0000,0x0000,0x0000,
        0x0000,0x0200,0x0104,0x7084,0x8064,0x801C,0x8064,0x8084,
        0x8124,0x8224,0x8020,0x8020,0x9FFC,0x0000,0x0000,0x0000,
        0x0000,0x0200,0x0104,0x6484,0x9464,0x941C,0x9424,0x9444,
        0x9484,0x9520,0x9420,0x9420,0x89FC,0x0000,0x0000,0x0000,
        0x0000,0x0200,0x6504,0x9484,0x9464,0x941C,0x8824,0x0044,
        0x7C84,0x8514,0x8410,0x8410,0x7DFC,0x0000,0x0000,0x0000,
        0x0000,0x0200,0x0104,0x7884,0x8864,0x881C,0x8824,0x8844,
        0x8884,0x8920,0x8820,0x8820,0x7BFC,0x0000,0x0000,0x0000,
        0x0000,0x0200,0x0104,0x7C84,0x9064,0x901C,0x9024,0x9044,
        0x9084,0x9114,0x9010,0x9010,0x7DFC,0x0000,0x0000,0x0000,
        0x0000,0x0200,0x0104,0x8084,0x8064,0x401C,0x4024,0x2044,
        0x1884,0x2114,0x4010,0x4010,0x87FC,0x8000,0x0000,0x0000,
        0x0000,0x0200,0x0104,0x3084,0x4864,0x481C,0x8424,0x8444,
        0x8484,0x8520,0x4820,0x4820,0x33FC,0x0000,0x0000,0x0000,
        0x0000,0x0200,0x0104,0x8884,0x8864,0x481C,0x4824,0x2844,
        0x1884,0x2914,0x4810,0x4810,0x8BFC,0x8800,0x0000,0x0000,
        0x0000,0x2008,0x1808,0x0608,0x01F8,0x0208,0x0C08,0x3088,
        0x0080,0x0080,0xFFFC,0x0000,0x0000,0xFFFC,0x0000,0x0000,
        0x0000,0x0204,0x0104,0x08C4,0x083C,0x0844,0x0884,0x0924,
        0x0820,0x0820,0x0BFC,0x0800,0x0800,0xF3FC,0x0000,0x0000,
        0x0000,0x0204,0x0104,0x70C4,0x803C,0x80C4,0x8104,0x8224,
        0x8020,0x8020,0x8FFC,0x8000,0x8000,0x9FFC,0x0000,0x0000,
        0x0000,0x0204,0x0104,0x64C4,0x943C,0x9444,0x9484,0x9524,
        0x9420,0x9420,0x95FC,0x9400,0x9400,0x89FC,0x0000,0x0000,
        0x0000,0x0204,0x0104,0x78C4,0x883C,0x8844,0x8884,0x8924,
        0x8820,0x8820,0x8BFC,0x8800,0x8800,0x7BFC,0x0000,0x0000,
        0x0000,0x0204,0x0104,0x7CC4,0x903C,0x9044,0x9084,0x9124,
        0x9020,0x9020,0x91FC,0x9000,0x9000,0x7DFC,0x0000,0x0000,
        0x0000,0x0204,0x0104,0x80C4,0x803C,0x4044,0x4084,0x2124,
        0x1820,0x2020,0x43FC,0x4000,0x8000,0x87FC,0x0000,0x0000,
        0x0000,0x0204,0x0104,0x30C4,0x483C,0x4844,0x8484,0x8524,
        0x8420,0x8420,0x85FC,0x4800,0x4800,0x33FC,0x0000,0x0000,
        0x0000,0x2000,0x1008,0x0C08,0x0308,0x00F8,0x0108,0x0208,
        0x0C08,0x3428,0x0420,0x0420,0xFFFC,0x0000,0x0000,0x0000,
        0x0000,0x0204,0x0104,0x7084,0x8064,0x801C,0x8064,0x8084,
        0x8104,0x8294,0x8090,0x8090,0x8FFC,0x0000,0x0000,0x0000,
        0x0000,0x0200,0x0104,0x6484,0x9464,0x941C,0x9424,0x9444,
        0x9484,0x954C,0x9448,0x9448,0x8BFC,0x0000,0x0000,0x0000,
        0x0000,0x0200,0x0104,0x7884,0x8864,0x881C,0x8824,0x8844,
        0x8884,0x894C,0x8848,0x8848,0x7BFC,0x0000,0x0000,0x0000,
        0x0000,0x0200,0x0104,0x7C84,0x9064,0x901C,0x9024,0x9044,
        0x9084,0x914C,0x9048,0x9048,0x7FFC,0x0000,0x0000,0x0000,
        0x0000,0x0200,0x8104,0x4084,0x2064,0x181C,0x2024,0x4044,
        0x8084,0x4148,0x2048,0x1848,0x23FC,0x4000,0x8000,0x0000,
        0x0000,0x0200,0x0104,0x3084,0x4864,0x481C,0x8424,0x8444,
        0x8484,0x854C,0x4848,0x4848,0x33FC,0x0000,0x0000,0x0000,
        0x0000,0x2008,0x1808,0x0608,0x01F8,0x0608,0x1808,0x2428,
        0x0420,0x0420,0xFFFC,0x0000,0x0000,0xFFFC,0x0000,0x0000,
        0x0000,0x0000,0x4200,0x4208,0x4108,0x4108,0x4088,0x4048,
        0x7C38,0x4048,0x4088,0x4108,0x4108,0x4208,0x4200,0x0000,
        0x0000,0x0000,0x0100,0x0944,0x0944,0x0924,0x0924,0x0914,
        0x09CC,0x0914,0x0924,0x0924,0x0944,0xF144,0x0100,0x0000,
        0x0000,0x0000,0x0240,0x7244,0x8244,0x8224,0x8224,0x8214,
        0x838C,0x8214,0x8224,0x8224,0x8244,0x8244,0x0240,0x0000,
        0x0000,0x0000,0x0100,0x6544,0x9544,0x9524,0x9524,0x9514,
        0x95CC,0x9514,0x9524,0x9524,0x9544,0x8944,0x0100,0x0000,
        0x0000,0x0000,0x0100,0x6544,0x9544,0x9524,0x9524,0x8914,
        0x01CC,0x7D14,0x8524,0x8524,0x8544,0x7D44,0x0100,0x0000,
        0x0000,0x0000,0x0100,0x7944,0x8944,0x8924,0x8924,0x8914,
        0x89CC,0x8914,0x8924,0x8924,0x8944,0x7944,0x0100,0x0000,
        0x0000,0x0000,0x0100,0x7D44,0x9144,0x9124,0x9124,0x9114,
        0x91CC,0x9114,0x9124,0x9124,0x9144,0x7D44,0x0100,0x0000,
        0x0000,0x0000,0x0100,0x8144,0x8144,0x4124,0x4124,0x2114,
        0x19CC,0x2114,0x4124,0x4124,0x8144,0x8144,0x0100,0x0000,
        0x0000,0x0000,0x0140,0x3144,0x4944,0x4924,0x8524,0x8514,
        0x85CC,0x8514,0x8524,0x4924,0x4944,0x3144,0x0140,0x0000,
        0x0000,0x0000,0x0100,0x8944,0x8944,0x4924,0x4924,0x2914,
        0x19CC,0x2914,0x4924,0x4924,0x8944,0x8944,0x0100,0x0000,
        0x0000,0x0000,0x0100,0x9144,0x9144,0x9124,0x5524,0x5514,
        0x35CC,0x5514,0x5524,0x9124,0x9144,0x9144,0x0100,0x0000,
        0x0000,0x0000,0x0100,0x1144,0x5144,0xB124,0x9524,0x9514,
        0x95CC,0x9514,0x9524,0xB124,0x5144,0x1144,0x0100,0x0000,
        0x0000,0x2200,0x2208,0x2108,0x2088,0x2048,0x3E38,0x2048,
        0x2088,0x2108,0x2208,0x0000,0xFFFC,0x0100,0x0100,0x0000,
        0x0000,0x0124,0x0124,0x1114,0x1114,0x11CC,0x1114,0x1114,
        0x1124,0x1124,0x1100,0x1000,0xE7FC,0x0020,0x0020,0x0000,
        0x0000,0x0124,0x0124,0x4914,0xA914,0xA9CC,0xA914,0xA914,
        0xA924,0xA924,0xA900,0xA800,0x93FC,0x0020,0x0020,0x0000,
        0x0000,0x0124,0x0124,0x7914,0x9114,0x91CC,0x9114,0x9114,
        0x9124,0x9124,0x9100,0x9000,0x7BFC,0x0020,0x0020,0x0000,
        0x0000,0x0124,0x0124,0x8114,0x8114,0x41CC,0x4114,0x2114,
        0x1924,0x2124,0x4100,0x4000,0x87FC,0x8020,0x0020,0x0000,
        0x0000,0x0124,0x0124,0x7114,0x5114,0x89CC,0x8914,0x8914,
        0x8924,0x8924,0x8900,0x5000,0x77FC,0x0020,0x0020,0x0000,
        0x0000,0x2108,0x2088,0x2048,0x3E38,0x2048,0x2088,0x2108,
        0x2000,0x0000,0xFFFC,0x0100,0x0100,0xFFFC,0x0000,0x0000,
        0x0000,0x0124,0x8124,0x8114,0x41CC,0x2114,0x1924,0x2124,
        0xC100,0x4000,0x23FC,0x1840,0x2040,0x43FC,0x8000,0x0000,
        0x0000,0x0124,0x0124,0x7114,0x51CC,0x8914,0x8924,0x8924,
        0x8900,0x8800,0x8BFC,0x8840,0x5040,0x77FC,0x0000,0x0000,
        0x0000,0x2200,0x2208,0x2108,0x2088,0x2048,0x3E38,0x2048,
        0x2088,0x2108,0x2208,0x0000,0xFFFC,0x0000,0x0000,0x0000,
        0x0000,0x0244,0x0244,0x7224,0x8214,0x83CC,0x8214,0x8224,
        0x8244,0x8244,0x8200,0x8000,0x8FFC,0x0000,0x0000,0x0000,
        0x0000,0x0124,0x0124,0x4914,0xA914,0xA9CC,0xA914,0xA914,
        0xA924,0xA924,0xA900,0xA800,0x93FC,0x0000,0x0000,0x0000,
        0x0000,0x0124,0x0124,0x7914,0x8914,0x89CC,0x8914,0x8914,
        0x8924,0x8924,0x8900,0x8800,0x7BFC,0x0000,0x0000,0x0000,
        0x0000,0x0124,0x0124,0x7914,0x9114,0x91CC,0x9114,0x9114,
        0x9124,0x9124,0x9100,0x9000,0x7BFC,0x0000,0x0000,0x0000,
        0x0000,0x0124,0x0124,0x8114,0x8114,0x41CC,0x4114,0x2114,
        0x1924,0x2124,0x4100,0x4000,0x87FC,0x8000,0x0000,0x0000,
        0x0000,0x0124,0x0124,0x7114,0x5114,0x89CC,0x8914,0x8914,
        0x8924,0x8924,0x8900,0x5000,0x77FC,0x0000,0x0000,0x0000,
        0x0000,0x0000,0x4200,0x4208,0x4108,0x7D08,0x4088,0x4048,
        0x4038,0x4048,0x4088,0x7D08,0x4108,0x4208,0x4200,0x0000,
        0x0000,0x0000,0x0100,0x0944,0x0944,0x09E4,0x0924,0x0914,
        0x090C,0x0914,0x0924,0x09E4,0x0944,0xF144,0x0100,0x0000,
        0x0000,0x0000,0x0400,0x7444,0x8444,0x87A4,0x8424,0x8414,
        0x840C,0x8414,0x8424,0x87A4,0x8444,0x8444,0x0400,0x0000,
        0x0000,0x0000,0x0100,0x2144,0x5144,0x51E4,0x8924,0x8914,
        0x890C,0x8914,0x8924,0x51E4,0x5144,0x2144,0x0100,0x0000,
        0x0000,0x0000,0x0480,0x0484,0x0484,0x0444,0x0444,0x0424,
        0xFC1C,0x0424,0x0444,0x0444,0x0484,0x0484,0x0480,0x0000,
        0x0000,0x0000,0x0100,0x0944,0x0944,0x0924,0x0924,0x0914,
        0x0F0C,0x0914,0x0924,0x0924,0x0944,0xF144,0x0100,0x0000,
        0x0000,0x0000,0x0240,0x7244,0x8244,0x8224,0x8224,0x8214,
        0x9E0C,0x8214,0x8224,0x8224,0x8244,0x8244,0x0240,0x0000,
        0x0000,0x0000,0x0140,0x6544,0x9544,0x9524,0x9524,0x9514,
        0x970C,0x9514,0x9524,0x9524,0x9544,0x8944,0x0140,0x0000,
        0x0000,0x0000,0x0100,0x6544,0x9544,0x9524,0x9524,0x8914,
        0x870C,0x0514,0x0524,0x0524,0x0544,0xF944,0x0100,0x0000,
        0x0000,0x0000,0x0100,0x6544,0x9544,0x9524,0x9524,0x8914,
        0x070C,0x7D14,0x8524,0x8524,0x8544,0x7D44,0x0100,0x0000,
        0x0000,0x0000,0x0100,0x7944,0x8944,0x8924,0x8924,0x8914,
        0x8F0C,0x8914,0x8924,0x8924,0x8944,0x7944,0x0100,0x0000,
        0x0000,0x0000,0x0100,0x7D44,0x9144,0x9124,0x9124,0x9114,
        0x970C,0x9114,0x9124,0x9124,0x9144,0x7D44,0x0100,0x0000,
        0x0000,0x0000,0x0100,0x8144,0x8144,0x4124,0x4124,0x2114,
        0x170C,0x2114,0x4124,0x4124,0x8144,0x8144,0x0100,0x0000,
        0x0000,0x0000,0x0140,0x3144,0x4944,0x4924,0x8524,0x8514,
        0x870C,0x8514,0x8524,0x4924,0x4944,0x3144,0x0140,0x0000,
        0x0000,0x0244,0x0244,0x0224,0x4214,0x3E0C,0x0214,0x0224,
        0x1244,0x1244,0x1200,0x1000,0xFFFC,0x0000,0x0000,0x0000,
        0x0000,0x0080,0x80A4,0x80A4,0x4094,0x3794,0x208C,0x4094,
        0x8094,0x82A4,0x42A4,0x3200,0x27FC,0x4000,0x8000,0x0000,
        0x0000,0x0200,0x0244,0x0244,0x4224,0x3E1C,0x0224,0x0244,
        0x1244,0x1000,0xFFFC,0x0000,0x0000,0xFFFC,0x0000,0x0000,
        0x0000,0x0244,0x0244,0x0224,0x4214,0x3E0C,0x0214,0x0224,
        0x0244,0x0244,0x0200,0x0000,0xFFFC,0x0000,0x0000,0x0000,
        0x0000,0x0100,0x0124,0x1124,0x1114,0x1714,0x110C,0x1114,
        0x1114,0x1124,0x1124,0x1000,0xE7FC,0x0000,0x0000,0x0000,
        0x0000,0x0200,0x0244,0x6244,0x8224,0x9E14,0x820C,0x8214,
        0x8224,0x8244,0x8244,0x8000,0x9FFC,0x0000,0x0000,0x0000,
        0x0000,0x0100,0x0124,0x4924,0xA914,0xAF14,0xA90C,0xA914,
        0xA914,0xA924,0xA924,0xA800,0x93FC,0x0000,0x0000,0x0000,
        0x0000,0x0100,0x0124,0x7124,0x9114,0x9714,0x910C,0x9114,
        0x9114,0x9124,0x9124,0x9000,0x77FC,0x0000,0x0000,0x0000,
        0x0000,0x0100,0x0124,0x7924,0xA114,0xA714,0xA10C,0xA114,
        0xA114,0xA124,0xA124,0xA000,0x7BFC,0x0000,0x0000,0x0000,
        0x0000,0x0100,0x0124,0x8124,0x8114,0x4714,0x410C,0x2114,
        0x1914,0x2124,0x4124,0x4000,0x87FC,0x8000,0x0000,0x0000,
        0x0000,0x0000,0x0400,0x0484,0x8484,0x7C44,0x0444,0x0424,
        0x041C,0x0424,0x0444,0xFC44,0x0484,0x0484,0x0400,0x0000,
        0x0000,0x0000,0x0200,0x7244,0x8244,0x8224,0x9E24,0x8214,
        0x820C,0x8214,0x8224,0x9E24,0x8244,0x8244,0x0200,0x0000,
        0x0000,0x0000,0x0100,0x6544,0x9544,0x9724,0x9524,0x9514,
        0x950C,0x9514,0x9524,0x9724,0x9544,0x8944,0x0100,0x0000,
        0x0000,0x0000,0x0100,0x7944,0x8944,0x8F24,0x8924,0x8914,
        0x890C,0x8914,0x8924,0x8F24,0x8944,0x7944,0x0100,0x0000,
        0x0000,0x0000,0x4200,0x4208,0x4108,0x4108,0x4088,0x4048,
        0x4038,0x4048,0x4088,0x4108,0x4108,0x4208,0x4200,0x0000,
        0x0000,0x0000,0x0100,0x0944,0x0944,0x0924,0x0924,0x0914,
        0x090C,0x0914,0x0924,0x0924,0x0944,0xF144,0x0100,0x0000,
        0x0000,0x0000,0x0200,0x7244,0x8244,0x8224,0x8224,0x8214,
        0x820C,0x8214,0x8224,0x8224,0x8244,0x8244,0x0200,0x0000,
        0x0000,0x0000,0x0100,0x6544,0x9544,0x9524,0x9524,0x9514,
        0x950C,0x9514,0x9524,0x9524,0x9544,0x8944,0x0100,0x0000,
        0x0000,0x0000,0x0100,0x7944,0x8944,0x8924,0x8924,0x8914,
        0x890C,0x8914,0x8924,0x8924,0x8944,0x7944,0x0100,0x0000,
        0x0000,0x0000,0x0100,0x7D44,0x9144,0x9124,0x9124,0x9114,
        0x910C,0x9114,0x9124,0x9124,0x9144,0x7D44,0x0100,0x0000,
        0x0000,0x0000,0x0100,0x8144,0x8144,0x4124,0x4124,0x2114,
        0x190C,0x2114,0x4124,0x4124,0x8144,0x8144,0x0100,0x0000,
        0x0000,0x0000,0x0140,0x3144,0x4944,0x4924,0x8524,0x8514,
        0x850C,0x8514,0x8524,0x4924,0x4944,0x3144,0x0140,0x0000,
        0x0000,0x2000,0x1008,0x0C08,0x0308,0x00F8,0x0108,0x0208,
        0x0C08,0x3008,0x0000,0x0000,0xFFFC,0x0000,0x0000,0x0000,
        0x0000,0x0200,0x0104,0x0884,0x0864,0x081C,0x0824,0x0844,
        0x0884,0x0900,0x0800,0x0800,0xF3FC,0x0000,0x0000,0x0000,
        0x0000,0x0200,0x0104,0x7084,0x8064,0x801C,0x8064,0x8084,
        0x8104,0x8204,0x8000,0x8000,0x8FFC,0x0000,0x0000,0x0000,
        0x0000,0x0200,0x0104,0x7084,0x8864,0x881C,0x8824,0x8844,
        0x8884,0x8904,0x8800,0x8800,0x8BFC,0x0000,0x0000,0x0000,
        0x0000,0x0200,0x0104,0x6484,0x9464,0x941C,0x9424,0x9444,
        0x9484,0x9500,0x9400,0x9400,0x89FC,0x0000,0x0000,0x0000,
        0x0000,0x0200,0x6504,0x9484,0x9464,0x941C,0x8824,0x0044,
        0x7C84,0x8504,0x8400,0x8400,0x7DFC,0x0000,0x0000,0x0000,
        0x0000,0x0200,0x0104,0x7884,0x8864,0x881C,0x8824,0x8844,
        0x8884,0x8900,0x8800,0x8800,0x7BFC,0x0000,0x0000,0x0000,
        0x0000,0x0200,0x0104,0x7C84,0x9064,0x901C,0x9024,0x9044,
        0x9084,0x9100,0x9000,0x9000,0x7DFC,0x0000,0x0000,0x0000,
        0x0000,0x0200,0x0104,0x8084,0x8064,0x401C,0x2024,0x1044,
        0x0C84,0x1100,0x2000,0x4000,0x87FC,0x8000,0x0000,0x0000,
        0x0000,0x0200,0x0104,0x3084,0x4864,0x481C,0x8424,0x8444,
        0x8484,0x8504,0x4800,0x4800,0x33FC,0x0000,0x0000,0x0000,
        0x0000,0x0200,0x0104,0x8884,0x8864,0x481C,0x4824,0x2844,
        0x1884,0x2904,0x4800,0x4800,0x8BFC,0x8800,0x0000,0x0000,
        0x0000,0x0200,0x0104,0x7884,0x9464,0x941C,0x9424,0x9444,
        0x9484,0x9504,0x9400,0x9400,0x95FC,0x0000,0x0000,0x0000,
        0x0000,0x0200,0x0104,0x8884,0x8864,0xF81C,0x8824,0x8844,
        0x8884,0x8904,0xF800,0x8800,0x8BFC,0x0000,0x0000,0x0000,
        0x0000,0x2000,0x1808,0x0608,0x01F8,0x2608,0x1808,0x0608,
        0x01F8,0x0E08,0x3008,0x0000,0xFFFC,0x0080,0x0080,0x0000,
        0x0000,0x0100,0x0084,0x0864,0x081C,0x0964,0x0884,0x0864,
        0x081C,0x0864,0x0984,0x0800,0xF3FC,0x0020,0x0020,0x0000,
        0x0000,0x0200,0x0104,0x70C4,0x803C,0x82C4,0x8104,0x80C4,
        0x803C,0x80C4,0x8304,0x8000,0x8FFC,0x0040,0x0040,0x0000,
        0x0000,0x0100,0x0084,0x7C64,0x801C,0x8164,0x8084,0x8864,
        0x481C,0xAA64,0xAB84,0xAA00,0xABFC,0x4820,0x0820,0x0000,
        0x0000,0x0100,0x0084,0x6464,0x941C,0x9564,0x9484,0x9464,
        0x941C,0x9464,0x9584,0x9400,0x89FC,0x0020,0x0020,0x0000,
        0x0000,0x0100,0x6484,0x9464,0x941C,0x9564,0x8884,0x0064,
        0x7C1C,0x9064,0x9184,0x9000,0x7DFC,0x0020,0x0020,0x0000,
        0x0000,0x0100,0x0084,0x7864,0x881C,0x8964,0x8884,0x8864,
        0x881C,0x8864,0x8984,0x8800,0x7BFC,0x0020,0x0020,0x0000,
        0x0000,0x0100,0x0084,0x7C64,0x901C,0x9164,0x9084,0x9064,
        0x901C,0x9064,0x9184,0x9000,0x7DFC,0x0020,0x0020,0x0000,
        0x0000,0x0100,0x0084,0x8064,0x801C,0x4164,0x4084,0x2064,
        0x181C,0x2064,0x4184,0x4000,0x87FC,0x8020,0x0020,0x0000,
        0x0000,0x8100,0x8084,0x4064,0x201C,0x1964,0x2084,0xC064,
        0x401C,0x2064,0x1984,0x2000,0x43FC,0x8020,0x0020,0x0000,
        0x0000,0x0100,0x0084,0x3064,0x481C,0x4964,0x8484,0x8464,
        0x841C,0x8464,0x4984,0x4800,0x33FC,0x0020,0x0020,0x0000,
        0x0000,0x3008,0x0C08,0x03F8,0x2408,0x1C08,0x03F8,0x0C08,
        0x3008,0x0000,0xFFFC,0x0100,0x0100,0xFFFC,0x0000,0x0000,
        0x0000,0x0104,0x00C4,0x083C,0x0944,0x08C4,0x083C,0x08C4,
        0x0904,0x0800,0x0BFC,0x0820,0x0820,0xF3FC,0x0000,0x0000,
        0x0000,0x0204,0x0184,0x707C,0x8284,0x8184,0x807C,0x8184,
        0x8204,0x8000,0x87FC,0x8040,0x8040,0x8FFC,0x0000,0x0000,
        0x0000,0x0104,0x00C4,0x643C,0x9544,0x94C4,0x943C,0x94C4,
        0x9504,0x9400,0x95FC,0x9420,0x9420,0x89FC,0x0000,0x0000,
        0x0000,0x0104,0x00C4,0x783C,0x8944,0x88C4,0x883C,0x88C4,
        0x8904,0x8800,0x8BFC,0x8820,0x8820,0x7BFC,0x0000,0x0000,
        0x0000,0x0104,0x00C4,0x7C3C,0x9144,0x90C4,0x903C,0x90C4,
        0x9104,0x9000,0x91FC,0x9020,0x9020,0x7DFC,0x0000,0x0000,
        0x0000,0x0104,0x00C4,0x803C,0x8144,0x40C4,0x403C,0x20C4,
        0x1904,0x2000,0x43FC,0x4020,0x8020,0x87FC,0x0000,0x0000,
        0x0000,0x0104,0x80C4,0x803C,0x4144,0x20C4,0x183C,0x20C4,
        0xC104,0x4000,0x21FC,0x1820,0x2020,0x43FC,0x8000,0x0000,
        0x0000,0x0104,0x00C4,0x303C,0x4944,0x48C4,0x843C,0x84C4,
        0x8504,0x8400,0x85FC,0x4820,0x4820,0x33FC,0x0000,0x0000,
        0x0000,0x2000,0x1808,0x0608,0x01F8,0x2608,0x1808,0x0608,
        0x01F8,0x0E08,0x3008,0x0000,0xFFFC,0x0420,0x0420,0x0000,
        0x0000,0x0200,0x0104,0x70C4,0x803C,0x82C4,0x8104,0x80C4,
        0x803C,0x80C4,0x8304,0x8000,0x8FFC,0x0110,0x0110,0x0000,
        0x0000,0x0100,0x0084,0x3064,0x481C,0x4964,0x8484,0x8464,
        0x841C,0x8464,0x4984,0x4800,0x33FC,0x0048,0x0048,0x0000,
        0x0000,0x2000,0x1808,0x0608,0x01F8,0x2608,0x1808,0x0608,
        0x01F8,0x0E08,0x3088,0x0080,0xFFFC,0x0000,0x0000,0x0000,
        0x0000,0x0084,0x0064,0x081C,0x0964,0x0884,0x0864,0x081C,
        0x0864,0x0984,0x0820,0x0820,0xF3FC,0x0000,0x0000,0x0000,
        0x0000,0x0104,0x00C4,0x703C,0x82C4,0x8104,0x80C4,0x803C,
        0x80C4,0x8324,0x8020,0x8020,0x8FFC,0x0000,0x0000,0x0000,
        0x0000,0x0084,0x0064,0x641C,0x9564,0x9484,0x9464,0x941C,
        0x9464,0x95A4,0x9420,0x9420,0x89FC,0x0000,0x0000,0x0000,
        0x0000,0x0084,0x0064,0x781C,0x8964,0x8884,0x8864,0x881C,
        0x8864,0x8984,0x8820,0x8820,0x7BFC,0x0000,0x0000,0x0000,
        0x0000,0x0084,0x0064,0x7C1C,0x9164,0x9084,0x9064,0x901C,
        0x9064,0x9184,0x9020,0x9020,0x7DFC,0x0000,0x0000,0x0000,
        0x0000,0x0084,0x0064,0x801C,0x8164,0x4084,0x4064,0x201C,
        0x1864,0x2184,0x4020,0x4020,0x87FC,0x8000,0x0000,0x0000,
        0x0000,0x8084,0x8064,0x401C,0x2164,0x1884,0x2064,0xC01C,
        0x4064,0x2184,0x1820,0x2020,0x43FC,0x8000,0x0000,0x0000,
        0x0000,0x0084,0x0064,0x301C,0x4964,0x4884,0x8464,0x841C,
        0x8464,0x8584,0x4820,0x4820,0x33FC,0x0000,0x0000,0x0000,
        0x0000,0x3008,0x0C08,0x03F8,0x3408,0x0C08,0x03F8,0x0C08,
        0x3088,0x0080,0xFFFC,0x0000,0x0000,0xFFFC,0x0000,0x0000,
        0x0000,0x0104,0x00C4,0x303C,0x4944,0x48C4,0x843C,0x84C4,
        0x8524,0x8420,0x85FC,0x4800,0x4800,0x33FC,0x0000,0x0000,
        0x0000,0x2000,0x1808,0x0608,0x01F8,0x2608,0x1808,0x0608,
        0x01F8,0x0E08,0x3228,0x0220,0xFFFC,0x0000,0x0000,0x0000,
        0x0000,0x8084,0x8064,0x401C,0x2164,0x1884,0x2064,0xC01C,
        0x4064,0x21CC,0x1848,0x2048,0x43FC,0x8000,0x0000,0x0000,
        0x0000,0x0000,0x4208,0x4108,0x40C8,0x4038,0x40C8,0x4108,
        0x7E08,0x4108,0x40C8,0x4038,0x40C8,0x4108,0x4208,0x0000,
        0x0000,0x0000,0x0124,0x0924,0x0914,0x090C,0x0914,0x0924,
        0x09E4,0x0924,0x0914,0x090C,0x0914,0xF124,0x0124,0x0000,
        0x0000,0x0000,0x0444,0x7444,0x8424,0x841C,0x8424,0x8444,
        0x87C4,0x8444,0x8424,0x841C,0x8424,0x8444,0x0444,0x0000,
        0x0000,0x0000,0x0124,0x6524,0x9514,0x950C,0x9514,0x9524,
        0x95E4,0x9524,0x9514,0x950C,0x9514,0x8924,0x0124,0x0000,
        0x0000,0x0000,0x0124,0x7924,0x8914,0x890C,0x8914,0x8924,
        0x89E4,0x8924,0x8914,0x890C,0x8914,0x7924,0x0124,0x0000,
        0x0000,0x0000,0x0124,0x7D24,0x9114,0x910C,0x9114,0x9124,
        0x91E4,0x9124,0x9114,0x910C,0x9114,0x7D24,0x0124,0x0000,
        0x0000,0x0000,0x0124,0x8124,0x8114,0x410C,0x4114,0x2124,
        0x19E4,0x2124,0x4114,0x410C,0x8114,0x8124,0x0124,0x0000,
        0x0000,0x0000,0x0124,0x2124,0x5114,0x510C,0x8914,0x8924,
        0x89E4,0x8924,0x8914,0x510C,0x5114,0x2124,0x0124,0x0000,
        0x0000,0x0000,0x0124,0x9124,0x9114,0x910C,0x5514,0x5524,
        0x35E4,0x5524,0x5514,0x910C,0x9114,0x9124,0x0124,0x0000,
        0x0000,0x2208,0x2188,0x2078,0x2188,0x3E08,0x2188,0x2078,
        0x2188,0x2208,0x2000,0x0000,0xFFFC,0x0100,0x0100,0x0000,
        0x0000,0x0144,0x0124,0x111C,0x1124,0x11C4,0x1124,0x111C,
        0x1124,0x1144,0x1100,0x1000,0xE7FC,0x0020,0x0020,0x0000,
        0x0000,0x0144,0x0124,0x491C,0xA924,0xA9C4,0xA924,0xA91C,
        0xA924,0xA944,0xA900,0xA800,0x93FC,0x0020,0x0020,0x0000,
        0x0000,0x8144,0x8124,0x411C,0x2124,0x19C4,0x2124,0xC11C,
        0x4124,0x2144,0x1900,0x2000,0x43FC,0x8020,0x0020,0x0000,
        0x0000,0x2208,0x2188,0x2078,0x3E88,0x2188,0x2078,0x2188,
        0x2208,0x0000,0xFFFC,0x0100,0x0100,0xFFFC,0x0000,0x0000,
        0x0000,0x0144,0x8124,0x811C,0x41E4,0x2124,0x191C,0x2124,
        0xC144,0x4000,0x23FC,0x1840,0x2040,0x43FC,0x8000,0x0000,
        0x0000,0x2208,0x2188,0x2078,0x2188,0x3E08,0x2188,0x2078,
        0x2188,0x2208,0x2000,0x0000,0xFFFC,0x0000,0x0000,0x0000,
        0x0000,0x0244,0x0224,0x721C,0x8224,0x83C4,0x8224,0x821C,
        0x8224,0x8244,0x8200,0x8000,0x8FFC,0x0000,0x0000,0x0000,
        0x0000,0x0144,0x0124,0x491C,0xA924,0xA9C4,0xA924,0xA91C,
        0xA924,0xA944,0xA900,0xA800,0x93FC,0x0000,0x0000,0x0000,
        0x0000,0x0144,0x0124,0x791C,0x8924,0x89C4,0x8924,0x891C,
        0x8924,0x8944,0x8900,0x8800,0x7BFC,0x0000,0x0000,0x0000,
        0x0000,0x0144,0x0124,0x791C,0x9124,0x91C4,0x9124,0x911C,
        0x9124,0x9144,0x9100,0x9000,0x7BFC,0x0000,0x0000,0x0000,
        0x0000,0x0000,0x0124,0x2124,0x5114,0x51CC,0x8914,0x8924,
        0x8924,0x8924,0x8914,0x51CC,0x5114,0x2124,0x0124,0x0000,
        0x0000,0x0000,0x0484,0x0444,0x0424,0x041C,0x0424,0x0444,
        0xFC84,0x0444,0x0424,0x041C,0x0424,0x0444,0x0484,0x0000,
        0x0000,0x0000,0x0124,0x0924,0x0914,0x090C,0x0914,0x0924,
        0x0F24,0x0924,0x0914,0x090C,0x0914,0xF124,0x0124,0x0000,
        0x0000,0x0000,0x0244,0x7244,0x8224,0x821C,0x8224,0x8244,
        0x9E44,0x8244,0x8224,0x821C,0x8224,0x8244,0x0244,0x0000,
        0x0000,0x0000,0x0124,0x6524,0x9514,0x950C,0x9514,0x9524,
        0x9724,0x9524,0x9514,0x950C,0x9514,0x8924,0x0124,0x0000,
        0x0000,0x0000,0x0124,0x7924,0x8914,0x890C,0x8914,0x8924,
        0x8F24,0x8924,0x8914,0x890C,0x8914,0x7924,0x0124,0x0000,
        0x0000,0x0000,0x0124,0x7D24,0x9114,0x910C,0x9114,0x9124,
        0x9724,0x9124,0x9114,0x910C,0x9114,0x7D24,0x0124,0x0000,
        0x0000,0x0000,0x0124,0x2124,0x5114,0x510C,0x8914,0x8924,
        0x8F24,0x8924,0x8914,0x510C,0x5114,0x2124,0x0124,0x0000,
        0x0000,0x0244,0x0224,0x021C,0x4224,0x3E44,0x0224,0x021C,
        0x1224,0x1244,0x1200,0x1000,0xFFFC,0x0000,0x0000,0x0000,
        0x0000,0x0080,0x80A4,0x8094,0x408C,0x3794,0x20A4,0x4094,
        0x808C,0x8294,0x42A4,0x3200,0x27FC,0x4000,0x8000,0x0000,
        0x0000,0x0080,0x00A4,0x7094,0x508C,0x8F94,0x88A4,0x8894,
        0x888C,0x8A94,0x8AA4,0x5200,0x77FC,0x0000,0x0000,0x0000,
        0x0000,0x0244,0x0224,0x021C,0x4224,0x3E44,0x0224,0x021C,
        0x0224,0x0244,0x0200,0x0000,0xFFFC,0x0000,0x0000,0x0000,
        0x0000,0x0000,0x0484,0x0444,0x8424,0x7C1C,0x0424,0x0444,
        0x0484,0x0444,0x0424,0xFC1C,0x0424,0x0444,0x0484,0x0000,
        0x0000,0x0000,0x4208,0x4108,0x40C8,0x4038,0x40C8,0x4108,
        0x4208,0x4108,0x40C8,0x4038,0x40C8,0x4108,0x4208,0x0000,
        0x0000,0x0000,0x0120,0x7924,0x8914,0x890C,0x8914,0x8924,
        0x8904,0x8924,0x8914,0x890C,0x8914,0x7924,0x0120,0x0000,
        0x0000,0x0000,0x0124,0x8124,0x8114,0x410C,0x4114,0x2124,
        0x1924,0x2124,0x4114,0x410C,0x8114,0x8124,0x0124,0x0000,
        0x0000,0x0000,0x0124,0x2124,0x5114,0x510C,0x8914,0x8924,
        0x8924,0x8924,0x8914,0x510C,0x5114,0x2124,0x0124,0x0000,
        0x0000,0x2000,0x1808,0x0608,0x01F8,0x2608,0x1808,0x0608,
        0x01F8,0x0E08,0x3008,0x0000,0xFFFC,0x0000,0x0000,0x0000,
        0x0000,0x0100,0x0084,0x0864,0x081C,0x0964,0x0884,0x0864,
        0x081C,0x0864,0x0984,0x0800,0xF3FC,0x0000,0x0000,0x0000,
        0x0000,0x0200,0x0104,0x70C4,0x803C,0x82C4,0x8104,0x80C4,
        0x803C,0x80C4,0x8304,0x8000,0x8FFC,0x0000,0x0000,0x0000,
        0x0000,0x0100,0x0084,0x6464,0x941C,0x9564,0x9484,0x9464,
        0x941C,0x9464,0x9584,0x9400,0x89FC,0x0000,0x0000,0x0000,
        0x0000,0x0100,0x0084,0x7864,0x881C,0x8964,0x8884,0x8864,
        0x881C,0x8864,0x8984,0x8800,0x7BFC,0x0000,0x0000,0x0000,
        0x0000,0x0100,0x0084,0x7C64,0x901C,0x9164,0x9084,0x9064,
        0x901C,0x9064,0x9184,0x9000,0x7DFC,0x0000,0x0000,0x0000,
        0x0000,0x0100,0x0084,0x3064,0x481C,0x4964,0x8484,0x8464,
        0x841C,0x8464,0x4984,0x4800,0x33FC,0x0000,0x0000,0x0000,
        0x0000,0x0100,0x0084,0x8864,0x881C,0x4964,0x4884,0x2864,
        0x181C,0x2864,0x4984,0x4800,0x8BFC,0x8800,0x0000,0x0000,
        0x0000,0x0100,0x0084,0x0864,0x481C,0xA964,0xAA84,0xAA64,
        0xAA1C,0xAA64,0xAB84,0xA800,0x49FC,0x0800,0x0000,0x0000,
        0x0000,0x2020,0x1020,0x0824,0x0624,0x01E4,0x0624,0x0824,
        0x1020,0x2020,0x0000,0x0000,0xFFFC,0x0080,0x0080,0x0000,
        0x0000,0x0210,0x0210,0x1114,0x1094,0x1074,0x1094,0x1114,
        0x1210,0x1210,0x1000,0x1000,0xE7FC,0x0020,0x0020,0x0000,
        0x0000,0x0400,0x0210,0x7110,0x8094,0x8074,0x8094,0x8110,
        0x8210,0x8400,0x8000,0x8000,0x8FFC,0x0040,0x0040,0x0000,
        0x0000,0x0210,0x7A10,0x8114,0x8094,0x8074,0x8094,0x1114,
        0x5210,0xB610,0x9400,0xB400,0x51FC,0x1020,0x0020,0x0000,
        0x0000,0x0110,0x0110,0x4894,0xA854,0xA834,0xA854,0xA894,
        0xA910,0xA910,0xA800,0xA800,0x93FC,0x0020,0x0020,0x0000,
        0x0000,0x0200,0x0210,0x7910,0x8894,0x8874,0x8854,0x8890,
        0x8910,0x8A00,0x8800,0x8800,0x7BFC,0x0020,0x0020,0x0000,
        0x0000,0x0210,0x0210,0x7914,0x9094,0x9074,0x9094,0x9114,
        0x9210,0x9210,0x9000,0x9000,0x7BFC,0x0020,0x0020,0x0000,
        0x0000,0x0210,0x0210,0x8114,0x8094,0x4074,0x4094,0x2114,
        0x1A10,0x2210,0x4000,0x4000,0x87FC,0x8020,0x0020,0x0000,
        0x0000,0x8210,0x8210,0x4114,0x2094,0x1874,0x2094,0xC114,
        0x4210,0x2210,0x1800,0x2000,0x43FC,0x8020,0x0020,0x0000,
        0x0000,0x0210,0x0210,0x7114,0x5094,0x8874,0x8894,0x8914,
        0x8A10,0x8A10,0x8800,0x5000,0x77FC,0x0020,0x0020,0x0000,
        0x0000,0x0210,0x0210,0x8914,0x8894,0x4874,0x4894,0x2914,
        0x1A10,0x2A10,0x4800,0x4800,0x8BFC,0x8020,0x0020,0x0000,
        0x0000,0x2020,0x1820,0x0624,0x01E4,0x0624,0x1820,0x2020,
        0x0000,0x0000,0xFFFC,0x0100,0x0100,0xFFFC,0x0000,0x0000,
        0x0000,0x0200,0x0210,0x0910,0x0894,0x0874,0x0894,0x0910,
        0x0A10,0x0800,0x0BFC,0x0820,0x0820,0xF3FC,0x0000,0x0000,
        0x0000,0x0200,0x0210,0x7114,0x8094,0x8074,0x8094,0x8110,
        0x8210,0x8000,0x87FC,0x8040,0x8040,0x8FFC,0x0000,0x0000,
        0x0000,0x0100,0x0110,0x4890,0xA854,0xA834,0xA854,0xA890,
        0xA910,0xA800,0xABFC,0xA820,0xA820,0x93FC,0x0000,0x0000,
        0x0000,0x0200,0x0210,0x7910,0x8894,0x8874,0x8894,0x8910,
        0x8A10,0x8800,0x8BFC,0x8820,0x8820,0x7BFC,0x0000,0x0000,
        0x0000,0x0200,0x0210,0x7910,0xA094,0xA074,0xA094,0xA110,
        0xA210,0xA000,0xA3FC,0xA020,0xA020,0x7BFC,0x0000,0x0000,
        0x0000,0x0200,0x0210,0x8110,0x8094,0x4074,0x4094,0x2110,
        0x1A10,0x2000,0x43FC,0x4020,0x8020,0x87FC,0x0000,0x0000,
        0x0000,0x0200,0x8210,0x8110,0x4094,0x2074,0x1894,0x2110,
        0xC210,0x4000,0x21FC,0x1820,0x2020,0x43FC,0x8000,0x0000,
        0x0000,0x0200,0x0210,0x7110,0x5094,0x8874,0x8894,0x8910,
        0x8A10,0x8800,0x8BFC,0x8820,0x5020,0x77FC,0x0000,0x0000,
        0x0000,0x2020,0x1020,0x0824,0x0624,0x01E4,0x0624,0x0824,
        0x1020,0x2020,0x0000,0x0000,0xFFFC,0x0420,0x0420,0x0000,
        0x0000,0x0210,0x0210,0x7114,0x8094,0x8074,0x8094,0x8114,
        0x8210,0x8210,0x8000,0x8000,0x8FFC,0x0110,0x0110,0x0000,
        0x0000,0x0210,0x7A10,0x8114,0x8094,0x8074,0x8094,0x1114,
        0x5210,0xB610,0x9400,0xB400,0x51FC,0x1048,0x0048,0x0000,
        0x0000,0x0110,0x0110,0x4894,0xA854,0xA834,0xA854,0xA894,
        0xA910,0xA910,0xA800,0xA800,0x93FC,0x0048,0x0048,0x0000,
        0x0000,0x0210,0x0210,0x7914,0x8894,0x8874,0x8894,0x8914,
        0x8A10,0x8A10,0x8800,0x8800,0x7BFC,0x0048,0x0048,0x0000,
        0x0000,0x0210,0x0210,0x7114,0x5094,0x8874,0x8894,0x8914,
        0x8A10,0x8A10,0x8800,0x5000,0x77FC,0x0048,0x0048,0x0000,
        0x0000,0x2020,0x1020,0x0824,0x0624,0x01E4,0x0624,0x0824,
        0x1020,0x2120,0x0100,0x0100,0xFFFC,0x0000,0x0000,0x0000,
        0x0000,0x0210,0x0210,0x1114,0x1094,0x1074,0x1094,0x1114,
        0x1210,0x1040,0x1040,0x1040,0xE7FC,0x0000,0x0000,0x0000,
        0x0000,0x0400,0x0210,0x7110,0x8094,0x8074,0x8094,0x8110,
        0x8210,0x8480,0x8080,0x8080,0x9FFC,0x0000,0x0000,0x0000,
        0x0000,0x0210,0x0210,0x4914,0xA894,0xA874,0xA894,0xA914,
        0xAA10,0xA840,0xA840,0xA840,0x93FC,0x0000,0x0000,0x0000,
        0x0000,0x0200,0x0210,0x7910,0x8894,0x8874,0x8894,0x8910,
        0x8A10,0x8840,0x8840,0x8840,0x7BFC,0x0000,0x0000,0x0000,
        0x0000,0x0210,0x0210,0x7914,0x9094,0x9074,0x9094,0x9114,
        0x9210,0x9040,0x9040,0x9040,0x7BFC,0x0000,0x0000,0x0000,
        0x0000,0x0200,0x0210,0x8110,0x8094,0x4074,0x2094,0x1110,
        0x0A10,0x1040,0x2040,0x4040,0x87FC,0x8000,0x0000,0x0000,
        0x0000,0x8210,0x8210,0x4114,0x2094,0x1874,0x2094,0xC114,
        0x4210,0x2040,0x1840,0x2040,0x43FC,0x8000,0x0000,0x0000,
        0x0000,0x0200,0x0210,0x2110,0x5094,0x8874,0x8894,0x8910,
        0x8A10,0x8840,0x8840,0x5040,0x27FC,0x0000,0x0000,0x0000,
        0x0000,0x2020,0x1820,0x0624,0x01E4,0x0624,0x1820,0x2020,
        0x0100,0x0100,0xFFFC,0x0000,0x0000,0xFFFC,0x0000,0x0000,
        0x0000,0x0210,0x0110,0x1094,0x1074,0x1094,0x1110,0x1210,
        0x1040,0x1040,0x13FC,0x1000,0x1000,0xE7FC,0x0000,0x0000,
        0x0000,0x0210,0x0110,0x7094,0x8074,0x8094,0x8110,0x8250,
        0x8040,0x8040,0x8FFC,0x8000,0x8000,0x9FFC,0x0000,0x0000,
        0x0000,0x0210,0x0110,0x4894,0xA874,0xA894,0xA910,0xAA10,
        0xA840,0xA840,0xABFC,0xA800,0xA800,0x93FC,0x0000,0x0000,
        0x0000,0x0210,0x0110,0x7894,0x8874,0x8894,0x8910,0x8A10,
        0x8840,0x8840,0x8BFC,0x8800,0x8800,0x7BFC,0x0000,0x0000,
        0x0000,0x0210,0x0110,0x7894,0xA074,0xA094,0xA110,0xA210,
        0xA040,0xA040,0xA3FC,0xA000,0xA000,0x7BFC,0x0000,0x0000,
        0x0000,0x0210,0x0110,0x8094,0x8074,0x4094,0x4110,0x2210,
        0x1840,0x2040,0x43FC,0x4000,0x8000,0x87FC,0x0000,0x0000,
        0x0000,0x0210,0x0110,0x7094,0x5074,0x8894,0x8910,0x8A10,
        0x8840,0x8840,0x8BFC,0x8800,0x5000,0x77FC,0x0000,0x0000,
        0x0000,0x2020,0x1020,0x0824,0x0624,0x01E4,0x0624,0x0824,
        0x1020,0x24A0,0x0480,0x0480,0xFFFC,0x0000,0x0000,0x0000,
        0x0000,0x0210,0x0210,0x7114,0x8094,0x8074,0x8094,0x8114,
        0x8210,0x8120,0x8120,0x8120,0x9FFC,0x0000,0x0000,0x0000,
        0x0000,0x0200,0x8210,0x4110,0x2094,0x1874,0x2094,0x4110,
        0x8210,0x40A0,0x20A0,0x18A0,0x23FC,0x4000,0x8000,0x0000,
        0x0000,0x2020,0x1820,0x0624,0x01E4,0x0624,0x1820,0x2020,
        0x0880,0x0880,0xFFFC,0x0000,0x0000,0xFFFC,0x0000,0x0000,
        0x0000,0x0210,0x0110,0x7094,0x8074,0x8094,0x8110,0x8210,
        0x8120,0x8120,0x87FC,0x8000,0x8000,0x8FFC,0x0000,0x0000,
        0x0000,0x0210,0x0110,0x7094,0x5074,0x8894,0x8910,0x8A10,
        0x8920,0x8920,0x8BFC,0x8800,0x5000,0x77FC,0x0000,0x0000,
        0x0000,0x0000,0x4400,0x4420,0x4420,0x4220,0x4224,0x4124,
        0x7CE4,0x4124,0x4224,0x4220,0x4420,0x4420,0x4400,0x0000,
        0x0000,0x0000,0x0280,0x1290,0x1290,0x1290,0x1254,0x1254,
        0x13B4,0x1254,0x1254,0x1290,0x1290,0xE290,0x0280,0x0000,
        0x0000,0x0000,0x0400,0x7490,0x8490,0x8490,0x8454,0x8454,
        0x8734,0x8454,0x8454,0x8490,0x8490,0x8490,0x0400,0x0000,
        0x0000,0x0000,0x0200,0x4A90,0xAA90,0xAA90,0xAA54,0xAA54,
        0xABB4,0xAA54,0xAA54,0xAA90,0xAA90,0x9290,0x0200,0x0000,
        0x0000,0x0000,0x0200,0x7290,0x9290,0x9290,0x9254,0x9254,
        0x93B4,0x9254,0x9254,0x9290,0x9290,0x7290,0x0200,0x0000,
        0x0000,0x0000,0x0200,0x7290,0xA290,0xA290,0xA254,0xA254,
        0xA3B4,0xA254,0xA254,0xA290,0xA290,0x7290,0x0200,0x0000,
        0x0000,0x0000,0x0200,0x8290,0x8290,0x4290,0x4254,0x2254,
        0x13B4,0x2254,0x4254,0x4290,0x8290,0x8290,0x0200,0x0000,
        0x0000,0x0000,0x0280,0x2290,0x5290,0x5290,0x8A54,0x8A54,
        0x8BB4,0x8A54,0x8A54,0x5290,0x5290,0x2290,0x0280,0x0000,
        0x0000,0x2220,0x2220,0x2124,0x2124,0x3CE4,0x2124,0x2124,
        0x2220,0x2220,0x2000,0x0000,0xFFFC,0x0100,0x0100,0x0000,
        0x0000,0x0490,0x0490,0x7454,0x8454,0x8734,0x8454,0x8454,
        0x8490,0x8490,0x8400,0x8000,0x9FFC,0x0080,0x0080,0x0000,
        0x0000,0x0290,0x0290,0x4A54,0xAA54,0xABB4,0xAA54,0xAA54,
        0xAA90,0xAA90,0xAA00,0xA800,0x97FC,0x0040,0x0040,0x0000,
        0x0000,0x0290,0x0290,0x7254,0x5254,0x8BB4,0x8A54,0x8A54,
        0x8A90,0x8A90,0x8A00,0x5000,0x77FC,0x0040,0x0040,0x0000,
        0x0000,0x2200,0x2220,0x2124,0x2124,0x3CE4,0x2124,0x2124,
        0x2220,0x2200,0x2000,0x0000,0xFFFC,0x0000,0x0000,0x0000,
        0x0000,0x0490,0x0490,0x7454,0x8454,0x8734,0x8454,0x8454,
        0x8490,0x8490,0x8400,0x8000,0x9FFC,0x0000,0x0000,0x0000,
        0x0000,0x0290,0x0290,0x4A54,0xAA54,0xABB4,0xAA54,0xAA54,
        0xAA90,0xAA90,0xAA00,0xA800,0x97FC,0x0000,0x0000,0x0000,
        0x0000,0x0290,0x0290,0x7A54,0x8A54,0x8BB4,0x8A54,0x8A54,
        0x8A90,0x8A90,0x8A00,0x8800,0x7FFC,0x0000,0x0000,0x0000,
        0x0000,0x0290,0x0290,0x7A54,0x9254,0x93B4,0x9254,0x9254,
        0x9290,0x9290,0x9200,0x9000,0x7FFC,0x0000,0x0000,0x0000,
        0x0000,0x0290,0x0290,0x8254,0x8254,0x43B4,0x4254,0x2254,
        0x1A90,0x2290,0x4200,0x4000,0x87FC,0x8000,0x0000,0x0000,
        0x0000,0x0290,0x0290,0x7254,0x5254,0x8BB4,0x8A54,0x8A54,
        0x8A90,0x8A90,0x8A00,0x5000,0x77FC,0x0000,0x0000,0x0000,
        0x0000,0x0000,0x4000,0x4420,0x4420,0x7A20,0x4224,0x4124,
        0x40E4,0x4124,0x4224,0x7A20,0x4420,0x4420,0x4000,0x0000,
        0x0000,0x0000,0x0200,0x7290,0x9290,0x9390,0x9254,0x9254,
        0x9234,0x9254,0x9254,0x9390,0x9290,0x7290,0x0200,0x0000,
        0x0000,0x0000,0x0800,0x0910,0x0910,0x0890,0x0894,0x0854,
        0xF834,0x0854,0x0894,0x0890,0x0910,0x0910,0x0800,0x0000,
        0x0000,0x0000,0x0200,0x1290,0x1290,0x1290,0x1254,0x1254,
        0x1E34,0x1254,0x1254,0x1290,0x1290,0xE290,0x0200,0x0000,
        0x0000,0x0000,0x0400,0x7490,0x8490,0x8490,0x8454,0x8454,
        0x9C34,0x8454,0x8454,0x8490,0x8490,0x8490,0x0400,0x0000,
        0x0000,0x0000,0x0280,0x4A90,0xAA90,0xAA90,0xAA54,0xAA54,
        0xAE34,0xAA54,0xAA54,0xAA90,0xAA90,0x9290,0x0280,0x0000,
        0x0000,0x0000,0x0200,0x7290,0x9290,0x9290,0x9254,0x9254,
        0x9E34,0x9254,0x9254,0x9290,0x9290,0x7290,0x0200,0x0000,
        0x0000,0x0000,0x0200,0x7290,0xA290,0xA290,0xA254,0xA254,
        0xAE34,0xA254,0xA254,0xA290,0xA290,0x7290,0x0200,0x0000,
        0x0000,0x0000,0x0200,0x8290,0x8290,0x4290,0x4254,0x2254,
        0x1E34,0x2254,0x4254,0x4290,0x8290,0x8290,0x0200,0x0000,
        0x0000,0x0000,0x0280,0x2290,0x5290,0x5290,0x8A54,0x8A54,
        0x8E34,0x8A54,0x8A54,0x5290,0x5290,0x2290,0x0280,0x0000,
        0x0000,0x0910,0x0910,0x0894,0x8894,0x7874,0x0894,0x0894,
        0x2910,0x2910,0x2800,0x2000,0xFFFC,0x0000,0x0000,0x0000,
        0x0000,0x0200,0x8290,0x8290,0x4254,0x3654,0x2234,0x4254,
        0x8250,0x8290,0x4040,0x3040,0x27FC,0x4000,0x8000,0x0000,
        0x0000,0x0400,0x0490,0x0490,0x4454,0x3C34,0x0454,0x0490,
        0x1490,0x1000,0xFFFC,0x0000,0x0000,0xFFFC,0x0000,0x0000,
        0x0000,0x0500,0x0510,0x6490,0x8454,0x9C34,0x8454,0x8490,
        0x8D10,0x8800,0x9FFC,0x8000,0x8000,0x9FFC,0x0000,0x0000,
        0x0000,0x0910,0x0910,0x0894,0x8894,0x7874,0x0894,0x0894,
        0x0910,0x0910,0x0800,0x0000,0xFFFC,0x0000,0x0000,0x0000,
        0x0000,0x0510,0x0510,0x6494,0x8494,0x9C74,0x8494,0x8494,
        0x8510,0x8510,0x8400,0x8000,0x9FFC,0x0000,0x0000,0x0000,
        0x0000,0x0200,0x0290,0x4A90,0xAA54,0xAE54,0xAA34,0xAA54,
        0xAA50,0xAA90,0xAA00,0xA800,0x97FC,0x0000,0x0000,0x0000,
        0x0000,0x0200,0x0290,0x7290,0x9254,0x9E54,0x9234,0x9254,
        0x9250,0x9290,0x9200,0x9000,0x77FC,0x0000,0x0000,0x0000,
        0x0000,0x0200,0x0290,0x7A90,0xA254,0xAE54,0xA234,0xA254,
        0xA250,0xA290,0xA200,0xA000,0x7FFC,0x0000,0x0000,0x0000,
        0x0000,0x0200,0x0290,0x8290,0x8254,0x4E54,0x4234,0x2254,
        0x1A50,0x2290,0x4200,0x4000,0x87FC,0x8000,0x0000,0x0000,
        0x0000,0x0200,0x0290,0x7290,0x5254,0x8E54,0x8A34,0x8A54,
        0x8A50,0x8A90,0x8A00,0x5000,0x77FC,0x0000,0x0000,0x0000,
        0x0000,0x0000,0x0800,0x0910,0x8910,0x7890,0x0894,0x0854,
        0x0834,0x0854,0x0894,0xF890,0x0910,0x0910,0x0800,0x0000,
        0x0000,0x0000,0x0400,0x7490,0x8490,0x8490,0x9C54,0x8454,
        0x8434,0x8454,0x8454,0x9C90,0x8490,0x8490,0x0400,0x0000,
        0x0000,0x0000,0x0200,0x4A90,0xAA90,0xAE90,0xAA54,0xAA54,
        0xAA34,0xAA54,0xAA54,0xAE90,0xAA90,0x9290,0x0200,0x0000,
        0x0000,0x0000,0x0200,0x7290,0x9290,0x9E90,0x9254,0x9254,
        0x9234,0x9254,0x9254,0x9E90,0x9290,0x7290,0x0200,0x0000,
        0x0000,0x0000,0x0200,0x6290,0x9290,0x9E90,0x9254,0x9254,
        0x9234,0x9254,0x9254,0x9E90,0x9290,0x6290,0x0200,0x0000,
        0x0000,0x0000,0x4000,0x4420,0x4420,0x4220,0x4224,0x4124,
        0x40E4,0x4124,0x4224,0x4220,0x4420,0x4420,0x4000,0x0000,
        0x0000,0x0000,0x0200,0x1290,0x1290,0x1290,0x1254,0x1254,
        0x1234,0x1254,0x1254,0x1290,0x1290,0xE290,0x0200,0x0000,
        0x0000,0x0000,0x0400,0x7490,0x8490,0x8490,0x8454,0x8454,
        0x8434,0x8454,0x8454,0x8490,0x8490,0x8490,0x0400,0x0000,
        0x0000,0x0000,0x0200,0x4A90,0xAA90,0xAA90,0xAA54,0xAA54,
        0xAA34,0xAA54,0xAA54,0xAA90,0xAA90,0x9290,0x0200,0x0000,
        0x0000,0x0000,0x0200,0x7290,0x9290,0x9290,0x9254,0x9254,
        0x9234,0x9254,0x9254,0x9290,0x9290,0x7290,0x0200,0x0000,
        0x0000,0x0000,0x0200,0x7290,0xA290,0xA290,0xA254,0xA254,
        0xA234,0xA254,0xA254,0xA290,0xA290,0x7290,0x0200,0x0000,
        0x0000,0x0000,0x0200,0x8290,0x8290,0x4290,0x4254,0x2254,
        0x1234,0x2254,0x4254,0x4290,0x8290,0x8290,0x0200,0x0000,
        0x0000,0x0000,0x0200,0x6290,0x9290,0x9290,0x9254,0x9254,
        0x9234,0x9254,0x9254,0x9290,0x9290,0x6290,0x0200,0x0000,
        0x0000,0x2020,0x1020,0x0824,0x0624,0x01E4,0x0624,0x0824,
        0x1020,0x2020,0x0000,0x0000,0xFFFC,0x0000,0x0000,0x0000,
        0x0000,0x0200,0x0210,0x0910,0x0894,0x0874,0x0854,0x0890,
        0x0910,0x0A00,0x0800,0x0800,0xF3FC,0x0000,0x0000,0x0000,
        0x0000,0x0400,0x0210,0x7110,0x8094,0x8074,0x8094,0x8110,
        0x8210,0x8400,0x8000,0x8000,0x8FFC,0x0000,0x0000,0x0000,
        0x0000,0x0210,0x0210,0x6114,0x9094,0x9074,0x9094,0x9114,
        0x9210,0x9210,0x9000,0x9000,0x97FC,0x0000,0x0000,0x0000,
        0x0000,0x0200,0x0210,0x4910,0xA894,0xA874,0xA854,0xA890,
        0xA910,0xAA00,0xA800,0xA800,0x93FC,0x0000,0x0000,0x0000,
        0x0000,0x0110,0x4910,0xA894,0xA854,0xA834,0xA854,0x9094,
        0x0910,0x0910,0x0800,0x0800,0xF3FC,0x0000,0x0000,0x0000,
        0x0000,0x0200,0x0210,0x7910,0x8894,0x8874,0x8854,0x8890,
        0x8910,0x8A00,0x8800,0x8800,0x7BFC,0x0000,0x0000,0x0000,
        0x0000,0x0210,0x0210,0x7914,0x9094,0x9074,0x9094,0x9114,
        0x9210,0x9210,0x9000,0x9000,0x7BFC,0x0000,0x0000,0x0000,
        0x0000,0x0210,0x0210,0x8114,0x8094,0x4074,0x4094,0x2114,
        0x1A10,0x2210,0x4000,0x4000,0x87FC,0x8000,0x0000,0x0000,
        0x0000,0x0200,0x0210,0x2110,0x5094,0x8874,0x8854,0x8890,
        0x8910,0x8A00,0x8800,0x5000,0x27FC,0x0000,0x0000,0x0000,
        0x0000,0x2000,0x2088,0x1088,0x1088,0x0888,0x0488,0x0388,
        0x00F0,0x0000,0x0000,0x0000,0xFFFC,0x0080,0x0080,0x0000,
        0x0000,0x0200,0x0224,0x0A24,0x0924,0x0924,0x08A4,0x0864,
        0x0818,0x0800,0x0800,0x0800,0xF3FC,0x0020,0x0020,0x0000,
        0x0000,0x0200,0x0224,0x7224,0x8124,0x8124,0x80A4,0x8064,
        0x8038,0x8000,0x8000,0x8000,0x8FFC,0x0040,0x0040,0x0000,
        0x0000,0x0100,0x0124,0x6524,0x94A4,0x94A4,0x9464,0x9424,
        0x9418,0x9400,0x9400,0x9400,0x89FC,0x0020,0x0020,0x0000,
        0x0000,0x0200,0x0224,0x7A24,0x8924,0x8924,0x88A4,0x8864,
        0x8818,0x8800,0x8800,0x8800,0x7BFC,0x0020,0x0020,0x0000,
        0x0000,0x0200,0x0224,0x7E24,0x9124,0x9124,0x90A4,0x9064,
        0x9018,0x9000,0x9000,0x9000,0x7DFC,0x0020,0x0020,0x0000,
        0x0000,0x0200,0x0224,0x8224,0x8124,0x4124,0x40A4,0x2064,
        0x1818,0x2000,0x4000,0x4000,0x87FC,0x8020,0x0020,0x0000,
        0x0000,0x0200,0x0224,0x3224,0x4924,0x4924,0x84A4,0x8464,
        0x8418,0x8400,0x4800,0x4800,0x33FC,0x0020,0x0020,0x0000,
        0x0000,0x2000,0x2088,0x1088,0x0888,0x0488,0x0388,0x00F0,
        0x0000,0x0000,0xFFFC,0x0100,0x0100,0xFFFC,0x0000,0x0000,
        0x0000,0x0200,0x0224,0x0924,0x0924,0x08A4,0x0864,0x0818,
        0x0800,0x0800,0x0BFC,0x0820,0x0820,0xF3FC,0x0000,0x0000,
        0x0000,0x0200,0x0224,0x7124,0x8124,0x80A4,0x8064,0x8038,
        0x8000,0x8000,0x87FC,0x8040,0x8040,0x8FFC,0x0000,0x0000,
        0x0000,0x0100,0x0124,0x6524,0x94A4,0x94A4,0x9464,0x9438,
        0x9400,0x9400,0x95FC,0x9420,0x9420,0x89FC,0x0000,0x0000,
        0x0000,0x0200,0x0224,0x7924,0x8924,0x88A4,0x8864,0x8818,
        0x8800,0x8800,0x8BFC,0x8820,0x8820,0x7BFC,0x0000,0x0000,
        0x0000,0x0200,0x0224,0x7D24,0x9124,0x90A4,0x9064,0x9018,
        0x9000,0x9000,0x91FC,0x9020,0x9020,0x7DFC,0x0000,0x0000,
        0x0000,0x0200,0x0224,0x8124,0x8124,0x40A4,0x4064,0x2018,
        0x1800,0x2000,0x43FC,0x4020,0x8020,0x87FC,0x0000,0x0000,
        0x0000,0x0200,0x8224,0x8124,0x4124,0x20A4,0x1864,0x2018,
        0xC000,0x4000,0x21FC,0x1820,0x2020,0x43FC,0x8000,0x0000,
        0x0000,0x0200,0x0224,0x3124,0x4924,0x48A4,0x8464,0x8418,
        0x8400,0x8400,0x85FC,0x4820,0x4820,0x33FC,0x0000,0x0000,
        0x0000,0x2000,0x2088,0x1088,0x1088,0x0888,0x0488,0x0388,
        0x00F0,0x0000,0x0000,0x0000,0xFFFC,0x0420,0x0420,0x0000,
        0x0000,0x0200,0x0224,0x0A24,0x0924,0x0924,0x08A4,0x0864,
        0x0818,0x0800,0x0800,0x0800,0xF3FC,0x0048,0x0048,0x0000,
        0x0000,0x0200,0x0224,0x3224,0x4924,0x4924,0x84A4,0x8464,
        0x8418,0x8400,0x4800,0x4800,0x33FC,0x0048,0x0048,0x0000,
        0x0000,0x2000,0x2088,0x1088,0x1088,0x0888,0x0488,0x0388,
        0x00F0,0x0080,0x0080,0x0080,0xFFFC,0x0000,0x0000,0x0000,
        0x0000,0x0200,0x0224,0x0A24,0x0924,0x0924,0x08A4,0x0864,
        0x0838,0x0820,0x0820,0x0820,0xF3FC,0x0000,0x0000,0x0000,
        0x0000,0x0200,0x0224,0x7224,0x8124,0x8124,0x80A4,0x8064,
        0x8038,0x8020,0x8020,0x8020,0x8FFC,0x0000,0x0000,0x0000,
        0x0000,0x0200,0x0224,0x7224,0x8924,0x8924,0x88A4,0x8864,
        0x8838,0x8820,0x8820,0x8820,0x8BFC,0x0000,0x0000,0x0000,
        0x0000,0x0100,0x0124,0x6524,0x94A4,0x94A4,0x9464,0x9424,
        0x9438,0x9420,0x9420,0x9420,0x89FC,0x0000,0x0000,0x0000,
        0x0000,0x0200,0x0224,0x7A24,0x8924,0x8924,0x88A4,0x8864,
        0x8838,0x8820,0x8820,0x8820,0x7BFC,0x0000,0x0000,0x0000,
        0x0000,0x0200,0x0224,0x7E24,0x9124,0x9124,0x90A4,0x9064,
        0x9038,0x9020,0x9020,0x9020,0x7DFC,0x0000,0x0000,0x0000,
        0x0000,0x0200,0x0224,0x8224,0x8124,0x4124,0x40A4,0x2064,
        0x1838,0x2020,0x4020,0x4020,0x87FC,0x8000,0x0000,0x0000,
        0x0000,0x8200,0x8224,0x4224,0x2124,0x1924,0x20A4,0xC064,
        0x4038,0x2020,0x1820,0x2020,0x43FC,0x8000,0x0000,0x0000,
        0x0000,0x0200,0x0224,0x3224,0x4924,0x4924,0x84A4,0x8464,
        0x8438,0x8420,0x4820,0x4820,0x33FC,0x0000,0x0000,0x0000,
        0x0000,0x2000,0x2088,0x1088,0x1088,0x0888,0x0688,0x01F0,
        0x0080,0x0080,0xFFFC,0x0000,0x0000,0xFFFC,0x0000,0x0000,
        0x0000,0x0200,0x0224,0x0924,0x0924,0x08A4,0x0864,0x0838,
        0x0820,0x0820,0x0BFC,0x0800,0x0800,0xF3FC,0x0000,0x0000,
        0x0000,0x0200,0x0224,0x7124,0x8124,0x80A4,0x8064,0x8038,
        0x8020,0x8020,0x8FFC,0x8000,0x8000,0x9FFC,0x0000,0x0000,
        0x0000,0x0100,0x0124,0x6524,0x94A4,0x94A4,0x9464,0x9438,
        0x9420,0x9420,0x95FC,0x9400,0x9400,0x89FC,0x0000,0x0000,
        0x0000,0x0200,0x0224,0x7924,0x8924,0x88A4,0x8864,0x8838,
        0x8820,0x8820,0x8BFC,0x8800,0x8800,0x7BFC,0x0000,0x0000,
        0x0000,0x0200,0x0224,0x7D24,0x9124,0x90A4,0x9064,0x9038,
        0x9020,0x9020,0x91FC,0x9000,0x9000,0x7DFC,0x0000,0x0000,
        0x0000,0x0200,0x0224,0x8124,0x8124,0x40A4,0x4064,0x2038,
        0x1820,0x2020,0x43FC,0x4000,0x8000,0x87FC,0x0000,0x0000,
        0x0000,0x0200,0x0224,0x3124,0x4924,0x48A4,0x8464,0x8438,
        0x8420,0x8420,0x85FC,0x4800,0x4800,0x33FC,0x0000,0x0000,
        0x0000,0x2000,0x2088,0x2088,0x1088,0x1088,0x0888,0x0688,
        0x03F0,0x0220,0x0220,0x0220,0xFFFC,0x0000,0x0000,0x0000,
        0x0000,0x0200,0x0224,0x7224,0x8124,0x8124,0x80A4,0x8064,
        0x80B8,0x8090,0x8090,0x8090,0x8FFC,0x0000,0x0000,0x0000,
        0x0000,0x0100,0x0124,0x6524,0x94A4,0x94A4,0x9464,0x9424,
        0x9418,0x9448,0x9448,0x9448,0x89FC,0x0000,0x0000,0x0000,
        0x0000,0x0200,0x0224,0x7A24,0x8924,0x8924,0x88A4,0x8864,
        0x8818,0x8848,0x8848,0x8848,0x7BFC,0x0000,0x0000,0x0000,
        0x0000,0x0200,0x0224,0x7E24,0x9124,0x9124,0x90A4,0x9064,
        0x9018,0x9048,0x9048,0x9048,0x7DFC,0x0000,0x0000,0x0000,
        0x0000,0x0200,0x0224,0x8224,0x8124,0x4124,0x40A4,0x2064,
        0x1818,0x2048,0x4048,0x4048,0x87FC,0x8000,0x0000,0x0000,
        0x0000,0x8200,0x8224,0x4224,0x2124,0x1924,0x20A4,0xC064,
        0x4018,0x2048,0x1848,0x2048,0x43FC,0x8000,0x0000,0x0000,
        0x0000,0x0200,0x0224,0x3224,0x4924,0x4924,0x84A4,0x8464,
        0x8418,0x8448,0x4848,0x4848,0x33FC,0x0000,0x0000,0x0000,
        0x0000,0x2000,0x2088,0x1088,0x0888,0x0488,0x0388,0x02F0,
        0x0220,0x0220,0xFFFC,0x0000,0x0000,0xFFFC,0x0000,0x0000,
        0x0000,0x0000,0x4000,0x4088,0x4088,0x4088,0x4088,0x7F88,
        0x4088,0x4088,0x4088,0x4088,0x5808,0x47F0,0x4000,0x0000,
        0x0000,0x0000,0x0100,0x0914,0x0914,0x0914,0x0914,0x09F4,
        0x0914,0x0914,0x0914,0x0914,0x0944,0xF138,0x0100,0x0000,
        0x0000,0x0000,0x0200,0x7224,0x8224,0x8224,0x8224,0x83E4,
        0x8224,0x8224,0x8224,0x8224,0x8284,0x8278,0x0200,0x0000,
        0x0000,0x0000,0x0100,0x6514,0x9514,0x9514,0x9514,0x95F4,
        0x9514,0x9514,0x9514,0x9514,0x9544,0x8938,0x0100,0x0000,
        0x0000,0x0000,0x0100,0x7914,0x8914,0x8914,0x8914,0x89F4,
        0x8914,0x8914,0x8914,0x8914,0x8944,0x7938,0x0100,0x0000,
        0x0000,0x0000,0x0100,0x7D14,0x9114,0x9114,0x9114,0x91F4,
        0x9114,0x9114,0x9114,0x9114,0x9144,0x7D38,0x0100,0x0000,
        0x0000,0x0000,0x0100,0x8114,0x8114,0x4114,0x4114,0x21F4,
        0x1914,0x2114,0x4114,0x4114,0x8144,0x8138,0x0100,0x0000,
        0x0000,0x0000,0x0100,0x2114,0x5114,0x5114,0x8914,0x89F4,
        0x8914,0x8914,0x8914,0x5114,0x5144,0x2138,0x0100,0x0000,
        0x0000,0x2000,0x2088,0x2088,0x3F88,0x2088,0x2088,0x2088,
        0x2C08,0x13F0,0x1000,0x0000,0xFFFC,0x0080,0x0080,0x0000,
        0x0000,0x0100,0x0124,0x1124,0x11E4,0x1124,0x1124,0x1124,
        0x1184,0x1178,0x1100,0x1000,0xE7FC,0x0040,0x0040,0x0000,
        0x0000,0x0200,0x0224,0x7224,0x83E4,0x8224,0x8224,0x8224,
        0x8284,0x8278,0x8200,0x8000,0x9FFC,0x0040,0x0040,0x0000,
        0x0000,0x0100,0x0124,0x4924,0xA9E4,0xA924,0xA924,0xA924,
        0xA984,0xA978,0xA900,0xA800,0x93FC,0x0040,0x0040,0x0000,
        0x0000,0x0100,0x0124,0x7924,0x89E4,0x8924,0x8924,0x8924,
        0x8984,0x8978,0x8900,0x8800,0x7BFC,0x0040,0x0040,0x0000,
        0x0000,0x0100,0x0124,0x7124,0x51E4,0x8924,0x8924,0x8924,
        0x8984,0x8978,0x8900,0x5000,0x77FC,0x0040,0x0040,0x0000,
        0x0000,0x2088,0x2088,0x3F88,0x2088,0x2088,0x2C08,0x23F0,
        0x2000,0x0000,0xFFFC,0x0100,0x0100,0xFFFC,0x0000,0x0000,
        0x0000,0x0124,0x0124,0x71E4,0x5124,0x8924,0x8984,0x8978,
        0x8900,0x8800,0x8BFC,0x8840,0x5040,0x77FC,0x0000,0x0000,
        0x0000,0x2000,0x2088,0x2088,0x3F88,0x2088,0x2088,0x2088,
        0x2C08,0x13F0,0x1000,0x0000,0xFFFC,0x0000,0x0000,0x0000,
        0x0000,0x0100,0x0124,0x4924,0xA9E4,0xA924,0xA924,0xA924,
        0xA984,0xA978,0xA900,0xA800,0x93FC,0x0000,0x0000,0x0000,
        0x0000,0x0000,0x4000,0x4108,0x4108,0x7F08,0x4108,0x4108,
        0x4108,0x7F08,0x4108,0x4108,0x5808,0x47F0,0x4000,0x0000,
        0x0000,0x0000,0x0200,0x0224,0x0224,0x0224,0x0224,0x0224,
        0xFE24,0x0224,0x0224,0x0224,0x0304,0x02F8,0x0200,0x0000,
        0x0000,0x0000,0x0080,0x0894,0x0894,0x0894,0x0894,0x0894,
        0x0F94,0x0894,0x0894,0x0894,0x08C4,0xF0B8,0x0080,0x0000,
        0x0000,0x0000,0x0100,0x7124,0x8124,0x8124,0x8124,0x8124,
        0x9F24,0x8124,0x8124,0x8124,0x8184,0x8178,0x0100,0x0000,
        0x0000,0x0000,0x0080,0x6494,0x9494,0x9494,0x9494,0x9494,
        0x9794,0x9494,0x9494,0x9494,0x94C4,0x88B8,0x0080,0x0000,
        0x0000,0x0000,0x0080,0x7894,0x8894,0x8894,0x8894,0x8894,
        0x8F94,0x8894,0x8894,0x8894,0x88C4,0x78B8,0x0080,0x0000,
        0x0000,0x0000,0x0080,0x7C94,0x9094,0x9094,0x9094,0x9094,
        0x9794,0x9094,0x9094,0x9094,0x90C4,0x7CB8,0x0080,0x0000,
        0x0000,0x0000,0x0080,0x8094,0x8094,0x4094,0x4094,0x2094,
        0x1794,0x2094,0x4094,0x4094,0x80C4,0x80B8,0x0080,0x0000,
        0x0000,0x0000,0x0080,0x2094,0x5094,0x5094,0x8894,0x8894,
        0x8F94,0x8894,0x8894,0x5094,0x50C4,0x20B8,0x0080,0x0000,
        0x0000,0x0100,0x0124,0x0124,0x4124,0x3F24,0x0124,0x0124,
        0x0984,0x0978,0x0900,0x0800,0xFFFC,0x0000,0x0000,0x0000,
        0x0000,0x0100,0x0124,0x6124,0x8124,0x8F24,0x8124,0x8124,
        0x8184,0x8578,0x8500,0x8400,0x9FFC,0x0000,0x0000,0x0000,
        0x0000,0x0080,0x0094,0x4894,0xA894,0xAF94,0xA894,0xA894,
        0xA8C4,0xAAB8,0xAA80,0xAA00,0x97FC,0x0000,0x0000,0x0000,
        0x0000,0x0080,0x0094,0x7094,0x5094,0x8F94,0x8894,0x8894,
        0x88C4,0x8AB8,0x8A80,0x5200,0x77FC,0x0000,0x0000,0x0000,
        0x0000,0x0200,0x0224,0x0224,0x4224,0x3E24,0x0324,0x02F8,
        0x1200,0x1000,0xFFFC,0x0000,0x0000,0xFFFC,0x0000,0x0000,
        0x0000,0x0094,0x0094,0x6094,0x9794,0x9094,0x90C4,0x92B8,
        0x9280,0x9200,0x97FC,0x9000,0x9000,0x67FC,0x0000,0x0000,
        0x0000,0x0200,0x0248,0x0248,0x0248,0x4248,0x3E48,0x0248,
        0x0348,0x02F0,0x0200,0x0200,0xFFFC,0x0000,0x0000,0x0000,
        0x0000,0x0080,0x0094,0x1094,0x1094,0x1794,0x1094,0x1094,
        0x10C4,0x10B8,0x1080,0x1000,0xE7FC,0x0000,0x0000,0x0000,
        0x0000,0x0100,0x0124,0x6124,0x8124,0x8F24,0x8124,0x8124,
        0x8184,0x8178,0x8100,0x8000,0x9FFC,0x0000,0x0000,0x0000,
        0x0000,0x0080,0x0094,0x4894,0xA894,0xAF94,0xA894,0xA894,
        0xA8C4,0xA8B8,0xA880,0xA800,0x93FC,0x0000,0x0000,0x0000,
        0x0000,0x0080,0x0094,0x7094,0x9094,0x9794,0x9094,0x9094,
        0x90C4,0x90B8,0x9080,0x9000,0x77FC,0x0000,0x0000,0x0000,
        0x0000,0x0080,0x0094,0x7894,0xA094,0xA794,0xA094,0xA094,
        0xA0C4,0xA0B8,0xA080,0xA000,0x7BFC,0x0000,0x0000,0x0000,
        0x0000,0x0080,0x0094,0x8094,0x8094,0x4794,0x4094,0x2094,
        0x18C4,0x20B8,0x4080,0x4000,0x87FC,0x8000,0x0000,0x0000,
        0x0000,0x0080,0x0094,0x7094,0x5094,0x8F94,0x8894,0x8894,
        0x88C4,0x88B8,0x8880,0x5000,0x77FC,0x0000,0x0000,0x0000,
        0x0000,0x0000,0x0200,0x0224,0x8224,0x7E24,0x0224,0x0224,
        0x0224,0x0224,0x0224,0xFE24,0x0304,0x02F8,0x0200,0x0000,
        0x0000,0x0000,0x0100,0x7124,0x8124,0x8124,0x9F24,0x8124,
        0x8124,0x8124,0x8124,0x9F24,0x8184,0x8178,0x0100,0x0000,
        0x0000,0x0000,0x0080,0x6494,0x9494,0x9794,0x9494,0x9494,
        0x9494,0x9494,0x9494,0x9794,0x94C4,0x88B8,0x0080,0x0000,
        0x0000,0x0000,0x0080,0x7894,0x8894,0x8F94,0x8894,0x8894,
        0x8894,0x8894,0x8894,0x8F94,0x88C4,0x78B8,0x0080,0x0000,
        0x0000,0x0000,0x4000,0x4108,0x4108,0x4108,0x4108,0x4108,
        0x4108,0x4108,0x4108,0x4108,0x5808,0x47F0,0x4000,0x0000,
        0x0000,0x0000,0x0080,0x0894,0x0894,0x0894,0x0894,0x0894,
        0x0894,0x0894,0x0894,0x0894,0x08C4,0xF0B8,0x0080,0x0000,
        0x0000,0x0000,0x0100,0x7124,0x8124,0x8124,0x8124,0x8124,
        0x8124,0x8124,0x8124,0x8124,0x8184,0x8178,0x0100,0x0000,
        0x0000,0x0000,0x0080,0x6494,0x9494,0x9494,0x9494,0x9494,
        0x9494,0x9494,0x9494,0x9494,0x94C4,0x88B8,0x0080,0x0000,
        0x0000,0x0000,0x0080,0x7894,0x8894,0x8894,0x8894,0x8894,
        0x8894,0x8894,0x8894,0x8894,0x88C4,0x78B8,0x0080,0x0000,
        0x0000,0x0000,0x0080,0x7C94,0x9094,0x9094,0x9094,0x9094,
        0x9094,0x9094,0x9094,0x9094,0x90C4,0x7CB8,0x0080,0x0000,
        0x0000,0x0000,0x0080,0x2094,0x5094,0x5094,0x8894,0x8894,
        0x8894,0x8894,0x8894,0x5094,0x50C4,0x20B8,0x0080,0x0000,
        0x0000,0x2000,0x2088,0x1088,0x1088,0x0888,0x0488,0x0388,
        0x00F0,0x0000,0x0000,0x0000,0xFFFC,0x0000,0x0000,0x0000,
        0x0000,0x0200,0x0224,0x0A24,0x0924,0x0924,0x08A4,0x0864,
        0x0818,0x0800,0x0800,0x0800,0xF3FC,0x0000,0x0000,0x0000,
        0x0000,0x0200,0x0224,0x7224,0x8124,0x8124,0x80A4,0x8064,
        0x8038,0x8000,0x8000,0x8000,0x8FFC,0x0000,0x0000,0x0000,
        0x0000,0x0100,0x0124,0x6524,0x94A4,0x94A4,0x9464,0x9424,
        0x9418,0x9400,0x9400,0x9400,0x89FC,0x0000,0x0000,0x0000,
        0x0000,0x0200,0x0224,0x7A24,0x8924,0x8924,0x88A4,0x8864,
        0x8818,0x8800,0x8800,0x8800,0x7BFC,0x0000,0x0000,0x0000,
        0x0000,0x0200,0x0224,0x7E24,0x9124,0x9124,0x90A4,0x9064,
        0x9018,0x9000,0x9000,0x9000,0x7DFC,0x0000,0x0000,0x0000,
        0x0000,0x0200,0x0224,0x8224,0x8124,0x4124,0x40A4,0x2064,
        0x1818,0x2000,0x4000,0x4000,0x87FC,0x8000,0x0000,0x0000,
        0x0000,0x0200,0x0224,0x3224,0x4924,0x4924,0x84A4,0x8464,
        0x8418,0x8400,0x4800,0x4800,0x33FC,0x0000,0x0000,0x0000,
        0x0000,0x0000,0x1FF0,0x2108,0x2108,0x2108,0x2108,0x2108,
        0x2108,0x2000,0x1000,0x1000,0xFFFC,0x0080,0x0080,0x0000,
        0x0000,0x0000,0x00F8,0x0924,0x0924,0x0924,0x0924,0x0924,
        0x0924,0x0904,0x0900,0x0800,0xF3FC,0x0020,0x0020,0x0000,
        0x0000,0x0000,0x01F8,0x7224,0x8224,0x8224,0x8224,0x8224,
        0x8224,0x8200,0x8200,0x8000,0x8FFC,0x0040,0x0040,0x0000,
        0x0000,0x0000,0x00F8,0x6524,0x9524,0x9524,0x9524,0x9524,
        0x9524,0x9504,0x9500,0x9500,0x89FC,0x0020,0x0020,0x0000,
        0x0000,0x0000,0x6478,0x9494,0x9494,0x9494,0x9494,0x8894,
        0x0494,0x0480,0x0480,0x0400,0xF9FC,0x0020,0x0020,0x0000,
        0x0000,0x0000,0x00F8,0x7924,0x8924,0x8924,0x8924,0x8924,
        0x8924,0x8904,0x8900,0x8800,0x7BFC,0x0020,0x0020,0x0000,
        0x0000,0x0000,0x00F8,0x7D24,0x9124,0x9124,0x9124,0x9124,
        0x9124,0x9104,0x9100,0x9000,0x7DFC,0x0020,0x0020,0x0000,
        0x0000,0x0000,0x00F8,0x8124,0x8124,0x4124,0x4124,0x2124,
        0x1924,0x2104,0x4100,0x4000,0x87FC,0x8020,0x0020,0x0000,
        0x0000,0x8000,0x80F8,0x4124,0x2124,0x1924,0x2124,0xC124,
        0x4124,0x2104,0x1900,0x2000,0x43FC,0x8020,0x0020,0x0000,
        0x0000,0x0000,0x00F8,0x3124,0x4924,0x4924,0x8524,0x8524,
        0x8524,0x8504,0x4900,0x4800,0x33FC,0x0020,0x0020,0x0000,
        0x0000,0x0000,0x1FF0,0x2108,0x2108,0x2108,0x2108,0x2108,
        0x2000,0x1000,0xFFFC,0x0100,0x0100,0xFFFC,0x0000,0x0000,
        0x0000,0x0000,0x00F8,0x0924,0x0924,0x0924,0x0924,0x0924,
        0x0900,0x0800,0x0BFC,0x0820,0x0820,0xF3FC,0x0000,0x0000,
        0x0000,0x0000,0x01F8,0x7224,0x8224,0x8224,0x8224,0x8224,
        0x8200,0x8000,0x87FC,0x8040,0x8040,0x8FFC,0x0000,0x0000,
        0x0000,0x0000,0x0078,0x6494,0x9494,0x9494,0x9494,0x9494,
        0x9480,0x9400,0x95FC,0x9420,0x9420,0x89FC,0x0000,0x0000,
        0x0000,0x0000,0x00F8,0x7924,0x8924,0x8924,0x8924,0x8924,
        0x8900,0x8800,0x8BFC,0x8820,0x8820,0x7BFC,0x0000,0x0000,
        0x0000,0x0000,0x00F8,0x7D24,0x9124,0x9124,0x9124,0x9124,
        0x9100,0x9000,0x91FC,0x9020,0x9020,0x7DFC,0x0000,0x0000,
        0x0000,0x0000,0x00F8,0x8124,0x8124,0x4124,0x4124,0x2124,
        0x1900,0x2000,0x43FC,0x4020,0x8020,0x87FC,0x0000,0x0000,
        0x0000,0x0000,0x80F8,0x8124,0x4124,0x2124,0x1924,0x2124,
        0xC100,0x4000,0x21FC,0x1820,0x2020,0x43FC,0x8000,0x0000,
        0x0000,0x0000,0x00F8,0x3124,0x4924,0x4924,0x8524,0x8524,
        0x8500,0x8400,0x85FC,0x4820,0x4820,0x33FC,0x0000,0x0000,
        0x0000,0x0000,0x1FF0,0x2108,0x2108,0x2108,0x2108,0x2108,
        0x2108,0x2000,0x1000,0x1000,0xFFFC,0x0420,0x0420,0x0000,
        0x0000,0x0000,0x00F8,0x3124,0x4924,0x4924,0x8524,0x8524,
        0x8524,0x8504,0x4900,0x4800,0x33FC,0x0048,0x0048,0x0000,
        0x0000,0x0000,0x1FF0,0x2108,0x2108,0x2108,0x2108,0x2108,
        0x2008,0x2100,0x0100,0x0100,0xFFFC,0x0000,0x0000,0x0000,
        0x0000,0x0000,0x00F8,0x0924,0x0924,0x0924,0x0924,0x0924,
        0x0904,0x0920,0x0820,0x0820,0xF3FC,0x0000,0x0000,0x0000,
        0x0000,0x0000,0x01F8,0x7224,0x8224,0x8224,0x8224,0x8224,
        0x8204,0x8220,0x8020,0x8020,0x9FFC,0x0000,0x0000,0x0000,
        0x0000,0x0000,0x00F8,0x6524,0x9524,0x9524,0x9524,0x9524,
        0x9504,0x9420,0x9420,0x9420,0x89FC,0x0000,0x0000,0x0000,
        0x0000,0x0000,0x64F8,0x9524,0x9524,0x9524,0x8924,0x0124,
        0x7D04,0x8420,0x8420,0x8420,0x7DFC,0x0000,0x0000,0x0000,
        0x0000,0x0000,0x00F8,0x7924,0x8924,0x8924,0x8924,0x8924,
        0x8904,0x8920,0x8820,0x8820,0x7BFC,0x0000,0x0000,0x0000,
        0x0000,0x0000,0x00F8,0x7D24,0x9124,0x9124,0x9124,0x9124,
        0x9104,0x9120,0x9020,0x9020,0x7DFC,0x0000,0x0000,0x0000,
        0x0000,0x0000,0x00F8,0x8124,0x8124,0x4124,0x4124,0x2124,
        0x1904,0x2120,0x4020,0x4020,0x87FC,0x8000,0x0000,0x0000,
        0x0000,0x8000,0x80F8,0x4124,0x2124,0x1924,0x2124,0xC124,
        0x4104,0x2120,0x1820,0x2020,0x43FC,0x8000,0x0000,0x0000,
        0x0000,0x0000,0x00F8,0x3124,0x4924,0x4924,0x8524,0x8524,
        0x8504,0x8520,0x4820,0x4820,0x33FC,0x0000,0x0000,0x0000,
        0x0000,0x0000,0x1FF0,0x2108,0x2108,0x2108,0x2108,0x2008,
        0x2100,0x0100,0xFFFC,0x0000,0x0000,0xFFFC,0x0000,0x0000,
        0x0000,0x0000,0x00F8,0x0924,0x0924,0x0924,0x0924,0x0904,
        0x0920,0x0820,0x0BFC,0x0800,0x0800,0xF3FC,0x0000,0x0000,
        0x0000,0x0000,0x01F8,0x7224,0x8224,0x8224,0x8224,0x8204,
        0x8020,0x8020,0x8FFC,0x8000,0x8000,0x9FFC,0x0000,0x0000,
        0x0000,0x0000,0x00F8,0x6524,0x9524,0x9524,0x9524,0x9504,
        0x9520,0x9420,0x95FC,0x9400,0x9400,0x89FC,0x0000,0x0000,
        0x0000,0x0000,0x00F8,0x7924,0x8924,0x8924,0x8924,0x8904,
        0x8920,0x8820,0x8BFC,0x8800,0x8800,0x7BFC,0x0000,0x0000,
        0x0000,0x0000,0x00F8,0x7D24,0x9124,0x9124,0x9124,0x9104,
        0x9120,0x9020,0x91FC,0x9000,0x9000,0x7DFC,0x0000,0x0000,
        0x0000,0x0000,0x00F8,0x8124,0x8124,0x4124,0x4124,0x2104,
        0x1920,0x2020,0x43FC,0x4000,0x8000,0x87FC,0x0000,0x0000,
        0x0000,0x0000,0x00F8,0x3124,0x4924,0x4924,0x8524,0x8504,
        0x8520,0x8420,0x85FC,0x4800,0x4800,0x33FC,0x0000,0x0000,
        0x0000,0x0000,0x1FF0,0x2108,0x2108,0x2108,0x2108,0x2108,
        0x2008,0x2440,0x0440,0x0440,0xFFFC,0x0000,0x0000,0x0000,
        0x0000,0x0000,0x01F8,0x7224,0x8224,0x8224,0x8224,0x8224,
        0x8204,0x8290,0x8090,0x8090,0x8FFC,0x0000,0x0000,0x0000,
        0x0000,0x8000,0x80F8,0x4124,0x2124,0x1924,0x2124,0xC124,
        0x4104,0x2100,0x1848,0x2048,0x43FC,0x8000,0x0000,0x0000,
        0x0000,0x0000,0x1FF0,0x2108,0x2108,0x2108,0x2108,0x2008,
        0x2440,0x0440,0xFFFC,0x0000,0x0000,0xFFFC,0x0000,0x0000,
        0x0000,0x0000,0x01F8,0x7224,0x8224,0x8224,0x8224,0x8204,
        0x8090,0x8090,0x87FC,0x8000,0x8000,0x8FFC,0x0000,0x0000,
        0x0000,0x0000,0x4000,0x43F0,0x4448,0x4448,0x4448,0x4448,
        0x7C48,0x4448,0x4448,0x4448,0x4448,0x4448,0x4000,0x0000,
        0x0000,0x0000,0x0200,0x1238,0x1254,0x1254,0x1254,0x1254,
        0x13D4,0x1254,0x1254,0x1254,0x1254,0xE254,0x0200,0x0000,
        0x0000,0x0000,0x0400,0x7478,0x8494,0x8494,0x8494,0x8494,
        0x8794,0x8494,0x8494,0x8494,0x8494,0x8494,0x0400,0x0000,
        0x0000,0x0000,0x0100,0x6538,0x9554,0x9554,0x9554,0x9554,
        0x95D4,0x9554,0x9554,0x9554,0x9554,0x8954,0x0100,0x0000,
        0x0000,0x0000,0x0200,0x7238,0x9254,0x9254,0x9254,0x9254,
        0x93D4,0x9254,0x9254,0x9254,0x9254,0x7254,0x0200,0x0000,
        0x0000,0x0000,0x0200,0x7238,0xA254,0xA254,0xA254,0xA254,
        0xA3D4,0xA254,0xA254,0xA254,0xA254,0x7254,0x0200,0x0000,
        0x0000,0x0000,0x0200,0x8238,0x8254,0x4254,0x4254,0x2254,
        0x13D4,0x2254,0x4254,0x4254,0x8254,0x8254,0x0200,0x0000,
        0x0000,0x0000,0x0100,0x3138,0x4954,0x4954,0x8554,0x8554,
        0x85D4,0x8554,0x8554,0x4954,0x4954,0x3154,0x0100,0x0000,
        0x0000,0x0000,0x0200,0x9238,0x9254,0xF254,0x9254,0x9254,
        0x93D4,0x9254,0x9254,0xF254,0x9254,0x9254,0x0200,0x0000,
        0x0000,0x2000,0x21F0,0x2248,0x2248,0x2248,0x3E48,0x2248,
        0x2248,0x2248,0x2000,0x0000,0xFFFC,0x0100,0x0100,0x0000,
        0x0000,0x0400,0x0478,0x7494,0x8494,0x8494,0x8794,0x8494,
        0x8494,0x8494,0x8400,0x8000,0x9FFC,0x0080,0x0080,0x0000,
        0x0000,0x21F0,0x2248,0x2248,0x3E48,0x2248,0x2248,0x2248,
        0x2000,0x0000,0xFFFC,0x0100,0x0100,0xFFFC,0x0000,0x0000,
        0x0000,0x2000,0x21F0,0x2248,0x2248,0x2248,0x3E48,0x2248,
        0x2248,0x2248,0x2000,0x0000,0xFFFC,0x0000,0x0000,0x0000,
        0x0000,0x0400,0x0478,0x7494,0x8494,0x8494,0x8794,0x8494,
        0x8494,0x8494,0x8400,0x8000,0x9FFC,0x0000,0x0000,0x0000,
        0x0000,0x0200,0x0238,0x8254,0x8254,0x4254,0x43D4,0x2254,
        0x1A54,0x2254,0x4200,0x4000,0x87FC,0x8000,0x0000,0x0000,
        0x0000,0x0200,0x0238,0x7254,0x5254,0x8A54,0x8BD4,0x8A54,
        0x8A54,0x8A54,0x8A00,0x5000,0x77FC,0x0000,0x0000,0x0000,
        0x0000,0x0000,0x4000,0x43F0,0x4448,0x7C48,0x4448,0x4448,
        0x4448,0x4448,0x4448,0x7C48,0x4448,0x4448,0x4000,0x0000,
        0x0000,0x0000,0x0200,0x0238,0x0254,0x0254,0x0254,0x0254,
        0xFE54,0x0254,0x0254,0x0254,0x0254,0x0254,0x0200,0x0000,
        0x0000,0x0000,0x0200,0x1238,0x1254,0x1254,0x1254,0x1254,
        0x1E54,0x1254,0x1254,0x1254,0x1254,0xE254,0x0200,0x0000,
        0x0000,0x0000,0x0400,0x7478,0x8494,0x8494,0x8494,0x8494,
        0x9C94,0x8494,0x8494,0x8494,0x8494,0x8494,0x0400,0x0000,
        0x0000,0x0000,0x0100,0x6538,0x9554,0x9554,0x9554,0x9554,
        0x9754,0x9554,0x9554,0x9554,0x9554,0x8954,0x0100,0x0000,
        0x0000,0x0000,0x0200,0x7238,0x9254,0x9254,0x9254,0x9254,
        0x9E54,0x9254,0x9254,0x9254,0x9254,0x7254,0x0200,0x0000,
        0x0000,0x0000,0x0200,0x7238,0xA254,0xA254,0xA254,0xA254,
        0xAE54,0xA254,0xA254,0xA254,0xA254,0x7254,0x0200,0x0000,
        0x0000,0x0000,0x0200,0x8238,0x8254,0x4254,0x4254,0x2254,
        0x1E54,0x2254,0x4254,0x4254,0x8254,0x8254,0x0200,0x0000,
        0x0000,0x0000,0x0200,0x6238,0x9254,0x9254,0x9254,0x9254,
        0x9E54,0x9254,0x9254,0x9254,0x9254,0x6254,0x0200,0x0000,
        0x0000,0x0200,0x0278,0x0294,0x4294,0x3E94,0x0294,0x0294,
        0x1294,0x1294,0x1200,0x1000,0xFFFC,0x0000,0x0000,0x0000,
        0x0000,0x0100,0x8138,0x8154,0x4154,0x3754,0x2154,0x4154,
        0x8154,0x8354,0x4200,0x3200,0x27FC,0x4000,0x8000,0x0000,
        0x0000,0x0200,0x0278,0x0294,0x4294,0x3E94,0x0294,0x0294,
        0x1200,0x1000,0xFFFC,0x0000,0x0000,0xFFFC,0x0000,0x0000,
        0x0000,0x0400,0x0478,0x0494,0x4494,0x3C94,0x0494,0x0494,
        0x0494,0x0494,0x0400,0x0000,0xFFFC,0x0000,0x0000,0x0000,
        0x0000,0x0100,0x0138,0x1154,0x1154,0x1754,0x1154,0x1154,
        0x1154,0x1154,0x1100,0x1000,0xE7FC,0x0000,0x0000,0x0000,
        0x0000,0x0200,0x0278,0x6294,0x8294,0x9E94,0x8294,0x8294,
        0x8294,0x8294,0x8200,0x8000,0x9FFC,0x0000,0x0000,0x0000,
        0x0000,0x0100,0x0138,0x4954,0xA954,0xAF54,0xA954,0xA954,
        0xA954,0xA954,0xA900,0xA800,0x97FC,0x0000,0x0000,0x0000,
        0x0000,0x0100,0x0138,0x7154,0x9154,0x9754,0x9154,0x9154,
        0x9154,0x9154,0x9100,0x9000,0x77FC,0x0000,0x0000,0x0000,
        0x0000,0x0100,0x0138,0x7954,0xA154,0xA754,0xA154,0xA154,
        0xA154,0xA154,0xA100,0xA000,0x7FFC,0x0000,0x0000,0x0000,
        0x0000,0x0100,0x0138,0x7154,0x5154,0x8F54,0x8954,0x8954,
        0x8954,0x8954,0x8900,0x5000,0x77FC,0x0000,0x0000,0x0000,
        0x0000,0x0000,0x0400,0x0478,0x8494,0x7C94,0x0494,0x0494,
        0x0494,0x0494,0x0494,0xFC94,0x0494,0x0494,0x0400,0x0000,
        0x0000,0x0000,0x0400,0x7478,0x8494,0x8494,0x9C94,0x8494,
        0x8494,0x8494,0x8494,0x9C94,0x8494,0x8494,0x0400,0x0000,
        0x0000,0x0000,0x0100,0x6538,0x9554,0x9754,0x9554,0x9554,
        0x9554,0x9554,0x9554,0x9754,0x9554,0x8954,0x0100,0x0000,
        0x0000,0x0000,0x0200,0x7238,0x9254,0x9E54,0x9254,0x9254,
        0x9254,0x9254,0x9254,0x9E54,0x9254,0x7254,0x0200,0x0000,
        0x0000,0x0000,0x0200,0x6238,0x9254,0x9E54,0x9254,0x9254,
        0x9254,0x9254,0x9254,0x9E54,0x9254,0x6254,0x0200,0x0000,
        0x0000,0x0000,0x4000,0x43F0,0x4448,0x4448,0x4448,0x4448,
        0x4448,0x4448,0x4448,0x4448,0x4448,0x4448,0x4000,0x0000,
        0x0000,0x0000,0x0100,0x0938,0x0954,0x0954,0x0954,0x0954,
        0x0954,0x0954,0x0954,0x0954,0x0954,0xF154,0x0100,0x0000,
        0x0000,0x0000,0x0400,0x7478,0x8494,0x8494,0x8494,0x8494,
        0x8494,0x8494,0x8494,0x8494,0x8494,0x8494,0x0400,0x0000,
        0x0000,0x0000,0x0200,0x6238,0x9254,0x9254,0x9254,0x9254,
        0x9254,0x9254,0x9254,0x9254,0x9254,0x9254,0x0200,0x0000,
        0x0000,0x0000,0x0100,0x6538,0x9554,0x9554,0x9554,0x9554,
        0x9554,0x9554,0x9554,0x9554,0x9554,0x8954,0x0100,0x0000,
        0x0000,0x0000,0x0100,0x6538,0x9554,0x9554,0x9554,0x8954,
        0x0154,0x7D54,0x8554,0x8554,0x8554,0x7D54,0x0100,0x0000,
        0x0000,0x0000,0x0200,0x7238,0x9254,0x9254,0x9254,0x9254,
        0x9254,0x9254,0x9254,0x9254,0x9254,0x7254,0x0200,0x0000,
        0x0000,0x0000,0x0200,0x7238,0xA254,0xA254,0xA254,0xA254,
        0xA254,0xA254,0xA254,0xA254,0xA254,0x7254,0x0200,0x0000,
        0x0000,0x0000,0x0200,0x8238,0x8254,0x4254,0x4254,0x2254,
        0x1254,0x2254,0x4254,0x4254,0x8254,0x8254,0x0200,0x0000,
        0x0000,0x2000,0x21F0,0x2248,0x2248,0x2248,0x2248,0x2248,
        0x2248,0x2248,0x2000,0x0000,0xFFFC,0x0000,0x0000,0x0000,
        0x0000,0x0400,0x0478,0x7494,0x8494,0x8494,0x8494,0x8494,
        0x8494,0x8494,0x8400,0x8000,0x9FFC,0x0000,0x0000,0x0000,
        0x0000,0x0100,0x0138,0x4954,0xA954,0xA954,0xA954,0xA954,
        0xA954,0xA954,0xA900,0xA800,0x97FC,0x0000,0x0000,0x0000,
        0x0000,0x0100,0x0138,0x7954,0x8954,0x8954,0x8954,0x8954,
        0x8954,0x8954,0x8900,0x8800,0x7FFC,0x0000,0x0000,0x0000,
        0x0000,0x0100,0x0138,0x7954,0x9154,0x9154,0x9154,0x9154,
        0x9154,0x9154,0x9100,0x9000,0x7FFC,0x0000,0x0000,0x0000,
        0x0000,0x0000,0x1FF0,0x2108,0x2108,0x2108,0x2108,0x2108,
        0x2108,0x2000,0x1000,0x1000,0xFFFC,0x0000,0x0000,0x0000,
        0x0000,0x0000,0x00F8,0x0924,0x0924,0x0924,0x0924,0x0924,
        0x0924,0x0904,0x0900,0x0800,0xF3FC,0x0000,0x0000,0x0000,
        0x0000,0x0000,0x01F8,0x7224,0x8224,0x8224,0x8224,0x8224,
        0x8224,0x8200,0x8200,0x8000,0x8FFC,0x0000,0x0000,0x0000,
        0x0000,0x0000,0x0078,0x6494,0x9494,0x9494,0x9494,0x9494,
        0x9494,0x9480,0x9480,0x9400,0x89FC,0x0000,0x0000,0x0000,
        0x0000,0x0000,0x00F8,0x7924,0x8924,0x8924,0x8924,0x8924,
        0x8924,0x8904,0x8900,0x8800,0x7BFC,0x0000,0x0000,0x0000,
        0x0000,0x0000,0x00F8,0x7D24,0x9124,0x9124,0x9124,0x9124,
        0x9124,0x9104,0x9100,0x9000,0x7DFC,0x0000,0x0000,0x0000,
        0x0000,0x0000,0x00F8,0x8124,0x8124,0x4124,0x4124,0x2124,
        0x1924,0x2104,0x4100,0x4000,0x87FC,0x8000,0x0000,0x0000,
        0x0000,0x0000,0x00F8,0x3124,0x4924,0x4924,0x8524,0x8524,
        0x8524,0x8504,0x4900,0x4800,0x33FC,0x0000,0x0000,0x0000,
        0x0000,0x2008,0x2008,0x27E8,0x3808,0x2008,0x2008,0x3808,
        0x27E8,0x2008,0x2008,0x1000,0xFFFC,0x0080,0x0080,0x0000,
        0x0000,0x0104,0x0104,0x0974,0x0984,0x0904,0x0904,0x0984,
        0x0974,0x0904,0x0884,0x0880,0xF3FC,0x0020,0x0020,0x0000,
        0x0000,0x0104,0x0904,0x0974,0x0984,0x0904,0xF104,0x0184,
        0x0974,0x0904,0x0884,0x0880,0xF3FC,0x0020,0x0020,0x0000,
        0x0000,0x0204,0x0204,0x72F4,0x8304,0x8204,0x8204,0x8304,
        0x82F4,0x8204,0x8104,0x8100,0x8FFC,0x0040,0x0040,0x0000,
        0x0000,0x0104,0x0104,0x6574,0x9584,0x9504,0x9504,0x9584,
        0x9574,0x9504,0x9484,0x9480,0x89FC,0x0020,0x0020,0x0000,
        0x0000,0x0104,0x6504,0x9574,0x9584,0x9504,0x8904,0x0184,
        0x7D74,0x8504,0x8484,0x8480,0x7DFC,0x0020,0x0020,0x0000,
        0x0000,0x0104,0x0104,0x7974,0x8984,0x8904,0x8904,0x8984,
        0x8974,0x8904,0x8884,0x8880,0x7BFC,0x0020,0x0020,0x0000,
        0x0000,0x0104,0x0104,0x7D74,0x9184,0x9104,0x9104,0x9184,
        0x9174,0x9104,0x9084,0x9080,0x7DFC,0x0020,0x0020,0x0000,
        0x0000,0x0104,0x0104,0x8174,0x8184,0x4104,0x4104,0x2184,
        0x1974,0x2104,0x4084,0x4080,0x87FC,0x8020,0x0020,0x0000,
        0x0000,0x8104,0x8104,0x4174,0x2184,0x1904,0x2104,0xC184,
        0x4174,0x2104,0x1884,0x2080,0x43FC,0x8020,0x0020,0x0000,
        0x0000,0x0104,0x0104,0x3174,0x4984,0x4904,0x8504,0x8584,
        0x8574,0x8504,0x4884,0x4880,0x33FC,0x0020,0x0020,0x0000,
        0x0000,0x0104,0x0104,0x7974,0x9584,0x9504,0x9504,0x9584,
        0x9574,0x9504,0x9484,0x9480,0x95FC,0x0020,0x0020,0x0000,
        0x0000,0x2008,0x2008,0x3FE8,0x2008,0x2008,0x3FE8,0x2008,
        0x2008,0x1000,0xFFFC,0x0100,0x0100,0xFFFC,0x0000,0x0000,
        0x0000,0x0104,0x0174,0x0984,0x0904,0x0984,0x0974,0x0904,
        0x0884,0x0880,0x0BFC,0x0820,0x0820,0xF3FC,0x0000,0x0000,
        0x0000,0x0204,0x02F4,0x7304,0x8204,0x8304,0x82F4,0x8204,
        0x8104,0x8100,0x87FC,0x8040,0x8040,0x8FFC,0x0000,0x0000,
        0x0000,0x0104,0x0174,0x6584,0x9504,0x9584,0x9574,0x9504,
        0x9484,0x9480,0x95FC,0x9420,0x9420,0x89FC,0x0000,0x0000,
        0x0000,0x0104,0x0174,0x7984,0x8904,0x8984,0x8974,0x8904,
        0x8884,0x8880,0x8BFC,0x8820,0x8820,0x7BFC,0x0000,0x0000,
        0x0000,0x0104,0x0174,0x7D84,0x9104,0x9184,0x9174,0x9104,
        0x9084,0x9080,0x91FC,0x9020,0x9020,0x7DFC,0x0000,0x0000,
        0x0000,0x0104,0x0174,0x8184,0x8104,0x4184,0x4174,0x2104,
        0x1884,0x2080,0x43FC,0x4020,0x8020,0x87FC,0x0000,0x0000,
        0x0000,0x0104,0x8174,0x8184,0x4104,0x2184,0x1974,0x2104,
        0xC084,0x4080,0x21FC,0x1820,0x2020,0x43FC,0x8000,0x0000,
        0x0000,0x0104,0x0174,0x3184,0x4904,0x4984,0x8574,0x8504,
        0x8484,0x8480,0x85FC,0x4820,0x4820,0x33FC,0x0000,0x0000,
        0x0000,0x2008,0x2008,0x27E8,0x3808,0x2008,0x2008,0x3808,
        0x27E8,0x2008,0x1008,0x1000,0xFFFC,0x0420,0x0420,0x0000,
        0x0000,0x0104,0x0104,0x0974,0x0984,0x0904,0x0904,0x0984,
        0x0974,0x0904,0x0884,0x0880,0xF3FC,0x0048,0x0048,0x0000,
        0x0000,0x2008,0x27E8,0x3808,0x2008,0x2008,0x3808,0x27E8,
        0x2008,0x2088,0x0080,0x0080,0xFFFC,0x0000,0x0000,0x0000,
        0x0000,0x0104,0x0174,0x0984,0x0904,0x0904,0x0984,0x0974,
        0x0904,0x0914,0x0810,0x0810,0xF3FC,0x0000,0x0000,0x0000,
        0x0000,0x0204,0x02F4,0x7304,0x8204,0x8204,0x8304,0x82F4,
        0x8204,0x8224,0x8020,0x8020,0x9FFC,0x0000,0x0000,0x0000,
        0x0000,0x0104,0x0174,0x6584,0x9504,0x9504,0x9584,0x9574,
        0x9504,0x9510,0x9410,0x9410,0x89FC,0x0000,0x0000,0x0000,
        0x0000,0x0104,0x0174,0x7984,0x8904,0x8904,0x8984,0x8974,
        0x8904,0x8914,0x8810,0x8810,0x7BFC,0x0000,0x0000,0x0000,
        0x0000,0x0104,0x0174,0x7D84,0x9104,0x9104,0x9184,0x9174,
        0x9104,0x9114,0x9010,0x9010,0x7DFC,0x0000,0x0000,0x0000,
        0x0000,0x0104,0x0174,0x8184,0x8104,0x4104,0x4184,0x2174,
        0x1904,0x2114,0x4010,0x4010,0x87FC,0x8000,0x0000,0x0000,
        0x0000,0x8104,0x8174,0x4184,0x2104,0x1904,0x2184,0xC174,
        0x4104,0x2114,0x1810,0x2010,0x43FC,0x8000,0x0000,0x0000,
        0x0000,0x0104,0x0174,0x3184,0x4904,0x4904,0x8584,0x8574,
        0x8504,0x8514,0x4810,0x4810,0x33FC,0x0000,0x0000,0x0000,
        0x0000,0x2008,0x27E8,0x3808,0x2008,0x3808,0x27E8,0x2088,
        0x0080,0x0080,0xFFFC,0x0000,0x0000,0xFFFC,0x0000,0x0000,
        0x0000,0x0104,0x0174,0x0984,0x0904,0x0984,0x0974,0x0924,
        0x0820,0x0820,0x0BFC,0x0800,0x0800,0xF3FC,0x0000,0x0000,
        0x0000,0x0204,0x02F4,0x7304,0x8204,0x8304,0x82F4,0x8224,
        0x8020,0x8020,0x8FFC,0x8000,0x8000,0x9FFC,0x0000,0x0000,
        0x0000,0x0104,0x0174,0x6584,0x9504,0x9584,0x9574,0x9524,
        0x9420,0x9420,0x95FC,0x9400,0x9400,0x89FC,0x0000,0x0000,
        0x0000,0x0104,0x0174,0x7984,0x8904,0x8984,0x8974,0x8924,
        0x8820,0x8820,0x8BFC,0x8800,0x8800,0x7BFC,0x0000,0x0000,
        0x0000,0x0104,0x0174,0x7D84,0x9104,0x9184,0x9174,0x9124,
        0x9020,0x9020,0x91FC,0x9000,0x9000,0x7DFC,0x0000,0x0000,
        0x0000,0x0104,0x0174,0x8184,0x8104,0x4184,0x4174,0x2124,
        0x1820,0x2020,0x43FC,0x4000,0x8000,0x87FC,0x0000,0x0000,
        0x0000,0x0104,0x0174,0x3184,0x4904,0x4984,0x8574,0x8524,
        0x8420,0x8420,0x85FC,0x4800,0x4800,0x33FC,0x0000,0x0000,
        0x0000,0x2008,0x27E8,0x3808,0x2008,0x2008,0x3808,0x27E8,
        0x2008,0x2428,0x0420,0x0420,0xFFFC,0x0000,0x0000,0x0000,
        0x0000,0x0204,0x02F4,0x7304,0x8204,0x8204,0x8304,0x82F4,
        0x8204,0x8288,0x8088,0x8088,0x8FFC,0x0000,0x0000,0x0000,
        0x0000,0x0104,0x0174,0x6584,0x9504,0x9504,0x9584,0x9574,
        0x9504,0x9548,0x9448,0x9448,0x8BFC,0x0000,0x0000,0x0000,
        0x0000,0x0104,0x0174,0x7984,0x8904,0x8904,0x8984,0x8974,
        0x8904,0x894C,0x8848,0x8848,0x7BFC,0x0000,0x0000,0x0000,
        0x0000,0x0104,0x0174,0x7D84,0x9104,0x9104,0x9184,0x9174,
        0x9104,0x914C,0x9048,0x9048,0x7FFC,0x0000,0x0000,0x0000,
        0x0000,0x8104,0x8174,0x4184,0x2104,0x1904,0x2184,0xC174,
        0x4104,0x214C,0x1848,0x2048,0x43FC,0x8000,0x0000,0x0000,
        0x0000,0x0000,0x0104,0x3174,0x4984,0x4904,0x8504,0x8584,
        0x8574,0x8504,0x4948,0x4848,0x33FC,0x0000,0x0000,0x0000,
        0x0000,0x2008,0x27E8,0x3808,0x2008,0x3808,0x27E8,0x2428,
        0x0420,0x0420,0xFFFC,0x0000,0x0000,0xFFFC,0x0000,0x0000,
        0x0000,0x0104,0x0174,0x6584,0x9504,0x9584,0x9574,0x954C,
        0x9448,0x9448,0x95FC,0x9400,0x9400,0x89FC,0x0000,0x0000,
        0x0000,0x0104,0x0174,0x7D84,0x9104,0x9184,0x9174,0x914C,
        0x9048,0x9048,0x91FC,0x9000,0x9000,0x7DFC,0x0000,0x0000,
        0x0000,0x0104,0x0174,0x8184,0x8104,0x4184,0x4174,0x214C,
        0x1848,0x2048,0x43FC,0x4000,0x8000,0x87FC,0x0000,0x0000,
        0x0000,0x0000,0x4000,0x4208,0x4208,0x42E8,0x4308,0x4208,
        0x7E08,0x4208,0x4308,0x42E8,0x4208,0x4208,0x4000,0x0000,
        0x0000,0x0000,0x0100,0x0944,0x0944,0x095C,0x0964,0x0944,
        0x09C4,0x0944,0x0964,0x095C,0x0944,0xF144,0x0100,0x0000,
        0x0000,0x0000,0x0400,0x7484,0x8484,0x84B4,0x84C4,0x8484,
        0x8784,0x8484,0x84C4,0x84B4,0x8484,0x8484,0x0400,0x0000,
        0x0000,0x0000,0x0100,0x6524,0x9524,0x952C,0x9534,0x9524,
        0x95E4,0x9524,0x9534,0x952C,0x9524,0x8924,0x0100,0x0000,
        0x0000,0x0000,0x0100,0x7924,0x8924,0x892C,0x8934,0x8924,
        0x89E4,0x8924,0x8934,0x892C,0x8924,0x7924,0x0100,0x0000,
        0x0000,0x0000,0x0100,0x7D24,0x9124,0x912C,0x9134,0x9124,
        0x91E4,0x9124,0x9134,0x912C,0x9124,0x7D24,0x0100,0x0000,
        0x0000,0x0000,0x0100,0x8124,0x8124,0x412C,0x4134,0x2124,
        0x19E4,0x2124,0x4134,0x412C,0x8124,0x8124,0x0100,0x0000,
        0x0000,0x0000,0x0100,0x2124,0x5124,0x512C,0x8934,0x8924,
        0x89E4,0x8924,0x8934,0x512C,0x5124,0x2124,0x0100,0x0000,
        0x0000,0x2208,0x2268,0x2388,0x2208,0x3E08,0x2208,0x2388,
        0x2268,0x2208,0x2000,0x0000,0xFFFC,0x0100,0x0100,0x0000,
        0x0000,0x0144,0x0144,0x715C,0x5164,0x89C4,0x8944,0x8964,
        0x895C,0x8944,0x8944,0x5000,0x77FC,0x0020,0x0020,0x0000,
        0x0000,0x2208,0x2268,0x2388,0x2208,0x3E08,0x2208,0x2388,
        0x2268,0x2208,0x2000,0x0000,0xFFFC,0x0000,0x0000,0x0000,
        0x0000,0x0244,0x0244,0x725C,0x8264,0x83C4,0x8244,0x8264,
        0x825C,0x8244,0x8244,0x8000,0x8FFC,0x0000,0x0000,0x0000,
        0x0000,0x0000,0x4000,0x4208,0x4208,0x7EE8,0x4308,0x4208,
        0x4208,0x4208,0x4308,0x7EE8,0x4208,0x4208,0x4000,0x0000,
        0x0000,0x0000,0x0400,0x7484,0x8484,0x87B4,0x84C4,0x8484,
        0x8484,0x8484,0x84C4,0x87B4,0x8484,0x8484,0x0400,0x0000,
        0x0000,0x0000,0x0100,0x6524,0x9524,0x95EC,0x9534,0x9524,
        0x9524,0x9524,0x9534,0x95EC,0x9524,0x8924,0x0100,0x0000,
        0x0000,0x0000,0x0100,0x7D24,0x9124,0x91EC,0x9134,0x9124,
        0x9124,0x9124,0x9134,0x91EC,0x9124,0x7D24,0x0100,0x0000,
        0x0000,0x0000,0x0100,0x8124,0x8124,0x41EC,0x4134,0x2124,
        0x1924,0x2124,0x4134,0x41EC,0x8124,0x8124,0x0100,0x0000,
        0x0000,0x0000,0x0400,0x0484,0x0484,0x04B4,0x04C4,0x0484,
        0xFC84,0x0484,0x04C4,0x04B4,0x0484,0x0484,0x0400,0x0000,
        0x0000,0x0000,0x0100,0x0944,0x0944,0x095C,0x0964,0x0944,
        0x0F44,0x0944,0x0964,0x095C,0x0944,0xF144,0x0100,0x0000,
        0x0000,0x0000,0x0200,0x7284,0x8284,0x82B4,0x82C4,0x8284,
        0x9E84,0x8284,0x82C4,0x82B4,0x8284,0x8284,0x0200,0x0000,
        0x0000,0x0000,0x0100,0x7144,0x8944,0x895C,0x8964,0x8944,
        0x8F44,0x8944,0x8964,0x895C,0x8944,0x8944,0x0100,0x0000,
        0x0000,0x0000,0x0100,0x6544,0x9544,0x955C,0x9564,0x9544,
        0x9744,0x9544,0x9564,0x955C,0x9544,0x8944,0x0100,0x0000,
        0x0000,0x0000,0x0100,0x6544,0x9544,0x955C,0x9564,0x8944,
        0x0744,0x7D44,0x8564,0x855C,0x8544,0x7D44,0x0100,0x0000,
        0x0000,0x0000,0x0100,0x7944,0x8944,0x895C,0x8964,0x8944,
        0x8F44,0x8944,0x8964,0x895C,0x8944,0x7944,0x0100,0x0000,
        0x0000,0x0000,0x0100,0x7D44,0x9144,0x915C,0x9164,0x9144,
        0x9744,0x9144,0x9164,0x915C,0x9144,0x7D44,0x0100,0x0000,
        0x0000,0x0000,0x0100,0x8144,0x8144,0x415C,0x4164,0x2144,
        0x1744,0x2144,0x4164,0x415C,0x8144,0x8144,0x0100,0x0000,
        0x0000,0x0000,0x0100,0x3144,0x4944,0x495C,0x8564,0x8544,
        0x8744,0x8544,0x8564,0x495C,0x4944,0x3144,0x0100,0x0000,
        0x0000,0x0244,0x0244,0x025C,0x4264,0x3E44,0x0244,0x0264,
        0x125C,0x1244,0x1244,0x1000,0xFFFC,0x0000,0x0000,0x0000,
        0x0000,0x0080,0x00A4,0x70AC,0x50B4,0x8FA4,0x88A4,0x88B4,
        0x88AC,0x8AA4,0x8A80,0x5200,0x77FC,0x0000,0x0000,0x0000,
        0x0000,0x0244,0x0244,0x025C,0x4264,0x3E44,0x0244,0x0264,
        0x025C,0x0244,0x0244,0x0000,0xFFFC,0x0000,0x0000,0x0000,
        0x0000,0x0200,0x0244,0x625C,0x8264,0x9E44,0x8244,0x8264,
        0x825C,0x8244,0x8200,0x8000,0x9FFC,0x0000,0x0000,0x0000,
        0x0000,0x0100,0x0124,0x492C,0xA934,0xAF24,0xA924,0xA934,
        0xA92C,0xA924,0xA900,0xA800,0x93FC,0x0000,0x0000,0x0000,
        0x0000,0x0100,0x0124,0x712C,0x9134,0x9724,0x9124,0x9134,
        0x912C,0x9124,0x9100,0x9000,0x77FC,0x0000,0x0000,0x0000,
        0x0000,0x0100,0x0124,0x812C,0x8134,0x4724,0x4124,0x2134,
        0x192C,0x2124,0x4100,0x4000,0x87FC,0x8000,0x0000,0x0000,
        0x0000,0x0000,0x0400,0x0484,0x8484,0x7CB4,0x04C4,0x0484,
        0x0484,0x0484,0x04C4,0xFCB4,0x0484,0x0484,0x0400,0x0000,
        0x0000,0x0000,0x0200,0x7284,0x8284,0x82B4,0x9EC4,0x8284,
        0x8284,0x8284,0x82C4,0x9EB4,0x8284,0x8284,0x0200,0x0000,
        0x0000,0x0000,0x0100,0x6544,0x9544,0x975C,0x9564,0x9544,
        0x9544,0x9544,0x9564,0x975C,0x9544,0x8944,0x0100,0x0000,
        0x0000,0x0000,0x0100,0x7944,0x8944,0x8F5C,0x8964,0x8944,
        0x8944,0x8944,0x8964,0x8F5C,0x8944,0x7944,0x0100,0x0000,
        0x0000,0x0000,0x0100,0x8144,0x8144,0x475C,0x4164,0x2144,
        0x1944,0x2144,0x4164,0x475C,0x8144,0x8144,0x0100,0x0000,
        0x0000,0x0000,0x0100,0x2144,0x5144,0x575C,0x8964,0x8944,
        0x8944,0x8944,0x8964,0x575C,0x5144,0x2144,0x0100,0x0000,
        0x0000,0x0000,0x4000,0x4208,0x4208,0x42E8,0x4308,0x4208,
        0x4208,0x4208,0x4308,0x42E8,0x4208,0x4208,0x4000,0x0000,
        0x0000,0x0000,0x0200,0x7284,0x8284,0x82B4,0x82C4,0x8284,
        0x8284,0x8284,0x82C4,0x82B4,0x8284,0x8284,0x0200,0x0000,
        0x0000,0x0000,0x0100,0x6524,0x9524,0x952C,0x9534,0x9524,
        0x9524,0x9524,0x9534,0x952C,0x9524,0x8924,0x0100,0x0000,
        0x0000,0x0000,0x0100,0x7924,0x8924,0x892C,0x8934,0x8924,
        0x8924,0x8924,0x8934,0x892C,0x8924,0x7924,0x0100,0x0000,
        0x0000,0x0000,0x0100,0x7D24,0x9124,0x912C,0x9134,0x9124,
        0x9124,0x9124,0x9134,0x912C,0x9124,0x7D24,0x0100,0x0000,
        0x0000,0x0000,0x0100,0x8124,0x8124,0x412C,0x4134,0x2124,
        0x1924,0x2124,0x4134,0x412C,0x8124,0x8124,0x0100,0x0000,
        0x0000,0x2008,0x2008,0x27E8,0x3808,0x2008,0x2008,0x3808,
        0x27E8,0x2008,0x2008,0x1000,0xFFFC,0x0000,0x0000,0x0000,
        0x0000,0x0104,0x0104,0x0974,0x0984,0x0904,0x0904,0x0984,
        0x0974,0x0904,0x0884,0x0880,0xF3FC,0x0000,0x0000,0x0000,
        0x0000,0x0204,0x0204,0x72F4,0x8304,0x8204,0x8204,0x8304,
        0x82F4,0x8204,0x8104,0x8100,0x8FFC,0x0000,0x0000,0x0000,
        0x0000,0x0000,0x0104,0x6574,0x9584,0x9504,0x9504,0x9584,
        0x9574,0x9504,0x9500,0x9400,0x89FC,0x0000,0x0000,0x0000,
        0x0000,0x0104,0x0104,0x7974,0x8984,0x8904,0x8904,0x8984,
        0x8974,0x8904,0x8884,0x8880,0x7BFC,0x0000,0x0000,0x0000,
        0x0000,0x0104,0x0104,0x7D74,0x9184,0x9104,0x9104,0x9184,
        0x9174,0x9104,0x9084,0x9080,0x7DFC,0x0000,0x0000,0x0000,
        0x0000,0x0104,0x0104,0x8174,0x8184,0x4104,0x4104,0x2184,
        0x1974,0x2104,0x4084,0x4080,0x87FC,0x8000,0x0000,0x0000,
        0x0000,0x0104,0x0104,0x3174,0x4984,0x4904,0x8504,0x8584,
        0x8574,0x8504,0x4884,0x4880,0x33FC,0x0000,0x0000,0x0000,
        0x0000,0x0020,0x0E20,0x1124,0x20A4,0x20A4,0x20A4,0x1124,
        0x0E20,0x0020,0x0000,0x0000,0xFFFC,0x0080,0x0080,0x0000,
        0x0000,0x0010,0x0190,0x0A54,0x0A54,0x0A54,0x0A54,0x0A54,
        0x0990,0x0810,0x0800,0x0800,0xF3FC,0x0020,0x0020,0x0000,
        0x0000,0x0010,0x0390,0x7454,0x8454,0x8454,0x8454,0x8454,
        0x8390,0x8010,0x8000,0x8000,0x8FFC,0x0040,0x0040,0x0000,
        0x0000,0x0010,0x0190,0x4A54,0xAA54,0xAA54,0xAA54,0xAA54,
        0xA990,0xA810,0xA800,0xA800,0x93FC,0x0020,0x0020,0x0000,
        0x0000,0x0010,0x4990,0xAA54,0xAA54,0xAA54,0x9254,0x0254,
        0x7190,0xA810,0xA800,0xA800,0xABFC,0x0020,0x0020,0x0000,
        0x0000,0x0010,0x0190,0x7A54,0x8A54,0x8A54,0x8A54,0x8A54,
        0x8990,0x8810,0x8800,0x8800,0x7BFC,0x0020,0x0020,0x0000,
        0x0000,0x0010,0x0190,0x7A54,0x9254,0x9254,0x9254,0x9254,
        0x9190,0x9010,0x9000,0x9000,0x7BFC,0x0020,0x0020,0x0000,
        0x0000,0x0010,0x0190,0x8254,0x8254,0x4254,0x4254,0x2254,
        0x1990,0x2010,0x4000,0x4000,0x87FC,0x8020,0x0020,0x0000,
        0x0000,0x0010,0x0190,0x2254,0x5254,0x8A54,0x8A54,0x8A54,
        0x8990,0x8810,0x8800,0x5000,0x27FC,0x0020,0x0020,0x0000,
        0x0000,0x0020,0x0E20,0x1124,0x20A4,0x20A4,0x1124,0x0E20,
        0x0020,0x0000,0xFFFC,0x0100,0x0100,0xFFFC,0x0000,0x0000,
        0x0000,0x0010,0x0190,0x0A54,0x0A54,0x0A54,0x0A54,0x0990,
        0x0810,0x0800,0x0BFC,0x0820,0x0820,0xF3FC,0x0000,0x0000,
        0x0000,0x0010,0x0390,0x7454,0x8454,0x8454,0x8454,0x8390,
        0x8010,0x8000,0x87FC,0x8020,0x8020,0x8FFC,0x0000,0x0000,
        0x0000,0x0010,0x0190,0x4A54,0xAA54,0xAA54,0xAA54,0xA990,
        0xA810,0xA800,0xABFC,0xA820,0xA820,0x93FC,0x0000,0x0000,
        0x0000,0x0010,0x0190,0x7A54,0x8A54,0x8A54,0x8A54,0x8990,
        0x8810,0x8800,0x8BFC,0x8820,0x8820,0x7BFC,0x0000,0x0000,
        0x0000,0x0010,0x0190,0x7A54,0xA254,0xA254,0xA254,0xA190,
        0xA010,0xA000,0xA3FC,0xA020,0xA020,0x7BFC,0x0000,0x0000,
        0x0000,0x0010,0x0190,0x8254,0x8254,0x4254,0x4254,0x2190,
        0x1810,0x2000,0x43FC,0x4020,0x8020,0x87FC,0x0000,0x0000,
        0x0000,0x0010,0x8190,0x4254,0x2254,0x1A54,0x2254,0x4190,
        0x8010,0x4000,0x23FC,0x1820,0x2020,0x43FC,0x8000,0x0000,
        0x0000,0x0010,0x0190,0x2254,0x5254,0x8A54,0x8A54,0x8990,
        0x8810,0x8800,0x8BFC,0x8820,0x5020,0x27FC,0x0000,0x0000,
        0x0000,0x0020,0x0E20,0x1124,0x20A4,0x20A4,0x20A4,0x1124,
        0x0E20,0x0020,0x0000,0x0000,0xFFFC,0x0420,0x0420,0x0000,
        0x0000,0x0010,0x0190,0x2254,0x5254,0x8A54,0x8A54,0x8A54,
        0x8990,0x8810,0x8800,0x5000,0x27FC,0x0048,0x0048,0x0000,
        0x0000,0x0020,0x0E20,0x1124,0x20A4,0x20A4,0x20A4,0x1124,
        0x0E20,0x0120,0x0100,0x0100,0xFFFC,0x0000,0x0000,0x0000,
        0x0000,0x0010,0x0190,0x1254,0x1254,0x1254,0x1254,0x1254,
        0x1190,0x1050,0x1040,0x1040,0xE7FC,0x0000,0x0000,0x0000,
        0x0000,0x0010,0x0390,0x7454,0x8454,0x8454,0x8454,0x8454,
        0x8390,0x8090,0x8080,0x8080,0x9FFC,0x0000,0x0000,0x0000,
        0x0000,0x0010,0x0190,0x4A54,0xAA54,0xAA54,0xAA54,0xAA54,
        0xA990,0xA850,0xA840,0xA840,0x93FC,0x0000,0x0000,0x0000,
        0x0000,0x0010,0x4990,0xAA54,0xAA54,0xAA54,0x9254,0x0254,
        0x7990,0x8850,0x8840,0x8840,0x7BFC,0x0000,0x0000,0x0000,
        0x0000,0x0010,0x0190,0x7A54,0x8A54,0x8A54,0x8A54,0x8A54,
        0x8990,0x8850,0x8840,0x8840,0x7BFC,0x0000,0x0000,0x0000,
        0x0000,0x0010,0x0190,0x7A54,0x9254,0x9254,0x9254,0x9254,
        0x9190,0x9050,0x9040,0x9040,0x7BFC,0x0000,0x0000,0x0000,
        0x0000,0x0010,0x0190,0x8254,0x8254,0x4254,0x4254,0x2254,
        0x1990,0x2090,0x4080,0x4080,0x87FC,0x8000,0x0000,0x0000,
        0x0000,0x0010,0x0190,0x7254,0x5254,0x8A54,0x8A54,0x8A54,
        0x8990,0x8850,0x8840,0x5040,0x77FC,0x0000,0x0000,0x0000,
        0x0000,0x0020,0x0E20,0x1124,0x20A4,0x20A4,0x1124,0x0E20,
        0x0120,0x0100,0xFFFC,0x0000,0x0000,0xFFFC,0x0000,0x0000,
        0x0000,0x0010,0x0190,0x1254,0x1254,0x1254,0x1254,0x1190,
        0x1050,0x1040,0x13FC,0x1000,0x1000,0xE7FC,0x0000,0x0000,
        0x0000,0x0010,0x0390,0x7454,0x8454,0x8454,0x8390,0x8050,
        0x8040,0x8040,0x8FFC,0x8000,0x8000,0x9FFC,0x0000,0x0000,
        0x0000,0x0010,0x0190,0x4A54,0xAA54,0xAA54,0xAA54,0xA990,
        0xA850,0xA840,0xABFC,0xA800,0xA800,0x93FC,0x0000,0x0000,
        0x0000,0x0010,0x0190,0x7A54,0x8A54,0x8A54,0x8A54,0x8990,
        0x8850,0x8840,0x8BFC,0x8800,0x8800,0x7BFC,0x0000,0x0000,
        0x0000,0x0010,0x0190,0x7A54,0xA254,0xA254,0xA254,0xA190,
        0xA050,0xA040,0xA3FC,0xA000,0xA000,0x7BFC,0x0000,0x0000,
        0x0000,0x0010,0x0190,0x8254,0x8254,0x4254,0x4254,0x2190,
        0x1850,0x2040,0x43FC,0x4000,0x8000,0x87FC,0x0000,0x0000,
        0x0000,0x0010,0x0190,0x7254,0x5254,0x8A54,0x8A54,0x8990,
        0x8850,0x8840,0x8BFC,0x8800,0x5000,0x77FC,0x0000,0x0000,
        0x0000,0x0020,0x0E20,0x1124,0x20A4,0x20A4,0x20A4,0x1124,
        0x0E20,0x08A0,0x0880,0x0880,0xFFFC,0x0000,0x0000,0x0000,
        0x0000,0x0010,0x0190,0x1254,0x1254,0x1254,0x1254,0x1254,
        0x1190,0x1130,0x1120,0x1120,0xE7FC,0x0000,0x0000,0x0000,
        0x0000,0x0010,0x0390,0x7454,0x8454,0x8454,0x8454,0x8454,
        0x8390,0x8010,0x8120,0x8120,0x9FFC,0x0000,0x0000,0x0000,
        0x0000,0x0010,0x0190,0x4A54,0xAA54,0xAA54,0xAA54,0xAA54,
        0xA990,0xA930,0xA920,0xA920,0x93FC,0x0000,0x0000,0x0000,
        0x0000,0x0010,0x0190,0x7A54,0x8A54,0x8A54,0x8A54,0x8A54,
        0x8990,0x8930,0x8920,0x8920,0x7BFC,0x0000,0x0000,0x0000,
        0x0000,0x0010,0x0190,0x7A54,0x9254,0x9254,0x9254,0x9254,
        0x9190,0x90B0,0x90A0,0x90A0,0x7BFC,0x0000,0x0000,0x0000,
        0x0000,0x0010,0x0190,0x8254,0x8254,0x4254,0x4254,0x2254,
        0x1990,0x2130,0x4120,0x4120,0x87FC,0x8000,0x0000,0x0000,
        0x0000,0x8010,0x8190,0x4254,0x2254,0x1A54,0x2254,0xC254,
        0x4190,0x2130,0x1920,0x2120,0x43FC,0x8000,0x0000,0x0000,
        0x0000,0x0010,0x0190,0x2254,0x5254,0x8A54,0x8A54,0x8A54,
        0x8990,0x8950,0x8940,0x5140,0x27FC,0x0000,0x0000,0x0000,
        0x0000,0x0020,0x0E20,0x1124,0x20A4,0x20A4,0x1124,0x0E20,
        0x08A0,0x0880,0xFFFC,0x0000,0x0000,0xFFFC,0x0000,0x0000,
        0x0000,0x0010,0x0390,0x7454,0x8454,0x8454,0x8390,0x8010,
        0x8120,0x8120,0x87FC,0x8000,0x8000,0x8FFC,0x0000,0x0000,
        0x0000,0x0010,0x0190,0x4A54,0xAA54,0xAA54,0xAA54,0xA990,
        0xA930,0xA920,0xABFC,0xA800,0xA800,0x93FC,0x0000,0x0000,
        0x0000,0x0010,0x0190,0x7A54,0xA254,0xA254,0xA254,0xA190,
        0xA130,0xA120,0xA3FC,0xA000,0xA000,0x7BFC,0x0000,0x0000,
        0x0000,0x0000,0x4010,0x4110,0x4290,0x4450,0x4454,0x4454,
        0x7C54,0x4454,0x4454,0x4450,0x4290,0x4110,0x4010,0x0000,
        0x0000,0x0000,0x0410,0x1410,0x1490,0x1550,0x1554,0x1554,
        0x1754,0x1554,0x1554,0x1550,0x1490,0xE410,0x0410,0x0000,
        0x0000,0x0000,0x0410,0x7410,0x8490,0x8550,0x8554,0x8554,
        0x8754,0x8554,0x8554,0x8550,0x8490,0x8410,0x0410,0x0000,
        0x0000,0x0000,0x0210,0x4A10,0xAA50,0xAAB0,0xAA94,0xAA94,
        0xAB94,0xAA94,0xAA94,0xAAB0,0xAA50,0x9210,0x0210,0x0000,
        0x0000,0x0000,0x0210,0x4A10,0xAA50,0xAAB0,0xAA94,0x9294,
        0x0394,0x7294,0xAA94,0xAAB0,0xAA50,0xAA10,0x0210,0x0000,
        0x0000,0x0000,0x0410,0x7410,0x9490,0x9550,0x9554,0x9554,
        0x9754,0x9554,0x9554,0x9550,0x9490,0x7410,0x0410,0x0000,
        0x0000,0x0000,0x0410,0x7410,0xA490,0xA550,0xA554,0xA554,
        0xA754,0xA554,0xA554,0xA550,0xA490,0x7410,0x0410,0x0000,
        0x0000,0x0000,0x0410,0x8410,0x8490,0x4550,0x4554,0x2554,
        0x1754,0x2554,0x4554,0x4550,0x8490,0x8410,0x0410,0x0000,
        0x0000,0x0000,0x0410,0x6410,0x9490,0x9550,0x9554,0x9554,
        0x9754,0x9554,0x9554,0x9550,0x9490,0x6410,0x0410,0x0000,
        0x0000,0x0000,0x0210,0x7210,0xAA50,0xAAB0,0xAA94,0xAA94,
        0xAB94,0xAA94,0xAA94,0xAAB0,0xAA50,0xAA10,0x0210,0x0000,
        0x0000,0x2010,0x2390,0x2454,0x2454,0x3C54,0x2454,0x2454,
        0x2390,0x2010,0x2000,0x0000,0xFFFC,0x0100,0x0100,0x0000,
        0x0000,0x0200,0x0210,0x0A50,0x0AB4,0x0A94,0x0B94,0x0A94,
        0x0AB4,0x0A50,0x0A10,0x0800,0xF7FC,0x0040,0x0040,0x0000,
        0x0000,0x0400,0x0410,0x7490,0x8554,0x8554,0x8754,0x8554,
        0x8554,0x8490,0x8410,0x8000,0x9FFC,0x0080,0x0080,0x0000,
        0x0000,0x0200,0x0210,0x4A50,0xAAB4,0xAA94,0xAB94,0xAA94,
        0xAAB4,0xAA50,0xAA10,0xA800,0x97FC,0x0040,0x0040,0x0000,
        0x0000,0x0210,0x0250,0x82B4,0x8294,0x4394,0x4294,0x22B4,
        0x1A50,0x2210,0x4200,0x4000,0x87FC,0x8040,0x0040,0x0000,
        0x0000,0x0210,0x0250,0x72B4,0x5294,0x8B94,0x8A94,0x8AB4,
        0x8A50,0x8A10,0x8A00,0x5000,0x77FC,0x0040,0x0040,0x0000,
        0x0000,0x2010,0x2390,0x2454,0x3C54,0x2454,0x2454,0x2390,
        0x2010,0x0000,0xFFFC,0x0100,0x0100,0xFFFC,0x0000,0x0000,
        0x0000,0x0210,0x0250,0x12B4,0x1294,0x1394,0x12B4,0x1250,
        0x1210,0x1000,0x13FC,0x1040,0x1040,0xE7FC,0x0000,0x0000,
        0x0000,0x0410,0x0490,0x7554,0x8554,0x8754,0x8554,0x8490,
        0x8410,0x8000,0x8FFC,0x8080,0x8080,0x9FFC,0x0000,0x0000,
        0x0000,0x0210,0x0250,0x82B4,0x8294,0x4394,0x42B4,0x2250,
        0x1A10,0x2000,0x43FC,0x4040,0x8040,0x87FC,0x0000,0x0000,
        0x0000,0x0210,0x0250,0x72B4,0x5294,0x8B94,0x8AB4,0x8A50,
        0x8A10,0x8800,0x8BFC,0x8840,0x5040,0x77FC,0x0000,0x0000,
        0x0000,0x2010,0x2390,0x2454,0x2454,0x3C54,0x2454,0x2454,
        0x2390,0x2010,0x2000,0x0000,0xFFFC,0x0000,0x0000,0x0000,
        0x0000,0x0210,0x0250,0x12B4,0x1294,0x1394,0x1294,0x12B4,
        0x1250,0x1210,0x1200,0x1000,0xE7FC,0x0000,0x0000,0x0000,
        0x0000,0x0410,0x0490,0x7550,0x8554,0x8754,0x8554,0x8554,
        0x8550,0x8490,0x8410,0x8000,0x9FFC,0x0000,0x0000,0x0000,
        0x0000,0x0210,0x0250,0x4AB4,0xAA94,0xAB94,0xAA94,0xAAB4,
        0xAA50,0xAA10,0xAA00,0xA800,0x97FC,0x0000,0x0000,0x0000,
        0x0000,0x0210,0x0250,0x7AB4,0x9294,0x9394,0x9294,0x92B4,
        0x9250,0x9210,0x9200,0x9000,0x7FFC,0x0000,0x0000,0x0000,
        0x0000,0x0210,0x0250,0x82B4,0x8294,0x4394,0x4294,0x22B4,
        0x1A50,0x2210,0x4200,0x4000,0x87FC,0x8000,0x0000,0x0000,
        0x0000,0x0210,0x0250,0x72B4,0x5294,0x8B94,0x8A94,0x8AB4,
        0x8A50,0x8A10,0x8A00,0x5000,0x77FC,0x0000,0x0000,0x0000,
        0x0000,0x0000,0x4010,0x4010,0x4310,0x7C90,0x4854,0x4854,
        0x4854,0x4854,0x4854,0x7C90,0x4310,0x4010,0x4010,0x0000,
        0x0000,0x0000,0x0410,0x7410,0x8490,0x8750,0x8554,0x8554,
        0x8554,0x8554,0x8554,0x8750,0x8490,0x8410,0x0410,0x0000,
        0x0000,0x0000,0x0210,0x4A10,0xAA50,0xABB0,0xAA94,0xAA94,
        0xAA94,0xAA94,0xAA94,0xABB0,0xAA50,0x9210,0x0210,0x0000,
        0x0000,0x0000,0x0410,0x7410,0xA490,0xA750,0xA554,0xA554,
        0xA554,0xA554,0xA554,0xA750,0xA490,0x7410,0x0410,0x0000,
        0x0000,0x0000,0x0410,0x8410,0x8490,0x4750,0x4554,0x2554,
        0x1554,0x2554,0x4554,0x4750,0x8490,0x8410,0x0410,0x0000,
        0x0000,0x0000,0x0810,0x0810,0x0990,0x0A50,0x0A54,0x0A54,
        0xFA54,0x0A54,0x0A54,0x0A50,0x0990,0x0810,0x0810,0x0000,
        0x0000,0x0000,0x0410,0x1410,0x1490,0x1550,0x1554,0x1554,
        0x1D54,0x1554,0x1554,0x1550,0x1490,0xE410,0x0410,0x0000,
        0x0000,0x0000,0x0410,0x7410,0x8490,0x8550,0x8554,0x8554,
        0x9D54,0x8554,0x8554,0x8550,0x8490,0x8410,0x0410,0x0000,
        0x0000,0x0000,0x0210,0x4A10,0xAA50,0xAAB0,0xAA94,0xAA94,
        0xAE94,0xAA94,0xAA94,0xAAB0,0xAA50,0x9210,0x0210,0x0000,
        0x0000,0x0000,0x0210,0x4A10,0xAA50,0xAAB0,0xAA94,0x9294,
        0x0E94,0x7294,0xAA94,0xAAB0,0xAA50,0xAA10,0x0210,0x0000,
        0x0000,0x0000,0x0410,0x7410,0x9490,0x9550,0x9554,0x9554,
        0x9D54,0x9554,0x9554,0x9550,0x9490,0x7410,0x0410,0x0000,
        0x0000,0x0000,0x0410,0x8410,0x8490,0x4550,0x4554,0x2554,
        0x1D54,0x2554,0x4554,0x4550,0x8490,0x8410,0x0410,0x0000,
        0x0000,0x0000,0x0410,0x6410,0x9490,0x9550,0x9554,0x9554,
        0x9D54,0x9554,0x9554,0x9550,0x9490,0x6410,0x0410,0x0000,
        0x0000,0x0810,0x0990,0x0A54,0x8A54,0x7A54,0x0A54,0x0A54,
        0x2990,0x2810,0x2800,0x2000,0xFFFC,0x0000,0x0000,0x0000,
        0x0000,0x0410,0x0490,0x6550,0x8554,0x9D54,0x8554,0x8554,
        0x9550,0x9490,0x9410,0x9000,0xBFFC,0x0000,0x0000,0x0000,
        0x0000,0x0210,0x0250,0x4AB4,0xAA94,0xAE94,0xAA94,0xAAB4,
        0xAA50,0xAA10,0xA840,0xA840,0x97FC,0x0000,0x0000,0x0000,
        0x0000,0x0210,0x0250,0x72B4,0x9294,0x9694,0x9294,0x92B4,
        0x9250,0x9210,0x9040,0x9040,0x77FC,0x0000,0x0000,0x0000,
        0x0000,0x0210,0x0250,0x72B4,0x5294,0x8E94,0x8A94,0x8AB4,
        0x8A50,0x8A10,0x8840,0x5040,0x77FC,0x0000,0x0000,0x0000,
        0x0000,0x0410,0x0490,0x0554,0x4554,0x3D54,0x0554,0x0490,
        0x1410,0x1000,0xFFFC,0x0000,0x0000,0xFFFC,0x0000,0x0000,
        0x0000,0x0108,0x0128,0x1158,0x174C,0x1148,0x1158,0x1128,
        0x1308,0x1200,0x17FC,0x1000,0x1000,0xE7FC,0x0000,0x0000,
        0x0000,0x0410,0x0490,0x6554,0x8554,0x9D54,0x8554,0x8490,
        0x8C10,0x8800,0x9FFC,0x8000,0x8000,0x9FFC,0x0000,0x0000,
        0x0000,0x0108,0x0128,0x4958,0xAF4C,0xA948,0xA958,0xA928,
        0xAB08,0xAA00,0xAFFC,0xA800,0xA800,0x97FC,0x0000,0x0000,
        0x0000,0x0108,0x0128,0x6158,0x974C,0x9148,0x9158,0x9128,
        0x9308,0x9200,0x97FC,0x9000,0x9000,0x67FC,0x0000,0x0000,
        0x0000,0x0810,0x0990,0x0A54,0x8A54,0x7A54,0x0A54,0x0A54,
        0x0990,0x0810,0x0800,0x0000,0xFFFC,0x0000,0x0000,0x0000,
        0x0000,0x0210,0x0250,0x12B4,0x1294,0x1E94,0x1294,0x12B4,
        0x1250,0x1210,0x1200,0x1000,0xE7FC,0x0000,0x0000,0x0000,
        0x0000,0x0410,0x0490,0x6550,0x8554,0x9D54,0x8554,0x8554,
        0x8550,0x8490,0x8410,0x8000,0x9FFC,0x0000,0x0000,0x0000,
        0x0000,0x0210,0x0250,0x4AB4,0xAA94,0xAE94,0xAA94,0xAAB4,
        0xAA50,0xAA10,0xAA00,0xA800,0x97FC,0x0000,0x0000,0x0000,
        0x0000,0x0210,0x0250,0x72B4,0x9294,0x9E94,0x9294,0x92B4,
        0x9250,0x9210,0x9200,0x9000,0x77FC,0x0000,0x0000,0x0000,
        0x0000,0x0210,0x0250,0x7AB4,0xA294,0xAE94,0xA294,0xA2B4,
        0xA250,0xA210,0xA200,0xA000,0x7FFC,0x0000,0x0000,0x0000,
        0x0000,0x0210,0x0250,0x82B4,0x8294,0x4E94,0x4294,0x22B4,
        0x1A50,0x2210,0x4200,0x4000,0x87FC,0x8000,0x0000,0x0000,
        0x0000,0x0210,0x0250,0x72B4,0x5294,0x8E94,0x8A94,0x8AB4,
        0x8A50,0x8A10,0x8A00,0x5000,0x77FC,0x0000,0x0000,0x0000,
        0x0000,0x0000,0x0810,0x0810,0x8990,0x7A50,0x0A54,0x0A54,
        0x0A54,0x0A54,0x0A54,0xFA50,0x0990,0x0810,0x0810,0x0000,
        0x0000,0x0000,0x0410,0x1410,0x1490,0x1D50,0x1554,0x1554,
        0x1554,0x1554,0x1554,0x1D50,0x1490,0xE410,0x0410,0x0000,
        0x0000,0x0000,0x0410,0x7410,0x8490,0x8550,0x9D54,0x8554,
        0x8554,0x8554,0x8554,0x9D50,0x8490,0x8410,0x0410,0x0000,
        0x0000,0x0000,0x0210,0x4A10,0xAA50,0xAEB0,0xAA94,0xAA94,
        0xAA94,0xAA94,0xAA94,0xAEB0,0xAA50,0x9210,0x0210,0x0000,
        0x0000,0x0000,0x0410,0x7410,0x9490,0x9D50,0x9554,0x9554,
        0x9554,0x9554,0x9554,0x9D50,0x9490,0x7410,0x0410,0x0000,
        0x0000,0x0000,0x0410,0x8410,0x8490,0x5D50,0x4554,0x2554,
        0x1554,0x2554,0x4554,0x5D50,0x8490,0x8410,0x0410,0x0000,
        0x0000,0x0000,0x0410,0x6410,0x9490,0x9D50,0x9554,0x9554,
        0x9554,0x9554,0x9554,0x9D50,0x9490,0x6410,0x0410,0x0000,
        0x0000,0x0000,0x4010,0x4010,0x4310,0x4490,0x4854,0x4854,
        0x4854,0x4854,0x4854,0x4490,0x4310,0x4010,0x4010,0x0000,
        0x0000,0x0000,0x0410,0x1410,0x1490,0x1550,0x1554,0x1554,
        0x1554,0x1554,0x1554,0x1550,0x1490,0xE410,0x0410,0x0000,
        0x0000,0x0000,0x0410,0x7410,0x8490,0x8550,0x8554,0x8554,
        0x8554,0x8554,0x8554,0x8550,0x8490,0x8410,0x0410,0x0000,
        0x0000,0x0000,0x0410,0x7410,0x8490,0x8550,0x8554,0x8554,
        0x1554,0x5554,0xB554,0x9D50,0xB490,0x5410,0x1410,0x0000,
        0x0000,0x0000,0x0410,0x6410,0x9490,0x9550,0x9554,0x9554,
        0x9554,0x9554,0x9554,0x9550,0x9490,0x9410,0x0410,0x0000,
        0x0000,0x0000,0x0210,0x4A10,0xAA50,0xAAB0,0xAA94,0xAA94,
        0xAA94,0xAA94,0xAA94,0xAAB0,0xAA50,0x9210,0x0210,0x0000,
        0x0000,0x0000,0x0210,0x4A10,0xAA50,0xAAB0,0xAA94,0x9294,
        0x8294,0x0A94,0x0A94,0x0AB0,0x0A50,0xF210,0x0210,0x0000,
        0x0000,0x0000,0x0410,0x7410,0x9490,0x9550,0x9554,0x9554,
        0x9554,0x9554,0x9554,0x9550,0x9490,0x7410,0x0410,0x0000,
        0x0000,0x0000,0x0410,0x7410,0xA490,0xA550,0xA554,0xA554,
        0xA554,0xA554,0xA554,0xA550,0xA490,0x7410,0x0410,0x0000,
        0x0000,0x0000,0x0410,0x8410,0x8490,0x4550,0x4554,0x2554,
        0x1554,0x2554,0x4554,0x4550,0x8490,0x8410,0x0410,0x0000,
        0x0000,0x0000,0x0410,0x6410,0x9490,0x9550,0x9554,0x9554,
        0x9554,0x9554,0x9554,0x9550,0x9490,0x6410,0x0410,0x0000,
        0x0000,0x0000,0x0210,0x7210,0xAA50,0xAAB0,0xAA94,0xAA94,
        0xAA94,0xAA94,0xAA94,0xAAB0,0xAA50,0xAA10,0x0210,0x0000,
        0x0000,0x2010,0x2390,0x2454,0x2454,0x2454,0x2454,0x2454,
        0x2390,0x2010,0x2000,0x0000,0xFFFC,0x0000,0x0000,0x0000,
        0x0000,0x0410,0x0490,0x7550,0x8554,0x8554,0x8554,0x8554,
        0x8550,0x8490,0x8410,0x8000,0x9FFC,0x0000,0x0000,0x0000,
        0x0000,0x0210,0x0250,0x4AB4,0xAA94,0xAA94,0xAA94,0xAAB4,
        0xAA50,0xAA10,0xAA00,0xA800,0x97FC,0x0000,0x0000,0x0000,
        0x0000,0x0210,0x0250,0x7AB4,0x8A94,0x8A94,0x8A94,0x8AB4,
        0x8A50,0x8A10,0x8A00,0x8800,0x7FFC,0x0000,0x0000,0x0000,
        0x0000,0x0210,0x0250,0x7AB4,0x9294,0x9294,0x9294,0x92B4,
        0x9250,0x9210,0x9200,0x9000,0x7FFC,0x0000,0x0000,0x0000,
        0x0000,0x0210,0x0250,0x72B4,0x5294,0x8A94,0x8A94,0x8AB4,
        0x8A50,0x8A10,0x8A00,0x5000,0x77FC,0x0000,0x0000,0x0000,
        0x0000,0x0020,0x0E20,0x1124,0x20A4,0x20A4,0x20A4,0x1124,
        0x0E20,0x0020,0x0000,0x0000,0xFFFC,0x0000,0x0000,0x0000,
        0x0000,0x0010,0x0190,0x1254,0x1254,0x1254,0x1254,0x1254,
        0x1190,0x1010,0x1000,0x1000,0xE7FC,0x0000,0x0000,0x0000,
        0x0000,0x0010,0x0390,0x7454,0x8454,0x8454,0x8454,0x8390,
        0x8010,0x8000,0x8000,0x8000,0x8FFC,0x0000,0x0000,0x0000,
        0x0000,0x0010,0x0190,0x4A54,0xAA54,0xAA54,0xAA54,0xAA54,
        0xA990,0xA810,0xA800,0xA800,0x93FC,0x0000,0x0000,0x0000,
        0x0000,0x0010,0x0190,0x7A54,0x8A54,0x8A54,0x8A54,0x8A54,
        0x8990,0x8810,0x8800,0x8800,0x7BFC,0x0000,0x0000,0x0000,
        0x0000,0x0010,0x0190,0x7A54,0x9254,0x9254,0x9254,0x9254,
        0x9190,0x9010,0x9000,0x9000,0x7BFC,0x0000,0x0000,0x0000,
        0x0000,0x0010,0x0190,0x8254,0x8254,0x4254,0x4254,0x2254,
        0x1990,0x2010,0x4000,0x4000,0x87FC,0x8000,0x0000,0x0000,
        0x0000,0x0010,0x0190,0x7254,0x5254,0x8A54,0x8A54,0x8A54,
        0x8990,0x8810,0x8800,0x5000,0x77FC,0x0000,0x0000,0x0000
};
#endif   

