##############################################################################
#                                                                            #
# IAR ARM ANSI C/C++ Compiler V4.42A/W32 EVALUATION    27/Sep/2007  16:07:45 #
# Copyright 1999-2005 IAR Systems. All rights reserved.                      #
# Time limited license: 29 days left                                         #
#                                                                            #
#    Cpu mode        =  thumb                                                #
#    Endian          =  little                                               #
#    Stack alignment =  8                                                    #
#    Source file     =  D:\ILMAC\GooSoo_Rectifier_v10\GooSooRectifier\src\Ep #
#                       iaGuardMain_ZigBee.c                                 #
#    Command line    =  D:\ILMAC\GooSoo_Rectifier_v10\GooSooRectifier\src\Ep #
#                       iaGuardMain_ZigBee.c -D NDEBUG -lC                   #
#                       D:\ILMAC\GooSoo_Rectifier_v10\GooSooRectifier\compil #
#                       \RAM_Debug\List\ -lB D:\ILMAC\GooSoo_Rectifier_v10\G #
#                       ooSooRectifier\compil\RAM_Debug\List\ -o             #
#                       D:\ILMAC\GooSoo_Rectifier_v10\GooSooRectifier\compil #
#                       \RAM_Debug\Obj\ -z9 --debug --cpu_mode thumb         #
#                       --endian little --cpu ARM7TDMI --stack_align 8 -e    #
#                       --fpu None --dlib_config "C:\Program Files\IAR       #
#                       Systems\Embedded Workbench 4.0                       #
#                       Evaluation\arm\LIB\dl4tptnnl8n.h" -I                 #
#                       D:\ILMAC\GooSoo_Rectifier_v10\GooSooRectifier\compil #
#                       \srcIAR\ -I D:\ILMAC\GooSoo_Rectifier_v10\GooSooRect #
#                       ifier\compil\..\src\ -I D:\ILMAC\GooSoo_Rectifier_v1 #
#                       0\GooSooRectifier\compil\..\..\ -I "C:\Program       #
#                       Files\IAR Systems\Embedded Workbench 4.0             #
#                       Evaluation\arm\INC\" --inline_threshold=2            #
#    List file       =  D:\ILMAC\GooSoo_Rectifier_v10\GooSooRectifier\compil #
#                       \RAM_Debug\List\EpiaGuardMain_ZigBee.lst             #
#    Object file     =  D:\ILMAC\GooSoo_Rectifier_v10\GooSooRectifier\compil #
#                       \RAM_Debug\Obj\EpiaGuardMain_ZigBee.r79              #
#                                                                            #
#                                                                            #
##############################################################################

D:\ILMAC\GooSoo_Rectifier_v10\GooSooRectifier\src\EpiaGuardMain_ZigBee.c
      1          // ----------------------------------------------------------------------------
      2          //         Epiatech co,. LTD  -  Lee Y k  -
      3          // ----------------------------------------------------------------------------
      4          // File Name           : EpiaGate_ZigBee.c
      5          // Object              : EpiaGate Test Kit ZigBee Coordinator Module link Function
      6          // Creation            : 2006-12-22
      7          // ----------------------------------------------------------------------------
      8          
      9          // Include Standard LIB  files
     10          #include "project.h"
     11          
     12          #define RX_SIZE_PC        35
     13          #define DATA_SIZE_PC      16
     14          //#define MAX_TX_PROCESS    10    // Max Tx Process no for PC
     15          //#define PACKET_BUF_SIZE   64    // packet buffer size per Tx Process
     16          
     17          #define STX_ZB      0xAA
     18          #define ETX_ZB      0x55
     19          // LAYER: ZigBee Layer Identifier
     20          #define APP_LAYER   0x80    // Application layer
     21          #define APS_LAYER   0x10    // Application Support layer
     22          #define NWK_LAYER   0x20    // Network layer
     23          #define MAC_LAYER   0x30    // MAC layer
     24          #define PHY_LAYER   0x40    // Physical layer
     25          #define COMM_LAYER  0x01    // Communication layer
     26          // OPCADE: Primitive function identifier for each layer
     27          // TYPE: Packet Type Identifier
     28          #define REQUEST     0x10    // Request Packet
     29          #define CONFIRM     0x11    // Confirm packet for Request packet
     30          #define INDICATION  0x12    // Indication Packet
     31          #define RESPONSE    0x13    // Response packet, Not Use
     32          
     33          // Default ZigBee Parameter 
     34          #define SCAN_CHANNEL		0x0B
     35          #define SCAN_DURATION		0x02
     36          #define BEACON_ORDER		0x0F
     37          #define SUPERFRAME_ORDER	0x0F
     38          #define BATTERY_LIFE		0
     39          #define PANID			0x1234
     40          #define BATTERY_LIFE		0
     41          #define	ZCM_VERSION		0x20
     42          
     43          NLDME_PACKET  P_NWK;
     44          API_SERIAL_PACKET TxSerialPkt;
     45          API_SERIAL_PACKET *pOutPkt = &TxSerialPkt;
     46            
     47          UINT8	ScanChannel;
     48          UINT8	ScanDuration;
     49          UINT8	BeaconOrder;
     50          UINT8	SuperframeOrder;
     51          UINT8	BatteryLife;
     52          UINT8	ZEDaddress[8] = {0x0B, 0, 0, 0xA0, 0, 0x51, 0x15, 0};
     53          UINT8	ZEDaddress16[8] = {0x01, 0, 0, 0, 0, 0, 0, 0};
     54          UINT16	sPanID;
     55          UINT8	BatteryLife;
     56          UINT8	ZCMversion;
     57          UINT8	PermitDuration;
     58          
     59          char	ZCMerr;
     60          char	ZCMdebug;
     61          
     62          unsigned short sStepZBrx;
     63          

   \                                 In segment CODE, align 4, keep-with-next
     64          void ZigBee_parameter_init(void)
     65          {
   \                     ZigBee_parameter_init:
   \   00000000   10B5               PUSH     {R4,LR}
     66            UINT32	ui;
     67            ScanChannel = SCAN_CHANNEL;
   \   00000002   0F4A               LDR      R2,??ZigBee_parameter_init_0  ;; ScanChannel
   \   00000004   0B20               MOVS     R0,#+11
   \   00000006   1070               STRB     R0,[R2, #+0]
     68            BeaconOrder = BEACON_ORDER;
   \   00000008   0F20               MOVS     R0,#+15
   \   0000000A   9070               STRB     R0,[R2, #+2]
     69            ScanDuration = SCAN_DURATION;
   \   0000000C   0221               MOVS     R1,#+2
   \   0000000E   5170               STRB     R1,[R2, #+1]
     70            SuperframeOrder = SUPERFRAME_ORDER;
   \   00000010   D070               STRB     R0,[R2, #+3]
     71            sPanID = 	PANID;
   \   00000012   0C4B               LDR      R3,??ZigBee_parameter_init_0+0x4  ;; 0x1234
   \   00000014   D381               STRH     R3,[R2, #+14]
     72            BatteryLife = BATTERY_LIFE;
   \   00000016   0023               MOVS     R3,#+0
   \   00000018   1371               STRB     R3,[R2, #+4]
     73            ZCMversion = ZCM_VERSION;
   \   0000001A   2024               MOVS     R4,#+32
   \   0000001C   5471               STRB     R4,[R2, #+5]
     74            PermitDuration = 0xFF;
   \   0000001E   FF24               MOVS     R4,#+255
   \   00000020   9471               STRB     R4,[R2, #+6]
     75            ui = (UINT32)0x01 << 11;
     76            P_NWK.NLME_NETWORK_FORMATION_req.ScanChannels[0] = ui;
   \   00000022   ....               LDR      R2,??DataTable17  ;; P_NWK
   \   00000024   1370               STRB     R3,[R2, #+0]
     77            P_NWK.NLME_NETWORK_FORMATION_req.ScanChannels[1] = ui>>8;
   \   00000026   0824               MOVS     R4,#+8
   \   00000028   5470               STRB     R4,[R2, #+1]
     78            P_NWK.NLME_NETWORK_FORMATION_req.ScanChannels[2] = ui>>16;
   \   0000002A   5380               STRH     R3,[R2, #+2]
     79            P_NWK.NLME_NETWORK_FORMATION_req.ScanChannels[3] = ui>>24;
     80            P_NWK.NLME_NETWORK_FORMATION_req.ScanDuration = 2;
   \   0000002C   1171               STRB     R1,[R2, #+4]
     81            P_NWK.NLME_NETWORK_FORMATION_req.BeaconOrder = 0x0F;
   \   0000002E   5071               STRB     R0,[R2, #+5]
     82            P_NWK.NLME_NETWORK_FORMATION_req.SuperframeOrder = 0x0F;
   \   00000030   9071               STRB     R0,[R2, #+6]
     83            P_NWK.NLME_NETWORK_FORMATION_req.PANId[0] = 0x34;
   \   00000032   3420               MOVS     R0,#+52
   \   00000034   D071               STRB     R0,[R2, #+7]
     84            P_NWK.NLME_NETWORK_FORMATION_req.PANId[1] = 0x12;
   \   00000036   1220               MOVS     R0,#+18
   \   00000038   1072               STRB     R0,[R2, #+8]
     85            P_NWK.NLME_NETWORK_FORMATION_req.BatteryLifeExtension = 0;
   \   0000003A   5372               STRB     R3,[R2, #+9]
     86          }
   \   0000003C   10BD               POP      {R4,PC}          ;; return
   \   0000003E   C046               Nop      
   \                     ??ZigBee_parameter_init_0:
   \   00000040   ........           DC32     ScanChannel
   \   00000044   34120000           DC32     0x1234
     87            

   \                                 In segment CODE, align 4, keep-with-next
     88          void ZCM_reset(void)
     89          {
   \                     ZCM_reset:
   \   00000000   10B5               PUSH     {R4,LR}
     90            com0_mode_set(38400,'N',8,1);
   \   00000002   0123               MOVS     R3,#+1
   \   00000004   0822               MOVS     R2,#+8
   \   00000006   4E21               MOVS     R1,#+78
   \   00000008   9620               MOVS     R0,#+150
   \   0000000A   0002               LSLS     R0,R0,#+8        ;; #+38400
   \   0000000C   ........           _BLF     com0_mode_set,??com0_mode_set??rT
     91            pio_clear(PIOB, RF_ISP);
   \   00000010   ....               LDR      R0,??DataTable1  ;; 0xfffffffffffff634
   \   00000012   8021               MOVS     R1,#+128
   \   00000014   8900               LSLS     R1,R1,#+2        ;; #+512
   \   00000016   0160               STR      R1,[R0, #+0]
     92            pio_clear(PIOA, RF_RST);
   \   00000018   0424               MOVS     R4,#+4
   \   0000001A   ....               LDR      R0,??DataTable4  ;; 0xfffffffffffff434
   \   0000001C   0460               STR      R4,[R0, #+0]
     93            delay_us(1000);
   \   0000001E   FA20               MOVS     R0,#+250
   \   00000020   8000               LSLS     R0,R0,#+2        ;; #+1000
   \   00000022   ....               B.N      ?Subroutine0
     94            pio_set( PIOA, RF_RST);
     95          }

   \                                 In segment CODE, align 4, keep-with-next
   \                     ?Subroutine0:
   \   00000000   ........           _BLF     delay_us,??delay_us??rT
   \   00000004   ....               LDR      R0,??DataTable5  ;; 0xfffffffffffff430
   \   00000006   0460               STR      R4,[R0, #+0]
   \   00000008   10BD               POP      {R4,PC}          ;; return
   \   0000000A   C046               Nop      
   \                     ??Subroutine0_0:
   \   0000000C   B80B0000           DC32     0xbb8
     96          

   \                                 In segment CODE, align 4, keep-with-next
     97          void ZCM_isp_reset(void)
     98          {
   \                     ZCM_isp_reset:
   \   00000000   10B5               PUSH     {R4,LR}
     99            com0_mode_set(115200,'N',8,2);
   \   00000002   0223               MOVS     R3,#+2
   \   00000004   0822               MOVS     R2,#+8
   \   00000006   4E21               MOVS     R1,#+78
   \   00000008   E120               MOVS     R0,#+225
   \   0000000A   4002               LSLS     R0,R0,#+9        ;; #+115200
   \   0000000C   ........           _BLF     com0_mode_set,??com0_mode_set??rT
    100            pio_set(PIOB, RF_ISP);
   \   00000010   ....               LDR      R0,??DataTable3  ;; 0xfffffffffffff630
   \   00000012   8021               MOVS     R1,#+128
   \   00000014   8900               LSLS     R1,R1,#+2        ;; #+512
   \   00000016   0160               STR      R1,[R0, #+0]
    101            pio_clear(PIOA, RF_RST);
   \   00000018   0424               MOVS     R4,#+4
   \   0000001A   ....               LDR      R0,??DataTable4  ;; 0xfffffffffffff434
   \   0000001C   0460               STR      R4,[R0, #+0]
    102            delay_us(3000);
   \   0000001E   ....               LDR      R0,??Subroutine0_0  ;; 0xbb8
   \   00000020                      REQUIRE ?Subroutine0
   \   00000020                      ;; // Fall through to label ?Subroutine0
    103            pio_set( PIOA, RF_RST);
    104          }
    105          

   \                                 In segment CODE, align 4, keep-with-next
    106          void put_serial_write(char *Ptr, char size)
    107          {
   \                     put_serial_write:
   \   00000000   F2B5               PUSH     {R1,R4-R7,LR}
   \   00000002   0500               MOVS     R5,R0
    108            char csum = 0;
   \   00000004   0024               MOVS     R4,#+0
    109            char i;
    110            //
    111            // Serial Write
    112            //
    113            putchar0(STX_ZB);       printf("\n%02X ",STX_ZB);
   \   00000006   AA20               MOVS     R0,#+170
   \   00000008   ........           _BLF     putchar0,??putchar0??rT
   \   0000000C   ....               LDR      R6,??DataTable6  ;; `?<Constant "E%02X ">`
   \   0000000E   AA21               MOVS     R1,#+170
   \   00000010   ....               LDR      R0,??Subroutine1_0  ;; 0x444
   \   00000012   3018               ADDS     R0,R6,R0
   \   00000014   ........           _BLF     printf,??printf??rT
    114            putchar0(size); printf("%02X ", size);
   \   00000018   6846               MOV      R0,SP
   \   0000001A   0078               LDRB     R0,[R0, #+0]
   \   0000001C   ........           _BLF     putchar0,??putchar0??rT
   \   00000020   ....               LDR      R0,??DataTable7  ;; 0x44c
   \   00000022   3618               ADDS     R6,R6,R0
   \   00000024   6846               MOV      R0,SP
   \   00000026   0178               LDRB     R1,[R0, #+0]
   \   00000028   3000               MOVS     R0,R6
   \   0000002A   ........           _BLF     printf,??printf??rT
    115            for (i = 0; i < size; i++)
   \   0000002E   0027               MOVS     R7,#+0
   \   00000030   0EE0               B        ??put_serial_write_0
    116            {
    117              putchar0(*Ptr);       printf("%02X ", *Ptr);
   \                     ??put_serial_write_1:
   \   00000032   2878               LDRB     R0,[R5, #+0]
   \   00000034   ........           _BLF     putchar0,??putchar0??rT
   \   00000038   2978               LDRB     R1,[R5, #+0]
   \   0000003A   3000               MOVS     R0,R6
   \   0000003C   ........           _BLF     printf,??printf??rT
    118              csum += *Ptr;
   \   00000040   2878               LDRB     R0,[R5, #+0]
   \   00000042   2418               ADDS     R4,R4,R0
   \   00000044   2406               LSLS     R4,R4,#+24
   \   00000046   240E               LSRS     R4,R4,#+24
    119              Ptr++;
   \   00000048   6D1C               ADDS     R5,R5,#+1
    120            }
   \   0000004A   7F1C               ADDS     R7,R7,#+1
   \   0000004C   3F06               LSLS     R7,R7,#+24
   \   0000004E   3F0E               LSRS     R7,R7,#+24
   \                     ??put_serial_write_0:
   \   00000050   6946               MOV      R1,SP
   \   00000052   0978               LDRB     R1,[R1, #+0]
   \   00000054   8F42               CMP      R7,R1
   \   00000056   ECD3               BCC      ??put_serial_write_1
    121            putchar0(csum);         printf("%02X ", csum);
   \   00000058   2000               MOVS     R0,R4
   \   0000005A   ........           _BLF     putchar0,??putchar0??rT
   \   0000005E   2100               MOVS     R1,R4
   \   00000060   3000               MOVS     R0,R6
   \   00000062   ........           _BLF     printf,??printf??rT
    122            putchar0(ETX_ZB);       printf("%02X ",ETX_ZB);
   \   00000066   5520               MOVS     R0,#+85
   \   00000068   ........           _BLF     putchar0,??putchar0??rT
   \   0000006C   5521               MOVS     R1,#+85
   \   0000006E   3000               MOVS     R0,R6
   \   00000070                      REQUIRE ?Subroutine1
   \   00000070                      ;; // Fall through to label ?Subroutine1
    123          }

   \                                 In segment CODE, align 4, keep-with-next
   \                     ?Subroutine1:
   \   00000000   ........           _BLF     printf,??printf??rT
   \   00000004   F8BD               POP      {R3-R7,PC}       ;; return
   \   00000006   C046               Nop      
   \                     ??Subroutine1_0:
   \   00000008   44040000           DC32     0x444
    124          

   \                                 In segment CODE, align 4, keep-with-next
    125          void int2byte(char *Ptr, unsigned int i)
    126          {
    127            *Ptr++ = i;
   \                     int2byte:
   \   00000000   0170               STRB     R1,[R0, #+0]
   \   00000002   090A               LSRS     R1,R1,#+8
   \   00000004   4170               STRB     R1,[R0, #+1]
    128            *Ptr++ = i>>8;
    129            *Ptr++ = i>>8;
   \   00000006   8170               STRB     R1,[R0, #+2]
   \   00000008   C01C               ADDS     R0,R0,#+3
    130            *Ptr++ = i>>8;
   \   0000000A   0170               STRB     R1,[R0, #+0]
    131          }
   \   0000000C   7047               BX       LR               ;; return
    132          

   \                                 In segment CODE, align 4, keep-with-next
    133          void put_packet0(UINT8 *ps, char size)
    134          {
   \                     put_packet0:
   \   00000000   F2B5               PUSH     {R1,R4-R7,LR}
   \   00000002   82B0               SUB      SP,SP,#+8
   \   00000004   0400               MOVS     R4,R0
    135            unsigned char lp, sum, data;
    136            sum = 0;
   \   00000006   0025               MOVS     R5,#+0
   \   00000008   0026               MOVS     R6,#+0
    137            putchar0(STX_ZB); if (ZCMdebug) printf("%02X ", STX_ZB);
   \   0000000A   AA20               MOVS     R0,#+170
   \   0000000C   ........           _BLF     putchar0,??putchar0??rT
   \   00000010   ....               LDR      R0,??DataTable19  ;; `?<Constant "E%02X ">` + 1100
   \   00000012   0090               STR      R0,[SP, #+0]
   \   00000014   2148               LDR      R0,??put_packet0_0  ;; ScanChannel + 8
   \   00000016   0078               LDRB     R0,[R0, #+0]
   \   00000018   0028               CMP      R0,#+0
   \   0000001A   03D0               BEQ      ??put_packet0_1
   \   0000001C   AA21               MOVS     R1,#+170
   \   0000001E   0098               LDR      R0,[SP, #+0]
   \   00000020   ........           _BLF     printf,??printf??rT
    138            putchar0(size);   if (ZCMdebug) printf("%02X ", size);
   \                     ??put_packet0_1:
   \   00000024   6846               MOV      R0,SP
   \   00000026   007A               LDRB     R0,[R0, #+8]
   \   00000028   ........           _BLF     putchar0,??putchar0??rT
   \   0000002C   1B48               LDR      R0,??put_packet0_0  ;; ScanChannel + 8
   \   0000002E   0078               LDRB     R0,[R0, #+0]
   \   00000030   0028               CMP      R0,#+0
   \   00000032   18D0               BEQ      ??put_packet0_2
   \   00000034   6846               MOV      R0,SP
   \   00000036   017A               LDRB     R1,[R0, #+8]
   \   00000038   0098               LDR      R0,[SP, #+0]
   \   0000003A   ........           _BLF     printf,??printf??rT
    139            for (lp = 0; lp < size; lp++) 
   \   0000003E   12E0               B        ??put_packet0_2
    140            {
    141              data = *ps++;
   \                     ??put_packet0_3:
   \   00000040   2778               LDRB     R7,[R4, #+0]
   \   00000042   641C               ADDS     R4,R4,#+1
    142              putchar0(data); if (ZCMdebug) printf("%02X ",data);
   \   00000044   3800               MOVS     R0,R7
   \   00000046   ........           _BLF     putchar0,??putchar0??rT
   \   0000004A   1448               LDR      R0,??put_packet0_0  ;; ScanChannel + 8
   \   0000004C   0078               LDRB     R0,[R0, #+0]
   \   0000004E   0028               CMP      R0,#+0
   \   00000050   03D0               BEQ      ??put_packet0_4
   \   00000052   3900               MOVS     R1,R7
   \   00000054   0098               LDR      R0,[SP, #+0]
   \   00000056   ........           _BLF     printf,??printf??rT
    143              sum = sum + data;
   \                     ??put_packet0_4:
   \   0000005A   F619               ADDS     R6,R6,R7
   \   0000005C   3606               LSLS     R6,R6,#+24
   \   0000005E   360E               LSRS     R6,R6,#+24
    144            } 
   \   00000060   6D1C               ADDS     R5,R5,#+1
   \   00000062   2D06               LSLS     R5,R5,#+24
   \   00000064   2D0E               LSRS     R5,R5,#+24
   \                     ??put_packet0_2:
   \   00000066   6946               MOV      R1,SP
   \   00000068   097A               LDRB     R1,[R1, #+8]
   \   0000006A   8D42               CMP      R5,R1
   \   0000006C   E8D3               BCC      ??put_packet0_3
    145            putchar0(sum);    if (ZCMdebug) printf("%02X ", sum);  
   \   0000006E   3000               MOVS     R0,R6
   \   00000070   ........           _BLF     putchar0,??putchar0??rT
   \   00000074   0948               LDR      R0,??put_packet0_0  ;; ScanChannel + 8
   \   00000076   0078               LDRB     R0,[R0, #+0]
   \   00000078   0028               CMP      R0,#+0
   \   0000007A   03D0               BEQ      ??put_packet0_5
   \   0000007C   3100               MOVS     R1,R6
   \   0000007E   0098               LDR      R0,[SP, #+0]
   \   00000080   ........           _BLF     printf,??printf??rT
    146            putchar0(ETX_ZB); if (ZCMdebug) printf("%02X ", ETX_ZB);
   \                     ??put_packet0_5:
   \   00000084   5520               MOVS     R0,#+85
   \   00000086   ........           _BLF     putchar0,??putchar0??rT
   \   0000008A   0448               LDR      R0,??put_packet0_0  ;; ScanChannel + 8
   \   0000008C   0078               LDRB     R0,[R0, #+0]
   \   0000008E   0028               CMP      R0,#+0
   \   00000090   03D0               BEQ      ??put_packet0_6
   \   00000092   5521               MOVS     R1,#+85
   \   00000094   0098               LDR      R0,[SP, #+0]
   \   00000096   ........           _BLF     printf,??printf??rT
    147          }
   \                     ??put_packet0_6:
   \   0000009A   FEBD               POP      {R1-R7,PC}       ;; return
   \                     ??put_packet0_0:
   \   0000009C   ........           DC32     ScanChannel + 8

   \                                 In segment DATA_I, align 4, align-sorted
   \                     P_NWK:
   \   00000000                      DS8 88
   \   00000058                      REQUIRE `?<Initializer for P_NWK>`
   \                     pOutPkt:
   \   00000058                      DS8 4
   \   0000005C                      REQUIRE `?<Initializer for pOutPkt>`
   \                     TxSerialPkt:
   \   0000005C                      DS8 92
   \   000000B8                      REQUIRE `?<Initializer for TxSerialPkt>`
   \                     ZEDaddress16:
   \   000000B8                      DS8 8
   \   000000C0                      REQUIRE `?<Initializer for ZEDaddress16>`
    148          
    149          UINT8 TxkMessage[] = {
    150            APP_MAX_DATA_SIZE,
    151            1, 2, 3, 4, 5, 6, 7, 8, 9,
    152            10, 11, 12, 13, 14, 15, 16, 17, 18, 19, 
    153            20, 21, 22, 23, 24, 25, 26, 27, 28, 29,
    154            30, 31, 32, 33, 34, 35, 36, 37, 38, 39, 
    155            40, 41, 42, 43, 44, 45, 46, 47, 48, 49,
    156            50, 51, 52, 53, 54, 55, 56, 57, 58, 59,
    157            60, 61, 62, 63
    158          };
    159          UINT8 TxmMessage[] = {
   \                     TxmMessage:
   \   000000C0                      DS8 64
   \   00000100                      REQUIRE `?<Initializer for TxmMessage>`
    160            0, 1, 2, 3, 4, 5, 6, 7, 8, 9,
    161            10, 11, 12, 13, 14, 15, 16, 17, 18, 19, 
    162            20, 21, 22, 23, 24, 25, 26, 27, 28, 29,
    163            30, 31, 32, 33, 34, 35, 36, 37, 38, 39, 
    164            40, 41, 42, 43, 44, 45, 46, 47, 48, 49,
    165            50, 51, 52, 53, 54, 55, 56, 57, 58, 59,
    166            60, 61, 62, 63
    167          };
    168          //  0x55,			// ASCII display 
    169          //  'ZigBee Coordinator System Test Sample Packet to ZigBee END device'
    170          //  };
    171          /****************************/
    172          /*  MSG packet send to ZCM  */
    173          /****************************/

   \                                 In segment CODE, align 4, keep-with-next
    174          void send_API_MSG_packet(void)
    175          {
   \                     send_API_MSG_packet:
   \   00000000   F0B5               PUSH     {R4-R7,LR}
   \   00000002   95B0               SUB      SP,SP,#+84
    176            MSG_HANDLE TxMsg;
    177            MSG_HANDLE *pMsg = &TxMsg;
    178          
    179            char  *Ptr = (char*)&TxSerialPkt;
    180            Ptr += 2;
    181            
    182            pMsg->ProfileId_L = 1;
   \   00000004   0126               MOVS     R6,#+1
   \   00000006   6D46               MOV      R5,SP
   \   00000008   2E70               STRB     R6,[R5, #+0]
    183            pMsg->ProfileId_H = 0;
   \   0000000A   0027               MOVS     R7,#+0
   \   0000000C   6F70               STRB     R7,[R5, #+1]
    184            pMsg->ClusterId = 0x13;
   \   0000000E   1320               MOVS     R0,#+19
   \   00000010   A870               STRB     R0,[R5, #+2]
    185            pMsg->AddrMode = 0x01;
   \   00000012   EE70               STRB     R6,[R5, #+3]
    186            memcpy(pMsg->Address, &ZEDaddress16, 8);
   \   00000014   ....               LDR      R4,??DataTable14  ;; P_NWK
   \   00000016   0822               MOVS     R2,#+8
   \   00000018   2100               MOVS     R1,R4
   \   0000001A   B831               ADDS     R1,R1,#+184
   \   0000001C   281D               ADDS     R0,R5,#+4
   \   0000001E   ........           _BLF     memcpy,??memcpy??rT
    187            pMsg->DstEndPoint = 1;
   \   00000022   2E73               STRB     R6,[R5, #+12]
    188            pMsg->SrcEndPoint = 1;
   \   00000024   6E73               STRB     R6,[R5, #+13]
    189            pMsg->Reserved = 0;
   \   00000026   AF73               STRB     R7,[R5, #+14]
    190            pMsg->MessageLength = APP_MAX_DATA_SIZE;
   \   00000028   4020               MOVS     R0,#+64
   \   0000002A   E873               STRB     R0,[R5, #+15]
    191            memcpy(pMsg->Message, &TxmMessage, pMsg->MessageLength);
   \   0000002C   4022               MOVS     R2,#+64
   \   0000002E   2100               MOVS     R1,R4
   \   00000030   C031               ADDS     R1,R1,#+192
   \   00000032   2800               MOVS     R0,R5
   \   00000034   1030               ADDS     R0,R0,#+16
   \   00000036   ........           _BLF     memcpy,??memcpy??rT
    192            
    193            pOutPkt->PKT.layer = APP_LAYER;               // 0x80
   \   0000003A   A06D               LDR      R0,[R4, #+88]
   \   0000003C   8021               MOVS     R1,#+128
   \   0000003E   8170               STRB     R1,[R0, #+2]
    194            pOutPkt->PKT.Opcode = APP_MSG;		// 0x01	
   \   00000040   A06D               LDR      R0,[R4, #+88]
   \   00000042   C670               STRB     R6,[R0, #+3]
    195            pOutPkt->PKT.Type = REQUEST;			// 0x10
   \   00000044   A06D               LDR      R0,[R4, #+88]
   \   00000046   1021               MOVS     R1,#+16
   \   00000048   0171               STRB     R1,[R0, #+4]
    196            pOutPkt->PKT.Size = sizeof(MSG_HANDLE) + pMsg->MessageLength - APP_MAX_DATA_SIZE;
   \   0000004A   A06D               LDR      R0,[R4, #+88]
   \   0000004C   E97B               LDRB     R1,[R5, #+15]
   \   0000004E   1031               ADDS     R1,R1,#+16
   \   00000050   4171               STRB     R1,[R0, #+5]
    197            printf("\nSIZE:%02X",pOutPkt->PKT.Size);
   \   00000052   A06D               LDR      R0,[R4, #+88]
   \   00000054   4179               LDRB     R1,[R0, #+5]
   \   00000056   ....               LDR      R0,??DataTable12  ;; `?<Constant "\\nSIZE:%02X">`
   \   00000058   ........           _BLF     printf,??printf??rT
    198            
    199            memcpy(pOutPkt->PKT.Arguments, &TxMsg, pOutPkt->PKT.Size);
   \   0000005C   A06D               LDR      R0,[R4, #+88]
   \   0000005E   4279               LDRB     R2,[R0, #+5]
   \   00000060   6946               MOV      R1,SP
   \   00000062   801D               ADDS     R0,R0,#+6
   \   00000064   ........           _BLF     memcpy,??memcpy??rT
    200            pOutPkt->LEN = pOutPkt->PKT.Size + 4;
   \   00000068   A06D               LDR      R0,[R4, #+88]
   \   0000006A   4179               LDRB     R1,[R0, #+5]
   \   0000006C   091D               ADDS     R1,R1,#+4
   \   0000006E   4170               STRB     R1,[R0, #+1]
    201            put_serial_write(Ptr, pOutPkt->LEN); 
   \   00000070   A06D               LDR      R0,[R4, #+88]
   \   00000072   4178               LDRB     R1,[R0, #+1]
   \   00000074   5E34               ADDS     R4,R4,#+94
   \   00000076   2000               MOVS     R0,R4
   \   00000078   ....               B.N      ?Subroutine2
    202          }

   \                                 In segment CODE, align 4, keep-with-next
   \                     ?Subroutine2:
   \   00000000   ........           BL       put_serial_write
   \   00000004   15B0               ADD      SP,SP,#+84
   \   00000006   F0BD               POP      {R4-R7,PC}       ;; return
   \                     ??Subroutine2_0:
   \   00000008   ........           DC32     TxkMessage
    203          
    204          /****************************/
    205          /*  KVP packet send to ZCM  */
    206          /****************************/

   \                                 In segment CODE, align 4, keep-with-next
    207          void send_API_KVP_packet(void)
    208          {
   \                     send_API_KVP_packet:
   \   00000000   F0B5               PUSH     {R4-R7,LR}
   \   00000002   95B0               SUB      SP,SP,#+84
    209            KVP_HANDLE TxKVP;
    210            KVP_HANDLE *pKvp = &TxKVP;
    211          
    212            char  size;
    213            char  *Ptr = (char*)&TxSerialPkt;
    214            Ptr += 2;
    215            
    216            pKvp->ProfileId_L = 1;
   \   00000004   0127               MOVS     R7,#+1
   \   00000006   6C46               MOV      R4,SP
   \   00000008   2770               STRB     R7,[R4, #+0]
    217            pKvp->ProfileId_H = 0;
   \   0000000A   0025               MOVS     R5,#+0
   \   0000000C   6570               STRB     R5,[R4, #+1]
    218            pKvp->ClusterId = 0x13;
   \   0000000E   1320               MOVS     R0,#+19
   \   00000010   A070               STRB     R0,[R4, #+2]
    219            pKvp->AddrMode = 0x01;
   \   00000012   E770               STRB     R7,[R4, #+3]
    220            memcpy(pKvp->Address, &ZEDaddress16, 8);
   \   00000014   ....               LDR      R6,??DataTable14  ;; P_NWK
   \   00000016   0822               MOVS     R2,#+8
   \   00000018   3100               MOVS     R1,R6
   \   0000001A   B831               ADDS     R1,R1,#+184
   \   0000001C   201D               ADDS     R0,R4,#+4
   \   0000001E   ........           _BLF     memcpy,??memcpy??rT
    221            pKvp->DstEndPoint = 1;
   \   00000022   2773               STRB     R7,[R4, #+12]
    222            pKvp->SrcEndPoint = 1;
   \   00000024   6773               STRB     R7,[R4, #+13]
    223            pKvp->CmdType = 2;
   \   00000026   0220               MOVS     R0,#+2
   \   00000028   A073               STRB     R0,[R4, #+14]
    224            pKvp->AttrId_L = 0;
   \   0000002A   E573               STRB     R5,[R4, #+15]
    225            pKvp->AttrId_H = 0; 
   \   0000002C   2574               STRB     R5,[R4, #+16]
    226            pKvp->DataType = KVP_DTYPE_CHARACTER_STRING;
   \   0000002E   0E20               MOVS     R0,#+14
   \   00000030   6074               STRB     R0,[R4, #+17]
    227            pKvp->ErrorCode = 0;
   \   00000032   A574               STRB     R5,[R4, #+18]
    228            size = TxkMessage[0];
   \   00000034   ....               LDR      R1,??Subroutine2_0  ;; TxkMessage
   \   00000036   0F78               LDRB     R7,[R1, #+0]
    229            pKvp->Reserved =  0;
   \   00000038   E574               STRB     R5,[R4, #+19]
    230           
    231            memcpy(pKvp->AttributeData, &TxkMessage, size);
   \   0000003A   3A00               MOVS     R2,R7
   \   0000003C   1434               ADDS     R4,R4,#+20
   \   0000003E   2000               MOVS     R0,R4
   \   00000040   ........           _BLF     memcpy,??memcpy??rT
    232            
    233            pOutPkt->PKT.layer = APP_LAYER;               // 0x80
   \   00000044   B06D               LDR      R0,[R6, #+88]
   \   00000046   8021               MOVS     R1,#+128
   \   00000048   8170               STRB     R1,[R0, #+2]
    234            pOutPkt->PKT.Opcode = APP_KVP;		// 0x00	
   \   0000004A   B06D               LDR      R0,[R6, #+88]
   \   0000004C   C570               STRB     R5,[R0, #+3]
    235            pOutPkt->PKT.Type = REQUEST;	                // 0x10
   \   0000004E   B06D               LDR      R0,[R6, #+88]
   \   00000050   1021               MOVS     R1,#+16
   \   00000052   0171               STRB     R1,[R0, #+4]
    236            pOutPkt->PKT.Size = sizeof(KVP_HANDLE) + size - APP_MAX_DATA_SIZE;
   \   00000054   B06D               LDR      R0,[R6, #+88]
   \   00000056   1437               ADDS     R7,R7,#+20
   \   00000058   4771               STRB     R7,[R0, #+5]
    237            printf("\nSIZE:%02X",pOutPkt->PKT.Size);
   \   0000005A   B06D               LDR      R0,[R6, #+88]
   \   0000005C   4179               LDRB     R1,[R0, #+5]
   \   0000005E   ....               LDR      R0,??DataTable12  ;; `?<Constant "\\nSIZE:%02X">`
   \   00000060   ........           _BLF     printf,??printf??rT
    238            
    239            memcpy(pOutPkt->PKT.Arguments, &TxKVP, pOutPkt->PKT.Size);
   \   00000064   B06D               LDR      R0,[R6, #+88]
   \   00000066   4279               LDRB     R2,[R0, #+5]
   \   00000068   6946               MOV      R1,SP
   \   0000006A   801D               ADDS     R0,R0,#+6
   \   0000006C   ........           _BLF     memcpy,??memcpy??rT
    240            pOutPkt->LEN = pOutPkt->PKT.Size + 4;
   \   00000070   B06D               LDR      R0,[R6, #+88]
   \   00000072   4179               LDRB     R1,[R0, #+5]
   \   00000074   091D               ADDS     R1,R1,#+4
   \   00000076   4170               STRB     R1,[R0, #+1]
    241            put_serial_write(Ptr, pOutPkt->LEN); 
   \   00000078   B06D               LDR      R0,[R6, #+88]
   \   0000007A   4178               LDRB     R1,[R0, #+1]
   \   0000007C   5E36               ADDS     R6,R6,#+94
   \   0000007E   3000               MOVS     R0,R6
   \   00000080                      REQUIRE ?Subroutine2
   \   00000080                      ;; // Fall through to label ?Subroutine2
    242          }
    243          

   \                                 In segment CODE, align 4, keep-with-next
    244          void send_NLME_REQ_packet(void)
    245          {
   \                     send_NLME_REQ_packet:
   \   00000000   10B5               PUSH     {R4,LR}
    246            char  *Ptr = (char*)&TxSerialPkt;
    247            Ptr += 2;
    248           
    249            pOutPkt->PKT.layer = NWK_LAYER;               // 0x20
   \   00000002   ....               LDR      R4,??DataTable17  ;; P_NWK
   \   00000004   A06D               LDR      R0,[R4, #+88]
   \   00000006   2021               MOVS     R1,#+32
   \   00000008   8170               STRB     R1,[R0, #+2]
    250            pOutPkt->PKT.Type = REQUEST;                  // 0x10
   \   0000000A   A06D               LDR      R0,[R4, #+88]
   \   0000000C   1021               MOVS     R1,#+16
   \   0000000E   0171               STRB     R1,[R0, #+4]
    251            
    252            memcpy(pOutPkt->PKT.Arguments, &P_NWK, pOutPkt->PKT.Size);
   \   00000010   A06D               LDR      R0,[R4, #+88]
   \   00000012   4279               LDRB     R2,[R0, #+5]
   \   00000014   2100               MOVS     R1,R4
   \   00000016   801D               ADDS     R0,R0,#+6
   \   00000018   ........           _BLF     memcpy,??memcpy??rT
    253            pOutPkt->LEN = pOutPkt->PKT.Size + 4;
   \   0000001C   A06D               LDR      R0,[R4, #+88]
   \   0000001E   4179               LDRB     R1,[R0, #+5]
   \   00000020   091D               ADDS     R1,R1,#+4
   \   00000022   4170               STRB     R1,[R0, #+1]
    254            put_serial_write(Ptr, pOutPkt->LEN); 
   \   00000024   A06D               LDR      R0,[R4, #+88]
   \   00000026   4178               LDRB     R1,[R0, #+1]
   \   00000028   5E34               ADDS     R4,R4,#+94
   \   0000002A   2000               MOVS     R0,R4
   \   0000002C   ........           BL       put_serial_write
    255          }
   \   00000030   10BD               POP      {R4,PC}          ;; return
    256          

   \                                 In segment CODE, align 4, keep-with-next
    257          void send_NLME_NETWORK_FORMATION_req(void)
    258          {
   \                     send_NLME_NETWORK_FORMATION_req:
   \   00000000   01B5               PUSH     {R0,LR}
    259            ZigBee_parameter_init();
   \   00000002   ........           BL       ZigBee_parameter_init
    260            pOutPkt->PKT.Opcode = NLME_NETWORK_FORMATION; // 0x12
   \   00000006   ....               LDR      R0,??DataTable14  ;; P_NWK
   \   00000008   816D               LDR      R1,[R0, #+88]
   \   0000000A   1222               MOVS     R2,#+18
   \   0000000C   CA70               STRB     R2,[R1, #+3]
    261            pOutPkt->PKT.Size = sizeof(NLME_NETWORK_FORMATION_REQ);
   \   0000000E   806D               LDR      R0,[R0, #+88]
   \   00000010   0A21               MOVS     R1,#+10
   \   00000012   ....               B.N      ??Subroutine3_0
    262            
    263            send_NLME_REQ_packet(); 
    264          }

   \                                 In segment CODE, align 4, keep-with-next
   \                     ?Subroutine3:
   \   00000000   0121               MOVS     R1,#+1
   \                     ??Subroutine3_0:
   \   00000002   4171               STRB     R1,[R0, #+5]
   \                     ??Subroutine3_1:
   \   00000004   ........           BL       send_NLME_REQ_packet
   \   00000008   08BD               POP      {R3,PC}          ;; return
    265          

   \                                 In segment CODE, align 4, keep-with-next
    266          void send_NLME_GET_req(char Attribute)
    267          {
   \                     send_NLME_GET_req:
   \   00000000   01B5               PUSH     {R0,LR}
    268            P_NWK.NLME_GET_req.NIBAttribute = Attribute;
   \   00000002   ....               LDR      R1,??DataTable17  ;; P_NWK
   \   00000004   0870               STRB     R0,[R1, #+0]
    269            pOutPkt->PKT.Opcode = NLME_GET;		// 0x20
   \   00000006   886D               LDR      R0,[R1, #+88]
   \   00000008   2022               MOVS     R2,#+32
   \   0000000A   C270               STRB     R2,[R0, #+3]
    270            pOutPkt->PKT.Size = sizeof(NLME_GET_REQ);
   \   0000000C   886D               LDR      R0,[R1, #+88]
   \   0000000E   ....               B.N      ?Subroutine3
    271            
    272            send_NLME_REQ_packet();
    273          }
    274          

   \                                 In segment CODE, align 4, keep-with-next
    275          void send_NLME_RESET_req(void)
    276          { 
   \                     send_NLME_RESET_req:
   \   00000000   01B5               PUSH     {R0,LR}
    277            P_NWK.NLME_RESET_req.NullData = 0;
   \   00000002   ....               LDR      R0,??DataTable17  ;; P_NWK
   \   00000004   0021               MOVS     R1,#+0
   \   00000006   0170               STRB     R1,[R0, #+0]
    278            pOutPkt->PKT.Opcode = NLME_RESET;		// 0x18	
   \   00000008   816D               LDR      R1,[R0, #+88]
   \   0000000A   1822               MOVS     R2,#+24
   \   0000000C   CA70               STRB     R2,[R1, #+3]
    279            pOutPkt->PKT.Size = sizeof(NLME_RESET_REQ);
   \   0000000E   806D               LDR      R0,[R0, #+88]
   \   00000010                      REQUIRE ?Subroutine3
   \   00000010                      ;; // Fall through to label ?Subroutine3
    280            
    281            send_NLME_REQ_packet();
    282          }
    283          

   \                                 In segment CODE, align 4, keep-with-next
    284          void send_NLME_PERMIT_JOINING_req(char duration)
    285          {
   \                     send_NLME_PERMIT_JOINING_req:
   \   00000000   01B5               PUSH     {R0,LR}
    286            P_NWK.NLME_PERMIT_JOINING_req.PermitDuration = duration;
   \   00000002   ....               LDR      R1,??DataTable17  ;; P_NWK
   \   00000004   0870               STRB     R0,[R1, #+0]
    287            pOutPkt->PKT.Size = sizeof(NLME_PERMIT_JOINING_REQ);
   \   00000006   886D               LDR      R0,[R1, #+88]
   \   00000008   0122               MOVS     R2,#+1
   \   0000000A   4271               STRB     R2,[R0, #+5]
    288            //printf("\nSIZE:%02X",pOutPkt->PKT.Size);
    289            pOutPkt->PKT.Opcode = NLME_PERMIT_JOINING;	// 0x13	
   \   0000000C   886D               LDR      R0,[R1, #+88]
   \   0000000E   1321               MOVS     R1,#+19
   \   00000010   C170               STRB     R1,[R0, #+3]
    290            
    291            send_NLME_REQ_packet();
   \   00000012   ....               B.N      ??Subroutine3_1
    292          }
    293          

   \                                 In segment CODE, align 4, keep-with-next
    294          void send_NLME_START_ROUTER_req(UINT8 beacon, UINT8 superframe, UINT8 battery)
    295          {
   \                     send_NLME_START_ROUTER_req:
   \   00000000   01B5               PUSH     {R0,LR}
    296            P_NWK.NLME_START_ROUTER_req.BeaconOrder = beacon;
   \   00000002   ....               LDR      R3,??DataTable18  ;; P_NWK
   \   00000004   1870               STRB     R0,[R3, #+0]
    297            P_NWK.NLME_START_ROUTER_req.SuperframeOrder = superframe;
   \   00000006   5970               STRB     R1,[R3, #+1]
    298            P_NWK.NLME_START_ROUTER_req.BatteryLifeExtension = battery;
   \   00000008   9A70               STRB     R2,[R3, #+2]
    299            
    300            pOutPkt->PKT.Size = sizeof(NLME_START_ROUTER_REQ);
   \   0000000A   986D               LDR      R0,[R3, #+88]
   \   0000000C   0321               MOVS     R1,#+3
   \   0000000E   4171               STRB     R1,[R0, #+5]
    301            //printf("\nSIZE:%02X",pOutPkt->PKT.Size);
    302            pOutPkt->PKT.Opcode = NLME_START_ROUTER;	// 0x14	
   \   00000010   986D               LDR      R0,[R3, #+88]
   \   00000012   1421               MOVS     R1,#+20
   \   00000014   C170               STRB     R1,[R0, #+3]
    303            
    304            send_NLME_REQ_packet();
   \   00000016   ....               B.N      ??Subroutine3_1
    305          }
    306          

   \                                 In segment CODE, align 4, keep-with-next
    307          void putcharZ(char c)
    308          {
   \                     putcharZ:
   \   00000000   10B5               PUSH     {R4,LR}
   \   00000002   0400               MOVS     R4,R0
    309            putchar0(c);
   \   00000004   ........           _BLF     putchar0,??putchar0??rT
    310            printf("%02X ", c);
   \   00000008   2100               MOVS     R1,R4
   \   0000000A   ....               LDR      R0,??DataTable19  ;; `?<Constant "E%02X ">` + 1100
   \   0000000C   ........           _BLF     printf,??printf??rT
    311            //delay_us(500);
    312          }
   \   00000010   10BD               POP      {R4,PC}          ;; return
    313               
    314          #define CFG_TOP_LAYER          0x00
    315          #define CFG_NWK_INFO           0x01
    316          #define CFG_SYS_VERSION        0x7F
    317          #define CFG_SYS_BACKUP         0x0f
    318          #define CFG_TOP_LAYER_GET      0x80
    319          #define CFG_NWK_INFO_GET       0x81
    320          
    321          #define	NO_ERR		0
    322          #define	STX_ERR		1
    323          #define	ETX_ERR		2
    324          #define	SUM_ERR		3
    325          #define	LEN_ERR		4
    326          #define	NAK_ERR		5
    327          /******************************/
    328          /* 	Packet Verify         */
    329          /*    STX, ETX, SUM check     */
    330          /******************************/

   \                                 In segment CODE, align 4, keep-with-next
    331          char packet_verify(char *Ptr)
    332          { 
   \                     packet_verify:
   \   00000000   70B5               PUSH     {R4-R6,LR}
   \   00000002   0100               MOVS     R1,R0
    333            char no, size; 
    334            char err = NO_ERR;
   \   00000004   0023               MOVS     R3,#+0
   \   00000006   0020               MOVS     R0,#+0
    335            char sum = 0;
   \   00000008   0200               MOVS     R2,R0
    336            
    337            if (*Ptr != STX_ZB) err = STX_ERR;
   \   0000000A   0C78               LDRB     R4,[R1, #+0]
   \   0000000C   AA2C               CMP      R4,#+170
   \   0000000E   00D0               BEQ      ??packet_verify_0
   \   00000010   0120               MOVS     R0,#+1
    338            Ptr++;
   \                     ??packet_verify_0:
   \   00000012   491C               ADDS     R1,R1,#+1
    339            size = *Ptr;
   \   00000014   0C78               LDRB     R4,[R1, #+0]
    340            if (size >= 128) err = LEN_ERR;
   \   00000016   802C               CMP      R4,#+128
   \   00000018   00D3               BCC      ??packet_verify_1
   \   0000001A   0420               MOVS     R0,#+4
    341            Ptr++;
   \                     ??packet_verify_1:
   \   0000001C   491C               ADDS     R1,R1,#+1
    342            for (no = 0; no < size; no++) sum += *Ptr++;
   \   0000001E   2600               MOVS     R6,R4
   \   00000020   07E0               B        ??packet_verify_2
   \                     ??packet_verify_3:
   \   00000022   0D78               LDRB     R5,[R1, #+0]
   \   00000024   5219               ADDS     R2,R2,R5
   \   00000026   1206               LSLS     R2,R2,#+24
   \   00000028   120E               LSRS     R2,R2,#+24
   \   0000002A   491C               ADDS     R1,R1,#+1
   \   0000002C   5B1C               ADDS     R3,R3,#+1
   \   0000002E   1B06               LSLS     R3,R3,#+24
   \   00000030   1B0E               LSRS     R3,R3,#+24
   \                     ??packet_verify_2:
   \   00000032   A342               CMP      R3,R4
   \   00000034   F5D3               BCC      ??packet_verify_3
    343            if (*Ptr != sum) err = SUM_ERR;
   \   00000036   0B78               LDRB     R3,[R1, #+0]
   \   00000038   9342               CMP      R3,R2
   \   0000003A   01D0               BEQ      ??packet_verify_4
   \   0000003C   0320               MOVS     R0,#+3
   \   0000003E   70BD               POP      {R4-R6,PC}
    344             else if (*++Ptr != ETX_ZB) err = ETX_ERR; 
   \                     ??packet_verify_4:
   \   00000040   4978               LDRB     R1,[R1, #+1]
   \   00000042   5529               CMP      R1,#+85
   \   00000044   00D0               BEQ      ??packet_verify_5
   \   00000046   0220               MOVS     R0,#+2
    345            //printf("\nErr:%1d size:%2x sum:%2x ptr:%2x", err, size, sum, *Ptr);  
    346            return err;
   \                     ??packet_verify_5:
   \   00000048   70BD               POP      {R4-R6,PC}       ;; return
    347          }
    348          
    349          UINT8 TestRx1[] = {0xaa, 0x08, 0x80, 0x80, 0x11, 0x04, 0x7f, 0x02, 0x00, 0x20, 0xb6, 0x55};
    350          UINT8 TestRx2[] = {0xaa, 0x08, 0x80, 0x80, 0x11, 0x04, 0x80, 0x02, 0x00, 0x80, 0x17, 0x55};
    351          UINT8 TestRx3[] = {
    352          0xaa, 0x46, 0x80, 0x80, 0x11, 0x42, 0x81, 0x40,
    353          0x00, 0x62, 0x56, 0x34, 0x12, 0x12, 0x51, 0x15,
    354          0x00, 0x00, 0x00, 0x00, 0x00, 0x00, 0x00, 0x00,
    355          0x03, 0x08, 0x03, 0x08, 0x00, 0x00, 0x00, 0x00,
    356          0x00, 0x00, 0x00, 0x00, 0x00, 0x00, 0x00, 0x00,
    357          0x0b, 0x34, 0x12, 0xff, 0xff, 0x00, 0x00, 0x00,
    358          0x00, 0x00, 0x00, 0x00, 0x00, 0x00, 0x00, 0x00,
    359          0x00, 0x00, 0x00, 0x00, 0x00, 0x00, 0x00, 0x00,
    360          0x00, 0x00, 0x00, 0x00, 0x00, 0x00, 0x00, 0x00,
    361          0xef, 0x55};
    362          
    363          UINT8 ZCMversionReq[] = {APP_LAYER, APP_MGR, REQUEST, 
    364          			0x02,			// Size 
    365          			CFG_SYS_VERSION,	// 0x7F 
    366          			0x00};                  // ?
    367          UINT8 ConnectRcv1[] = {	APP_LAYER, APP_MGR, CONFIRM, 
    368          			0x04,                   // Size
    369          			CFG_SYS_VERSION, 
    370          			0x02,			// Size?                   
    371          			0x00,			// Status(0:cNWKS_SUCCESS) 
    372          			0x20};			// version 2.0
    373          
    374          UINT8 ZCMtopLayerReq[] = {APP_LAYER, APP_MGR, REQUEST, 
    375          			0x02,                   // Size
    376          			CFG_TOP_LAYER_GET,	// 0x80 
    377          			0x00};
    378          UINT8 ZCM_toplayer_Rcv2[] = {	APP_LAYER, APP_MGR, CONFIRM,
    379          			0x04,                   // Size
    380          			CFG_TOP_LAYER_GET,	// 0x80  
    381          			0x02,                   // Size?
    382          			0x00,			// Status(0:cNWKS_SUCCESS) 
    383          			0x80};
    384          
    385          UINT8 ZCMnetworkInfoReq[] = {APP_LAYER, APP_MGR, REQUEST, 
    386          			0x02,                   // Size
    387          			CFG_NWK_INFO_GET,	// 0x81
    388          			0x00};			// ?
    389          // 01 12 23 34 45 56 67 78 89 9A AB BC CD DE EF F2
    390          UINT8 ZCM_network_info[] = {APP_LAYER, APP_MGR, CONFIRM, 
    391          			0x42,                   // Size
    392          			CFG_NWK_INFO_GET,	// 0x81
    393          			0x40,                   // Size?
    394          			0x00,			// Status(0:cNWKS_SUCCESS)
    395          			0x62, 0x56, 0x34, 0x12, 0x12, 0x51, 0x15, 0x00,	// IEEE address
    396          			0x00, 0x00, 0x00, 0x00, 0x00, 0x00, 0x00, 
    397          			0x03,           	// Depth
    398          			0x08,			// Children 
    399          			0x03, 0x08, 
    400          			0x00, 0x00, 0x00, 0x00, 0x00, 0x00, 0x00, 0x00, 0x00, 
    401          			0x00, 0x00, 0x00, 
    402          			0x0B,			// channel NO 
    403          			0x34, 0x12,		// PAD ID 
    404          			0xFF,           	// Beacon Order
    405          			0xFF,			// SuperframeOrder             
    406          			0x00, 0x00, 0x00, 0x00, 0x00, 0x00, 0x00, 0x00, 0x00, 
    407          			0x00, 0x00, 0x00, 0x00, 0x00, 0x00, 0x00, 0x00, 0x00, 
    408          			0x00, 0x00, 0x00, 0x00, 0x00, 0x00, 0x00, 0x00, 0x00};
    409          
    410          
    411          #define	GET_IEEEADD	0x7F
    412          #define	GET_85		0x85
    413          #define	GET_84		0x84
    414          
    415          // aa 05 20 20 10 01 7f d0 55
    416          UINT8 FormingReq1[] = {	NWK_LAYER, NLME_GET, REQUEST, 
    417          			0x01,                   // Size
    418          			0x7F};			// Get IEEE_Extend_Addr
    419          // aa 0f 20 20 11 0b 00 7f 08 62 56 34 12 12 51 15 00 59 55
    420          UINT8 FormingRcv1[] = {	NWK_LAYER, NLME_GET, CONFIRM, 
    421          			0x0B,                   // Size
    422          			0x00,                   // Status(0:cNWKS_SUCCESS)
    423          			0x7F,                   // Get IEEE_Extend_Addr
    424          			0x08,                   // NIBAttributeLength;
    425          			0x62, 0x56, 0x34, 0x12, 0x12, 0x51, 0x15, 0x00};	// IEEE address
    426          
    427          // aa 05 20 20 10 01 85 d6 55
    428          UINT8 FormingReq2[] = {	NWK_LAYER, NLME_GET, REQUEST, 
    429          			0x01,                   // Size
    430          			0x85};			// NIBAttribute;
    431          // aa 08 20 20 11 04 00 85 01 03 de 55
    432          UINT8 FormingRcv2[] = {	NWK_LAYER, NLME_GET, CONFIRM, 
    433          			0x04,                   // Size
    434          			0x00,                   // Status(0:cNWKS_SUCCESS) 
    435          			0x85,                   // Get nwkMaxDepth;
    436          			0x01,                   // NIBAttributeLength;
    437          			0x03};			// CurrentMaxDepth
    438          // aa 05 20 20 10 01 84 d5 55
    439          UINT8 FormingReq3[] = {	NWK_LAYER, NLME_GET, REQUEST, 
    440          			0x01,                   // Size
    441          			0x84};			// Get nwkMaxChildren
    442          // aa 08 20 20 11 04 00 84 01 08 e2 55
    443          UINT8 FormingRcv3[] = {	NWK_LAYER, NLME_GET, CONFIRM, 
    444          			0x04,                   // Size
    445          			0x00,			// Status(0:cNWKS_SUCCESS)
    446          			0x84,                   // nwkMaxChildren
    447          			0x01,                   // NIBAttributeLength
    448          			0x08};                  // nwkMaxChildren
    449          // aa 05 20 18 10 01 00 49 55 
    450          UINT8 FormingReq4[] = {	NWK_LAYER, NLME_RESET, REQUEST, 
    451          			0x01, 
    452          			0x00};			// NullData;
    453          // aa 05 20 18 11 01 00 4a 55
    454          UINT8 FormingRcv4[] = {	NWK_LAYER, NLME_RESET, CONFIRM, 
    455          			0x01,                   // Size
    456          			0x00};			// Status(0:cNWKS_SUCCESS)
    457          
    458          // aa 0e 20 12 10 0a 00 08 00 00 02 0f 0f 34 12 00 ba 55 
    459          UINT8 FormingReq5[] = {	NWK_LAYER, NLME_NETWORK_FORMATION, REQUEST, 
    460          			0x0A,                   // Size
    461          			0x00, 0x08, 0x00, 0x00,	// ScanChannels; 
    462          		       	0x02,			// ScanDuration; 
    463          		       	0x0F,			// BeaconOrder; 
    464          		       	0x0F,			// SuperframeOrder; 
    465          		       	0x34, 0x12,		// PANId; 
    466          		       	0x00};			// BatteryLifeExtension;
    467          // aa 05 20 12 11 01 00 44 55
    468          UINT8 FormingRcv5[] = {	NWK_LAYER, NLME_NETWORK_FORMATION, CONFIRM, 
    469          			0x01,                   // Size
    470          			0x00};			// Status(0:cNWKS_SUCCESS)		
    471          
    472          // aa 05 20 13 10 01 ff 43 55
    473          UINT8 FormingReq6[] = {	NWK_LAYER, NLME_PERMIT_JOINING, REQUEST, 
    474          			0x01,			// Size
    475          			0xFF};                  // PermitDuration; 
    476          // aa 05 20 13 11 01 00 45 55
    477          UINT8 FormingRcv6[] = {	NWK_LAYER, NLME_PERMIT_JOINING, CONFIRM, 
    478          			0x01,                   // Size
    479          			0x00};			// Status(0:cNWKS_SUCCESS)
    480          
    481          // Tx> aa 07 20 14 10 03 0f 0f 00 65 55
    482          UINT8 FormingReq7[] = {	NWK_LAYER, NLME_START_ROUTER, REQUEST, 
    483          			0x03,                   // Size
    484          			0x0F,			// BeaconOrder; 
    485          			0x0F,			// SuperframeOrder; 
    486          			0x00};			// BatteryLifeExtension;
    487          // Rx> aa 05 20 14 11 01 00 46 55
    488          UINT8 FormingRcv7[] = {	NWK_LAYER, NLME_START_ROUTER, CONFIRM, 
    489          			0x01,                   // Size
    490          			0x00};			// Status(0:cNWKS_SUCCESS)
    491          
    492          UINT8  EndDeviceAnnounce[] = {				// 0xAA, 0x1E, 
    493            			APP_LAYER, APP_MSG, INDICATION,	// 0x80, 0x01, 0x12 	
    494          			0x1A,				// Size
    495          			0x00, 0x00, 
    496          			CID_END_DEVICE_ANNCE_REQ,	// 0x13, 
    497          			0x01, 0x01, 
    498          			0x00, 0x00, 0x00, 0x00, 0x00, 0x00, 0x00, 0x00, 0x00, 
    499          			0x60, 
    500          			0x0A,			// size? 
    501          			0x01, 0x00,		// network add 
    502          			0x0A, 0x00, 0x00, 0xA0, 0x12, 0x51, 0x15, 0x00	// IEEE address
    503          			};			// 0x4F, 0x55
    504          UINT8 EndDeviceReq[] = {			// AA 16 
    505            			APP_LAYER, APP_MSG, REQUEST,	// 0x80, 0x01, 0x10, 
    506          			0x12,			// Size 
    507          			0x00, 0x00, 
    508          			CID_ACTIVE_EP_REQ, 	// 0x05  
    509          			0x01, 0x01, 
    510          			0x00, 0x00, 0x00, 0x00, 0x00, 0x00, 0x00, 0x00, 0x00, 0x00, 
    511          			0x02,			// size?  
    512          			0x01, 0x00,		// network add  
    513          			};			// AD 55
    514          UINT8 ZCMConfirm[] =  { 			// 0xAA, 0x05 	
    515            			APP_LAYER, APP_MSG, CONFIRM,	// 0x80, 0x01, 0x11, 
    516          			0x01,                   // size?
    517          			0x00,			// Success 
    518          			};			// 0x93, 0x55
    519          UINT8 EndDeviceRsp[] = { 
    520            			APP_LAYER, APP_MSG, INDICATION,// 0x80, 0x01, 0x12, 
    521          			0x18, 			// size
    522          			0x00, 0x00, 
    523          			CID_ACTIVE_EP_RSP,	// 0x85 
    524          			0x01, 0x01, 
    525          			0x00, 0x00, 0x00, 0x00, 0x00, 0x00, 0x00, 0x00, 0x00, 
    526          			0x58, 
    527          			0x08,			// size? 
    528          			0x00, 0x01,		// network add 
    529          			0x00, 
    530          			0x04,			// ActiveEPCount; //max 24까지 
    531          			0x01, 0x02, 0x03, 0x04,	// ActiveEPList[PROFILE_MAX_SIZE - 4];
    532          			};			// 0xA1, 0x55
    533          
    534          // Simple Descriptor request
    535          UINT8 SimpleDescriptReq[] = {
    536          			APP_LAYER, APP_MSG, REQUEST,	// 0x80, 0x01, 0x10, 
    537          			0x13,			// size 
    538          			0x00, 0x00, 
    539          			CID_SIMPLE_DESC_REQ,	// 0x04, 
    540          			0x01, 0x01, 
    541          			0x00, 0x00, 0x00, 0x00, 0x00, 0x00, 0x00, 0x00, 0x00, 0x00, 
    542          			0x03,                   // Length
    543          			0x01, 0x00,		// NWKAddrOfInterest 
    544          			0x01                    // endpoint
    545          			};			// 0xAF, 0x55};              
    546          // UINT8 ZCMConfirm[]
    547          UINT8 SimpleDescriptRsp[] = {
    548           			APP_LAYER, APP_MSG, INDICATION,	// 0x80, 0x01, 0x12, 
    549          			0x1E,                   // size 
    550          			0x00, 0x00, 
    551          			CID_SIMPLE_DESC_RSP,	// 0x84, 
    552          			0x01, 0x01, 
    553          			0x00, 0x00, 0x00, 0x00, 0x00, 0x00, 0x00, 0x00, 0x00, 
    554          			0x64, 
    555          			0x0E,			// size 
    556          			0x00,			// status: cMACS_SUCCESS = 0x00 
    557          			0x01, 0x00,		// NWKAddrOfInterest 
    558          			0x0A,			// Length 
    559          			0x01,			// Endpoint
    560          			0x00, 0x15,             // App_Profile_ID
    561          			0x01, 0x00,             // App_Device_ID
    562          			0x00,                   // App_Device_version(4) | App_Device_flags(4)<<4
    563          			0x01,                   // App_input_cluster_cnt
    564          			0x13,			// input_cluster_list[MAX_CLUSTERID_SIZE] 
    565          			0x01,			// App_output_cluster_cnt; 
    566          			0x13			// output_cluster_list[MAX_CLUSTERID_SIZE]
    567          			};			// 0xF3, 0x55};
    568          UINT8 KVPsample0[] = 	{			// 0xAA, 0x19, 
    569          			APP_LAYER, APP_KVP, INDICATION,	// 0x80, 0x00, 0x12,
    570          			0x15,			// Length 
    571          			0x01, 0x00,		// ProfileId 
    572          			0x13,			// ClusterId 
    573          			0x01,			// AddrMode: UINT16_ADDRESS_PRESENT
    574          			0x01, 0x00, 0x00, 0x00, 0x00, 0x00, 0x00, 0x00,	// Address[4] 
    575          			0x01,			// DstEndPoint 
    576          			0x01,			// SrcEndPoint: [P0_7] 
    577          			0x02,			// CmdType: KVP_CMD_EVENT  
    578          			0x00, 0x00,		// AttrId 
    579          			0x01,			// DataType: KVP_DTYPE_UINT8 
    580          			0x00,			// ErrorCode 
    581          			0x5A,			// Reserved 
    582          			0x00 			// AttributeData[64]			 
    583          			};			// 0x1C, 0x55
    584          
    585          /*
    586          typedef struct
    587          {
    588              UINT16 	ProfileId;
    589              UINT8 	ClusterId;
    590              UINT8 	AddrMode;
    591              UINT16 	Address[4];
    592              UINT8 	DstEndPoint;
    593              UINT8 	SrcEndPoint;
    594          
    595              UINT8 	CmdType;
    596              UINT16 	AttrId;
    597              UINT8 	DataType;
    598              UINT8 	ErrorCode;
    599              UINT8 	Reserved;
    600              UINT8 	AttributeData[64];
    601          } KVP_HANDLE;
    602          typedef struct _SIMPLE_DESC_RSP
    603          {
    604          UINT8 Status; 
    605          //cMACS_SUCCESS = 0x00
    606          //INVALID_EP = 0x01
    607          //NOT_ACTIVE = 0x02
    608          //DEVICE_NOT_FOUND = 0x03
    609          //Reserved = 0x04-0xff
    610          UINT16 	NWKAddrOfInterest;
    611          UINT8 	Length;
    612          T_SIMPLE_DESCRIPTOR SimpleDesc;
    613          } SIMPLE_DESC_RSP, *LPSIMPLE_DESC_RSP;
    614          
    615          typedef struct
    616          {
    617              UINT8 	Endpoint;
    618              UINT16 	App_Profile_ID;
    619              UINT16 	App_Device_ID;
    620              UINT8   	App_Device_version : 4;
    621              UINT8   	App_Device_flags : 4;
    622              UINT8 	App_input_cluster_cnt;
    623              UINT8 	input_cluster_list[MAX_CLUSTERID_SIZE];
    624              UINT8 	App_output_cluster_cnt;
    625              UINT8 	output_cluster_list[MAX_CLUSTERID_SIZE];
    626          } T_SIMPLE_DESCRIPTOR;
    627          */
    628          
    629          UINT8 MACdataReq[]  = { MAC_LAYER, MCPS_DATA, REQUEST, 0x1B, 0x02, 
    630          			0xCD, 0xAB, 		// Source PAN ID
    631          			0x34, 0x12, 0, 0, 0, 0, 0, 0,	// Source address 
    632          			0x02,			// Destination Address Mode
    633          			0xCD, 0xAB,		// Destination PAN ID
    634          			0xFE, 0xCA, 0, 0, 0, 0, 0, 0,	// Destination address
    635          			0x02,			// MSDU Length 
    636          			0x00,			// MSDU  Handle
    637          			0x01,                   // Tx Option
    638          			0x22, 0x11};		// MSDU
    639          
    640          /*******************************/
    641          /* ZCM debug print             */
    642          /* ZigBee Packet : HEX print   */
    643          /* Other message : ASCII print */
    644          /*******************************/

   \                                 In segment DATA_Z, align 1, align-sorted
    645          char ZCMdpMode;
   \                     ZCMdpMode:
   \   00000000                      DS8 1
    646          char PacketLength;
   \                     PacketLength:
   \   00000001                      DS8 1

   \                                 In segment CODE, align 4, keep-with-next
    647          void ZCM_debug_print(char c)
    648          {
   \                     ZCM_debug_print:
   \   00000000   F1B5               PUSH     {R0,R4-R7,LR}
    649            switch (ZCMdpMode)  
   \   00000002   ....               LDR      R2,??DataTable20  ;; `?<Constant "E%02X ">`
   \   00000004   ....               LDR      R1,??DataTable21  ;; 0x44c
   \   00000006   5418               ADDS     R4,R2,R1
   \   00000008   0100               MOVS     R1,R0
   \   0000000A   0023               MOVS     R3,#+0
   \   0000000C   144D               LDR      R5,??ZCM_debug_print_0  ;; ZCMdpMode
   \   0000000E   2E78               LDRB     R6,[R5, #+0]
   \   00000010   002E               CMP      R6,#+0
   \   00000012   04D0               BEQ      ??ZCM_debug_print_1
   \   00000014   012E               CMP      R6,#+1
   \   00000016   0FD0               BEQ      ??ZCM_debug_print_2
   \   00000018   022E               CMP      R6,#+2
   \   0000001A   13D0               BEQ      ??ZCM_debug_print_3
   \   0000001C   1DE0               B        ??ZCM_debug_print_4
    650            {
    651              
    652              case 0:     
    653                if (c == 0xAA) 
   \                     ??ZCM_debug_print_1:
   \   0000001E   AA28               CMP      R0,#+170
   \   00000020   08D1               BNE      ??ZCM_debug_print_5
    654                {
    655          	ZCMdpMode = 1;
   \   00000022   0120               MOVS     R0,#+1
   \   00000024   2870               STRB     R0,[R5, #+0]
    656          	printf("\nZCM Packet: ");
   \   00000026   8E20               MOVS     R0,#+142
   \   00000028   C000               LSLS     R0,R0,#+3        ;; #+1136
   \   0000002A   1018               ADDS     R0,R2,R0
   \   0000002C   ........           _BLF     printf,??printf??rT
    657          	printf("%02X ",c);
   \   00000030   AA21               MOVS     R1,#+170
   \   00000032   05E0               B.N      ??ZCM_debug_print_6
    658                } else printf("%c",c);
   \                     ??ZCM_debug_print_5:
   \   00000034   ....               ADR      R0,??DataTable22  ;; "%c"
   \   00000036   04E0               B.N      ??ZCM_debug_print_7
    659                return;
    660                
    661              case 1:
    662                PacketLength = c + 1;
   \                     ??ZCM_debug_print_2:
   \   00000038   401C               ADDS     R0,R0,#+1
   \   0000003A   6870               STRB     R0,[R5, #+1]
    663                ZCMdpMode = 2;
   \   0000003C   0220               MOVS     R0,#+2
   \   0000003E   2870               STRB     R0,[R5, #+0]
    664                printf("%02X ",c);
   \                     ??ZCM_debug_print_6:
   \   00000040   2000               MOVS     R0,R4
   \                     ??ZCM_debug_print_7:
   \   00000042   ....               B.N      ?Subroutine1
    665                return;
    666                
    667              case 2:
    668                if (!PacketLength) ZCMdpMode = 0; 
   \                     ??ZCM_debug_print_3:
   \   00000044   6878               LDRB     R0,[R5, #+1]
   \   00000046   0028               CMP      R0,#+0
   \   00000048   00D1               BNE      ??ZCM_debug_print_8
   \   0000004A   2B70               STRB     R3,[R5, #+0]
    669                printf("%02X ",c);
   \                     ??ZCM_debug_print_8:
   \   0000004C   2000               MOVS     R0,R4
   \   0000004E   ........           _BLF     printf,??printf??rT
    670                PacketLength--;
   \   00000052   6878               LDRB     R0,[R5, #+1]
   \   00000054   401E               SUBS     R0,R0,#+1
   \   00000056   6870               STRB     R0,[R5, #+1]
    671                return;
   \   00000058   F8BD               POP      {R3-R7,PC}
    672                
    673              default:
    674                ZCMdpMode = 0;
   \                     ??ZCM_debug_print_4:
   \   0000005A   2B70               STRB     R3,[R5, #+0]
    675                return;
   \   0000005C   F8BD               POP      {R3-R7,PC}       ;; return
   \   0000005E   C046               Nop      
   \                     ??ZCM_debug_print_0:
   \   00000060   ........           DC32     ZCMdpMode
    676            }
    677          }
    678          
    679          short  sZBrxDelay, sZBmaxDelay;
    680          char  ZCMpass;
    681          char  ZBerr;
    682          char  no;
    683          int  iZCMcount;
    684          int  iRxPCcount, iRxZCMcount;
    685          char ZCMrxCount;

   \                                 In segment DATA_Z, align 4, align-sorted
    686          char ZCMrxBuffer[256];
   \                     ZCMrxBuffer:
   \   00000000                      DS8 256

   \                                 In segment DATA_Z, align 4, align-sorted
    687          UINT16 sEndDevice[32];
   \                     sEndDevice:
   \   00000000                      DS8 64
    688          /**************************************/
    689          /* ZCM resoponse receive from usart0  */
    690          /**************************************/

   \                                 In segment CODE, align 4, keep-with-next
    691          void ZCM_rsp_receive(void)
    692          {
   \                     ZCM_rsp_receive:
   \   00000000   70B5               PUSH     {R4-R6,LR}
    693            char data;
    694              if (RxUSART0) 
   \   00000002   0024               MOVS     R4,#+0
   \   00000004   ....               LDR      R5,??DataTable23  ;; ScanChannel
   \   00000006   ....               LDR      R0,??DataTable24  ;; rx_rd_index0
   \   00000008   0021               MOVS     R1,#+0
   \   0000000A   405E               LDRSH    R0,[R0, R1]
   \   0000000C   ....               LDR      R1,??DataTable25  ;; rx_wr_index0
   \   0000000E   0022               MOVS     R2,#+0
   \   00000010   895E               LDRSH    R1,[R1, R2]
   \   00000012   8842               CMP      R0,R1
   \   00000014   1BD0               BEQ      ??ZCM_rsp_receive_0
    695              {
    696                data = getchar0();
   \   00000016   ........           _BLF     getchar0,??getchar0??rT
   \   0000001A   0600               MOVS     R6,R0
    697                if (ZCMdebug) ZCM_debug_print(data);	//printf("%02X ",data);
   \   0000001C   287A               LDRB     R0,[R5, #+8]
   \   0000001E   0028               CMP      R0,#+0
   \   00000020   02D0               BEQ      ??ZCM_rsp_receive_1
   \   00000022   3000               MOVS     R0,R6
   \   00000024   ........           BL       ZCM_debug_print
    698                iZCMcount++;
   \                     ??ZCM_rsp_receive_1:
   \   00000028   A869               LDR      R0,[R5, #+24]
   \   0000002A   401C               ADDS     R0,R0,#+1
   \   0000002C   A861               STR      R0,[R5, #+24]
    699                ZCMrxCount++;
   \   0000002E   287B               LDRB     R0,[R5, #+12]
   \   00000030   401C               ADDS     R0,R0,#+1
   \   00000032   2873               STRB     R0,[R5, #+12]
    700                if (data == STX_ZB) ZCMrxCount = 0;
   \   00000034   AA2E               CMP      R6,#+170
   \   00000036   01D1               BNE      ??ZCM_rsp_receive_2
   \   00000038   2C73               STRB     R4,[R5, #+12]
   \   0000003A   04E0               B        ??ZCM_rsp_receive_3
    701                if (data == ETX_ZB) sStepZBrx++;
   \                     ??ZCM_rsp_receive_2:
   \   0000003C   552E               CMP      R6,#+85
   \   0000003E   02D1               BNE      ??ZCM_rsp_receive_3
   \   00000040   288A               LDRH     R0,[R5, #+16]
   \   00000042   401C               ADDS     R0,R0,#+1
   \   00000044   2882               STRH     R0,[R5, #+16]
    702                ZCMrxBuffer[ZCMrxCount] = data;
   \                     ??ZCM_rsp_receive_3:
   \   00000046   287B               LDRB     R0,[R5, #+12]
   \   00000048   ....               LDR      R1,??DataTable28  ;; ZCMrxBuffer
   \   0000004A   0E54               STRB     R6,[R1, R0]
   \   0000004C   0FE0               B        ??ZCM_rsp_receive_4
    703              }
    704              else if (++sZBrxDelay > sZBmaxDelay) 
   \                     ??ZCM_rsp_receive_0:
   \   0000004E   1220               MOVS     R0,#+18
   \   00000050   285E               LDRSH    R0,[R5, R0]
   \   00000052   401C               ADDS     R0,R0,#+1
   \   00000054   6882               STRH     R0,[R5, #+18]
   \   00000056   1421               MOVS     R1,#+20
   \   00000058   695E               LDRSH    R1,[R5, R1]
   \   0000005A   0004               LSLS     R0,R0,#+16
   \   0000005C   0014               ASRS     R0,R0,#+16
   \   0000005E   8142               CMP      R1,R0
   \   00000060   05DA               BGE      ??ZCM_rsp_receive_4
    705              {
    706                ZBerr++;
   \   00000062   A87A               LDRB     R0,[R5, #+10]
   \   00000064   401C               ADDS     R0,R0,#+1
   \   00000066   A872               STRB     R0,[R5, #+10]
    707                sStepZBrx++;
   \   00000068   288A               LDRH     R0,[R5, #+16]
   \   0000006A   401C               ADDS     R0,R0,#+1
   \   0000006C   2882               STRH     R0,[R5, #+16]
    708              }
    709              
    710              if (ErrUsart != 0) 
   \                     ??ZCM_rsp_receive_4:
   \   0000006E   ....               LDR      R0,??DataTable27  ;; ErrUsart
   \   00000070   0178               LDRB     R1,[R0, #+0]
   \   00000072   0029               CMP      R1,#+0
   \   00000074   03D0               BEQ      ??ZCM_rsp_receive_5
    711              {
    712                ZBerr++;
   \   00000076   A97A               LDRB     R1,[R5, #+10]
   \   00000078   491C               ADDS     R1,R1,#+1
   \   0000007A   A972               STRB     R1,[R5, #+10]
    713                ErrUsart = 0;
   \   0000007C   0470               STRB     R4,[R0, #+0]
    714              }
    715          }
   \                     ??ZCM_rsp_receive_5:
   \   0000007E   70BD               POP      {R4-R6,PC}       ;; return
    716          
    717          // rx packet를 해석

   \                                 In segment CODE, align 4, keep-with-next
    718          void rxpacket_parser(void)
    719          {
   \                     rxpacket_parser:
   \   00000000   31B5               PUSH     {R0,R4,R5,LR}
    720            if (ZCMrxBuffer[3] == 0)  	// APP_KVP packet
   \   00000002   ....               LDR      R4,??DataTable28  ;; ZCMrxBuffer
   \   00000004   E178               LDRB     R1,[R4, #+3]
   \   00000006   174D               LDR      R5,??rxpacket_parser_0  ;; `?<Constant "\\nDev:%02X Packet:%01x">`
   \   00000008   1748               LDR      R0,??rxpacket_parser_0+0x4  ;; sEndDevice
   \   0000000A   0029               CMP      R1,#+0
   \   0000000C   11D1               BNE      ??rxpacket_parser_1
    721            {
    722               sEndDevice[0] = ZCMrxBuffer[10] + (ZCMrxBuffer[11]<<8);
   \   0000000E   A17A               LDRB     R1,[R4, #+10]
   \   00000010   E27A               LDRB     R2,[R4, #+11]
   \   00000012   1202               LSLS     R2,R2,#+8
   \   00000014   8918               ADDS     R1,R1,R2
   \   00000016   0180               STRH     R1,[R0, #+0]
    723               printf("\nDev:%02X Packet:%01x", sEndDevice[0], ZCMrxBuffer[19]);
   \   00000018   E27C               LDRB     R2,[R4, #+19]
   \   0000001A   0188               LDRH     R1,[R0, #+0]
   \   0000001C   2800               MOVS     R0,R5
   \   0000001E   ........           _BLF     printf,??printf??rT
    724               if (ZCMrxBuffer[20] == 2) printf("[OK]");
   \   00000022   207D               LDRB     R0,[R4, #+20]
   \   00000024   0228               CMP      R0,#+2
   \   00000026   1BD1               BNE      ??rxpacket_parser_2
   \   00000028   1835               ADDS     R5,R5,#+24
   \   0000002A   2800               MOVS     R0,R5
   \   0000002C   ........           _BLF     printf,??printf??rT
   \   00000030   38BD               POP      {R3-R5,PC}
    725            }
    726            else if (ZCMrxBuffer[3] == 1)	// APP_MSG packet
   \                     ??rxpacket_parser_1:
   \   00000032   0129               CMP      R1,#+1
   \   00000034   14D1               BNE      ??rxpacket_parser_2
    727            {
    728              sEndDevice[0] = ZCMrxBuffer[10] + (ZCMrxBuffer[11]<<8);
   \   00000036   A17A               LDRB     R1,[R4, #+10]
   \   00000038   E27A               LDRB     R2,[R4, #+11]
   \   0000003A   1202               LSLS     R2,R2,#+8
   \   0000003C   8918               ADDS     R1,R1,R2
   \   0000003E   0180               STRH     R1,[R0, #+0]
    729              printf("\nJoin:%02X", sEndDevice[0]);
   \   00000040   0188               LDRH     R1,[R0, #+0]
   \   00000042   2800               MOVS     R0,R5
   \   00000044   2030               ADDS     R0,R0,#+32
   \   00000046   ........           _BLF     printf,??printf??rT
    730              printf(" AD:%02X%02X%02X%02X", ZCMrxBuffer[21], ZCMrxBuffer[22], ZCMrxBuffer[23], ZCMrxBuffer[24]);
   \   0000004A   81B0               SUB      SP,SP,#+4
   \   0000004C   207E               LDRB     R0,[R4, #+24]
   \   0000004E   01B4               PUSH     {R0}
   \   00000050   E37D               LDRB     R3,[R4, #+23]
   \   00000052   A27D               LDRB     R2,[R4, #+22]
   \   00000054   617D               LDRB     R1,[R4, #+21]
   \   00000056   2C35               ADDS     R5,R5,#+44
   \   00000058   2800               MOVS     R0,R5
   \   0000005A   ........           _BLF     printf,??printf??rT
   \   0000005E   02B0               ADD      SP,SP,#+8
    731            }
    732          }
   \                     ??rxpacket_parser_2:
   \   00000060   38BD               POP      {R3-R5,PC}       ;; return
   \   00000062   C046               Nop      
   \                     ??rxpacket_parser_0:
   \   00000064   ........           DC32     `?<Constant "\\nDev:%02X Packet:%01x">`
   \   00000068   ........           DC32     sEndDevice
    733          

   \                                 In segment DATA_Z, align 2, align-sorted
    734          short	sStepZBrx0;     
   \                     sStepZBrx0:
   \   00000000                      DS8 2

   \                                 In segment DATA_I, align 4, align-sorted
   \                     ScanChannel:
   \   00000000                      DS8 1
   \   00000001                      REQUIRE `?<Initializer for ScanChannel>`
   \                     ScanDuration:
   \   00000001                      DS8 1
   \   00000002                      REQUIRE `?<Initializer for ScanDuration>`
   \                     BeaconOrder:
   \   00000002                      DS8 1
   \   00000003                      REQUIRE `?<Initializer for BeaconOrder>`
   \                     SuperframeOrder:
   \   00000003                      DS8 1
   \   00000004                      REQUIRE `?<Initializer for SuperframeOrder>`
   \                     BatteryLife:
   \   00000004                      DS8 1
   \   00000005                      REQUIRE `?<Initializer for BatteryLife>`
   \                     ZCMversion:
   \   00000005                      DS8 1
   \   00000006                      REQUIRE `?<Initializer for ZCMversion>`
   \                     PermitDuration:
   \   00000006                      DS8 1
   \   00000007                      REQUIRE `?<Initializer for PermitDuration>`
   \                     ZCMerr:
   \   00000007                      DS8 1
   \   00000008                      REQUIRE `?<Initializer for ZCMerr>`
   \                     ZCMdebug:
   \   00000008                      DS8 1
   \   00000009                      REQUIRE `?<Initializer for ZCMdebug>`
   \                     ZCMpass:
   \   00000009                      DS8 1
   \   0000000A                      REQUIRE `?<Initializer for ZCMpass>`
   \                     ZBerr:
   \   0000000A                      DS8 1
   \   0000000B                      REQUIRE `?<Initializer for ZBerr>`
   \                     no:
   \   0000000B                      DS8 1
   \   0000000C                      REQUIRE `?<Initializer for no>`
   \                     ZCMrxCount:
   \   0000000C                      DS8 1
   \   0000000D                      REQUIRE `?<Initializer for ZCMrxCount>`
   \   0000000D                      DS8 1
   \                     sPanID:
   \   0000000E                      DS8 2
   \   00000010                      REQUIRE `?<Initializer for sPanID>`
   \                     sStepZBrx:
   \   00000010                      DS8 2
   \   00000012                      REQUIRE `?<Initializer for sStepZBrx>`
   \                     sZBrxDelay:
   \   00000012                      DS8 2
   \   00000014                      REQUIRE `?<Initializer for sZBrxDelay>`
   \                     sZBmaxDelay:
   \   00000014                      DS8 2
   \   00000016                      REQUIRE `?<Initializer for sZBmaxDelay>`
    735          short PacketCount;
   \                     PacketCount:
   \   00000016                      DS8 2
   \   00000018                      REQUIRE `?<Initializer for PacketCount>`
   \                     iZCMcount:
   \   00000018                      DS8 4
   \   0000001C                      REQUIRE `?<Initializer for iZCMcount>`
   \                     iRxPCcount:
   \   0000001C                      DS8 4
   \   00000020                      REQUIRE `?<Initializer for iRxPCcount>`
   \                     iRxZCMcount:
   \   00000020                      DS8 4
   \   00000024                      REQUIRE `?<Initializer for iRxZCMcount>`
   \                     TestRx1:
   \   00000024                      DS8 12
   \   00000030                      REQUIRE `?<Initializer for TestRx1>`
   \                     TestRx2:
   \   00000030                      DS8 12
   \   0000003C                      REQUIRE `?<Initializer for TestRx2>`
   \                     TestRx3:
   \   0000003C                      DS8 76
   \   00000088                      REQUIRE `?<Initializer for TestRx3>`
   \                     ZCMversionReq:
   \   00000088                      DS8 8
   \   00000090                      REQUIRE `?<Initializer for ZCMversionReq>`
   \                     ZCMtopLayerReq:
   \   00000090                      DS8 8
   \   00000098                      REQUIRE `?<Initializer for ZCMtopLayerReq>`
   \                     ZCMnetworkInfoReq:
   \   00000098                      DS8 8
   \   000000A0                      REQUIRE `?<Initializer for ZCMnetworkInfoReq>`

   \                                 In segment DATA_I, align 4, align-sorted
   \                     ZEDaddress:
   \   00000000                      DS8 8
   \   00000008                      REQUIRE `?<Initializer for ZEDaddress>`

   \                                 In segment DATA_I, align 4, align-sorted
   \                     TxkMessage:
   \   00000000                      DS8 64
   \   00000040                      REQUIRE `?<Initializer for TxkMessage>`

   \                                 In segment DATA_I, align 4, align-sorted
   \                     ConnectRcv1:
   \   00000000                      DS8 8
   \   00000008                      REQUIRE `?<Initializer for ConnectRcv1>`

   \                                 In segment DATA_I, align 4, align-sorted
   \                     ZCM_toplayer_Rcv2:
   \   00000000                      DS8 8
   \   00000008                      REQUIRE `?<Initializer for ZCM_toplayer_Rcv2>`

   \                                 In segment DATA_I, align 4, align-sorted
   \                     ZCM_network_info:
   \   00000000                      DS8 72
   \   00000048                      REQUIRE `?<Initializer for ZCM_network_info>`

   \                                 In segment DATA_I, align 4, align-sorted
   \                     FormingReq1:
   \   00000000                      DS8 8
   \   00000008                      REQUIRE `?<Initializer for FormingReq1>`

   \                                 In segment DATA_I, align 4, align-sorted
   \                     FormingRcv1:
   \   00000000                      DS8 16
   \   00000010                      REQUIRE `?<Initializer for FormingRcv1>`

   \                                 In segment DATA_I, align 4, align-sorted
   \                     FormingReq2:
   \   00000000                      DS8 8
   \   00000008                      REQUIRE `?<Initializer for FormingReq2>`

   \                                 In segment DATA_I, align 4, align-sorted
   \                     FormingRcv2:
   \   00000000                      DS8 8
   \   00000008                      REQUIRE `?<Initializer for FormingRcv2>`

   \                                 In segment DATA_I, align 4, align-sorted
   \                     FormingReq3:
   \   00000000                      DS8 8
   \   00000008                      REQUIRE `?<Initializer for FormingReq3>`

   \                                 In segment DATA_I, align 4, align-sorted
   \                     FormingRcv3:
   \   00000000                      DS8 8
   \   00000008                      REQUIRE `?<Initializer for FormingRcv3>`

   \                                 In segment DATA_I, align 4, align-sorted
   \                     FormingReq4:
   \   00000000                      DS8 8
   \   00000008                      REQUIRE `?<Initializer for FormingReq4>`

   \                                 In segment DATA_I, align 4, align-sorted
   \                     FormingRcv4:
   \   00000000                      DS8 8
   \   00000008                      REQUIRE `?<Initializer for FormingRcv4>`

   \                                 In segment DATA_I, align 4, align-sorted
   \                     FormingReq5:
   \   00000000                      DS8 16
   \   00000010                      REQUIRE `?<Initializer for FormingReq5>`

   \                                 In segment DATA_I, align 4, align-sorted
   \                     FormingRcv5:
   \   00000000                      DS8 8
   \   00000008                      REQUIRE `?<Initializer for FormingRcv5>`

   \                                 In segment DATA_I, align 4, align-sorted
   \                     FormingReq6:
   \   00000000                      DS8 8
   \   00000008                      REQUIRE `?<Initializer for FormingReq6>`

   \                                 In segment DATA_I, align 4, align-sorted
   \                     FormingRcv6:
   \   00000000                      DS8 8
   \   00000008                      REQUIRE `?<Initializer for FormingRcv6>`

   \                                 In segment DATA_I, align 4, align-sorted
   \                     FormingReq7:
   \   00000000                      DS8 8
   \   00000008                      REQUIRE `?<Initializer for FormingReq7>`

   \                                 In segment DATA_I, align 4, align-sorted
   \                     FormingRcv7:
   \   00000000                      DS8 8
   \   00000008                      REQUIRE `?<Initializer for FormingRcv7>`

   \                                 In segment DATA_I, align 4, align-sorted
   \                     EndDeviceAnnounce:
   \   00000000                      DS8 32
   \   00000020                      REQUIRE `?<Initializer for EndDeviceAnnounce>`

   \                                 In segment DATA_I, align 4, align-sorted
   \                     EndDeviceReq:
   \   00000000                      DS8 24
   \   00000018                      REQUIRE `?<Initializer for EndDeviceReq>`

   \                                 In segment DATA_I, align 4, align-sorted
   \                     ZCMConfirm:
   \   00000000                      DS8 8
   \   00000008                      REQUIRE `?<Initializer for ZCMConfirm>`

   \                                 In segment DATA_I, align 4, align-sorted
   \                     EndDeviceRsp:
   \   00000000                      DS8 28
   \   0000001C                      REQUIRE `?<Initializer for EndDeviceRsp>`

   \                                 In segment DATA_I, align 4, align-sorted
   \                     SimpleDescriptReq:
   \   00000000                      DS8 24
   \   00000018                      REQUIRE `?<Initializer for SimpleDescriptReq>`

   \                                 In segment DATA_I, align 4, align-sorted
   \                     SimpleDescriptRsp:
   \   00000000                      DS8 36
   \   00000024                      REQUIRE `?<Initializer for SimpleDescriptRsp>`

   \                                 In segment DATA_I, align 4, align-sorted
   \                     KVPsample0:
   \   00000000                      DS8 28
   \   0000001C                      REQUIRE `?<Initializer for KVPsample0>`

   \                                 In segment DATA_I, align 4, align-sorted
   \                     MACdataReq:
   \   00000000                      DS8 32
   \   00000020                      REQUIRE `?<Initializer for MACdataReq>`
    736          /******************************************/
    737          /* ZigBee RF 모뎀 테스트 Menu Functions  */
    738          /*****************************************/

   \                                 In segment CODE, align 4, keep-with-next
    739          void zigbee_test_function(void)
    740          {
   \                     zigbee_test_function:
   \   00000000   F0B5               PUSH     {R4-R7,LR}
   \   00000002   8BB0               SUB      SP,SP,#+44
    741            char data;  
    742            switch (sStepZBrx)
   \   00000004   D04C               LDR      R4,??zigbee_test_function_0  ;; ScanChannel
   \   00000006   1220               MOVS     R0,#+18
   \   00000008   205E               LDRSH    R0,[R4, R0]
   \   0000000A   4100               LSLS     R1,R0,#+1
   \   0000000C   0491               STR      R1,[SP, #+16]
   \   0000000E   CF49               LDR      R1,??zigbee_test_function_0+0x4  ;; ZCMrxBuffer + 4
   \   00000010   0591               STR      R1,[SP, #+20]
   \   00000012   6946               MOV      R1,SP
   \   00000014   059A               LDR      R2,[SP, #+20]
   \   00000016   1278               LDRB     R2,[R2, #+0]
   \   00000018   CA70               STRB     R2,[R1, #+3]
   \   0000001A   0792               STR      R2,[SP, #+28]
   \   0000001C   A27A               LDRB     R2,[R4, #+10]
   \   0000001E   521C               ADDS     R2,R2,#+1
   \   00000020   8A70               STRB     R2,[R1, #+2]
   \   00000022   228A               LDRH     R2,[R4, #+16]
   \   00000024   521C               ADDS     R2,R2,#+1
   \   00000026   0A80               STRH     R2,[R1, #+0]
   \   00000028   401C               ADDS     R0,R0,#+1
   \   0000002A   C880               STRH     R0,[R1, #+6]
   \   0000002C   C84D               LDR      R5,??zigbee_test_function_0+0x8  ;; `?<Constant "E%02X ">`
   \   0000002E   C020               MOVS     R0,#+192
   \   00000030   4000               LSLS     R0,R0,#+1        ;; #+384
   \   00000032   2818               ADDS     R0,R5,R0
   \   00000034   0890               STR      R0,[SP, #+32]
   \   00000036   A220               MOVS     R0,#+162
   \   00000038   4000               LSLS     R0,R0,#+1        ;; #+324
   \   0000003A   2818               ADDS     R0,R5,R0
   \   0000003C   0690               STR      R0,[SP, #+24]
   \   0000003E   C620               MOVS     R0,#+198
   \   00000040   4000               LSLS     R0,R0,#+1        ;; #+396
   \   00000042   2818               ADDS     R0,R5,R0
   \   00000044   0990               STR      R0,[SP, #+36]
   \   00000046   AE20               MOVS     R0,#+174
   \   00000048   4000               LSLS     R0,R0,#+1        ;; #+348
   \   0000004A   2818               ADDS     R0,R5,R0
   \   0000004C   0390               STR      R0,[SP, #+12]
   \   0000004E   B220               MOVS     R0,#+178
   \   00000050   4000               LSLS     R0,R0,#+1        ;; #+356
   \   00000052   2818               ADDS     R0,R5,R0
   \   00000054   0290               STR      R0,[SP, #+8]
   \   00000056   BF48               LDR      R0,??zigbee_test_function_0+0xC  ;; bPushKey
   \   00000058   0178               LDRB     R1,[R0, #+0]
   \   0000005A   BF48               LDR      R0,??zigbee_test_function_0+0x10  ;; 0x44c
   \   0000005C   2818               ADDS     R0,R5,R0
   \   0000005E   0A90               STR      R0,[SP, #+40]
   \   00000060   6846               MOV      R0,SP
   \   00000062   BE4A               LDR      R2,??zigbee_test_function_0+0x14  ;; rx_wr_index0
   \   00000064   1288               LDRH     R2,[R2, #+0]
   \   00000066   8280               STRH     R2,[R0, #+4]
   \   00000068   BD48               LDR      R0,??zigbee_test_function_0+0x18  ;; rx_rd_index0
   \   0000006A   0022               MOVS     R2,#+0
   \   0000006C   805E               LDRSH    R0,[R0, R2]
   \   0000006E   0026               MOVS     R6,#+0
   \   00000070   BC4F               LDR      R7,??zigbee_test_function_0+0x1C  ;; DumpDisplay
   \   00000072   228A               LDRH     R2,[R4, #+16]
   \   00000074   002A               CMP      R2,#+0
   \   00000076   ....               BNE      .+5
   \   00000078   09E1               B        ??zigbee_test_function_1
   \   0000007A   521E               SUBS     R2,R2,#+1
   \   0000007C   ....               BNE      .+5
   \   0000007E   1DE1               B        ??zigbee_test_function_2
   \   00000080   093A               SUBS     R2,R2,#+9
   \   00000082   ....               BNE      .+5
   \   00000084   35E1               B        ??zigbee_test_function_3
   \   00000086   521E               SUBS     R2,R2,#+1
   \   00000088   ....               BNE      .+5
   \   0000008A   6FE1               B        ??zigbee_test_function_4
   \   0000008C   521E               SUBS     R2,R2,#+1
   \   0000008E   ....               BNE      .+5
   \   00000090   B0E1               B        ??zigbee_test_function_5
   \   00000092   521E               SUBS     R2,R2,#+1
   \   00000094   ....               BNE      .+5
   \   00000096   D3E1               B        ??zigbee_test_function_6
   \   00000098   573A               SUBS     R2,R2,#+87
   \   0000009A   ....               BNE      .+5
   \   0000009C   2DE2               B        ??zigbee_test_function_7
   \   0000009E   521E               SUBS     R2,R2,#+1
   \   000000A0   ....               BNE      .+5
   \   000000A2   48E2               B        ??zigbee_test_function_8
   \   000000A4   521E               SUBS     R2,R2,#+1
   \   000000A6   ....               BNE      .+5
   \   000000A8   55E2               B        ??zigbee_test_function_9
   \   000000AA   521E               SUBS     R2,R2,#+1
   \   000000AC   ....               BNE      .+5
   \   000000AE   6BE2               B        ??zigbee_test_function_10
   \   000000B0   613A               SUBS     R2,R2,#+97
   \   000000B2   ....               BNE      .+5
   \   000000B4   6FE2               B        ??zigbee_test_function_11
   \   000000B6   521E               SUBS     R2,R2,#+1
   \   000000B8   54D0               BEQ      ??zigbee_test_function_12
   \   000000BA   521E               SUBS     R2,R2,#+1
   \   000000BC   ....               BNE      .+5
   \   000000BE   84E2               B        ??zigbee_test_function_13
   \   000000C0   521E               SUBS     R2,R2,#+1
   \   000000C2   4FD0               BEQ      ??zigbee_test_function_12
   \   000000C4   521E               SUBS     R2,R2,#+1
   \   000000C6   ....               BNE      .+5
   \   000000C8   A8E2               B        ??zigbee_test_function_14
   \   000000CA   521E               SUBS     R2,R2,#+1
   \   000000CC   4AD0               BEQ      ??zigbee_test_function_12
   \   000000CE   521E               SUBS     R2,R2,#+1
   \   000000D0   ....               BNE      .+5
   \   000000D2   D6E2               B        ??zigbee_test_function_15
   \   000000D4   521E               SUBS     R2,R2,#+1
   \   000000D6   45D0               BEQ      ??zigbee_test_function_12
   \   000000D8   521E               SUBS     R2,R2,#+1
   \   000000DA   ....               BNE      .+5
   \   000000DC   04E3               B        ??zigbee_test_function_16
   \   000000DE   521E               SUBS     R2,R2,#+1
   \   000000E0   ....               BNE      .+5
   \   000000E2   54E3               B        ??zigbee_test_function_17
   \   000000E4   521E               SUBS     R2,R2,#+1
   \   000000E6   ....               BNE      .+5
   \   000000E8   54E3               B        ??zigbee_test_function_18
   \   000000EA   521E               SUBS     R2,R2,#+1
   \   000000EC   ....               BNE      .+5
   \   000000EE   54E3               B        ??zigbee_test_function_19
   \   000000F0   593A               SUBS     R2,R2,#+89
   \   000000F2   ....               BNE      .+5
   \   000000F4   74E3               B        ??zigbee_test_function_20
   \   000000F6   521E               SUBS     R2,R2,#+1
   \   000000F8   34D0               BEQ      ??zigbee_test_function_12
   \   000000FA   521E               SUBS     R2,R2,#+1
   \   000000FC   ....               BNE      .+5
   \   000000FE   8EE3               B        ??zigbee_test_function_21
   \   00000100   521E               SUBS     R2,R2,#+1
   \   00000102   2FD0               BEQ      ??zigbee_test_function_12
   \   00000104   521E               SUBS     R2,R2,#+1
   \   00000106   ....               BNE      .+5
   \   00000108   A8E3               B        ??zigbee_test_function_22
   \   0000010A   521E               SUBS     R2,R2,#+1
   \   0000010C   2AD0               BEQ      ??zigbee_test_function_12
   \   0000010E   521E               SUBS     R2,R2,#+1
   \   00000110   ....               BNE      .+5
   \   00000112   C2E3               B        ??zigbee_test_function_23
   \   00000114   521E               SUBS     R2,R2,#+1
   \   00000116   25D0               BEQ      ??zigbee_test_function_12
   \   00000118   521E               SUBS     R2,R2,#+1
   \   0000011A   ....               BNE      .+5
   \   0000011C   DBE3               B        ??zigbee_test_function_24
   \   0000011E   521E               SUBS     R2,R2,#+1
   \   00000120   20D0               BEQ      ??zigbee_test_function_12
   \   00000122   521E               SUBS     R2,R2,#+1
   \   00000124   ....               BNE      .+7
   \   00000126   00F0F4FB           BL       ??zigbee_test_function_25
   \   0000012A   521E               SUBS     R2,R2,#+1
   \   0000012C   1AD0               BEQ      ??zigbee_test_function_12
   \   0000012E   521E               SUBS     R2,R2,#+1
   \   00000130   ....               BNE      .+7
   \   00000132   00F00DFC           BL       ??zigbee_test_function_26
   \   00000136   521E               SUBS     R2,R2,#+1
   \   00000138   14D0               BEQ      ??zigbee_test_function_12
   \   0000013A   521E               SUBS     R2,R2,#+1
   \   0000013C   ....               BNE      .+7
   \   0000013E   00F028FC           BL       ??zigbee_test_function_27
   \   00000142   521E               SUBS     R2,R2,#+1
   \   00000144   ....               BNE      .+7
   \   00000146   00F039FC           BL       ??zigbee_test_function_28
   \   0000014A   521E               SUBS     R2,R2,#+1
   \   0000014C   ....               BNE      .+7
   \   0000014E   00F038FC           BL       ??zigbee_test_function_29
   \   00000152   521E               SUBS     R2,R2,#+1
   \   00000154   ....               BNE      .+7
   \   00000156   00F037FC           BL       ??zigbee_test_function_30
   \   0000015A   533A               SUBS     R2,R2,#+83
   \   0000015C   ....               BNE      .+7
   \   0000015E   00F0BCFC           BL       ??zigbee_test_function_31
   \   00000162   521E               SUBS     R2,R2,#+1
   \                     ??zigbee_test_function_12:
   \   00000164   ....               BNE      .+5
   \   00000166   2DE2               B        ??zigbee_test_function_32
   \   00000168   521E               SUBS     R2,R2,#+1
   \   0000016A   ....               BNE      .+7
   \   0000016C   00F0CFFC           BL       ??zigbee_test_function_33
   \   00000170   521E               SUBS     R2,R2,#+1
   \   00000172   ....               BNE      .+7
   \   00000174   00F0E1FC           BL       ??zigbee_test_function_34
   \   00000178   521E               SUBS     R2,R2,#+1
   \   0000017A   ....               BNE      .+7
   \   0000017C   00F0E2FC           BL       ??zigbee_test_function_35
   \   00000180   521E               SUBS     R2,R2,#+1
   \   00000182   ....               BNE      .+7
   \   00000184   00F0E1FC           BL       ??zigbee_test_function_36
   \   00000188   521E               SUBS     R2,R2,#+1
   \   0000018A   ....               BNE      .+7
   \   0000018C   00F0E6FC           BL       ??zigbee_test_function_37
   \   00000190   521E               SUBS     R2,R2,#+1
   \   00000192   ....               BNE      .+7
   \   00000194   00F0E5FC           BL       ??zigbee_test_function_38
   \   00000198   521E               SUBS     R2,R2,#+1
   \   0000019A   ....               BNE      .+7
   \   0000019C   00F0E4FC           BL       ??zigbee_test_function_39
   \   000001A0   521E               SUBS     R2,R2,#+1
   \   000001A2   ....               BNE      .+7
   \   000001A4   00F0E3FC           BL       ??zigbee_test_function_40
   \   000001A8   521E               SUBS     R2,R2,#+1
   \   000001AA   ....               BNE      .+7
   \   000001AC   00F0E2FC           BL       ??zigbee_test_function_41
   \   000001B0   521E               SUBS     R2,R2,#+1
   \   000001B2   ....               BNE      .+7
   \   000001B4   00F0E1FC           BL       ??zigbee_test_function_42
   \   000001B8   521E               SUBS     R2,R2,#+1
   \   000001BA   ....               BNE      .+7
   \   000001BC   00F0E0FC           BL       ??zigbee_test_function_43
   \   000001C0   521E               SUBS     R2,R2,#+1
   \   000001C2   ....               BNE      .+7
   \   000001C4   00F0DFFC           BL       ??zigbee_test_function_44
   \   000001C8   573A               SUBS     R2,R2,#+87
   \   000001CA   ....               BNE      .+7
   \   000001CC   00F00AFC           BL       ??zigbee_test_function_45
   \   000001D0   521E               SUBS     R2,R2,#+1
   \   000001D2   ....               BNE      .+7
   \   000001D4   00F017FC           BL       ??zigbee_test_function_46
   \   000001D8   521E               SUBS     R2,R2,#+1
   \   000001DA   ....               BNE      .+7
   \   000001DC   00F022FC           BL       ??zigbee_test_function_47
   \   000001E0   521E               SUBS     R2,R2,#+1
   \   000001E2   BFD0               BEQ      ??zigbee_test_function_12
   \   000001E4   521E               SUBS     R2,R2,#+1
   \   000001E6   ....               BNE      .+7
   \   000001E8   00F03BFC           BL       ??zigbee_test_function_48
   \   000001EC   521E               SUBS     R2,R2,#+1
   \   000001EE   ....               BNE      .+7
   \   000001F0   00F06BFC           BL       ??zigbee_test_function_49
   \   000001F4   5F3A               SUBS     R2,R2,#+95
   \   000001F6   ....               BNE      .+5
   \   000001F8   7FE1               B        ??zigbee_test_function_7
   \   000001FA   521E               SUBS     R2,R2,#+1
   \   000001FC   2ED0               BEQ      ??zigbee_test_function_50
   \   000001FE   521E               SUBS     R2,R2,#+1
   \   00000200   ....               BNE      .+7
   \   00000202   00F0C7FC           BL       ??zigbee_test_function_51
   \   00000206   521E               SUBS     R2,R2,#+1
   \   00000208   ....               BNE      .+7
   \   0000020A   00F0CAFC           BL       ??zigbee_test_function_52
   \   0000020E   521E               SUBS     R2,R2,#+1
   \   00000210   ....               BNE      .+7
   \   00000212   00F0D3FC           BL       ??zigbee_test_function_53
   \   00000216   521E               SUBS     R2,R2,#+1
   \   00000218   ....               BNE      .+7
   \   0000021A   00F0F0FC           BL       ??zigbee_test_function_54
   \   0000021E   5F3A               SUBS     R2,R2,#+95
   \   00000220   ....               BNE      .+7
   \   00000222   00F0F3FC           BL       ??zigbee_test_function_55
   \   00000226   521E               SUBS     R2,R2,#+1
   \   00000228   18D0               BEQ      ??zigbee_test_function_50
   \   0000022A   521E               SUBS     R2,R2,#+1
   \   0000022C   ....               BNE      .+7
   \   0000022E   00F00BFD           BL       ??zigbee_test_function_56
   \   00000232   521E               SUBS     R2,R2,#+1
   \   00000234   ....               BNE      .+7
   \   00000236   00F012FD           BL       ??zigbee_test_function_57
   \   0000023A   521E               SUBS     R2,R2,#+1
   \   0000023C   ....               BNE      .+7
   \   0000023E   00F01BFD           BL       ??zigbee_test_function_58
   \   00000242   521E               SUBS     R2,R2,#+1
   \   00000244   ....               BNE      .+7
   \   00000246   00F021FD           BL       ??zigbee_test_function_59
   \   0000024A   521E               SUBS     R2,R2,#+1
   \   0000024C   ....               BNE      .+7
   \   0000024E   00F032FD           BL       ??zigbee_test_function_60
   \   00000252   521E               SUBS     R2,R2,#+1
   \   00000254   ....               BNE      .+7
   \   00000256   00F037FD           BL       ??zigbee_test_function_61
   \   0000025A   521E               SUBS     R2,R2,#+1
   \                     ??zigbee_test_function_50:
   \   0000025C   ....               BNE      .+5
   \   0000025E   6AE1               B        ??zigbee_test_function_8
   \   00000260   521E               SUBS     R2,R2,#+1
   \   00000262   ....               BNE      .+7
   \   00000264   00F046FD           BL       ??zigbee_test_function_62
   \   00000268   521E               SUBS     R2,R2,#+1
   \   0000026A   ....               BNE      .+7
   \   0000026C   00F04DFD           BL       ??zigbee_test_function_63
   \   00000270   5A3A               SUBS     R2,R2,#+90
   \   00000272   ....               BNE      .+5
   \   00000274   0EE1               B        ??zigbee_test_function_64
   \   00000276   521E               SUBS     R2,R2,#+1
   \   00000278   ....               BNE      .+5
   \   0000027A   18E1               B        ??zigbee_test_function_65
   \   0000027C   633A               SUBS     R2,R2,#+99
   \   0000027E   24D0               BEQ      ??zigbee_test_function_66
   \   00000280   643A               SUBS     R2,R2,#+100
   \   00000282   ....               BNE      .+5
   \   00000284   2AE1               B        ??zigbee_test_function_67
   \   00000286   521E               SUBS     R2,R2,#+1
   \   00000288   ....               BNE      .+5
   \   0000028A   2EE1               B        ??zigbee_test_function_68
   \   0000028C   2FE0               B        ??zigbee_test_function_69
    743           {
    744            case 0:
    745             if (RxUSART0)
   \                     ??zigbee_test_function_1:
   \   0000028E   6A46               MOV      R2,SP
   \   00000290   0421               MOVS     R1,#+4
   \   00000292   515E               LDRSH    R1,[R2, R1]
   \   00000294   8842               CMP      R0,R1
   \   00000296   04D0               BEQ      ??zigbee_test_function_70
    746             {
    747                data = getchar0();
   \   00000298   ........           _BLF     getchar0,??getchar0??rT
    748                putchar2(data);  
   \   0000029C   ........           _BLF     putchar2,??putchar2??rT
   \   000002A0   65E1               B        ??zigbee_test_function_71
    749             }
    750             else if (ErrUsart != 0) 
   \                     ??zigbee_test_function_70:
   \   000002A2   3148               LDR      R0,??zigbee_test_function_0+0x20  ;; ErrUsart
   \   000002A4   0078               LDRB     R0,[R0, #+0]
   \   000002A6   0028               CMP      R0,#+0
   \   000002A8   ....               BNE      .+5
   \   000002AA   1CE1               B        ??zigbee_test_function_72
    751             {
    752                printf("E%02X ", ErrUsart);
   \                     ??zigbee_test_function_73:
   \   000002AC   2E48               LDR      R0,??zigbee_test_function_0+0x20  ;; ErrUsart
   \   000002AE   0178               LDRB     R1,[R0, #+0]
   \   000002B0   2800               MOVS     R0,R5
   \   000002B2   ........           _BLF     printf,??printf??rT
    753                ErrUsart = 0;
   \   000002B6   2C48               LDR      R0,??zigbee_test_function_0+0x20  ;; ErrUsart
   \   000002B8   0670               STRB     R6,[R0, #+0]
   \   000002BA   58E1               B        ??zigbee_test_function_71
    754             }
    755             else sStepZBrx = 1;
    756             return;
    757              
    758            case 1:  
    759              ZCMpass = 0;
   \                     ??zigbee_test_function_2:
   \   000002BC   6672               STRB     R6,[R4, #+9]
    760              sZBrxDelay = 0;
   \   000002BE   6682               STRH     R6,[R4, #+18]
    761              sStepZBrx = 0;
    762              sZBmaxDelay = 20;
   \   000002C0   1420               MOVS     R0,#+20
   \   000002C2   A082               STRH     R0,[R4, #+20]
    763              sStepZBrx = ZCM_MAIN;
   \   000002C4   0A20               MOVS     R0,#+10
   \                     ??zigbee_test_function_74:
   \   000002C6   2082               STRH     R0,[R4, #+16]
    764              return;
   \   000002C8   51E1               B        ??zigbee_test_function_71
    765          
    766            case ZCM_TEST:
    767              debug_monit(3);
   \                     ??zigbee_test_function_66:
   \   000002CA   0320               MOVS     R0,#+3
   \   000002CC   ........           _BLF     debug_monit,??debug_monit??rT
    768              ZCMerr = packet_verify((char*)&TestRx1[0]);
   \   000002D0   2000               MOVS     R0,R4
   \   000002D2   2430               ADDS     R0,R0,#+36
   \   000002D4   ........           BL       packet_verify
   \   000002D8   E071               STRB     R0,[R4, #+7]
    769              ZCMerr = packet_verify((char*)&TestRx2[0]);
   \   000002DA   2000               MOVS     R0,R4
   \   000002DC   3030               ADDS     R0,R0,#+48
   \   000002DE   ........           BL       packet_verify
   \   000002E2   E071               STRB     R0,[R4, #+7]
    770              ZCMerr = packet_verify((char*)&TestRx3[0]);
   \   000002E4   2000               MOVS     R0,R4
   \   000002E6   3C30               ADDS     R0,R0,#+60
   \   000002E8   ........           BL       packet_verify
   \   000002EC   E071               STRB     R0,[R4, #+7]
    771              sStepZBrx = 0;
   \                     ??zigbee_test_function_69:
   \   000002EE   00F00CFD           BL       ??zigbee_test_function_75
    772              return;
    773              
    774            case ZCM_MAIN:
    775              display_mode(0);
   \                     ??zigbee_test_function_3:
   \   000002F2   0020               MOVS     R0,#+0
   \   000002F4   ........           _BLF     display_mode,??display_mode??rT
    776              debug_monit(MONOUT);
   \   000002F8   0120               MOVS     R0,#+1
   \   000002FA   ........           _BLF     debug_monit,??debug_monit??rT
    777              printf("<< ZigBee Test[1] >>");
   \   000002FE   2800               MOVS     R0,R5
   \   00000300   0830               ADDS     R0,R0,#+8
   \   00000302   ........           _BLF     printf,??printf??rT
    778              printf("\nZCMstep:%4d", sStepZBrx);
   \   00000306   218A               LDRH     R1,[R4, #+16]
   \   00000308   2800               MOVS     R0,R5
   \   0000030A   2030               ADDS     R0,R0,#+32
   \   0000030C   ........           _BLF     printf,??printf??rT
    779              printf("\n1:ZCM_POWERON ");
   \   00000310   2800               MOVS     R0,R5
   \   00000312   3030               ADDS     R0,R0,#+48
   \   00000314   ........           _BLF     printf,??printf??rT
    780              printf("\n2:ZCM_CONNECT");
   \   00000318   2800               MOVS     R0,R5
   \   0000031A   4030               ADDS     R0,R0,#+64
   \   0000031C   ........           _BLF     printf,??printf??rT
    781              printf("\n3:ZCM_FORMING ");
   \   00000320   2800               MOVS     R0,R5
   \   00000322   5030               ADDS     R0,R0,#+80
   \   00000324   ........           _BLF     printf,??printf??rT
    782              printf("\n4:ZCM_RECEIVE");
   \   00000328   2800               MOVS     R0,R5
   \   0000032A   6030               ADDS     R0,R0,#+96
   \   0000032C   ........           _BLF     printf,??printf??rT
    783              printf("\n5:ZCM_TRANSFER");
   \   00000330   2800               MOVS     R0,R5
   \   00000332   7030               ADDS     R0,R0,#+112
   \   00000334   ........           _BLF     printf,??printf??rT
    784              printf("\n[UP]Next [MENU]MAIN");
   \   00000338   8035               ADDS     R5,R5,#+128
   \   0000033A   2800               MOVS     R0,R5
   \   0000033C   ........           _BLF     printf,??printf??rT
    785              sStepZBrx++;
   \   00000340   208A               LDRH     R0,[R4, #+16]
   \   00000342   401C               ADDS     R0,R0,#+1
   \   00000344   BFE7               B.N      ??zigbee_test_function_74
   \   00000346   C046               Nop      
   \                     ??zigbee_test_function_0:
   \   00000348   ........           DC32     ScanChannel
   \   0000034C   ........           DC32     ZCMrxBuffer + 4
   \   00000350   ........           DC32     `?<Constant "E%02X ">`
   \   00000354   ........           DC32     bPushKey
   \   00000358   4C040000           DC32     0x44c
   \   0000035C   ........           DC32     rx_wr_index0
   \   00000360   ........           DC32     rx_rd_index0
   \   00000364   ........           DC32     DumpDisplay
   \   00000368   ........           DC32     ErrUsart
    786              return;
    787            
    788            case ZCM_MAIN+1:
    789             if (bPushKey == '1') sStepZBrx = ZCM_POWERON;
   \                     ??zigbee_test_function_4:
   \   0000036C   3129               CMP      R1,#+49
   \   0000036E   02D1               BNE      ??zigbee_test_function_76
   \                     ??zigbee_test_function_77:
   \   00000370   6420               MOVS     R0,#+100
   \                     ??zigbee_test_function_78:
   \   00000372   2082               STRH     R0,[R4, #+16]
   \   00000374   FBE0               B        ??zigbee_test_function_71
    790              else if (bPushKey == '2') sStepZBrx = ZCM_CONNECT;
   \                     ??zigbee_test_function_76:
   \   00000376   3229               CMP      R1,#+50
   \   00000378   01D1               BNE      ??zigbee_test_function_79
   \   0000037A   C820               MOVS     R0,#+200
   \   0000037C   A3E7               B.N      ??zigbee_test_function_74
    791              else if (bPushKey == '3') sStepZBrx = ZCM_FORMING;
   \                     ??zigbee_test_function_79:
   \   0000037E   3329               CMP      R1,#+51
   \   00000380   02D1               BNE      ??zigbee_test_function_80
   \   00000382   9620               MOVS     R0,#+150
   \   00000384   4000               LSLS     R0,R0,#+1        ;; #+300
   \   00000386   F4E7               B.N      ??zigbee_test_function_78
    792              else if (bPushKey == '4') sStepZBrx = ZCM_RECEIVE;
   \                     ??zigbee_test_function_80:
   \   00000388   3429               CMP      R1,#+52
   \   0000038A   02D1               BNE      ??zigbee_test_function_81
   \   0000038C   C820               MOVS     R0,#+200
   \   0000038E   4000               LSLS     R0,R0,#+1        ;; #+400
   \   00000390   99E7               B.N      ??zigbee_test_function_74
    793              else if (bPushKey == '5') sStepZBrx = ZCM_TRANSFER;
   \                     ??zigbee_test_function_81:
   \   00000392   3529               CMP      R1,#+53
   \   00000394   03D1               BNE      ??zigbee_test_function_82
   \                     ??zigbee_test_function_83:
   \   00000396   FA20               MOVS     R0,#+250
   \   00000398   4000               LSLS     R0,R0,#+1        ;; #+500
   \                     ??zigbee_test_function_84:
   \   0000039A   2082               STRH     R0,[R4, #+16]
   \   0000039C   E7E0               B        ??zigbee_test_function_71
    794              else if (bPushKey == '6') sStepZBrx = ZCM_SIMULATE;
   \                     ??zigbee_test_function_82:
   \   0000039E   3629               CMP      R1,#+54
   \   000003A0   02D1               BNE      ??zigbee_test_function_85
   \                     ??zigbee_test_function_86:
   \   000003A2   9620               MOVS     R0,#+150
   \   000003A4   8000               LSLS     R0,R0,#+2        ;; #+600
   \   000003A6   8EE7               B.N      ??zigbee_test_function_74
    795              else if (bPushKey == '7') sStepZBrx = ZCM_DOWNLOAD;
   \                     ??zigbee_test_function_85:
   \   000003A8   3729               CMP      R1,#+55
   \   000003AA   02D1               BNE      ??zigbee_test_function_87
   \                     ??zigbee_test_function_88:
   \   000003AC   AF20               MOVS     R0,#+175
   \   000003AE   8000               LSLS     R0,R0,#+2        ;; #+700
   \   000003B0   DFE7               B.N      ??zigbee_test_function_78
    796              else if (bPushKey == '8') sStepZBrx = ZCM_MONIT;
   \                     ??zigbee_test_function_87:
   \   000003B2   3829               CMP      R1,#+56
   \   000003B4   02D1               BNE      ??zigbee_test_function_89
   \                     ??zigbee_test_function_90:
   \   000003B6   C820               MOVS     R0,#+200
   \   000003B8   8000               LSLS     R0,R0,#+2        ;; #+800
   \   000003BA   84E7               B.N      ??zigbee_test_function_74
    797              else if (bPushKey == '9') sStepZBrx = ZCM_NOFUNC;
   \                     ??zigbee_test_function_89:
   \   000003BC   3929               CMP      R1,#+57
   \   000003BE   02D1               BNE      ??zigbee_test_function_91
   \                     ??zigbee_test_function_92:
   \   000003C0   FA20               MOVS     R0,#+250
   \   000003C2   8000               LSLS     R0,R0,#+2        ;; #+1000
   \   000003C4   E9E7               B.N      ??zigbee_test_function_84
    798              else if (bPushKey == '0') sStepZBrx = ZCM_NOFUNC;
   \                     ??zigbee_test_function_91:
   \   000003C6   3029               CMP      R1,#+48
   \   000003C8   FAD0               BEQ      ??zigbee_test_function_92
    799              else if (DN_KEY) sStepZBrx++;
   \   000003CA   6329               CMP      R1,#+99
   \   000003CC   02D1               BNE      ??zigbee_test_function_93
   \   000003CE   6846               MOV      R0,SP
   \   000003D0   0088               LDRH     R0,[R0, #+0]
   \   000003D2   78E7               B.N      ??zigbee_test_function_74
    800              else if (UP_KEY) sStepZBrx++; 
   \                     ??zigbee_test_function_93:
   \   000003D4   6229               CMP      R1,#+98
   \   000003D6   02D1               BNE      ??zigbee_test_function_94
   \   000003D8   6846               MOV      R0,SP
   \   000003DA   0088               LDRH     R0,[R0, #+0]
   \   000003DC   C9E7               B.N      ??zigbee_test_function_78
    801              else if (MENU_KEY) execmode_change(SYSTEM_TEST);
   \                     ??zigbee_test_function_94:
   \   000003DE   6129               CMP      R1,#+97
   \   000003E0   03D1               BNE      ??zigbee_test_function_95
   \                     ??zigbee_test_function_96:
   \   000003E2   0C20               MOVS     R0,#+12
   \   000003E4   ........           _BLF     execmode_change,??execmode_change??rT
   \   000003E8   C1E0               B        ??zigbee_test_function_71
    802              else if (ENTER_KEY) sStepZBrx = ZCM_MAIN;
   \                     ??zigbee_test_function_95:
   \   000003EA   0D29               CMP      R1,#+13
   \   000003EC   ....               BEQ      .+5
   \   000003EE   BEE0               B        ??zigbee_test_function_71
   \   000003F0   0A20               MOVS     R0,#+10
   \   000003F2   68E7               B.N      ??zigbee_test_function_74
    803              return;
    804            
    805            case ZCM_MAIN+2:
    806              screen_clear();
   \                     ??zigbee_test_function_5:
   \   000003F4   ........           _BLF     screen_clear,??screen_clear??rT
    807              printf("<< ZigBee Test[2] >>");
   \   000003F8   2800               MOVS     R0,R5
   \   000003FA   B830               ADDS     R0,R0,#+184
   \   000003FC   ........           _BLF     printf,??printf??rT
    808              printf("\nZCMstep:%4d", sStepZBrx);
   \   00000400   218A               LDRH     R1,[R4, #+16]
   \   00000402   2800               MOVS     R0,R5
   \   00000404   2030               ADDS     R0,R0,#+32
   \   00000406   ........           _BLF     printf,??printf??rT
    809              printf("\n6:ZCM_SIMULATE");
   \   0000040A   2800               MOVS     R0,R5
   \   0000040C   9830               ADDS     R0,R0,#+152
   \   0000040E   ........           _BLF     printf,??printf??rT
    810              printf("\n7:ZCM_DOWNLOAD"); 
   \   00000412   2800               MOVS     R0,R5
   \   00000414   A830               ADDS     R0,R0,#+168
   \   00000416   ........           _BLF     printf,??printf??rT
    811              printf("\n8:ZCM Rx MONIT");
   \   0000041A   2800               MOVS     R0,R5
   \   0000041C   D030               ADDS     R0,R0,#+208
   \   0000041E   ........           _BLF     printf,??printf??rT
    812              printf("\n9:Reserved ");
   \   00000422   2800               MOVS     R0,R5
   \   00000424   E030               ADDS     R0,R0,#+224
   \   00000426   ........           _BLF     printf,??printf??rT
    813              printf("\n0:Reserved");
   \   0000042A   2800               MOVS     R0,R5
   \   0000042C   F030               ADDS     R0,R0,#+240
   \   0000042E   ........           _BLF     printf,??printf??rT
    814              printf("\n[MENU]:goto MAIN");
   \   00000432   FC35               ADDS     R5,R5,#+252
   \   00000434   2800               MOVS     R0,R5
   \   00000436   ........           _BLF     printf,??printf??rT
    815              sStepZBrx++;
   \   0000043A   208A               LDRH     R0,[R4, #+16]
   \   0000043C   401C               ADDS     R0,R0,#+1
   \   0000043E   98E7               B.N      ??zigbee_test_function_78
    816              return;
    817            
    818            case ZCM_MAIN+3:
    819             if (bPushKey == '1') sStepZBrx = ZCM_POWERON;
   \                     ??zigbee_test_function_6:
   \   00000440   3129               CMP      R1,#+49
   \   00000442   95D0               BEQ      ??zigbee_test_function_77
    820              else if (bPushKey == '2') sStepZBrx = ZCM_CONNECT;
   \   00000444   3229               CMP      R1,#+50
   \   00000446   01D1               BNE      ??zigbee_test_function_97
   \   00000448   C820               MOVS     R0,#+200
   \   0000044A   3CE7               B.N      ??zigbee_test_function_74
    821              else if (bPushKey == '3') sStepZBrx = ZCM_FORMING;
   \                     ??zigbee_test_function_97:
   \   0000044C   3329               CMP      R1,#+51
   \   0000044E   02D1               BNE      ??zigbee_test_function_98
   \   00000450   9620               MOVS     R0,#+150
   \   00000452   4000               LSLS     R0,R0,#+1        ;; #+300
   \   00000454   A1E7               B.N      ??zigbee_test_function_84
    822              else if (bPushKey == '4') sStepZBrx = ZCM_RECEIVE;
   \                     ??zigbee_test_function_98:
   \   00000456   3429               CMP      R1,#+52
   \   00000458   02D1               BNE      ??zigbee_test_function_99
   \   0000045A   C820               MOVS     R0,#+200
   \   0000045C   4000               LSLS     R0,R0,#+1        ;; #+400
   \   0000045E   32E7               B.N      ??zigbee_test_function_74
    823              else if (bPushKey == '5') sStepZBrx = ZCM_TRANSFER;
   \                     ??zigbee_test_function_99:
   \   00000460   3529               CMP      R1,#+53
   \   00000462   98D0               BEQ      ??zigbee_test_function_83
    824              else if (bPushKey == '6') sStepZBrx = ZCM_SIMULATE;
   \   00000464   3629               CMP      R1,#+54
   \   00000466   9CD0               BEQ      ??zigbee_test_function_86
    825              else if (bPushKey == '7') sStepZBrx = ZCM_DOWNLOAD;
   \   00000468   3729               CMP      R1,#+55
   \   0000046A   9FD0               BEQ      ??zigbee_test_function_88
    826              else if (bPushKey == '8') sStepZBrx = ZCM_MONIT;
   \   0000046C   3829               CMP      R1,#+56
   \   0000046E   A2D0               BEQ      ??zigbee_test_function_90
    827              else if (bPushKey == '9') sStepZBrx = ZCM_NOFUNC;
   \   00000470   3929               CMP      R1,#+57
   \   00000472   A5D0               BEQ      ??zigbee_test_function_92
    828              else if (bPushKey == '0') sStepZBrx = ZCM_NOFUNC;
   \   00000474   3029               CMP      R1,#+48
   \   00000476   A3D0               BEQ      ??zigbee_test_function_92
    829              else if (UP_KEY) sStepZBrx = ZCM_MAIN; 
   \   00000478   6229               CMP      R1,#+98
   \   0000047A   01D1               BNE      ??zigbee_test_function_100
   \   0000047C   0A20               MOVS     R0,#+10
   \   0000047E   78E7               B.N      ??zigbee_test_function_78
    830              else if (DN_KEY) sStepZBrx = ZCM_MAIN;
   \                     ??zigbee_test_function_100:
   \   00000480   6329               CMP      R1,#+99
   \   00000482   01D1               BNE      ??zigbee_test_function_101
   \   00000484   0A20               MOVS     R0,#+10
   \   00000486   1EE7               B.N      ??zigbee_test_function_74
    831              else if (MENU_KEY) execmode_change(SYSTEM_TEST);
   \                     ??zigbee_test_function_101:
   \   00000488   6129               CMP      R1,#+97
   \                     ??zigbee_test_function_102:
   \   0000048A   AAD0               BEQ      ??zigbee_test_function_96
    832              else if (ENTER_KEY) sStepZBrx = ZCM_MAIN;
   \   0000048C   0D29               CMP      R1,#+13
   \   0000048E   6ED1               BNE      ??zigbee_test_function_71
   \   00000490   0A20               MOVS     R0,#+10
   \   00000492   18E7               B.N      ??zigbee_test_function_74
    833              return;
    834             
    835          /*****************************************************/  
    836          /* ZCM(ZigBee Coordinator Module) Receive data Monit */
    837          /*****************************************************/ 
    838           case ZCM_MONIT:
    839              screen_clear();
   \                     ??zigbee_test_function_64:
   \   00000494   ........           _BLF     screen_clear,??screen_clear??rT
    840              printf("\n>ZCM Rx Monit");
   \   00000498   8820               MOVS     R0,#+136
   \   0000049A   4000               LSLS     R0,R0,#+1        ;; #+272
   \   0000049C   2818               ADDS     R0,R5,R0
   \   0000049E   ........           _BLF     printf,??printf??rT
    841              printf("\n");
   \   000004A2   C6A0               ADR      R0,??zigbee_test_function_103  ;; "\n"
   \   000004A4   ........           _BLF     printf,??printf??rT
    842              sStepZBrx++;
   \   000004A8   208A               LDRH     R0,[R4, #+16]
   \   000004AA   401C               ADDS     R0,R0,#+1
   \   000004AC   61E7               B.N      ??zigbee_test_function_78
    843              return;
    844          
    845            case ZCM_MONIT+1:
    846             if (RxUSART0)
   \                     ??zigbee_test_function_65:
   \   000004AE   6B46               MOV      R3,SP
   \   000004B0   0422               MOVS     R2,#+4
   \   000004B2   9A5E               LDRSH    R2,[R3, R2]
   \   000004B4   9042               CMP      R0,R2
   \   000004B6   06D0               BEQ      ??zigbee_test_function_104
    847             {
    848                data = getchar0();
   \   000004B8   ........           _BLF     getchar0,??getchar0??rT
    849                printf("%02X ", data);  
   \   000004BC   0100               MOVS     R1,R0
   \   000004BE   0A98               LDR      R0,[SP, #+40]
   \   000004C0   ........           _BLF     printf,??printf??rT
   \   000004C4   53E0               B        ??zigbee_test_function_71
    850             }
    851             else if (ErrUsart != 0) 
   \                     ??zigbee_test_function_104:
   \   000004C6   BE48               LDR      R0,??zigbee_test_function_103+0x4  ;; ErrUsart
   \   000004C8   0078               LDRB     R0,[R0, #+0]
   \   000004CA   0028               CMP      R0,#+0
   \   000004CC   ....               BEQ      .+5
   \   000004CE   EDE6               B        ??zigbee_test_function_73
    852             {
    853                printf("E%02X ", ErrUsart);
    854                ErrUsart = 0;
    855             }
    856             else if (MENU_KEY) execmode_change(SYSTEM_TEST);
   \   000004D0   6129               CMP      R1,#+97
   \   000004D2   DAD0               BEQ      ??zigbee_test_function_102
    857             else if (ENTER_KEY) sStepZBrx = ZCM_MAIN;
   \   000004D4   0D29               CMP      R1,#+13
   \   000004D6   4AD1               BNE      ??zigbee_test_function_71
   \   000004D8   0A20               MOVS     R0,#+10
   \   000004DA   F4E6               B.N      ??zigbee_test_function_74
    858             return;
    859             
    860           case ZCM_NOFUNC:
    861              printf("\n>NO Function");
   \                     ??zigbee_test_function_67:
   \   000004DC   9020               MOVS     R0,#+144
   \   000004DE   4000               LSLS     R0,R0,#+1        ;; #+288
   \   000004E0   2818               ADDS     R0,R5,R0
   \   000004E2   ........           _BLF     printf,??printf??rT
   \                     ??zigbee_test_function_72:
   \   000004E6   0120               MOVS     R0,#+1
   \   000004E8   43E7               B.N      ??zigbee_test_function_78
    862              sStepZBrx = 0;
    863              sStepZBrx++;
    864              return; 
    865           
    866            case ZCM_NOFUNC+1:
    867              if (step_delay(SEC_1*2)) sStepZBrx = ZCM_MAIN;
   \                     ??zigbee_test_function_68:
   \   000004EA   FA20               MOVS     R0,#+250
   \   000004EC   8000               LSLS     R0,R0,#+2        ;; #+1000
   \   000004EE   ........           _BLF     step_delay,??step_delay??rT
   \   000004F2   0028               CMP      R0,#+0
   \   000004F4   3BD0               BEQ      ??zigbee_test_function_71
   \   000004F6   0A20               MOVS     R0,#+10
   \   000004F8   E5E6               B.N      ??zigbee_test_function_74
    868              return;
    869          
    870          /**************************************************/  
    871          /* ZCM(ZigBee Coordinator Module) Power ON RESET  */
    872          /**************************************************/ 
    873            case ZCM_POWERON:
    874              com0_mode_set(38400,'N',8,1);
   \                     ??zigbee_test_function_7:
   \   000004FA   0123               MOVS     R3,#+1
   \   000004FC   0822               MOVS     R2,#+8
   \   000004FE   4E21               MOVS     R1,#+78
   \   00000500   9620               MOVS     R0,#+150
   \   00000502   0002               LSLS     R0,R0,#+8        ;; #+38400
   \   00000504   ........           _BLF     com0_mode_set,??com0_mode_set??rT
    875              pio_clear(PIOB, RF_ISP);    // ZCM ISP(download) pin : 'L'
   \   00000508   AE48               LDR      R0,??zigbee_test_function_103+0x8  ;; 0xfffffffffffff634
   \   0000050A   8021               MOVS     R1,#+128
   \   0000050C   8900               LSLS     R1,R1,#+2        ;; #+512
   \   0000050E   0160               STR      R1,[R0, #+0]
    876              pio_clear(PIOA, RF_RST);    // ZCM RESET pin : 'L'
   \   00000510   AD48               LDR      R0,??zigbee_test_function_103+0xC  ;; 0xfffffffffffff434
   \   00000512   0421               MOVS     R1,#+4
   \   00000514   0160               STR      R1,[R0, #+0]
    877              com0_buffer_clear();	// Discard com0 rxbuffer 
   \   00000516   ........           _BLF     com0_buffer_clear,??com0_buffer_clear??rT
    878              sZBrxDelay = 0;
   \   0000051A   6682               STRH     R6,[R4, #+18]
    879              sZBmaxDelay = 100;		// Max response delay : 200ms
   \   0000051C   6420               MOVS     R0,#+100
   \   0000051E   A082               STRH     R0,[R4, #+20]
    880              debug_monit(1);    
   \   00000520   0120               MOVS     R0,#+1
   \   00000522   ........           _BLF     debug_monit,??debug_monit??rT
    881              DumpDisplay = 1;
   \   00000526   0120               MOVS     R0,#+1
   \   00000528   3870               STRB     R0,[R7, #+0]
    882              printf("\n");		// lind feed
   \   0000052A   A4A0               ADR      R0,??zigbee_test_function_103  ;; "\n"
   \   0000052C   ........           _BLF     printf,??printf??rT
    883              sStepZBrx++;
   \   00000530   208A               LDRH     R0,[R4, #+16]
   \   00000532   401C               ADDS     R0,R0,#+1
   \   00000534   1DE7               B.N      ??zigbee_test_function_78
    884              return;
    885              
    886            case ZCM_POWERON+1:
    887              if (++sZBrxDelay > sZBmaxDelay) 
   \                     ??zigbee_test_function_8:
   \   00000536   6846               MOV      R0,SP
   \   00000538   C088               LDRH     R0,[R0, #+6]
   \   0000053A   6082               STRH     R0,[R4, #+18]
   \   0000053C   1420               MOVS     R0,#+20
   \   0000053E   205E               LDRSH    R0,[R4, R0]
   \   00000540   1221               MOVS     R1,#+18
   \   00000542   615E               LDRSH    R1,[R4, R1]
   \   00000544   8842               CMP      R0,R1
   \   00000546   12DA               BGE      ??zigbee_test_function_71
    888              {
    889                sZBrxDelay = 0;
   \   00000548   6682               STRH     R6,[R4, #+18]
    890                pio_set( PIOA, RF_RST);   // ZCM RESET pin : 'H'
   \   0000054A   A048               LDR      R0,??zigbee_test_function_103+0x10  ;; 0xfffffffffffff430
   \   0000054C   0421               MOVS     R1,#+4
   \   0000054E   0160               STR      R1,[R0, #+0]
    891                sStepZBrx++;
   \   00000550   6846               MOV      R0,SP
   \   00000552   0088               LDRH     R0,[R0, #+0]
   \   00000554   B7E6               B.N      ??zigbee_test_function_74
    892              }
    893              return;
    894              
    895            case ZCM_POWERON+2:
    896              // if data receive at ZCM, display
    897              if (RxUSART0) 
   \                     ??zigbee_test_function_9:
   \   00000556   6A46               MOV      R2,SP
   \   00000558   0421               MOVS     R1,#+4
   \   0000055A   515E               LDRSH    R1,[R2, R1]
   \   0000055C   8842               CMP      R0,R1
   \   0000055E   07D0               BEQ      ??zigbee_test_function_105
    898              {     
    899                printf("%c",getchar0());
   \                     ??zigbee_test_function_106:
   \   00000560   ........           _BLF     getchar0,??getchar0??rT
   \   00000564   0100               MOVS     R1,R0
   \   00000566   9AA0               ADR      R0,??zigbee_test_function_103+0x14  ;; "%c"
   \                     ??zigbee_test_function_107:
   \   00000568   ........           _BLF     printf,??printf??rT
    900                sZBrxDelay = 0;
   \   0000056C   6682               STRH     R6,[R4, #+18]
   \                     ??zigbee_test_function_71:
   \   0000056E   CDE3               B        ??zigbee_test_function_108
    901              }
    902              else if (++sZBrxDelay > sZBmaxDelay) sStepZBrx++;
   \                     ??zigbee_test_function_105:
   \   00000570   6846               MOV      R0,SP
   \   00000572   C088               LDRH     R0,[R0, #+6]
   \   00000574   6082               STRH     R0,[R4, #+18]
   \   00000576   1420               MOVS     R0,#+20
   \   00000578   205E               LDRSH    R0,[R4, R0]
   \   0000057A   1221               MOVS     R1,#+18
   \   0000057C   615E               LDRSH    R1,[R4, R1]
   \   0000057E   8842               CMP      R0,R1
   \   00000580   F5DA               BGE      ??zigbee_test_function_71
   \   00000582   6846               MOV      R0,SP
   \   00000584   0088               LDRH     R0,[R0, #+0]
   \   00000586   9EE6               B.N      ??zigbee_test_function_74
    903              return;
    904              
    905            case ZCM_POWERON+3:
    906              if (AutoZigBee) sStepZBrx = ZCM_CONNECT; else sStepZBrx = 0;
   \                     ??zigbee_test_function_10:
   \   00000588   9248               LDR      R0,??zigbee_test_function_103+0x18  ;; AutoZigBee
   \   0000058A   0078               LDRB     R0,[R0, #+0]
   \   0000058C   0028               CMP      R0,#+0
   \   0000058E   ....               BNE      .+5
   \   00000590   BBE3               B        ??zigbee_test_function_75
   \   00000592   C820               MOVS     R0,#+200
   \   00000594   EDE6               B.N      ??zigbee_test_function_78
    907              //sZBrxDelay = 0;
    908              //sStepZBrx = ZCM_CONNECT;
    909              return;
    910              
    911          /**************************************************/  
    912          /* ZCM(ZigBee Coordinator Module) Connecting      */
    913          /* Connecting between EpiaGate Main Unit and ZCM  */
    914          /**************************************************/    
    915            case ZCM_CONNECT:
    916              debug_monit(3);
   \                     ??zigbee_test_function_11:
   \   00000596   0320               MOVS     R0,#+3
   \   00000598   ........           _BLF     debug_monit,??debug_monit??rT
    917              ZCMdebug = 1;
   \   0000059C   0120               MOVS     R0,#+1
   \   0000059E   2072               STRB     R0,[R4, #+8]
    918              DumpDisplay = 1;
   \   000005A0   3870               STRB     R0,[R7, #+0]
    919              printf("\nZCM Connect start");
   \   000005A2   9820               MOVS     R0,#+152
   \   000005A4   4000               LSLS     R0,R0,#+1        ;; #+304
   \   000005A6   2818               ADDS     R0,R5,R0
   \   000005A8   ........           _BLF     printf,??printf??rT
    920              iZCMcount = 0;
   \   000005AC   A661               STR      R6,[R4, #+24]
    921              sZBrxDelay = 0;
   \   000005AE   6682               STRH     R6,[R4, #+18]
    922              sZBmaxDelay = 200;		// Max response delay : 400ms
   \   000005B0   C820               MOVS     R0,#+200
   \   000005B2   A082               STRH     R0,[R4, #+20]
    923              ErrUsart = 0;
   \   000005B4   8248               LDR      R0,??zigbee_test_function_103+0x4  ;; ErrUsart
   \   000005B6   0670               STRB     R6,[R0, #+0]
    924              ZBerr = 0;
   \   000005B8   A672               STRB     R6,[R4, #+10]
    925              com0_buffer_clear();	// Discard com0 rxbuffer
   \   000005BA   ........           _BLF     com0_buffer_clear,??com0_buffer_clear??rT
    926              //ZCM_reset();                // ZCM reset & com0 setting
    927              sStepZBrx++;
   \   000005BE   208A               LDRH     R0,[R4, #+16]
   \   000005C0   401C               ADDS     R0,R0,#+1
   \   000005C2   80E6               B.N      ??zigbee_test_function_74
    928              return;
    929          
    930            case ZCM_CONNECT+1:
    931              ZCM_rsp_receive();
   \                     ??zigbee_test_function_32:
   \   000005C4   ........           BL       ZCM_rsp_receive
    932              return;
   \   000005C8   A0E3               B        ??zigbee_test_function_108
    933          
    934            // ZCM_version_req
    935            case ZCM_CONNECT+2:
    936              printf("\nZCM Rx:%02d ERR:%02d", iZCMcount, ZBerr);
   \                     ??zigbee_test_function_13:
   \   000005CA   A27A               LDRB     R2,[R4, #+10]
   \   000005CC   A169               LDR      R1,[R4, #+24]
   \   000005CE   0698               LDR      R0,[SP, #+24]
   \   000005D0   ........           _BLF     printf,??printf??rT
    937              for (no = 0; no < ZCMrxCount; no++)
   \   000005D4   E672               STRB     R6,[R4, #+11]
   \   000005D6   07E0               B        ??zigbee_test_function_109
    938                printf("%c",ZCMrxBuffer[no]);
   \                     ??zigbee_test_function_110:
   \   000005D8   7F49               LDR      R1,??zigbee_test_function_103+0x1C  ;; ZCMrxBuffer
   \   000005DA   095C               LDRB     R1,[R1, R0]
   \   000005DC   7CA0               ADR      R0,??zigbee_test_function_103+0x14  ;; "%c"
   \   000005DE   ........           _BLF     printf,??printf??rT
   \   000005E2   E07A               LDRB     R0,[R4, #+11]
   \   000005E4   401C               ADDS     R0,R0,#+1
   \   000005E6   E072               STRB     R0,[R4, #+11]
   \                     ??zigbee_test_function_109:
   \   000005E8   E07A               LDRB     R0,[R4, #+11]
   \   000005EA   217B               LDRB     R1,[R4, #+12]
   \   000005EC   8842               CMP      R0,R1
   \   000005EE   F3D3               BCC      ??zigbee_test_function_110
    939                 //putchar_dp(ZCMrxBuffer[no]); 
    940              ZBerr = 0;
   \   000005F0   A672               STRB     R6,[R4, #+10]
    941              sZBrxDelay = 0;
   \   000005F2   6682               STRH     R6,[R4, #+18]
    942              if (ZCMdebug) printf("\nTx>");
   \   000005F4   207A               LDRB     R0,[R4, #+8]
   \   000005F6   0028               CMP      R0,#+0
   \   000005F8   02D0               BEQ      ??zigbee_test_function_111
   \   000005FA   0398               LDR      R0,[SP, #+12]
   \   000005FC   ........           _BLF     printf,??printf??rT
    943              put_packet0(ZCMversionReq, sizeof(ZCMversionReq));
   \                     ??zigbee_test_function_111:
   \   00000600   0621               MOVS     R1,#+6
   \   00000602   2000               MOVS     R0,R4
   \   00000604   8830               ADDS     R0,R0,#+136
   \   00000606   ........           BL       put_packet0
    944              if (ZCMdebug) printf("\nRx>");
   \   0000060A   207A               LDRB     R0,[R4, #+8]
   \   0000060C   0028               CMP      R0,#+0
   \   0000060E   02D0               BEQ      ??zigbee_test_function_112
   \   00000610   0298               LDR      R0,[SP, #+8]
   \   00000612   ........           _BLF     printf,??printf??rT
    945              sStepZBrx++;
   \                     ??zigbee_test_function_112:
   \   00000616   208A               LDRH     R0,[R4, #+16]
   \   00000618   401C               ADDS     R0,R0,#+1
   \   0000061A   54E6               B.N      ??zigbee_test_function_74
    946              return;
    947              
    948            case ZCM_CONNECT+3:
    949              ZCM_rsp_receive();
    950              return;
    951            
    952            // ZCM_toplayer_req
    953            case ZCM_CONNECT+4:
    954              ZCMerr = packet_verify((char*)&ZCMrxBuffer[0]);
   \                     ??zigbee_test_function_14:
   \   0000061C   6E48               LDR      R0,??zigbee_test_function_103+0x1C  ;; ZCMrxBuffer
   \   0000061E   ........           BL       packet_verify
   \   00000622   E071               STRB     R0,[R4, #+7]
    955              if (ZCMerr == 0)
   \   00000624   0028               CMP      R0,#+0
   \   00000626   0ED1               BNE      ??zigbee_test_function_113
    956              {
    957                if (ZCMrxBuffer[4] == CONFIRM) printf("\nZCM version:%02X", ZCMrxBuffer[9]);
   \   00000628   6846               MOV      R0,SP
   \   0000062A   C078               LDRB     R0,[R0, #+3]
   \   0000062C   1128               CMP      R0,#+17
   \   0000062E   07D1               BNE      ??zigbee_test_function_114
   \   00000630   0598               LDR      R0,[SP, #+20]
   \   00000632   4179               LDRB     R1,[R0, #+5]
   \   00000634   B620               MOVS     R0,#+182
   \   00000636   4000               LSLS     R0,R0,#+1        ;; #+364
   \   00000638   2818               ADDS     R0,R5,R0
   \                     ??zigbee_test_function_115:
   \   0000063A   ........           _BLF     printf,??printf??rT
   \   0000063E   0AE0               B        ??zigbee_test_function_116
    958                 else  printf("\nFail:%02X", ZCMrxBuffer[4] );
   \                     ??zigbee_test_function_114:
   \   00000640   0799               LDR      R1,[SP, #+28]
   \   00000642   0898               LDR      R0,[SP, #+32]
   \   00000644   F9E7               B.N      ??zigbee_test_function_115
    959              } 
    960              else 
    961              {
    962                printf("\nPacket Verify Error");
   \                     ??zigbee_test_function_113:
   \   00000646   0998               LDR      R0,[SP, #+36]
   \   00000648   ........           _BLF     printf,??printf??rT
    963                printf("\nZCM Rx:%02d ERR:%02d", iZCMcount, ZBerr);
   \   0000064C   A27A               LDRB     R2,[R4, #+10]
   \   0000064E   A169               LDR      R1,[R4, #+24]
   \   00000650   0698               LDR      R0,[SP, #+24]
   \   00000652   ........           _BLF     printf,??printf??rT
    964              }
    965              iZCMcount = 0;
   \                     ??zigbee_test_function_116:
   \   00000656   A661               STR      R6,[R4, #+24]
    966              sZBrxDelay = 0;
   \   00000658   6682               STRH     R6,[R4, #+18]
    967              if (ZCMdebug) printf("\nTx>");
   \   0000065A   207A               LDRB     R0,[R4, #+8]
   \   0000065C   0028               CMP      R0,#+0
   \   0000065E   02D0               BEQ      ??zigbee_test_function_117
   \   00000660   0398               LDR      R0,[SP, #+12]
   \   00000662   ........           _BLF     printf,??printf??rT
    968              put_packet0(ZCMtopLayerReq, sizeof(ZCMtopLayerReq));
   \                     ??zigbee_test_function_117:
   \   00000666   0621               MOVS     R1,#+6
   \   00000668   2000               MOVS     R0,R4
   \   0000066A   9030               ADDS     R0,R0,#+144
   \   0000066C   ........           BL       put_packet0
    969              if (ZCMdebug) printf("\nRx>");
   \   00000670   207A               LDRB     R0,[R4, #+8]
   \   00000672   0028               CMP      R0,#+0
   \   00000674   02D0               BEQ      ??zigbee_test_function_118
   \   00000676   0298               LDR      R0,[SP, #+8]
   \   00000678   ........           _BLF     printf,??printf??rT
    970              sStepZBrx++;
   \                     ??zigbee_test_function_118:
   \   0000067C   208A               LDRH     R0,[R4, #+16]
   \   0000067E   401C               ADDS     R0,R0,#+1
   \   00000680   77E6               B.N      ??zigbee_test_function_78
    971              return;
    972              
    973            case ZCM_CONNECT+5:
    974              ZCM_rsp_receive();
    975              return;
    976              
    977            // ZCM_network_info_req
    978            case ZCM_CONNECT+6:
    979              ZCMerr = packet_verify((char*)&ZCMrxBuffer[0]);
   \                     ??zigbee_test_function_15:
   \   00000682   5548               LDR      R0,??zigbee_test_function_103+0x1C  ;; ZCMrxBuffer
   \   00000684   ........           BL       packet_verify
   \   00000688   E071               STRB     R0,[R4, #+7]
    980              if (ZCMerr == 0)
   \   0000068A   0028               CMP      R0,#+0
   \   0000068C   0ED1               BNE      ??zigbee_test_function_119
    981              {
    982                if (ZCMrxBuffer[4] == CONFIRM) printf("\nZCM Top Layer:%02X", ZCMrxBuffer[9]);
   \   0000068E   6846               MOV      R0,SP
   \   00000690   C078               LDRB     R0,[R0, #+3]
   \   00000692   1128               CMP      R0,#+17
   \   00000694   07D1               BNE      ??zigbee_test_function_120
   \   00000696   0598               LDR      R0,[SP, #+20]
   \   00000698   4179               LDRB     R1,[R0, #+5]
   \   0000069A   D220               MOVS     R0,#+210
   \   0000069C   4000               LSLS     R0,R0,#+1        ;; #+420
   \   0000069E   2818               ADDS     R0,R5,R0
   \                     ??zigbee_test_function_121:
   \   000006A0   ........           _BLF     printf,??printf??rT
   \   000006A4   0AE0               B        ??zigbee_test_function_122
    983                 else  printf("\nFail:%02X", ZCMrxBuffer[4] );
   \                     ??zigbee_test_function_120:
   \   000006A6   0799               LDR      R1,[SP, #+28]
   \   000006A8   0898               LDR      R0,[SP, #+32]
   \   000006AA   F9E7               B.N      ??zigbee_test_function_121
    984              } 
    985              else 
    986              {
    987                printf("\nPacket Verify Error");
   \                     ??zigbee_test_function_119:
   \   000006AC   0998               LDR      R0,[SP, #+36]
   \   000006AE   ........           _BLF     printf,??printf??rT
    988                printf("\nZCM Rx:%02d ERR:%02d", iZCMcount, ZBerr);
   \   000006B2   A27A               LDRB     R2,[R4, #+10]
   \   000006B4   A169               LDR      R1,[R4, #+24]
   \   000006B6   0698               LDR      R0,[SP, #+24]
   \   000006B8   ........           _BLF     printf,??printf??rT
    989              }
    990              iZCMcount = 0;
   \                     ??zigbee_test_function_122:
   \   000006BC   A661               STR      R6,[R4, #+24]
    991              sZBrxDelay = 0;
   \   000006BE   6682               STRH     R6,[R4, #+18]
    992              if (ZCMdebug) printf("\nTx>");
   \   000006C0   207A               LDRB     R0,[R4, #+8]
   \   000006C2   0028               CMP      R0,#+0
   \   000006C4   02D0               BEQ      ??zigbee_test_function_123
   \   000006C6   0398               LDR      R0,[SP, #+12]
   \   000006C8   ........           _BLF     printf,??printf??rT
    993              put_packet0(ZCMnetworkInfoReq, sizeof(ZCMnetworkInfoReq));
   \                     ??zigbee_test_function_123:
   \   000006CC   0621               MOVS     R1,#+6
   \   000006CE   2000               MOVS     R0,R4
   \   000006D0   9830               ADDS     R0,R0,#+152
   \   000006D2   ........           BL       put_packet0
    994              if (ZCMdebug) printf("\nRx>");
   \   000006D6   207A               LDRB     R0,[R4, #+8]
   \   000006D8   0028               CMP      R0,#+0
   \   000006DA   02D0               BEQ      ??zigbee_test_function_124
   \   000006DC   0298               LDR      R0,[SP, #+8]
   \   000006DE   ........           _BLF     printf,??printf??rT
    995              sStepZBrx++;
   \                     ??zigbee_test_function_124:
   \   000006E2   208A               LDRH     R0,[R4, #+16]
   \   000006E4   401C               ADDS     R0,R0,#+1
   \   000006E6   EEE5               B.N      ??zigbee_test_function_74
    996              return;
    997              
    998            case ZCM_CONNECT+7:
    999              ZCM_rsp_receive();
   1000              return;
   1001              
   1002            case ZCM_CONNECT+8:
   1003              ZCMerr = packet_verify((char*)&ZCMrxBuffer[0]);
   \                     ??zigbee_test_function_16:
   \   000006E8   3B48               LDR      R0,??zigbee_test_function_103+0x1C  ;; ZCMrxBuffer
   \   000006EA   ........           BL       packet_verify
   \   000006EE   E071               STRB     R0,[R4, #+7]
   1004              if (ZCMerr == 0)
   \   000006F0   0028               CMP      R0,#+0
   \   000006F2   3FD1               BNE      ??zigbee_test_function_125
   1005              {
   1006                if (ZCMrxBuffer[4] == CONFIRM)
   \   000006F4   6846               MOV      R0,SP
   \   000006F6   C078               LDRB     R0,[R0, #+3]
   \   000006F8   1128               CMP      R0,#+17
   \   000006FA   38D1               BNE      ??zigbee_test_function_126
   1007                {
   1008                  printf("\nZCM IEEEadd:");
   \   000006FC   DC20               MOVS     R0,#+220
   \   000006FE   4000               LSLS     R0,R0,#+1        ;; #+440
   \   00000700   2818               ADDS     R0,R5,R0
   \   00000702   ........           _BLF     printf,??printf??rT
   1009                  for (no = 16; no > 8; no--) printf(" %02X", ZCMrxBuffer[no]);
   \   00000706   1020               MOVS     R0,#+16
   \   00000708   E072               STRB     R0,[R4, #+11]
   \                     ??zigbee_test_function_127:
   \   0000070A   E07A               LDRB     R0,[R4, #+11]
   \   0000070C   3249               LDR      R1,??zigbee_test_function_103+0x1C  ;; ZCMrxBuffer
   \   0000070E   095C               LDRB     R1,[R1, R0]
   \   00000710   E420               MOVS     R0,#+228
   \   00000712   4000               LSLS     R0,R0,#+1        ;; #+456
   \   00000714   2818               ADDS     R0,R5,R0
   \   00000716   ........           _BLF     printf,??printf??rT
   \   0000071A   E07A               LDRB     R0,[R4, #+11]
   \   0000071C   401E               SUBS     R0,R0,#+1
   \   0000071E   E072               STRB     R0,[R4, #+11]
   \   00000720   0006               LSLS     R0,R0,#+24
   \   00000722   000E               LSRS     R0,R0,#+24
   \   00000724   0928               CMP      R0,#+9
   \   00000726   F0D2               BCS      ??zigbee_test_function_127
   1010                  printf("\nDepth:%02X", ZCMrxBuffer[24] );
   \   00000728   0598               LDR      R0,[SP, #+20]
   \   0000072A   017D               LDRB     R1,[R0, #+20]
   \   0000072C   E820               MOVS     R0,#+232
   \   0000072E   4000               LSLS     R0,R0,#+1        ;; #+464
   \   00000730   2818               ADDS     R0,R5,R0
   \   00000732   ........           _BLF     printf,??printf??rT
   1011                  printf("\nChildren:%02X", ZCMrxBuffer[25] );
   \   00000736   0598               LDR      R0,[SP, #+20]
   \   00000738   417D               LDRB     R1,[R0, #+21]
   \   0000073A   EE20               MOVS     R0,#+238
   \   0000073C   4000               LSLS     R0,R0,#+1        ;; #+476
   \   0000073E   2818               ADDS     R0,R5,R0
   \   00000740   ........           _BLF     printf,??printf??rT
   1012                  printf("\nRF Channel:%02X", ZCMrxBuffer[40] );
   \   00000744   254F               LDR      R7,??zigbee_test_function_103+0x20  ;; ZCMrxBuffer + 40
   \   00000746   3978               LDRB     R1,[R7, #+0]
   \   00000748   F620               MOVS     R0,#+246
   \   0000074A   4000               LSLS     R0,R0,#+1        ;; #+492
   \   0000074C   2818               ADDS     R0,R5,R0
   \   0000074E   ........           _BLF     printf,??printf??rT
   1013                  printf("\nPANID:%02X%02X", ZCMrxBuffer[42], ZCMrxBuffer[41] );
   \   00000752   7A78               LDRB     R2,[R7, #+1]
   \   00000754   B978               LDRB     R1,[R7, #+2]
   \   00000756   8020               MOVS     R0,#+128
   \   00000758   8000               LSLS     R0,R0,#+2        ;; #+512
   \   0000075A   2818               ADDS     R0,R5,R0
   \   0000075C   ........           _BLF     printf,??printf??rT
   1014                  printf("\nPermitDuration:%02X", ZCMrxBuffer[43] );
   \   00000760   F978               LDRB     R1,[R7, #+3]
   \   00000762   8420               MOVS     R0,#+132
   \   00000764   8000               LSLS     R0,R0,#+2        ;; #+528
   \   00000766   2818               ADDS     R0,R5,R0
   \                     ??zigbee_test_function_128:
   \   00000768   ........           _BLF     printf,??printf??rT
   \   0000076C   0AE0               B        ??zigbee_test_function_129
   1015                  //printf("\nSuperframeOrder:%02X", ZCMrxBuffer[44] );
   1016                }
   1017                else printf("\nFail:%02X", ZCMrxBuffer[4] );
   \                     ??zigbee_test_function_126:
   \   0000076E   0799               LDR      R1,[SP, #+28]
   \   00000770   0898               LDR      R0,[SP, #+32]
   \   00000772   F9E7               B.N      ??zigbee_test_function_128
   1018              } 
   1019              else 
   1020              {
   1021                printf("\nPacket Verify Error");
   \                     ??zigbee_test_function_125:
   \   00000774   0998               LDR      R0,[SP, #+36]
   \   00000776   ........           _BLF     printf,??printf??rT
   1022                printf("\nZCM Rx:%02d ERR:%02d", iZCMcount, ZBerr);
   \   0000077A   A27A               LDRB     R2,[R4, #+10]
   \   0000077C   A169               LDR      R1,[R4, #+24]
   \   0000077E   0698               LDR      R0,[SP, #+24]
   \   00000780   ........           _BLF     printf,??printf??rT
   1023              }
   1024              iZCMcount = 0;
   \                     ??zigbee_test_function_129:
   \   00000784   A661               STR      R6,[R4, #+24]
   1025              sZBrxDelay = 0;
   \   00000786   6682               STRH     R6,[R4, #+18]
   1026              sStepZBrx++;
   \   00000788   208A               LDRH     R0,[R4, #+16]
   \   0000078A   401C               ADDS     R0,R0,#+1
   \   0000078C   05E6               B.N      ??zigbee_test_function_84
   1027              return;
   1028              
   1029            case ZCM_CONNECT+9:
   1030              sStepZBrx++;
   \                     ??zigbee_test_function_17:
   \   0000078E   6846               MOV      R0,SP
   \   00000790   0088               LDRH     R0,[R0, #+0]
   \   00000792   98E5               B.N      ??zigbee_test_function_74
   1031              return;
   1032              
   1033            case ZCM_CONNECT+10:
   1034              sStepZBrx++;
   \                     ??zigbee_test_function_18:
   \   00000794   6846               MOV      R0,SP
   \   00000796   0088               LDRH     R0,[R0, #+0]
   \   00000798   EBE5               B.N      ??zigbee_test_function_78
   1035              return;
   1036              
   1037            case ZCM_CONNECT+11:
   1038              printf("\nZCM Connect END");
   \                     ??zigbee_test_function_19:
   \   0000079A   8A20               MOVS     R0,#+138
   \   0000079C   8000               LSLS     R0,R0,#+2        ;; #+552
   \   0000079E   2818               ADDS     R0,R5,R0
   \   000007A0   ........           _BLF     printf,??printf??rT
   1039              DumpDisplay = 0;
   \   000007A4   3E70               STRB     R6,[R7, #+0]
   1040              debug_monit(1);
   \   000007A6   0120               MOVS     R0,#+1
   \   000007A8   ........           _BLF     debug_monit,??debug_monit??rT
   1041              if (AutoZigBee) sStepZBrx = ZCM_FORMING; else sStepZBrx = 0;
   \   000007AC   0948               LDR      R0,??zigbee_test_function_103+0x18  ;; AutoZigBee
   \   000007AE   0078               LDRB     R0,[R0, #+0]
   \   000007B0   0028               CMP      R0,#+0
   \   000007B2   ....               BNE      .+5
   \   000007B4   A9E2               B        ??zigbee_test_function_75
   \   000007B6   9620               MOVS     R0,#+150
   \   000007B8   4000               LSLS     R0,R0,#+1        ;; #+300
   \   000007BA   84E5               B.N      ??zigbee_test_function_74
   \                     ??zigbee_test_function_103:
   \   000007BC   0A000000           DC8      "\n",+0,+0
   \   000007C0   ........           DC32     ErrUsart
   \   000007C4   34F6FFFF           DC32     0xfffffffffffff634
   \   000007C8   34F4FFFF           DC32     0xfffffffffffff434
   \   000007CC   30F4FFFF           DC32     0xfffffffffffff430
   \   000007D0   25630000           DC8      "%c",+0
   \   000007D4   ........           DC32     AutoZigBee
   \   000007D8   ........           DC32     ZCMrxBuffer
   \   000007DC   ........           DC32     ZCMrxBuffer + 40
   1042              return;
   1043          
   1044          /*****************************************/  
   1045          /* ZigBee NetWork Formation Request      */
   1046          /*****************************************/       
   1047            case ZCM_FORMING:
   1048              debug_monit(3);
   \                     ??zigbee_test_function_20:
   \   000007E0   0320               MOVS     R0,#+3
   \   000007E2   ........           _BLF     debug_monit,??debug_monit??rT
   1049              DumpDisplay = 1;
   \   000007E6   0120               MOVS     R0,#+1
   \   000007E8   3870               STRB     R0,[R7, #+0]
   1050              //ZCM_reset();
   1051              printf("\nNetWork Formation start");
   \   000007EA   8F20               MOVS     R0,#+143
   \   000007EC   8000               LSLS     R0,R0,#+2        ;; #+572
   \   000007EE   2818               ADDS     R0,R5,R0
   \   000007F0   ........           _BLF     printf,??printf??rT
   1052              iZCMcount = 0;
   \   000007F4   A661               STR      R6,[R4, #+24]
   1053              sZBrxDelay = 0;
   \   000007F6   6682               STRH     R6,[R4, #+18]
   1054              sZBmaxDelay = 200;		// Max response delay : 400ms
   \   000007F8   C820               MOVS     R0,#+200
   \   000007FA   A082               STRH     R0,[R4, #+20]
   1055              ErrUsart = 0;
   \   000007FC   D448               LDR      R0,??zigbee_test_function_130  ;; ErrUsart
   \   000007FE   0670               STRB     R6,[R0, #+0]
   1056              ZBerr = 0;
   \   00000800   A672               STRB     R6,[R4, #+10]
   1057              com0_buffer_clear();
   \   00000802   ........           _BLF     com0_buffer_clear,??com0_buffer_clear??rT
   1058              printf("\nTx>");
   \   00000806   0398               LDR      R0,[SP, #+12]
   \   00000808   ........           _BLF     printf,??printf??rT
   1059              //put_packet0(FormingReq1, sizeof(FormingReq1));
   1060              send_NLME_GET_req(GET_IEEEADD);
   \   0000080C   7F20               MOVS     R0,#+127
   \   0000080E   ........           BL       send_NLME_GET_req
   1061              printf("\nRx>");
   \   00000812   0298               LDR      R0,[SP, #+8]
   \   00000814   ........           _BLF     printf,??printf??rT
   1062              sStepZBrx++;
   \   00000818   208A               LDRH     R0,[R4, #+16]
   \   0000081A   401C               ADDS     R0,R0,#+1
   \   0000081C   53E5               B.N      ??zigbee_test_function_74
   1063              return;
   1064          
   1065            case ZCM_FORMING+1:
   1066              ZCM_rsp_receive();
   1067              return;
   1068          
   1069            case ZCM_FORMING+2:
   1070              ZCMerr = packet_verify((char*)&ZCMrxBuffer[0]);
   \                     ??zigbee_test_function_21:
   \   0000081E   CD48               LDR      R0,??zigbee_test_function_130+0x4  ;; ZCMrxBuffer
   \   00000820   ........           BL       packet_verify
   \   00000824   E071               STRB     R0,[R4, #+7]
   1071              if (ZCMerr != 0) ZBerr++;
   \   00000826   0028               CMP      R0,#+0
   \   00000828   02D0               BEQ      ??zigbee_test_function_131
   \   0000082A   6846               MOV      R0,SP
   \   0000082C   8078               LDRB     R0,[R0, #+2]
   \   0000082E   A072               STRB     R0,[R4, #+10]
   1072              printf("\n1st Rx:%02d E:%02d T:%2d", iZCMcount, ZBerr, sZBrxDelay*2);
   \                     ??zigbee_test_function_131:
   \   00000830   049B               LDR      R3,[SP, #+16]
   \   00000832   A27A               LDRB     R2,[R4, #+10]
   \   00000834   A169               LDR      R1,[R4, #+24]
   \   00000836   9620               MOVS     R0,#+150
   \   00000838   8000               LSLS     R0,R0,#+2        ;; #+600
   \   0000083A   2818               ADDS     R0,R5,R0
   \   0000083C   ........           _BLF     printf,??printf??rT
   1073              iZCMcount = 0;
   \   00000840   A661               STR      R6,[R4, #+24]
   1074              sZBrxDelay = 0;
   \   00000842   6682               STRH     R6,[R4, #+18]
   1075              printf("\nTx>");
   \   00000844   0398               LDR      R0,[SP, #+12]
   \   00000846   ........           _BLF     printf,??printf??rT
   1076              //put_packet0(FormingReq2, sizeof(FormingReq2));
   1077              send_NLME_GET_req(GET_85);
   \   0000084A   8520               MOVS     R0,#+133
   \   0000084C   ........           BL       send_NLME_GET_req
   1078              printf("\nRx>");
   \   00000850   0298               LDR      R0,[SP, #+8]
   \   00000852   ........           _BLF     printf,??printf??rT
   1079              sStepZBrx++;
   \   00000856   208A               LDRH     R0,[R4, #+16]
   \   00000858   401C               ADDS     R0,R0,#+1
   \   0000085A   8AE5               B.N      ??zigbee_test_function_78
   1080              return;
   1081              
   1082            case ZCM_FORMING+3:
   1083              ZCM_rsp_receive();
   1084              return;
   1085              
   1086            case ZCM_FORMING+4:
   1087              ZCMerr = packet_verify((char*)&ZCMrxBuffer[0]);
   \                     ??zigbee_test_function_22:
   \   0000085C   BD48               LDR      R0,??zigbee_test_function_130+0x4  ;; ZCMrxBuffer
   \   0000085E   ........           BL       packet_verify
   \   00000862   E071               STRB     R0,[R4, #+7]
   1088              if (ZCMerr != 0) ZBerr++;
   \   00000864   0028               CMP      R0,#+0
   \   00000866   02D0               BEQ      ??zigbee_test_function_132
   \   00000868   6846               MOV      R0,SP
   \   0000086A   8078               LDRB     R0,[R0, #+2]
   \   0000086C   A072               STRB     R0,[R4, #+10]
   1089              printf("\n2st Rx:%02d E:%02d T:%2d", iZCMcount, ZBerr, sZBrxDelay*2);
   \                     ??zigbee_test_function_132:
   \   0000086E   049B               LDR      R3,[SP, #+16]
   \   00000870   A27A               LDRB     R2,[R4, #+10]
   \   00000872   A169               LDR      R1,[R4, #+24]
   \   00000874   9D20               MOVS     R0,#+157
   \   00000876   8000               LSLS     R0,R0,#+2        ;; #+628
   \   00000878   2818               ADDS     R0,R5,R0
   \   0000087A   ........           _BLF     printf,??printf??rT
   1090              iZCMcount = 0;
   \   0000087E   A661               STR      R6,[R4, #+24]
   1091              sZBrxDelay = 0;
   \   00000880   6682               STRH     R6,[R4, #+18]
   1092              printf("\nTx>");
   \   00000882   0398               LDR      R0,[SP, #+12]
   \   00000884   ........           _BLF     printf,??printf??rT
   1093              //put_packet0(FormingReq3, sizeof(FormingReq3));
   1094              send_NLME_GET_req(GET_84);
   \   00000888   8420               MOVS     R0,#+132
   \   0000088A   ........           BL       send_NLME_GET_req
   1095              printf("\nRx>");
   \   0000088E   0298               LDR      R0,[SP, #+8]
   \   00000890   ........           _BLF     printf,??printf??rT
   1096              sStepZBrx++;
   \   00000894   208A               LDRH     R0,[R4, #+16]
   \   00000896   401C               ADDS     R0,R0,#+1
   \   00000898   15E5               B.N      ??zigbee_test_function_74
   1097              return;
   1098              
   1099            case ZCM_FORMING+5:
   1100              ZCM_rsp_receive();
   1101              return;
   1102          
   1103            case ZCM_FORMING+6:
   1104              ZCMerr = packet_verify((char*)&ZCMrxBuffer[0]);
   \                     ??zigbee_test_function_23:
   \   0000089A   AE48               LDR      R0,??zigbee_test_function_130+0x4  ;; ZCMrxBuffer
   \   0000089C   ........           BL       packet_verify
   \   000008A0   E071               STRB     R0,[R4, #+7]
   1105              if (ZCMerr != 0) ZBerr++;
   \   000008A2   0028               CMP      R0,#+0
   \   000008A4   02D0               BEQ      ??zigbee_test_function_133
   \   000008A6   6846               MOV      R0,SP
   \   000008A8   8078               LDRB     R0,[R0, #+2]
   \   000008AA   A072               STRB     R0,[R4, #+10]
   1106              printf("\n3st Rx:%02d E:%02d T:%2d", iZCMcount, ZBerr, sZBrxDelay*2);
   \                     ??zigbee_test_function_133:
   \   000008AC   049B               LDR      R3,[SP, #+16]
   \   000008AE   A27A               LDRB     R2,[R4, #+10]
   \   000008B0   A169               LDR      R1,[R4, #+24]
   \   000008B2   A420               MOVS     R0,#+164
   \   000008B4   8000               LSLS     R0,R0,#+2        ;; #+656
   \   000008B6   2818               ADDS     R0,R5,R0
   \   000008B8   ........           _BLF     printf,??printf??rT
   1107              iZCMcount = 0;
   \   000008BC   A661               STR      R6,[R4, #+24]
   1108              sZBrxDelay = 0;
   \   000008BE   6682               STRH     R6,[R4, #+18]
   1109              printf("\nTx>");
   \   000008C0   0398               LDR      R0,[SP, #+12]
   \   000008C2   ........           _BLF     printf,??printf??rT
   1110              //put_packet0(FormingReq4, sizeof(FormingReq4));
   1111              send_NLME_RESET_req();
   \   000008C6   ........           BL       send_NLME_RESET_req
   1112              printf("\nRx>");
   \   000008CA   0298               LDR      R0,[SP, #+8]
   \   000008CC   ........           _BLF     printf,??printf??rT
   1113              sStepZBrx++;
   \   000008D0   208A               LDRH     R0,[R4, #+16]
   \   000008D2   401C               ADDS     R0,R0,#+1
   \   000008D4   61E5               B.N      ??zigbee_test_function_84
   1114              return;
   1115              
   1116            case ZCM_FORMING+7:
   1117              ZCM_rsp_receive();
   1118              return;
   1119              
   1120            case ZCM_FORMING+8:
   1121              ZCMerr = packet_verify((char*)&ZCMrxBuffer[0]);
   \                     ??zigbee_test_function_24:
   \   000008D6   9F48               LDR      R0,??zigbee_test_function_130+0x4  ;; ZCMrxBuffer
   \   000008D8   ........           BL       packet_verify
   \   000008DC   E071               STRB     R0,[R4, #+7]
   1122              if (ZCMerr != 0) ZBerr++;
   \   000008DE   0028               CMP      R0,#+0
   \   000008E0   02D0               BEQ      ??zigbee_test_function_134
   \   000008E2   6846               MOV      R0,SP
   \   000008E4   8078               LDRB     R0,[R0, #+2]
   \   000008E6   A072               STRB     R0,[R4, #+10]
   1123              printf("\n4st Rx:%02d E:%02d T:%2d", iZCMcount, ZBerr, sZBrxDelay*2);
   \                     ??zigbee_test_function_134:
   \   000008E8   049B               LDR      R3,[SP, #+16]
   \   000008EA   A27A               LDRB     R2,[R4, #+10]
   \   000008EC   A169               LDR      R1,[R4, #+24]
   \   000008EE   AB20               MOVS     R0,#+171
   \   000008F0   8000               LSLS     R0,R0,#+2        ;; #+684
   \   000008F2   2818               ADDS     R0,R5,R0
   \   000008F4   ........           _BLF     printf,??printf??rT
   1124              iZCMcount = 0;
   \   000008F8   A661               STR      R6,[R4, #+24]
   1125              sZBrxDelay = 0;
   \   000008FA   6682               STRH     R6,[R4, #+18]
   1126              printf("\nTx>");
   \   000008FC   0398               LDR      R0,[SP, #+12]
   \   000008FE   ........           _BLF     printf,??printf??rT
   1127              //send_network_formation_req2();
   1128              send_NLME_NETWORK_FORMATION_req();
   \   00000902   ........           BL       send_NLME_NETWORK_FORMATION_req
   1129              //put_packet0(FormingReq5, sizeof(FormingReq5));
   1130              printf("\nRx>");
   \   00000906   0298               LDR      R0,[SP, #+8]
   \   00000908   ........           _BLF     printf,??printf??rT
   1131              sStepZBrx++;
   \   0000090C   208A               LDRH     R0,[R4, #+16]
   \   0000090E   401C               ADDS     R0,R0,#+1
   \   00000910   D9E4               B.N      ??zigbee_test_function_74
   1132              return;
   1133              
   1134            case ZCM_FORMING+9:
   1135              ZCM_rsp_receive();
   1136              return;
   1137              
   1138            case ZCM_FORMING+10:
   1139              ZCMerr = packet_verify((char*)&ZCMrxBuffer[0]);
   \                     ??zigbee_test_function_25:
   \   00000912   9048               LDR      R0,??zigbee_test_function_130+0x4  ;; ZCMrxBuffer
   \   00000914   ........           BL       packet_verify
   \   00000918   E071               STRB     R0,[R4, #+7]
   1140              if (ZCMerr != 0) ZBerr++;
   \   0000091A   0028               CMP      R0,#+0
   \   0000091C   02D0               BEQ      ??zigbee_test_function_135
   \   0000091E   6846               MOV      R0,SP
   \   00000920   8078               LDRB     R0,[R0, #+2]
   \   00000922   A072               STRB     R0,[R4, #+10]
   1141              printf("\n5st Rx:%02d E:%02d T:%2d", iZCMcount, ZBerr, sZBrxDelay*2);
   \                     ??zigbee_test_function_135:
   \   00000924   049B               LDR      R3,[SP, #+16]
   \   00000926   A27A               LDRB     R2,[R4, #+10]
   \   00000928   A169               LDR      R1,[R4, #+24]
   \   0000092A   B220               MOVS     R0,#+178
   \   0000092C   8000               LSLS     R0,R0,#+2        ;; #+712
   \   0000092E   2818               ADDS     R0,R5,R0
   \   00000930   ........           _BLF     printf,??printf??rT
   1142              iZCMcount = 0;
   \   00000934   A661               STR      R6,[R4, #+24]
   1143              sZBrxDelay = 0;
   \   00000936   6682               STRH     R6,[R4, #+18]
   1144              printf("\nTx>");
   \   00000938   0398               LDR      R0,[SP, #+12]
   \   0000093A   ........           _BLF     printf,??printf??rT
   1145              send_NLME_PERMIT_JOINING_req(PermitDuration);
   \   0000093E   A079               LDRB     R0,[R4, #+6]
   \   00000940   ........           BL       send_NLME_PERMIT_JOINING_req
   1146              //put_packet0(FormingReq6, sizeof(FormingReq6));
   1147              printf("\nRx>");
   \   00000944   0298               LDR      R0,[SP, #+8]
   \   00000946   ........           _BLF     printf,??printf??rT
   1148              sStepZBrx++;
   \   0000094A   208A               LDRH     R0,[R4, #+16]
   \   0000094C   401C               ADDS     R0,R0,#+1
   \   0000094E   10E5               B.N      ??zigbee_test_function_78
   1149              return;
   1150              
   1151            case ZCM_FORMING+11:
   1152              ZCM_rsp_receive();
   1153              return;
   1154              
   1155            case ZCM_FORMING+12:
   1156              ZCMerr = packet_verify((char*)&ZCMrxBuffer[0]);
   \                     ??zigbee_test_function_26:
   \   00000950   8048               LDR      R0,??zigbee_test_function_130+0x4  ;; ZCMrxBuffer
   \   00000952   ........           BL       packet_verify
   \   00000956   E071               STRB     R0,[R4, #+7]
   1157              if (ZCMerr != 0) ZBerr++;
   \   00000958   0028               CMP      R0,#+0
   \   0000095A   02D0               BEQ      ??zigbee_test_function_136
   \   0000095C   6846               MOV      R0,SP
   \   0000095E   8078               LDRB     R0,[R0, #+2]
   \   00000960   A072               STRB     R0,[R4, #+10]
   1158              printf("\n6st Rx:%02d E:%02d T:%2d", iZCMcount, ZBerr, sZBrxDelay*2);
   \                     ??zigbee_test_function_136:
   \   00000962   049B               LDR      R3,[SP, #+16]
   \   00000964   A27A               LDRB     R2,[R4, #+10]
   \   00000966   A169               LDR      R1,[R4, #+24]
   \   00000968   B920               MOVS     R0,#+185
   \   0000096A   8000               LSLS     R0,R0,#+2        ;; #+740
   \   0000096C   2818               ADDS     R0,R5,R0
   \   0000096E   ........           _BLF     printf,??printf??rT
   1159              iZCMcount = 0;
   \   00000972   A661               STR      R6,[R4, #+24]
   1160              sZBrxDelay = 0;
   \   00000974   6682               STRH     R6,[R4, #+18]
   1161              printf("\nTx>");
   \   00000976   0398               LDR      R0,[SP, #+12]
   \   00000978   ........           _BLF     printf,??printf??rT
   1162              send_NLME_START_ROUTER_req(BeaconOrder, SuperframeOrder, BatteryLife);
   \   0000097C   2279               LDRB     R2,[R4, #+4]
   \   0000097E   E178               LDRB     R1,[R4, #+3]
   \   00000980   A078               LDRB     R0,[R4, #+2]
   \   00000982   ........           BL       send_NLME_START_ROUTER_req
   1163              //put_packet0(FormingReq7, sizeof(FormingReq7));
   1164              printf("\nRx>");
   \   00000986   0298               LDR      R0,[SP, #+8]
   \   00000988   ........           _BLF     printf,??printf??rT
   1165              sStepZBrx++;
   \   0000098C   208A               LDRH     R0,[R4, #+16]
   \   0000098E   401C               ADDS     R0,R0,#+1
   \   00000990   99E4               B.N      ??zigbee_test_function_74
   1166              return;
   1167          
   1168            case ZCM_FORMING+13:
   1169              ZCM_rsp_receive();
   1170              return;    
   1171              
   1172            case ZCM_FORMING+14:
   1173              ZCMerr = packet_verify((char*)&ZCMrxBuffer[0]);
   \                     ??zigbee_test_function_27:
   \   00000992   7048               LDR      R0,??zigbee_test_function_130+0x4  ;; ZCMrxBuffer
   \   00000994   ........           BL       packet_verify
   \   00000998   E071               STRB     R0,[R4, #+7]
   1174              if (ZCMerr != 0) ZBerr++;
   \   0000099A   0028               CMP      R0,#+0
   \   0000099C   02D0               BEQ      ??zigbee_test_function_137
   \   0000099E   6846               MOV      R0,SP
   \   000009A0   8078               LDRB     R0,[R0, #+2]
   \   000009A2   A072               STRB     R0,[R4, #+10]
   1175              printf("\n7st Rx:%02d E:%02d T:%2d", iZCMcount, ZBerr, sZBrxDelay*2);
   \                     ??zigbee_test_function_137:
   \   000009A4   049B               LDR      R3,[SP, #+16]
   \   000009A6   A27A               LDRB     R2,[R4, #+10]
   \   000009A8   A169               LDR      R1,[R4, #+24]
   \   000009AA   6B48               LDR      R0,??zigbee_test_function_130+0x8  ;; 0x454
   \   000009AC   2818               ADDS     R0,R5,R0
   \   000009AE   ........           _BLF     printf,??printf??rT
   1176              iZCMcount = 0;
   \   000009B2   A661               STR      R6,[R4, #+24]
   1177              sStepZBrx++;
   \   000009B4   208A               LDRH     R0,[R4, #+16]
   \   000009B6   401C               ADDS     R0,R0,#+1
   \                     ??zigbee_test_function_138:
   \   000009B8   2082               STRH     R0,[R4, #+16]
   1178              return;
   \                     ??zigbee_test_function_139:
   \   000009BA   A7E1               B        ??zigbee_test_function_108
   1179              
   1180            case ZCM_FORMING+15:
   1181              sStepZBrx++;
   \                     ??zigbee_test_function_28:
   \   000009BC   6846               MOV      R0,SP
   \   000009BE   0088               LDRH     R0,[R0, #+0]
   \   000009C0   81E4               B.N      ??zigbee_test_function_74
   1182              return;
   1183              
   1184            case ZCM_FORMING+16:
   1185              sStepZBrx++;
   \                     ??zigbee_test_function_29:
   \   000009C2   6846               MOV      R0,SP
   \   000009C4   0088               LDRH     R0,[R0, #+0]
   \   000009C6   D4E4               B.N      ??zigbee_test_function_78
   1186              return;
   1187              
   1188            case ZCM_FORMING+17:
   1189              printf("\nNetwork Forming END\n");
   \                     ??zigbee_test_function_30:
   \   000009C8   C020               MOVS     R0,#+192
   \   000009CA   8000               LSLS     R0,R0,#+2        ;; #+768
   \   000009CC   2818               ADDS     R0,R5,R0
   \   000009CE   ........           _BLF     printf,??printf??rT
   1190              DumpDisplay = 0;
   \   000009D2   3E70               STRB     R6,[R7, #+0]
   1191              if (AutoZigBee) sStepZBrx = ZCM_RECEIVE; else sStepZBrx = 0;
   \   000009D4   CE48               LDR      R0,??zigbee_test_function_140  ;; AutoZigBee
   \   000009D6   0078               LDRB     R0,[R0, #+0]
   \   000009D8   0028               CMP      R0,#+0
   \   000009DA   ....               BNE      .+5
   \   000009DC   95E1               B        ??zigbee_test_function_75
   \   000009DE   C820               MOVS     R0,#+200
   \   000009E0   4000               LSLS     R0,R0,#+1        ;; #+400
   \   000009E2   70E4               B.N      ??zigbee_test_function_74
   1192              return;
   1193              
   1194            case ZCM_TRANSFER:
   1195              debug_monit(3);
   \                     ??zigbee_test_function_45:
   \   000009E4   0320               MOVS     R0,#+3
   \   000009E6   ........           _BLF     debug_monit,??debug_monit??rT
   1196              ZCMdebug = 1;
   \   000009EA   0120               MOVS     R0,#+1
   \   000009EC   2072               STRB     R0,[R4, #+8]
   1197              DumpDisplay = 1;
   \   000009EE   3870               STRB     R0,[R7, #+0]
   1198              PacketCount = 0;
   \   000009F0   E682               STRH     R6,[R4, #+22]
   1199              printf("\n>Packet Test Start");
   \   000009F2   C620               MOVS     R0,#+198
   \   000009F4   8000               LSLS     R0,R0,#+2        ;; #+792
   \   000009F6   2818               ADDS     R0,R5,R0
   \   000009F8   ........           _BLF     printf,??printf??rT
   1200              com0_buffer_clear();
   \   000009FC   ........           _BLF     com0_buffer_clear,??com0_buffer_clear??rT
   1201              //send_API_KVP_packet();
   1202              //send_API_MSG_packet();
   1203              sStepZBrx++;
   \   00000A00   208A               LDRH     R0,[R4, #+16]
   \   00000A02   401C               ADDS     R0,R0,#+1
   \   00000A04   5FE4               B.N      ??zigbee_test_function_74
   1204              return;
   1205            
   1206            case ZCM_TRANSFER+1:
   1207              iZCMcount = 0;
   \                     ??zigbee_test_function_46:
   \   00000A06   A661               STR      R6,[R4, #+24]
   1208              sZBrxDelay = 0;
   \   00000A08   6682               STRH     R6,[R4, #+18]
   1209              sZBmaxDelay = 200;		// Max response delay : 400ms
   \   00000A0A   C820               MOVS     R0,#+200
   \   00000A0C   A082               STRH     R0,[R4, #+20]
   1210              ErrUsart = 0;
   \   00000A0E   5048               LDR      R0,??zigbee_test_function_130  ;; ErrUsart
   \   00000A10   0670               STRB     R6,[R0, #+0]
   1211              ZBerr = 0;
   \   00000A12   A672               STRB     R6,[R4, #+10]
   1212              //printf("\n>range:1-9, Exit:#");
   1213              printf("\n>Select Packet NO:");
   \   00000A14   CB20               MOVS     R0,#+203
   \   00000A16   8000               LSLS     R0,R0,#+2        ;; #+812
   \   00000A18   2818               ADDS     R0,R5,R0
   \   00000A1A   ........           _BLF     printf,??printf??rT
   1214              sStepZBrx++;
   \   00000A1E   208A               LDRH     R0,[R4, #+16]
   \   00000A20   401C               ADDS     R0,R0,#+1
   \   00000A22   A6E4               B.N      ??zigbee_test_function_78
   1215              return;
   1216              
   1217            case ZCM_TRANSFER+2:
   1218              if (bPushKey)
   \                     ??zigbee_test_function_47:
   \   00000A24   0029               CMP      R1,#+0
   \   00000A26   C8D0               BEQ      ??zigbee_test_function_139
   1219              {
   1220                printf("%c", bPushKey);
   \   00000A28   BAA0               ADR      R0,??zigbee_test_function_140+0x4  ;; "%c"
   \   00000A2A   ........           _BLF     printf,??printf??rT
   1221                if (bPushKey == '#') sStepZBrx = ZCM_TRANSFER+5;
   \   00000A2E   BA48               LDR      R0,??zigbee_test_function_140+0x8  ;; bPushKey
   \   00000A30   0078               LDRB     R0,[R0, #+0]
   \   00000A32   2328               CMP      R0,#+35
   \   00000A34   02D1               BNE      ??zigbee_test_function_141
   \   00000A36   FF20               MOVS     R0,#+255
   \   00000A38   FA30               ADDS     R0,R0,#+250      ;; #+505
   \   00000A3A   44E4               B.N      ??zigbee_test_function_74
   1222                 else if ((bPushKey >= 0x30)&(bPushKey < 0x3A))
   \                     ??zigbee_test_function_141:
   \   00000A3C   3028               CMP      R0,#+48
   \   00000A3E   0BD3               BCC      ??zigbee_test_function_142
   \   00000A40   3A28               CMP      R0,#+58
   \   00000A42   09D2               BCS      ??zigbee_test_function_142
   1223                 {
   1224          	 if (bPushKey > 0x34) send_API_KVP_packet();
   \   00000A44   3528               CMP      R0,#+53
   \   00000A46   02D3               BCC      ??zigbee_test_function_143
   \   00000A48   ........           BL       send_API_KVP_packet
   \   00000A4C   01E0               B        ??zigbee_test_function_144
   1225          	  else send_API_MSG_packet();
   \                     ??zigbee_test_function_143:
   \   00000A4E   ........           BL       send_API_MSG_packet
   1226          	 sStepZBrx++;
   \                     ??zigbee_test_function_144:
   \   00000A52   208A               LDRH     R0,[R4, #+16]
   \   00000A54   401C               ADDS     R0,R0,#+1
   \                     ??zigbee_test_function_145:
   \   00000A56   8CE4               B.N      ??zigbee_test_function_78
   1227                 }
   1228                 else 
   1229                 {
   1230          	 printf("\n?range over");
   \                     ??zigbee_test_function_142:
   \   00000A58   D020               MOVS     R0,#+208
   \   00000A5A   8000               LSLS     R0,R0,#+2        ;; #+832
   \   00000A5C   2818               ADDS     R0,R5,R0
   \   00000A5E   ........           _BLF     printf,??printf??rT
   1231          	 sStepZBrx = ZCM_TRANSFER+1;
   1232                 }
   1233              return;  
   1234              
   1235            case ZCM_TRANSFER+3:
   1236              ZCM_rsp_receive();
   1237              return;
   1238            
   1239            case ZCM_TRANSFER+4:
   1240              //if (iZCMcount)
   1241              //{
   1242              //  for (no = 0; no < iZCMcount; no++) 
   1243              //	printf("%2x ",ZCMrxBuffer[no]);
   1244                //printf(":%3d",++PacketCount);
   1245              // }
   1246             sStepZBrx = ZCM_TRANSFER+1;
   \                     ??zigbee_test_function_48:
   \   00000A62   FF20               MOVS     R0,#+255
   \   00000A64   F630               ADDS     R0,R0,#+246      ;; #+501
   \                     ??zigbee_test_function_146:
   \   00000A66   2EE4               B.N      ??zigbee_test_function_74
   1247             return;
   1248              
   1249            case ZCM_TRANSFER+5:
   1250              printf("\nPacket Test END");
   1251              ZCMdebug = 0;
   1252              DumpDisplay = 0;
   1253              sStepZBrx = 0;     
   1254              return;
   1255              
   1256            case ZCM_RECEIVE:
   1257              debug_monit(3);
   1258              ZCMdebug = 1;
   1259              DumpDisplay = 1;
   1260              printf("\nZD>Wait Device Join");
   1261              iZCMcount = 0;
   1262              sZBrxDelay = 0;
   1263              sZBmaxDelay = 200;		// Max response delay : 400ms
   1264              ErrUsart = 0;
   1265              ZBerr = 0;
   1266              com0_buffer_clear();
   1267              printf("\nRx>");
   1268              sStepZBrx++;
   1269              return;
   1270              
   1271            case ZCM_RECEIVE+1:
   1272              ZCM_rsp_receive();    
   1273              return;
   1274            
   1275           case ZCM_RECEIVE+2:
   1276              if (iZCMcount)
   1277              {
   1278                ZCMerr = packet_verify((char*)&ZCMrxBuffer[0]);
   1279                printf("\nED>Rx:%02dbyte Err:%02d", iZCMcount, ZCMerr);
   1280                if (!ZCMerr) 
   1281                {
   1282                  rxpacket_parser();
   1283                }
   1284              }
   1285             sStepZBrx++;
   1286             return;
   1287              
   1288            case ZCM_RECEIVE+3:
   1289              // '#'버튼을 누르면 수신 종료
   1290              //if ( !(pio_read(PIOA) & KEY_LB) ) sStepZBrx++;
   1291              if ( SP_KEY ) sStepZBrx++;
   1292               else 
   1293               {
   1294                 if (iZCMcount) printf("\nRx>");
   \                     ??zigbee_test_function_147:
   \   00000A68   A069               LDR      R0,[R4, #+24]
   \   00000A6A   0028               CMP      R0,#+0
   \   00000A6C   02D0               BEQ      ??zigbee_test_function_148
   \   00000A6E   0298               LDR      R0,[SP, #+8]
   \   00000A70   ........           _BLF     printf,??printf??rT
   1295                 iZCMcount = 0;
   \                     ??zigbee_test_function_148:
   \   00000A74   A661               STR      R6,[R4, #+24]
   1296                 sZBrxDelay = 0;
   \   00000A76   6682               STRH     R6,[R4, #+18]
   1297                 sZBmaxDelay = 200;		// Max response delay : 400ms       
   \   00000A78   C820               MOVS     R0,#+200
   \   00000A7A   A082               STRH     R0,[R4, #+20]
   1298                 sStepZBrx = ZCM_RECEIVE+1;
   \   00000A7C   C930               ADDS     R0,R0,#+201
   \   00000A7E   8CE4               B.N      ??zigbee_test_function_84
   1299               }
   1300              return;
   1301          
   1302            case ZCM_RECEIVE+4:    
   1303              sStepZBrx++;
   1304              return;
   1305            case ZCM_RECEIVE+5:    
   1306              sStepZBrx++;
   1307              return;
   1308            case ZCM_RECEIVE+6:    
   1309              sStepZBrx++;
   1310              return;
   1311            case ZCM_RECEIVE+7:    
   1312              sStepZBrx++;
   1313              return;
   1314            case ZCM_RECEIVE+8:    
   1315              sStepZBrx++;
   1316              return;
   1317            case ZCM_RECEIVE+9:    
   1318              sStepZBrx++;
   1319              return;
   1320            case ZCM_RECEIVE+10:    
   1321              sStepZBrx++;
   1322              return;
   1323            case ZCM_RECEIVE+11:    
   1324              sStepZBrx++;
   1325              return;
   1326            case ZCM_RECEIVE+12:    
   1327              sStepZBrx++;
   1328              return;
   1329            case ZCM_RECEIVE+13:
   1330              printf("\nZED receive END");
   1331              DumpDisplay = 0;
   1332              sStepZBrx = 0;     
   1333              return;
   1334              
   1335              
   1336          /********************************************/  
   1337          /* ZigBee Module Simulator support          */
   1338          /* Connecting between PC and ZigBee Module  */
   1339          /* PC operating Program: Profile-Simulator  */
   1340          /********************************************/ 
   1341            case ZCM_SIMULATE:
   1342              //ZCM_reset();
   1343              com0_mode_set(38400,'N',8,1);
   1344              pio_clear(PIOB, RF_ISP);    // ZCM ISP(download) pin : 'L'
   1345              pio_clear(PIOA, RF_RST);    // ZCM RESET pin : 'L'
   1346              com0_buffer_clear();	// Discard com0 rxbuffer 
   1347              sZBrxDelay = 0;
   1348              sZBmaxDelay = 100;		// Max response delay : 200ms
   1349              debug_monit(1);    
   1350              DumpDisplay = 1;
   1351              printf("\n");		// lind feed
   1352              sStepZBrx++;
   1353              return;
   1354              
   1355            case ZCM_SIMULATE+1:
   1356              if (++sZBrxDelay > sZBmaxDelay) 
   1357              {
   1358                sZBrxDelay = 0;
   1359                pio_set( PIOA, RF_RST);   // ZCM RESET pin : 'H'
   1360                sStepZBrx++;
   1361              }
   1362              return;
   1363              
   1364            case ZCM_SIMULATE+2:
   1365              // if data receive at ZCM, display
   1366              if (RxUSART0) 
   1367              {     
   1368                printf("%c",getchar0());
   1369                sZBrxDelay = 0;
   1370              }
   1371              else if (++sZBrxDelay > sZBmaxDelay) sStepZBrx++;
   \                     ??zigbee_test_function_149:
   \   00000A80   6846               MOV      R0,SP
   \   00000A82   C088               LDRH     R0,[R0, #+6]
   \   00000A84   6082               STRH     R0,[R4, #+18]
   \   00000A86   1420               MOVS     R0,#+20
   \   00000A88   205E               LDRSH    R0,[R4, R0]
   \   00000A8A   1221               MOVS     R1,#+18
   \   00000A8C   615E               LDRSH    R1,[R4, R1]
   \   00000A8E   8842               CMP      R0,R1
   \   00000A90   93DA               BGE      ??zigbee_test_function_139
   \   00000A92   6846               MOV      R0,SP
   \   00000A94   0088               LDRH     R0,[R0, #+0]
   \   00000A96   E6E7               B.N      ??zigbee_test_function_146
   1372              return;
   1373          
   1374            case ZCM_SIMULATE+3:
   1375              //for (no = 0; no < ZCMrxCount; no++) printf("%c",ZCMrxBuffer[no]);
   1376              printf("\rZCM Simulate start");
   1377              printf("\nCancel: press [#]\n");
   1378              sStepZBrx++;
   1379              return;
   1380              
   1381            case ZCM_SIMULATE+4:
   1382              // if data receive at ZCM, pass to PC
   1383              if (RxUSART0) 
   1384              {
   1385                data = getchar0();
   1386                putchar2(data);
   1387                printf("%02X ",data);
   1388              }
   1389              // if data receive at PC, pass to ZCM
   1390              if (RxUSARTD) 
   1391              {
   1392                data = getchar2();
   1393                putchar0(data);
   1394                //printf("%02X ",data);
   1395              }
   1396              //if press [#], Simulate start
   1397              if (bPushKey == KEY_sp) sStepZBrx++;
   1398              return;
   1399            
   1400            case ZCM_SIMULATE+5:
   1401              printf("\nZCM Simulate END");
   1402              DumpDisplay = 0;
   1403              sStepZBrx = 0;
   1404              return;
   1405              
   1406          /********************************************/  
   1407          /* ZigBee Module Download support           */
   1408          /* Connecting between PC and ZigBee Module. */
   1409          /* PC operating Program: Device Programmer  */
   1410          /********************************************/  
   1411            case ZCM_DOWNLOAD:
   1412              debug_monit(1);		// Stop debug data sending to pC
   1413              com0_mode_set(115200,'N',8,2);
   1414              pio_set(PIOB, RF_ISP);	// ZCM ISP(download) pin : 'H'
   1415              pio_clear(PIOA, RF_RST);    // ZCM RESET pin : 'L'
   1416              //ZCM_isp_reset();
   1417              com0_buffer_clear();	// Discard com0 rxtxbuffer
   1418              com2_buffer_clear();	// Discard com2 rxtxbuffer
   1419              sZBrxDelay = 0;
   1420              sZBmaxDelay = 100;		// Max response delay : 200ms
   1421              printf("\n");		// lind feed
   1422              sStepZBrx++;
   1423              return;
   1424            
   1425            case ZCM_DOWNLOAD+1:
   1426              if (++sZBrxDelay > sZBmaxDelay) 
   1427              {
   1428                sZBrxDelay = 0;
   1429                pio_set( PIOA, RF_RST);	// ZCM RESET pin : 'H'
   1430                sStepZBrx++;
   1431              }
   1432              return;
   1433            
   1434            case ZCM_DOWNLOAD+2:
   1435              // if data receive at ZCM, display
   1436              if (RxUSART0) 
   1437              {     
   1438                printf("%02X ",getchar0());
   1439                sZBrxDelay = 0;
   1440              }
   1441              else if (++sZBrxDelay > sZBmaxDelay) sStepZBrx++;
   \                     ??zigbee_test_function_150:
   \   00000A98   6846               MOV      R0,SP
   \   00000A9A   C088               LDRH     R0,[R0, #+6]
   \   00000A9C   6082               STRH     R0,[R4, #+18]
   \   00000A9E   1420               MOVS     R0,#+20
   \   00000AA0   205E               LDRSH    R0,[R4, R0]
   \   00000AA2   1221               MOVS     R1,#+18
   \   00000AA4   615E               LDRSH    R1,[R4, R1]
   \   00000AA6   8842               CMP      R0,R1
   \   00000AA8   87DA               BGE      ??zigbee_test_function_139
   \   00000AAA   6846               MOV      R0,SP
   \   00000AAC   0088               LDRH     R0,[R0, #+0]
   \   00000AAE   DAE7               B.N      ??zigbee_test_function_146
   1442              return;
   1443              
   1444            case ZCM_DOWNLOAD+3:
   1445              printf("\nZCM DownLoad start");
   1446              printf("\nCancel: press [#]");
   1447              sStepZBrx++;
   1448              return;
   1449              
   1450            case ZCM_DOWNLOAD+4:
   1451              ZCMpass = 1;		// Passing data between PC and ZCM  
   1452              iRxPCcount = 0;
   1453              iRxZCMcount = 0;
   1454              printf("\n");
   1455              sStepZBrx++;
   1456              return;
   1457              
   1458            case ZCM_DOWNLOAD+5:
   1459              printf("\rPC->ZCM:%6d", iRxPCcount);
   1460              printf("\nZCM->PC:%6d", iRxZCMcount);
   1461              cursor_move_up();
   1462              if (bPushKey == KEY_sp) sStepZBrx++;
   1463              return;
   1464           
   1465            case ZCM_DOWNLOAD+6:
   1466              ZCMpass = 0;
   1467              printf("\n\nZCM DownLoad END");
   1468              sStepZBrx++;
   1469              return;
   1470            
   1471            case ZCM_DOWNLOAD+7:
   1472              com0_mode_set(38400,'N',8,1);
   1473              pio_clear(PIOB, RF_ISP);    // ZCM ISP(download) pin : 'L'
   1474              pio_clear(PIOA, RF_RST);    // ZCM RESET pin : 'L'
   1475              com0_buffer_clear();	// Discard com0 rxbuffer 
   1476              sZBrxDelay = 0;
   1477              DumpDisplay = 1;
   1478              //printf("\n");		// lind feed
   1479              sStepZBrx++;
   1480              return;
   1481              
   1482            case ZCM_DOWNLOAD+8:
   1483              if (++sZBrxDelay > sZBmaxDelay) 
   1484              {
   1485                sZBrxDelay = 0;
   1486                pio_set( PIOA, RF_RST);   // ZCM RESET pin : 'H'
   1487                sStepZBrx++;
   1488              }
   1489              return;
   1490              
   1491            case ZCM_DOWNLOAD+9:
   1492              // if data receive at ZCM, display
   1493              if (RxUSART0) 
   1494              {     
   1495                printf("%c",getchar0());
   1496                sZBrxDelay = 0;
   1497              }
   1498              else if (++sZBrxDelay > sZBmaxDelay) sStepZBrx++;
   \                     ??zigbee_test_function_151:
   \   00000AB0   6846               MOV      R0,SP
   \   00000AB2   C088               LDRH     R0,[R0, #+6]
   \   00000AB4   6082               STRH     R0,[R4, #+18]
   \   00000AB6   1420               MOVS     R0,#+20
   \   00000AB8   205E               LDRSH    R0,[R4, R0]
   \   00000ABA   1221               MOVS     R1,#+18
   \   00000ABC   615E               LDRSH    R1,[R4, R1]
   \   00000ABE   8842               CMP      R0,R1
   \   00000AC0   ....               BLT      .+5
   \   00000AC2   23E1               B        ??zigbee_test_function_108
   \   00000AC4   6846               MOV      R0,SP
   \   00000AC6   0088               LDRH     R0,[R0, #+0]
   \   00000AC8   CDE7               B.N      ??zigbee_test_function_146
   \                     ??zigbee_test_function_49:
   \   00000ACA   D420               MOVS     R0,#+212
   \   00000ACC   8000               LSLS     R0,R0,#+2        ;; #+848
   \   00000ACE   2818               ADDS     R0,R5,R0
   \   00000AD0   ........           _BLF     printf,??printf??rT
   \   00000AD4   2672               STRB     R6,[R4, #+8]
   \   00000AD6   3E70               STRB     R6,[R7, #+0]
   \   00000AD8   17E1               B.N      ??zigbee_test_function_75
   \                     ??zigbee_test_function_31:
   \   00000ADA   0320               MOVS     R0,#+3
   \   00000ADC   ........           _BLF     debug_monit,??debug_monit??rT
   \   00000AE0   0120               MOVS     R0,#+1
   \   00000AE2   2072               STRB     R0,[R4, #+8]
   \   00000AE4   3870               STRB     R0,[R7, #+0]
   \   00000AE6   D920               MOVS     R0,#+217
   \   00000AE8   8000               LSLS     R0,R0,#+2        ;; #+868
   \   00000AEA   2818               ADDS     R0,R5,R0
   \   00000AEC   ........           _BLF     printf,??printf??rT
   \   00000AF0   A661               STR      R6,[R4, #+24]
   \   00000AF2   6682               STRH     R6,[R4, #+18]
   \   00000AF4   C820               MOVS     R0,#+200
   \   00000AF6   A082               STRH     R0,[R4, #+20]
   \   00000AF8   1548               LDR      R0,??zigbee_test_function_130  ;; ErrUsart
   \   00000AFA   0670               STRB     R6,[R0, #+0]
   \   00000AFC   A672               STRB     R6,[R4, #+10]
   \   00000AFE   ........           _BLF     com0_buffer_clear,??com0_buffer_clear??rT
   \   00000B02   0298               LDR      R0,[SP, #+8]
   \   00000B04   ........           _BLF     printf,??printf??rT
   \   00000B08   208A               LDRH     R0,[R4, #+16]
   \   00000B0A   401C               ADDS     R0,R0,#+1
   \   00000B0C   ABE7               B.N      ??zigbee_test_function_146
   \                     ??zigbee_test_function_33:
   \   00000B0E   A069               LDR      R0,[R4, #+24]
   \   00000B10   0028               CMP      R0,#+0
   \   00000B12   0FD0               BEQ      ??zigbee_test_function_152
   \   00000B14   0F48               LDR      R0,??zigbee_test_function_130+0x4  ;; ZCMrxBuffer
   \   00000B16   ........           BL       packet_verify
   \   00000B1A   E071               STRB     R0,[R4, #+7]
   \   00000B1C   0200               MOVS     R2,R0
   \   00000B1E   A169               LDR      R1,[R4, #+24]
   \   00000B20   DF20               MOVS     R0,#+223
   \   00000B22   8000               LSLS     R0,R0,#+2        ;; #+892
   \   00000B24   2818               ADDS     R0,R5,R0
   \   00000B26   ........           _BLF     printf,??printf??rT
   \   00000B2A   E079               LDRB     R0,[R4, #+7]
   \   00000B2C   0028               CMP      R0,#+0
   \   00000B2E   01D1               BNE      ??zigbee_test_function_152
   \   00000B30   ........           BL       rxpacket_parser
   \                     ??zigbee_test_function_152:
   \   00000B34   208A               LDRH     R0,[R4, #+16]
   \   00000B36   401C               ADDS     R0,R0,#+1
   \   00000B38   8DE7               B.N      ??zigbee_test_function_145
   \                     ??zigbee_test_function_34:
   \   00000B3A   2329               CMP      R1,#+35
   \   00000B3C   94D1               BNE      ??zigbee_test_function_147
   \   00000B3E   6846               MOV      R0,SP
   \   00000B40   0088               LDRH     R0,[R0, #+0]
   \   00000B42   90E7               B.N      ??zigbee_test_function_146
   \                     ??zigbee_test_function_35:
   \   00000B44   6846               MOV      R0,SP
   \   00000B46   0088               LDRH     R0,[R0, #+0]
   \                     ??zigbee_test_function_153:
   \   00000B48   27E4               B.N      ??zigbee_test_function_84
   \                     ??zigbee_test_function_36:
   \   00000B4A   6846               MOV      R0,SP
   \   00000B4C   0088               LDRH     R0,[R0, #+0]
   \   00000B4E   8AE7               B.N      ??zigbee_test_function_146
   \                     ??zigbee_test_function_130:
   \   00000B50   ........           DC32     ErrUsart
   \   00000B54   ........           DC32     ZCMrxBuffer
   \   00000B58   54040000           DC32     0x454
   \                     ??zigbee_test_function_37:
   \   00000B5C   6846               MOV      R0,SP
   \   00000B5E   0088               LDRH     R0,[R0, #+0]
   \   00000B60   79E7               B.N      ??zigbee_test_function_145
   \                     ??zigbee_test_function_38:
   \   00000B62   6846               MOV      R0,SP
   \   00000B64   0088               LDRH     R0,[R0, #+0]
   \   00000B66   7EE7               B.N      ??zigbee_test_function_146
   \                     ??zigbee_test_function_39:
   \   00000B68   6846               MOV      R0,SP
   \   00000B6A   0088               LDRH     R0,[R0, #+0]
   \   00000B6C   24E7               B.N      ??zigbee_test_function_138
   \                     ??zigbee_test_function_40:
   \   00000B6E   6846               MOV      R0,SP
   \   00000B70   0088               LDRH     R0,[R0, #+0]
   \   00000B72   78E7               B.N      ??zigbee_test_function_146
   \                     ??zigbee_test_function_41:
   \   00000B74   6846               MOV      R0,SP
   \   00000B76   0088               LDRH     R0,[R0, #+0]
   \   00000B78   6DE7               B.N      ??zigbee_test_function_145
   \                     ??zigbee_test_function_42:
   \   00000B7A   6846               MOV      R0,SP
   \   00000B7C   0088               LDRH     R0,[R0, #+0]
   \   00000B7E   72E7               B.N      ??zigbee_test_function_146
   \                     ??zigbee_test_function_43:
   \   00000B80   6846               MOV      R0,SP
   \   00000B82   0088               LDRH     R0,[R0, #+0]
   \   00000B84   E0E7               B.N      ??zigbee_test_function_153
   \                     ??zigbee_test_function_44:
   \   00000B86   E620               MOVS     R0,#+230
   \   00000B88   8000               LSLS     R0,R0,#+2        ;; #+920
   \   00000B8A   2818               ADDS     R0,R5,R0
   \   00000B8C   ........           _BLF     printf,??printf??rT
   \   00000B90   3E70               STRB     R6,[R7, #+0]
   \   00000B92   BAE0               B.N      ??zigbee_test_function_75
   \                     ??zigbee_test_function_51:
   \   00000B94   6A46               MOV      R2,SP
   \   00000B96   0421               MOVS     R1,#+4
   \   00000B98   515E               LDRSH    R1,[R2, R1]
   \   00000B9A   8842               CMP      R0,R1
   \   00000B9C   ....               BNE      .+5
   \   00000B9E   6FE7               B        ??zigbee_test_function_149
   \   00000BA0   DEE4               B.N      ??zigbee_test_function_106
   \                     ??zigbee_test_function_52:
   \   00000BA2   EB20               MOVS     R0,#+235
   \   00000BA4   8000               LSLS     R0,R0,#+2        ;; #+940
   \   00000BA6   2818               ADDS     R0,R5,R0
   \   00000BA8   ........           _BLF     printf,??printf??rT
   \   00000BAC   F020               MOVS     R0,#+240
   \   00000BAE   8000               LSLS     R0,R0,#+2        ;; #+960
   \   00000BB0   2818               ADDS     R0,R5,R0
   \   00000BB2   ........           _BLF     printf,??printf??rT
   \   00000BB6   208A               LDRH     R0,[R4, #+16]
   \   00000BB8   401C               ADDS     R0,R0,#+1
   \   00000BBA   54E7               B.N      ??zigbee_test_function_146
   \                     ??zigbee_test_function_53:
   \   00000BBC   6A46               MOV      R2,SP
   \   00000BBE   0421               MOVS     R1,#+4
   \   00000BC0   515E               LDRSH    R1,[R2, R1]
   \   00000BC2   8842               CMP      R0,R1
   \   00000BC4   08D0               BEQ      ??zigbee_test_function_154
   \   00000BC6   ........           _BLF     getchar0,??getchar0??rT
   \   00000BCA   0500               MOVS     R5,R0
   \   00000BCC   ........           _BLF     putchar2,??putchar2??rT
   \   00000BD0   2900               MOVS     R1,R5
   \   00000BD2   0A98               LDR      R0,[SP, #+40]
   \   00000BD4   ........           _BLF     printf,??printf??rT
   \                     ??zigbee_test_function_154:
   \   00000BD8   5048               LDR      R0,??zigbee_test_function_140+0xC  ;; rx_rd_index2
   \   00000BDA   0021               MOVS     R1,#+0
   \   00000BDC   405E               LDRSH    R0,[R0, R1]
   \   00000BDE   5049               LDR      R1,??zigbee_test_function_140+0x10  ;; rx_wr_index2
   \   00000BE0   0022               MOVS     R2,#+0
   \   00000BE2   895E               LDRSH    R1,[R1, R2]
   \   00000BE4   8842               CMP      R0,R1
   \   00000BE6   03D0               BEQ      ??zigbee_test_function_155
   \   00000BE8   ........           _BLF     getchar2,??getchar2??rT
   \   00000BEC   ........           _BLF     putchar0,??putchar0??rT
   \                     ??zigbee_test_function_155:
   \   00000BF0   4948               LDR      R0,??zigbee_test_function_140+0x8  ;; bPushKey
   \   00000BF2   0078               LDRB     R0,[R0, #+0]
   \   00000BF4   2328               CMP      R0,#+35
   \   00000BF6   5AD1               BNE      ??zigbee_test_function_156
   \   00000BF8   208A               LDRH     R0,[R4, #+16]
   \   00000BFA   401C               ADDS     R0,R0,#+1
   \   00000BFC   33E7               B.N      ??zigbee_test_function_146
   \                     ??zigbee_test_function_54:
   \   00000BFE   F520               MOVS     R0,#+245
   \   00000C00   8000               LSLS     R0,R0,#+2        ;; #+980
   \   00000C02   2818               ADDS     R0,R5,R0
   \   00000C04   ........           _BLF     printf,??printf??rT
   \   00000C08   3E70               STRB     R6,[R7, #+0]
   \   00000C0A   7EE0               B.N      ??zigbee_test_function_75
   \                     ??zigbee_test_function_55:
   \   00000C0C   0120               MOVS     R0,#+1
   \   00000C0E   ........           _BLF     debug_monit,??debug_monit??rT
   \   00000C12   0223               MOVS     R3,#+2
   \   00000C14   0822               MOVS     R2,#+8
   \   00000C16   4E21               MOVS     R1,#+78
   \   00000C18   E120               MOVS     R0,#+225
   \   00000C1A   4002               LSLS     R0,R0,#+9        ;; #+115200
   \   00000C1C   ........           _BLF     com0_mode_set,??com0_mode_set??rT
   \   00000C20   ....               LDR      R0,??DataTable29  ;; 0xfffffffffffff630
   \   00000C22   8021               MOVS     R1,#+128
   \   00000C24   8900               LSLS     R1,R1,#+2        ;; #+512
   \   00000C26   0160               STR      R1,[R0, #+0]
   \   00000C28   ....               LDR      R0,??DataTable32  ;; 0xfffffffffffff434
   \   00000C2A   0421               MOVS     R1,#+4
   \   00000C2C   0160               STR      R1,[R0, #+0]
   \   00000C2E   ........           _BLF     com0_buffer_clear,??com0_buffer_clear??rT
   \   00000C32   ........           _BLF     com2_buffer_clear,??com2_buffer_clear??rT
   \   00000C36   6682               STRH     R6,[R4, #+18]
   \   00000C38   6420               MOVS     R0,#+100
   \   00000C3A   A082               STRH     R0,[R4, #+20]
   \   00000C3C   39A0               ADR      R0,??zigbee_test_function_140+0x14  ;; "\n"
   \   00000C3E   ........           _BLF     printf,??printf??rT
   \   00000C42   208A               LDRH     R0,[R4, #+16]
   \   00000C44   401C               ADDS     R0,R0,#+1
   \   00000C46   0EE7               B.N      ??zigbee_test_function_146
   \                     ??zigbee_test_function_56:
   \   00000C48   6A46               MOV      R2,SP
   \   00000C4A   0421               MOVS     R1,#+4
   \   00000C4C   515E               LDRSH    R1,[R2, R1]
   \   00000C4E   8842               CMP      R0,R1
   \   00000C50   ....               BNE      .+5
   \   00000C52   21E7               B        ??zigbee_test_function_150
   \   00000C54   ........           _BLF     getchar0,??getchar0??rT
   \   00000C58   0100               MOVS     R1,R0
   \   00000C5A   0A98               LDR      R0,[SP, #+40]
   \   00000C5C   84E4               B.N      ??zigbee_test_function_107
   \                     ??zigbee_test_function_57:
   \   00000C5E   FA20               MOVS     R0,#+250
   \   00000C60   8000               LSLS     R0,R0,#+2        ;; #+1000
   \   00000C62   2818               ADDS     R0,R5,R0
   \   00000C64   ........           _BLF     printf,??printf??rT
   \   00000C68   FF20               MOVS     R0,#+255
   \   00000C6A   8000               LSLS     R0,R0,#+2        ;; #+1020
   \   00000C6C   2818               ADDS     R0,R5,R0
   \   00000C6E   ........           _BLF     printf,??printf??rT
   \   00000C72   208A               LDRH     R0,[R4, #+16]
   \   00000C74   401C               ADDS     R0,R0,#+1
   \   00000C76   F6E6               B.N      ??zigbee_test_function_146
   \                     ??zigbee_test_function_58:
   \   00000C78   0120               MOVS     R0,#+1
   \   00000C7A   6072               STRB     R0,[R4, #+9]
   \   00000C7C   E661               STR      R6,[R4, #+28]
   \   00000C7E   2662               STR      R6,[R4, #+32]
   \   00000C80   28A0               ADR      R0,??zigbee_test_function_140+0x14  ;; "\n"
   \   00000C82   ........           _BLF     printf,??printf??rT
   \   00000C86   208A               LDRH     R0,[R4, #+16]
   \   00000C88   401C               ADDS     R0,R0,#+1
   \   00000C8A   E4E6               B.N      ??zigbee_test_function_145
   \                     ??zigbee_test_function_59:
   \   00000C8C   E169               LDR      R1,[R4, #+28]
   \   00000C8E   8220               MOVS     R0,#+130
   \   00000C90   C000               LSLS     R0,R0,#+3        ;; #+1040
   \   00000C92   2818               ADDS     R0,R5,R0
   \   00000C94   ........           _BLF     printf,??printf??rT
   \   00000C98   216A               LDR      R1,[R4, #+32]
   \   00000C9A   8420               MOVS     R0,#+132
   \   00000C9C   C000               LSLS     R0,R0,#+3        ;; #+1056
   \   00000C9E   2818               ADDS     R0,R5,R0
   \   00000CA0   ........           _BLF     printf,??printf??rT
   \   00000CA4   ........           _BLF     cursor_move_up,??cursor_move_up??rT
   \   00000CA8   1B48               LDR      R0,??zigbee_test_function_140+0x8  ;; bPushKey
   \   00000CAA   0078               LDRB     R0,[R0, #+0]
   \   00000CAC   2328               CMP      R0,#+35
   \                     ??zigbee_test_function_156:
   \   00000CAE   2DD1               BNE      ??zigbee_test_function_108
   \   00000CB0   208A               LDRH     R0,[R4, #+16]
   \   00000CB2   401C               ADDS     R0,R0,#+1
   \   00000CB4   D7E6               B.N      ??zigbee_test_function_146
   \                     ??zigbee_test_function_60:
   \   00000CB6   6672               STRB     R6,[R4, #+9]
   \   00000CB8   8620               MOVS     R0,#+134
   \   00000CBA   C000               LSLS     R0,R0,#+3        ;; #+1072
   \   00000CBC   2818               ADDS     R0,R5,R0
   \   00000CBE   ........           _BLF     printf,??printf??rT
   \   00000CC2   208A               LDRH     R0,[R4, #+16]
   \   00000CC4   401C               ADDS     R0,R0,#+1
   \   00000CC6   C6E6               B.N      ??zigbee_test_function_145
   \                     ??zigbee_test_function_61:
   \   00000CC8   0123               MOVS     R3,#+1
   \   00000CCA   0822               MOVS     R2,#+8
   \   00000CCC   4E21               MOVS     R1,#+78
   \   00000CCE   9620               MOVS     R0,#+150
   \   00000CD0   0002               LSLS     R0,R0,#+8        ;; #+38400
   \   00000CD2   ........           _BLF     com0_mode_set,??com0_mode_set??rT
   \   00000CD6   ....               LDR      R0,??DataTable31  ;; 0xfffffffffffff634
   \   00000CD8   8021               MOVS     R1,#+128
   \   00000CDA   8900               LSLS     R1,R1,#+2        ;; #+512
   \   00000CDC   0160               STR      R1,[R0, #+0]
   \   00000CDE   ....               LDR      R0,??DataTable32  ;; 0xfffffffffffff434
   \   00000CE0   0421               MOVS     R1,#+4
   \   00000CE2   0160               STR      R1,[R0, #+0]
   \   00000CE4   ........           _BLF     com0_buffer_clear,??com0_buffer_clear??rT
   \   00000CE8   6682               STRH     R6,[R4, #+18]
   \   00000CEA   0120               MOVS     R0,#+1
   \   00000CEC   3870               STRB     R0,[R7, #+0]
   \   00000CEE   208A               LDRH     R0,[R4, #+16]
   \   00000CF0   401C               ADDS     R0,R0,#+1
   \   00000CF2   B8E6               B.N      ??zigbee_test_function_146
   \                     ??zigbee_test_function_62:
   \   00000CF4   6A46               MOV      R2,SP
   \   00000CF6   0421               MOVS     R1,#+4
   \   00000CF8   515E               LDRSH    R1,[R2, R1]
   \   00000CFA   8842               CMP      R0,R1
   \   00000CFC   ....               BNE      .+5
   \   00000CFE   D7E6               B        ??zigbee_test_function_151
   \   00000D00   ........           _BLF     getchar0,??getchar0??rT
   \   00000D04   0100               MOVS     R1,R0
   \   00000D06   03A0               ADR      R0,??zigbee_test_function_140+0x4  ;; "%c"
   \   00000D08   2EE4               B.N      ??zigbee_test_function_107
   1499              return;
   1500              
   1501            case ZCM_DOWNLOAD+10:
   1502              sStepZBrx = 0;
   1503              return;
   1504          
   1505            default:
   1506              sStepZBrx = 0;
   \                     ??zigbee_test_function_63:
   \                     ??zigbee_test_function_75:
   \   00000D0A   2682               STRH     R6,[R4, #+16]
   1507              return;   
   \                     ??zigbee_test_function_108:
   \   00000D0C   0BB0               ADD      SP,SP,#+44
   \   00000D0E   F0BD               POP      {R4-R7,PC}       ;; return
   \                     ??zigbee_test_function_140:
   \   00000D10   ........           DC32     AutoZigBee
   \   00000D14   25630000           DC8      "%c",+0
   \   00000D18   ........           DC32     bPushKey
   \   00000D1C   ........           DC32     rx_rd_index2
   \   00000D20   ........           DC32     rx_wr_index2
   \   00000D24   0A000000           DC8      "\n",+0,+0
   1508           }
   1509          }
   1510          
   1511          /*
   1512          void send_network_formation_req(void)
   1513          {
   1514            NLDME_PACKET  P_NWK;
   1515            char  csum = 0;
   1516            char  i;
   1517            API_SERIAL_PACKET TxSerialPkt;
   1518            API_SERIAL_PACKET *pOutPkt = &TxSerialPkt;
   1519            char  *Ptr = (char*)&TxSerialPkt;
   1520            Ptr += 2;
   1521            //->PKT;
   1522            printf("\nPtr: %x", Ptr);
   1523            printf("\n*Ptr: %x", *Ptr);
   1524            printf("\n&TxSerialPkt: %x", &TxSerialPkt);
   1525            printf("\npOutPkt: %x", pOutPkt);
   1526           // printf("\n*pOutPkt: %x", *pOutPkt);
   1527            
   1528            i = sizeof(csum);
   1529          //  i = malloc(csum);
   1530            //P_NWK.NLME_NETWORK_FORMATION_req.ScanChannels = (UINT32)0x01 << 11;
   1531            P_NWK.NLME_NETWORK_FORMATION_req.ScanDuration = 2;
   1532            P_NWK.NLME_NETWORK_FORMATION_req.BeaconOrder = 0x0F;
   1533            P_NWK.NLME_NETWORK_FORMATION_req.SuperframeOrder = 0x0F;
   1534            //P_NWK.NLME_NETWORK_FORMATION_req.PANId = 0x1234;
   1535            P_NWK.NLME_NETWORK_FORMATION_req.BatteryLifeExtension = 0;
   1536            
   1537            pOutPkt->PKT.layer = NWK_LAYER;               // 0x20
   1538            pOutPkt->PKT.Opcode = NLME_NETWORK_FORMATION; // 0x12
   1539            pOutPkt->PKT.Type = REQUEST;                  // 0x10
   1540            pOutPkt->PKT.Size = sizeof(NLME_NETWORK_FORMATION_REQ);
   1541            memcpy(pOutPkt->PKT.Arguments, &P_NWK, pOutPkt->PKT.Size);
   1542            
   1543            pOutPkt->LEN = pOutPkt->PKT.Size + 4;
   1544            
   1545            printf("\n&pOutPkt->PKT.Arguments: %x ", &pOutPkt->PKT.Arguments);
   1546            printf("\n&P_NWK: %02X", &P_NWK);
   1547            printf("\npOutPkt->PKT.Size: %02X", pOutPkt->PKT.Size);
   1548            pOutPkt->LEN = pOutPkt->PKT.Size + 4;
   1549            //
   1550            // Serial Write
   1551            //
   1552            putchar0(STX_ZB);       printf("\n%02X ",STX_ZB);
   1553            putchar0(pOutPkt->LEN); printf("%02X ", pOutPkt->LEN);
   1554            for (i = 0; i < pOutPkt->LEN; i++)
   1555            {
   1556              putchar0(*Ptr);       printf("%02X ", *Ptr);
   1557              csum += *Ptr;
   1558              Ptr++;
   1559            }
   1560            putchar0(csum);         printf("%02X ", csum);
   1561            putchar0(ETX_ZB);       printf("%02X ",ETX_ZB);
   1562          }
   1563          
   1564          #define APP_MAX_DATA_SIZE	(64)
   1565          #define MAX_API_PACKET		(APP_MAX_DATA_SIZE+ 20)
   1566          typedef struct _API_PACKET
   1567          {
   1568              UINT8 layer;
   1569              UINT8 Opcode;
   1570              UINT8 Type;
   1571              UINT8 Size;
   1572              UINT8 Arguments[MAX_API_PACKET];
   1573          } API_PACKET;
   1574          
   1575          typedef struct _API_SERIAL_PACKET
   1576          {
   1577              UINT8 STX;      		// 0xAA	
   1578              UINT8 LEN;      		// Size of PKT		
   1579              API_PACKET PKT; 		// PACKET BUFFER	
   1580              UINT8 SUM;      		// SUM = SUM(PKT), IF SUM == 0, SUM is Ignored
   1581              UINT8 ETX;      		// 0x55
   1582          } API_SERIAL_PACKET;
   1583          
   1584          void send_ZCM_connect_req1(void)
   1585          {
   1586            putcharZ(STX_ZB);
   1587            putcharZ(0x06); 
   1588            putcharZ(APP_LAYER);
   1589            putcharZ(APP_MGR); 
   1590            putcharZ(REQUEST);
   1591            putcharZ(0x02); 
   1592            putcharZ(0x7F); 
   1593            putcharZ(0x00); 
   1594            putcharZ(0x91); 
   1595            putcharZ(ETX_ZB);       
   1596          }
   1597          
   1598          void send_ZCM_connect_req2(void)
   1599          {
   1600            putcharZ(STX_ZB); 
   1601            putcharZ(0x06);   
   1602            putcharZ(APP_LAYER);   
   1603            putcharZ(APP_MGR);   
   1604            putcharZ(REQUEST);    
   1605            putcharZ(0x02);    
   1606            putcharZ(0x80);    
   1607            putcharZ(0x00);   
   1608            putcharZ(0x92);    
   1609            putcharZ(ETX_ZB);   
   1610          }
   1611          
   1612          void send_ZCM_connect_req3(void)
   1613          {
   1614            putcharZ(STX_ZB); 
   1615            putcharZ(0x06);
   1616            putcharZ(APP_LAYER); 
   1617            putcharZ(APP_MGR); 
   1618            putcharZ(REQUEST); 
   1619            putcharZ(0x02); 
   1620            putcharZ(0x81);  
   1621            putcharZ(0x00); 
   1622            putcharZ(0x93); 
   1623            putcharZ(ETX_ZB);
   1624          }
   1625          */
   1626          }

   \                                 In segment CODE, align 4, keep-with-next
   \                     ??DataTable1:
   \   00000000   34F6FFFF           DC32     0xfffffffffffff634

   \                                 In segment CODE, align 4, keep-with-next
   \                     ??DataTable3:
   \   00000000   30F6FFFF           DC32     0xfffffffffffff630

   \                                 In segment CODE, align 4, keep-with-next
   \                     ??DataTable4:
   \   00000000   34F4FFFF           DC32     0xfffffffffffff434

   \                                 In segment CODE, align 4, keep-with-next
   \                     ??DataTable5:
   \   00000000   30F4FFFF           DC32     0xfffffffffffff430

   \                                 In segment CODE, align 4, keep-with-next
   \                     ??DataTable6:
   \   00000000   ........           DC32     `?<Constant "E%02X ">`

   \                                 In segment CODE, align 4, keep-with-next
   \                     ??DataTable7:
   \   00000000   4C040000           DC32     0x44c

   \                                 In segment CODE, align 4, keep-with-next
   \                     ??DataTable12:
   \   00000000   ........           DC32     `?<Constant "\\nSIZE:%02X">`

   \                                 In segment CODE, align 4, keep-with-next
   \                     ??DataTable14:
   \   00000000   ........           DC32     P_NWK

   \                                 In segment CODE, align 4, keep-with-next
   \                     ??DataTable17:
   \   00000000   ........           DC32     P_NWK

   \                                 In segment CODE, align 4, keep-with-next
   \                     ??DataTable18:
   \   00000000   ........           DC32     P_NWK

   \                                 In segment CODE, align 4, keep-with-next
   \                     ??DataTable19:
   \   00000000   ........           DC32     `?<Constant "E%02X ">` + 1100

   \                                 In segment CODE, align 4, keep-with-next
   \                     ??DataTable20:
   \   00000000   ........           DC32     `?<Constant "E%02X ">`

   \                                 In segment CODE, align 4, keep-with-next
   \                     ??DataTable21:
   \   00000000   4C040000           DC32     0x44c

   \                                 In segment CODE, align 4, keep-with-next
   \                     ??DataTable22:
   \   00000000   25630000           DC8      "%c",+0

   \                                 In segment CODE, align 4, keep-with-next
   \                     ??DataTable23:
   \   00000000   ........           DC32     ScanChannel

   \                                 In segment CODE, align 4, keep-with-next
   \                     ??DataTable24:
   \   00000000   ........           DC32     rx_rd_index0

   \                                 In segment CODE, align 4, keep-with-next
   \                     ??DataTable25:
   \   00000000   ........           DC32     rx_wr_index0

   \                                 In segment CODE, align 4, keep-with-next
   \                     ??DataTable27:
   \   00000000   ........           DC32     ErrUsart

   \                                 In segment CODE, align 4, keep-with-next
   \                     ??DataTable28:
   \   00000000   ........           DC32     ZCMrxBuffer

   \                                 In segment CODE, align 4, keep-with-next
   \                     ??DataTable29:
   \   00000000   30F6FFFF           DC32     0xfffffffffffff630

   \                                 In segment CODE, align 4, keep-with-next
   \                     ??DataTable31:
   \   00000000   34F6FFFF           DC32     0xfffffffffffff634

   \                                 In segment CODE, align 4, keep-with-next
   \                     ??DataTable32:
   \   00000000   34F4FFFF           DC32     0xfffffffffffff434

   \                                 In segment DATA_ID, align 4, align-sorted
   \                     `?<Initializer for P_NWK>`:
   \   00000000   000000000000       DC8 0, 0, 0, 0, 0, 0, 0, 0, 0, 0, 0, 0, 0, 0, 0, 0
   \              000000000000
   \              00000000    
   \   00000010   000000000000       DC8 0, 0, 0, 0, 0, 0, 0, 0, 0, 0, 0, 0, 0, 0, 0, 0
   \              000000000000
   \              00000000    
   \   00000020   000000000000       DC8 0, 0, 0, 0, 0, 0, 0, 0, 0, 0, 0, 0, 0, 0, 0, 0
   \              000000000000
   \              00000000    
   \   00000030   000000000000       DC8 0, 0, 0, 0, 0, 0, 0, 0, 0, 0, 0, 0, 0, 0, 0, 0
   \              000000000000
   \              00000000    
   \   00000040   000000000000       DC8 0, 0, 0, 0, 0, 0, 0, 0, 0, 0, 0, 0, 0, 0, 0, 0
   \              000000000000
   \              00000000    
   \   00000050   000000000000       DC8 0, 0, 0, 0, 0, 0, 0, 0
   \              0000        
   \                     `?<Initializer for pOutPkt>`:
   \   00000058   ........           DC32 TxSerialPkt
   \                     `?<Initializer for TxSerialPkt>`:
   \   0000005C   000000000000       DC8 0, 0, 0, 0, 0, 0, 0, 0, 0, 0, 0, 0, 0, 0, 0, 0
   \              000000000000
   \              00000000    
   \   0000006C   000000000000       DC8 0, 0, 0, 0, 0, 0, 0, 0, 0, 0, 0, 0, 0, 0, 0, 0
   \              000000000000
   \              00000000    
   \   0000007C   000000000000       DC8 0, 0, 0, 0, 0, 0, 0, 0, 0, 0, 0, 0, 0, 0, 0, 0
   \              000000000000
   \              00000000    
   \   0000008C   000000000000       DC8 0, 0, 0, 0, 0, 0, 0, 0, 0, 0, 0, 0, 0, 0, 0, 0
   \              000000000000
   \              00000000    
   \   0000009C   000000000000       DC8 0, 0, 0, 0, 0, 0, 0, 0, 0, 0, 0, 0, 0, 0, 0, 0
   \              000000000000
   \              00000000    
   \   000000AC   000000000000       DC8 0, 0, 0, 0, 0, 0, 0, 0, 0, 0, 0, 0
   \              000000000000
   \                     `?<Initializer for ZEDaddress16>`:
   \   000000B8   010000000000       DC8 1, 0, 0, 0, 0, 0, 0, 0
   \              0000        
   \                     `?<Initializer for TxmMessage>`:
   \   000000C0   000102030405       DC8 0, 1, 2, 3, 4, 5, 6, 7, 8, 9, 10, 11, 12, 13, 14, 15, 16, 17, 18
   \              060708090A0B
   \              0C0D0E0F1011
   \              12          
   \   000000D3   131415161718       DC8 19, 20, 21, 22, 23, 24, 25, 26, 27, 28, 29, 30, 31, 32, 33, 34, 35
   \              191A1B1C1D1E
   \              1F20212223  
   \   000000E4   242526272829       DC8 36, 37, 38, 39, 40, 41, 42, 43, 44, 45, 46, 47, 48, 49, 50, 51, 52
   \              2A2B2C2D2E2F
   \              3031323334  
   \   000000F5   35363738393A       DC8 53, 54, 55, 56, 57, 58, 59, 60, 61, 62, 63
   \              3B3C3D3E3F  

   \                                 In segment DATA_ID, align 4, align-sorted
   \                     `?<Initializer for ScanChannel>`:
   \   00000000   00                 DC8 0
   \                     `?<Initializer for ScanDuration>`:
   \   00000001   00                 DC8 0
   \                     `?<Initializer for BeaconOrder>`:
   \   00000002   00                 DC8 0
   \                     `?<Initializer for SuperframeOrder>`:
   \   00000003   00                 DC8 0
   \                     `?<Initializer for BatteryLife>`:
   \   00000004   00                 DC8 0
   \                     `?<Initializer for ZCMversion>`:
   \   00000005   00                 DC8 0
   \                     `?<Initializer for PermitDuration>`:
   \   00000006   00                 DC8 0
   \                     `?<Initializer for ZCMerr>`:
   \   00000007   00                 DC8 0
   \                     `?<Initializer for ZCMdebug>`:
   \   00000008   00                 DC8 0
   \                     `?<Initializer for ZCMpass>`:
   \   00000009   00                 DC8 0
   \                     `?<Initializer for ZBerr>`:
   \   0000000A   00                 DC8 0
   \                     `?<Initializer for no>`:
   \   0000000B   00                 DC8 0
   \                     `?<Initializer for ZCMrxCount>`:
   \   0000000C   00                 DC8 0
   \   0000000D   00                 DC8 0
   \                     `?<Initializer for sPanID>`:
   \   0000000E   0000               DC8 0, 0
   \                     `?<Initializer for sStepZBrx>`:
   \   00000010   0000               DC8 0, 0
   \                     `?<Initializer for sZBrxDelay>`:
   \   00000012   0000               DC8 0, 0
   \                     `?<Initializer for sZBmaxDelay>`:
   \   00000014   0000               DC8 0, 0
   \                     `?<Initializer for PacketCount>`:
   \   00000016   0000               DC8 0, 0
   \                     `?<Initializer for iZCMcount>`:
   \   00000018   00000000           DC8 0, 0, 0, 0
   \                     `?<Initializer for iRxPCcount>`:
   \   0000001C   00000000           DC8 0, 0, 0, 0
   \                     `?<Initializer for iRxZCMcount>`:
   \   00000020   00000000           DC8 0, 0, 0, 0
   \                     `?<Initializer for TestRx1>`:
   \   00000024   AA0880801104       DC8 170, 8, 128, 128, 17, 4, 127, 2, 0, 32, 182, 85
   \              7F020020B655
   \                     `?<Initializer for TestRx2>`:
   \   00000030   AA0880801104       DC8 170, 8, 128, 128, 17, 4, 128, 2, 0, 128, 23, 85
   \              800200801755
   \                     `?<Initializer for TestRx3>`:
   \   0000003C   AA4680801142       DC8 170, 70, 128, 128, 17, 66, 129, 64, 0, 98, 86, 52, 18, 18, 81, 21
   \              814000625634
   \              12125115    
   \   0000004C   000000000000       DC8 0, 0, 0, 0, 0, 0, 0, 0, 3, 8, 3, 8, 0, 0, 0, 0, 0, 0, 0, 0, 0, 0, 0
   \              000003080308
   \              000000000000
   \              0000000000  
   \   00000063   000B3412FFFF       DC8 0, 11, 52, 18, 255, 255, 0, 0, 0, 0, 0, 0, 0, 0, 0, 0, 0, 0, 0, 0
   \              000000000000
   \              000000000000
   \              0000        
   \   00000077   000000000000       DC8 0, 0, 0, 0, 0, 0, 0, 0, 0, 0, 0, 0, 0, 239, 85, 0, 0
   \              000000000000
   \              00EF550000  
   \                     `?<Initializer for ZCMversionReq>`:
   \   00000088   808010027F00       DC8 128, 128, 16, 2, 127, 0, 0, 0
   \              0000        
   \                     `?<Initializer for ZCMtopLayerReq>`:
   \   00000090   808010028000       DC8 128, 128, 16, 2, 128, 0, 0, 0
   \              0000        
   \                     `?<Initializer for ZCMnetworkInfoReq>`:
   \   00000098   808010028100       DC8 128, 128, 16, 2, 129, 0, 0, 0
   \              0000        

   \                                 In segment DATA_ID, align 4, align-sorted
   \                     `?<Initializer for ZEDaddress>`:
   \   00000000   0B0000A00051       DC8 11, 0, 0, 160, 0, 81, 21, 0
   \              1500        

   \                                 In segment DATA_ID, align 4, align-sorted
   \                     `?<Initializer for TxkMessage>`:
   \   00000000   400102030405       DC8 64, 1, 2, 3, 4, 5, 6, 7, 8, 9, 10, 11, 12, 13, 14, 15, 16, 17, 18
   \              060708090A0B
   \              0C0D0E0F1011
   \              12          
   \   00000013   131415161718       DC8 19, 20, 21, 22, 23, 24, 25, 26, 27, 28, 29, 30, 31, 32, 33, 34, 35
   \              191A1B1C1D1E
   \              1F20212223  
   \   00000024   242526272829       DC8 36, 37, 38, 39, 40, 41, 42, 43, 44, 45, 46, 47, 48, 49, 50, 51, 52
   \              2A2B2C2D2E2F
   \              3031323334  
   \   00000035   35363738393A       DC8 53, 54, 55, 56, 57, 58, 59, 60, 61, 62, 63
   \              3B3C3D3E3F  

   \                                 In segment DATA_ID, align 4, align-sorted
   \                     `?<Initializer for ConnectRcv1>`:
   \   00000000   808011047F02       DC8 128, 128, 17, 4, 127, 2, 0, 32
   \              0020        

   \                                 In segment DATA_ID, align 4, align-sorted
   \                     `?<Initializer for ZCM_toplayer_Rcv2>`:
   \   00000000   808011048002       DC8 128, 128, 17, 4, 128, 2, 0, 128
   \              0080        

   \                                 In segment DATA_ID, align 4, align-sorted
   \                     `?<Initializer for ZCM_network_info>`:
   \   00000000   808011428140       DC8 128, 128, 17, 66, 129, 64, 0, 98, 86, 52, 18, 18, 81, 21, 0, 0, 0
   \              006256341212
   \              5115000000  
   \   00000011   000000000003       DC8 0, 0, 0, 0, 0, 3, 8, 3, 8, 0, 0, 0, 0, 0, 0, 0, 0, 0, 0, 0, 0, 11
   \              080308000000
   \              000000000000
   \              0000000B    
   \   00000027   3412FFFF0000       DC8 52, 18, 255, 255, 0, 0, 0, 0, 0, 0, 0, 0, 0, 0, 0, 0, 0, 0, 0, 0, 0
   \              000000000000
   \              000000000000
   \              000000      
   \   0000003C   000000000000       DC8 0, 0, 0, 0, 0, 0, 0, 0, 0, 0, 0, 0
   \              000000000000

   \                                 In segment DATA_ID, align 4, align-sorted
   \                     `?<Initializer for FormingReq1>`:
   \   00000000   202010017F00       DC8 32, 32, 16, 1, 127, 0, 0, 0
   \              0000        

   \                                 In segment DATA_ID, align 4, align-sorted
   \                     `?<Initializer for FormingRcv1>`:
   \   00000000   2020110B007F       DC8 32, 32, 17, 11, 0, 127, 8, 98, 86, 52, 18, 18, 81, 21, 0, 0
   \              086256341212
   \              51150000    

   \                                 In segment DATA_ID, align 4, align-sorted
   \                     `?<Initializer for FormingReq2>`:
   \   00000000   202010018500       DC8 32, 32, 16, 1, 133, 0, 0, 0
   \              0000        

   \                                 In segment DATA_ID, align 4, align-sorted
   \                     `?<Initializer for FormingRcv2>`:
   \   00000000   202011040085       DC8 32, 32, 17, 4, 0, 133, 1, 3
   \              0103        

   \                                 In segment DATA_ID, align 4, align-sorted
   \                     `?<Initializer for FormingReq3>`:
   \   00000000   202010018400       DC8 32, 32, 16, 1, 132, 0, 0, 0
   \              0000        

   \                                 In segment DATA_ID, align 4, align-sorted
   \                     `?<Initializer for FormingRcv3>`:
   \   00000000   202011040084       DC8 32, 32, 17, 4, 0, 132, 1, 8
   \              0108        

   \                                 In segment DATA_ID, align 4, align-sorted
   \                     `?<Initializer for FormingReq4>`:
   \   00000000   201810010000       DC8 32, 24, 16, 1, 0, 0, 0, 0
   \              0000        

   \                                 In segment DATA_ID, align 4, align-sorted
   \                     `?<Initializer for FormingRcv4>`:
   \   00000000   201811010000       DC8 32, 24, 17, 1, 0, 0, 0, 0
   \              0000        

   \                                 In segment DATA_ID, align 4, align-sorted
   \                     `?<Initializer for FormingReq5>`:
   \   00000000   2012100A0008       DC8 32, 18, 16, 10, 0, 8, 0, 0, 2, 15, 15, 52, 18, 0, 0, 0
   \              0000020F0F34
   \              12000000    

   \                                 In segment DATA_ID, align 4, align-sorted
   \                     `?<Initializer for FormingRcv5>`:
   \   00000000   201211010000       DC8 32, 18, 17, 1, 0, 0, 0, 0
   \              0000        

   \                                 In segment DATA_ID, align 4, align-sorted
   \                     `?<Initializer for FormingReq6>`:
   \   00000000   20131001FF00       DC8 32, 19, 16, 1, 255, 0, 0, 0
   \              0000        

   \                                 In segment DATA_ID, align 4, align-sorted
   \                     `?<Initializer for FormingRcv6>`:
   \   00000000   201311010000       DC8 32, 19, 17, 1, 0, 0, 0, 0
   \              0000        

   \                                 In segment DATA_ID, align 4, align-sorted
   \                     `?<Initializer for FormingReq7>`:
   \   00000000   201410030F0F       DC8 32, 20, 16, 3, 15, 15, 0, 0
   \              0000        

   \                                 In segment DATA_ID, align 4, align-sorted
   \                     `?<Initializer for FormingRcv7>`:
   \   00000000   201411010000       DC8 32, 20, 17, 1, 0, 0, 0, 0
   \              0000        

   \                                 In segment DATA_ID, align 4, align-sorted
   \                     `?<Initializer for EndDeviceAnnounce>`:
   \   00000000   8001121A0000       DC8 128, 1, 18, 26, 0, 0, 19, 1, 1, 0, 0, 0, 0, 0, 0, 0, 0, 0, 96, 10
   \              130101000000
   \              000000000000
   \              600A        
   \   00000014   01000A0000A0       DC8 1, 0, 10, 0, 0, 160, 18, 81, 21, 0, 0, 0
   \              125115000000

   \                                 In segment DATA_ID, align 4, align-sorted
   \                     `?<Initializer for EndDeviceReq>`:
   \   00000000   800110120000       DC8 128, 1, 16, 18, 0, 0, 5, 1, 1, 0, 0, 0, 0, 0, 0, 0, 0, 0, 0, 2, 1
   \              050101000000
   \              000000000000
   \              000201      
   \   00000015   000000             DC8 0, 0, 0

   \                                 In segment DATA_ID, align 4, align-sorted
   \                     `?<Initializer for ZCMConfirm>`:
   \   00000000   800111010000       DC8 128, 1, 17, 1, 0, 0, 0, 0
   \              0000        

   \                                 In segment DATA_ID, align 4, align-sorted
   \                     `?<Initializer for EndDeviceRsp>`:
   \   00000000   800112180000       DC8 128, 1, 18, 24, 0, 0, 133, 1, 1, 0, 0, 0, 0, 0, 0, 0, 0, 0, 88, 8
   \              850101000000
   \              000000000000
   \              5808        
   \   00000014   000100040102       DC8 0, 1, 0, 4, 1, 2, 3, 4
   \              0304        

   \                                 In segment DATA_ID, align 4, align-sorted
   \                     `?<Initializer for SimpleDescriptReq>`:
   \   00000000   800110130000       DC8 128, 1, 16, 19, 0, 0, 4, 1, 1, 0, 0, 0, 0, 0, 0, 0, 0, 0, 0, 3, 1
   \              040101000000
   \              000000000000
   \              000301      
   \   00000015   000100             DC8 0, 1, 0

   \                                 In segment DATA_ID, align 4, align-sorted
   \                     `?<Initializer for SimpleDescriptRsp>`:
   \   00000000   8001121E0000       DC8 128, 1, 18, 30, 0, 0, 132, 1, 1, 0, 0, 0, 0, 0, 0, 0, 0, 0, 100, 14
   \              840101000000
   \              000000000000
   \              640E        
   \   00000014   0001000A0100       DC8 0, 1, 0, 10, 1, 0, 21, 1, 0, 0, 1, 19, 1, 19, 0, 0
   \              150100000113
   \              01130000    

   \                                 In segment DATA_ID, align 4, align-sorted
   \                     `?<Initializer for KVPsample0>`:
   \   00000000   800012150100       DC8 128, 0, 18, 21, 1, 0, 19, 1, 1, 0, 0, 0, 0, 0, 0, 0, 1, 1, 2, 0, 0
   \              130101000000
   \              000000000101
   \              020000      
   \   00000015   01005A000000       DC8 1, 0, 90, 0, 0, 0, 0
   \              00          

   \                                 In segment DATA_ID, align 4, align-sorted
   \                     `?<Initializer for MACdataReq>`:
   \   00000000   300C101B02CD       DC8 48, 12, 16, 27, 2, 205, 171, 52, 18, 0, 0, 0, 0, 0, 0, 2, 205, 171
   \              AB3412000000
   \              00000002CDAB
   \   00000012   FECA00000000       DC8 254, 202, 0, 0, 0, 0, 0, 0, 2, 0, 1, 34, 17, 0
   \              000002000122
   \              1100        

   \                                 In segment DATA_C, align 1, align-sorted
   \   00000000   256300             DC8 "%c"

   \                                 In segment DATA_C, align 4, align-sorted
   \                     `?<Constant "\\nDev:%02X Packet:%01x">`:
   \   00000000   0A4465763A25       DC8 "\012Dev:%02X Packet:%01x"
   \              303258205061
   \              636B65743A25
   \              30317800    
   \   00000016   0000               DC8 0, 0
   \   00000018   5B4F4B5D00         DC8 "[OK]"
   \   0000001D   000000             DC8 0, 0, 0
   \   00000020   0A4A6F696E3A       DC8 "\012Join:%02X"
   \              2530325800  
   \   0000002B   00                 DC8 0
   \   0000002C   2041443A2530       DC8 " AD:%02X%02X%02X%02X"
   \              325825303258
   \              253032582530
   \              325800      
   \   00000041   000000             DC8 0, 0, 0

   \                                 In segment DATA_C, align 4, align-sorted
   \                     `?<Constant "E%02X ">`:
   \   00000000   452530325820       DC8 "E%02X "
   \              00          
   \   00000007   00                 DC8 0
   \   00000008   3C3C205A6967       DC8 "<< ZigBee Test[1] >>"
   \              426565205465
   \              73745B315D20
   \              3E3E00      
   \   0000001D   000000             DC8 0, 0, 0
   \   00000020   0A5A434D7374       DC8 "\012ZCMstep:%4d"
   \              65703A253464
   \              00          
   \   0000002D   000000             DC8 0, 0, 0
   \   00000030   0A313A5A434D       DC8 "\0121:ZCM_POWERON "
   \              5F504F574552
   \              4F4E2000    
   \   00000040   0A323A5A434D       DC8 "\0122:ZCM_CONNECT"
   \              5F434F4E4E45
   \              435400      
   \   0000004F   00                 DC8 0
   \   00000050   0A333A5A434D       DC8 "\0123:ZCM_FORMING "
   \              5F464F524D49
   \              4E472000    
   \   00000060   0A343A5A434D       DC8 "\0124:ZCM_RECEIVE"
   \              5F5245434549
   \              564500      
   \   0000006F   00                 DC8 0
   \   00000070   0A353A5A434D       DC8 "\0125:ZCM_TRANSFER"
   \              5F5452414E53
   \              46455200    
   \   00000080   0A5B55505D4E       DC8 "\012[UP]Next [MENU]MAIN"
   \              657874205B4D
   \              454E555D4D41
   \              494E00      
   \   00000095   000000             DC8 0, 0, 0
   \   00000098   0A363A5A434D       DC8 "\0126:ZCM_SIMULATE"
   \              5F53494D554C
   \              41544500    
   \   000000A8   0A373A5A434D       DC8 "\0127:ZCM_DOWNLOAD"
   \              5F444F574E4C
   \              4F414400    
   \   000000B8   3C3C205A6967       DC8 "<< ZigBee Test[2] >>"
   \              426565205465
   \              73745B325D20
   \              3E3E00      
   \   000000CD   000000             DC8 0, 0, 0
   \   000000D0   0A383A5A434D       DC8 "\0128:ZCM Rx MONIT"
   \              205278204D4F
   \              4E495400    
   \   000000E0   0A393A526573       DC8 "\0129:Reserved "
   \              657276656420
   \              00          
   \   000000ED   000000             DC8 0, 0, 0
   \   000000F0   0A303A526573       DC8 "\0120:Reserved"
   \              657276656400
   \   000000FC   0A5B4D454E55       DC8 "\012[MENU]:goto MAIN"
   \              5D3A676F746F
   \              204D41494E00
   \   0000010E   0000               DC8 0, 0
   \   00000110   0A3E5A434D20       DC8 "\012>ZCM Rx Monit"
   \              5278204D6F6E
   \              697400      
   \   0000011F   00                 DC8 0
   \   00000120   0A3E4E4F2046       DC8 "\012>NO Function"
   \              756E6374696F
   \              6E00        
   \   0000012E   0000               DC8 0, 0
   \   00000130   0A5A434D2043       DC8 "\012ZCM Connect start"
   \              6F6E6E656374
   \              207374617274
   \              00          
   \   00000143   00                 DC8 0
   \   00000144   0A5A434D2052       DC8 "\012ZCM Rx:%02d ERR:%02d"
   \              783A25303264
   \              204552523A25
   \              30326400    
   \   0000015A   0000               DC8 0, 0
   \   0000015C   0A54783E00         DC8 "\012Tx>"
   \   00000161   000000             DC8 0, 0, 0
   \   00000164   0A52783E00         DC8 "\012Rx>"
   \   00000169   000000             DC8 0, 0, 0
   \   0000016C   0A5A434D2076       DC8 "\012ZCM version:%02X"
   \              657273696F6E
   \              3A2530325800
   \   0000017E   0000               DC8 0, 0
   \   00000180   0A4661696C3A       DC8 "\012Fail:%02X"
   \              2530325800  
   \   0000018B   00                 DC8 0
   \   0000018C   0A5061636B65       DC8 "\012Packet Verify Error"
   \              742056657269
   \              667920457272
   \              6F7200      
   \   000001A1   000000             DC8 0, 0, 0
   \   000001A4   0A5A434D2054       DC8 "\012ZCM Top Layer:%02X"
   \              6F70204C6179
   \              65723A253032
   \              5800        
   \   000001B8   0A5A434D2049       DC8 "\012ZCM IEEEadd:"
   \              454545616464
   \              3A00        
   \   000001C6   0000               DC8 0, 0
   \   000001C8   202530325800       DC8 " %02X"
   \   000001CE   0000               DC8 0, 0
   \   000001D0   0A4465707468       DC8 "\012Depth:%02X"
   \              3A2530325800
   \   000001DC   0A4368696C64       DC8 "\012Children:%02X"
   \              72656E3A2530
   \              325800      
   \   000001EB   00                 DC8 0
   \   000001EC   0A5246204368       DC8 "\012RF Channel:%02X"
   \              616E6E656C3A
   \              2530325800  
   \   000001FD   000000             DC8 0, 0, 0
   \   00000200   0A50414E4944       DC8 "\012PANID:%02X%02X"
   \              3A2530325825
   \              30325800    
   \   00000210   0A5065726D69       DC8 "\012PermitDuration:%02X"
   \              744475726174
   \              696F6E3A2530
   \              325800      
   \   00000225   000000             DC8 0, 0, 0
   \   00000228   0A5A434D2043       DC8 "\012ZCM Connect END"
   \              6F6E6E656374
   \              20454E4400  
   \   00000239   000000             DC8 0, 0, 0
   \   0000023C   0A4E6574576F       DC8 "\012NetWork Formation start"
   \              726B20466F72
   \              6D6174696F6E
   \              207374617274
   \              00          
   \   00000255   000000             DC8 0, 0, 0
   \   00000258   0A3173742052       DC8 "\0121st Rx:%02d E:%02d T:%2d"
   \              783A25303264
   \              20453A253032
   \              6420543A2532
   \              6400        
   \   00000272   0000               DC8 0, 0
   \   00000274   0A3273742052       DC8 "\0122st Rx:%02d E:%02d T:%2d"
   \              783A25303264
   \              20453A253032
   \              6420543A2532
   \              6400        
   \   0000028E   0000               DC8 0, 0
   \   00000290   0A3373742052       DC8 "\0123st Rx:%02d E:%02d T:%2d"
   \              783A25303264
   \              20453A253032
   \              6420543A2532
   \              6400        
   \   000002AA   0000               DC8 0, 0
   \   000002AC   0A3473742052       DC8 "\0124st Rx:%02d E:%02d T:%2d"
   \              783A25303264
   \              20453A253032
   \              6420543A2532
   \              6400        
   \   000002C6   0000               DC8 0, 0
   \   000002C8   0A3573742052       DC8 "\0125st Rx:%02d E:%02d T:%2d"
   \              783A25303264
   \              20453A253032
   \              6420543A2532
   \              6400        
   \   000002E2   0000               DC8 0, 0
   \   000002E4   0A3673742052       DC8 "\0126st Rx:%02d E:%02d T:%2d"
   \              783A25303264
   \              20453A253032
   \              6420543A2532
   \              6400        
   \   000002FE   0000               DC8 0, 0
   \   00000300   0A4E6574776F       DC8 "\012Network Forming END\012"
   \              726B20466F72
   \              6D696E672045
   \              4E440A00    
   \   00000316   0000               DC8 0, 0
   \   00000318   0A3E5061636B       DC8 "\012>Packet Test Start"
   \              657420546573
   \              742053746172
   \              7400        
   \   0000032C   0A3E53656C65       DC8 "\012>Select Packet NO:"
   \              637420506163
   \              6B6574204E4F
   \              3A00        
   \   00000340   0A3F72616E67       DC8 "\012?range over"
   \              65206F766572
   \              00          
   \   0000034D   000000             DC8 0, 0, 0
   \   00000350   0A5061636B65       DC8 "\012Packet Test END"
   \              742054657374
   \              20454E4400  
   \   00000361   000000             DC8 0, 0, 0
   \   00000364   0A5A443E5761       DC8 "\012ZD>Wait Device Join"
   \              697420446576
   \              696365204A6F
   \              696E00      
   \   00000379   000000             DC8 0, 0, 0
   \   0000037C   0A45443E5278       DC8 "\012ED>Rx:%02dbyte Err:%02d"
   \              3A2530326462
   \              797465204572
   \              723A25303264
   \              00          
   \   00000395   000000             DC8 0, 0, 0
   \   00000398   0A5A45442072       DC8 "\012ZED receive END"
   \              656365697665
   \              20454E4400  
   \   000003A9   000000             DC8 0, 0, 0
   \   000003AC   0D5A434D2053       DC8 "\015ZCM Simulate start"
   \              696D756C6174
   \              652073746172
   \              7400        
   \   000003C0   0A43616E6365       DC8 "\012Cancel: press [#]\012"
   \              6C3A20707265
   \              7373205B235D
   \              0A00        
   \   000003D4   0A5A434D2053       DC8 "\012ZCM Simulate END"
   \              696D756C6174
   \              6520454E4400
   \   000003E6   0000               DC8 0, 0
   \   000003E8   0A5A434D2044       DC8 "\012ZCM DownLoad start"
   \              6F776E4C6F61
   \              642073746172
   \              7400        
   \   000003FC   0A43616E6365       DC8 "\012Cancel: press [#]"
   \              6C3A20707265
   \              7373205B235D
   \              00          
   \   0000040F   00                 DC8 0
   \   00000410   0D50432D3E5A       DC8 "\015PC->ZCM:%6d"
   \              434D3A253664
   \              00          
   \   0000041D   000000             DC8 0, 0, 0
   \   00000420   0A5A434D2D3E       DC8 "\012ZCM->PC:%6d"
   \              50433A253664
   \              00          
   \   0000042D   000000             DC8 0, 0, 0
   \   00000430   0A0A5A434D20       DC8 "\012\012ZCM DownLoad END"
   \              446F776E4C6F
   \              616420454E44
   \              00          
   \   00000443   00                 DC8 0
   \   00000444   0A2530325820       DC8 "\012%02X "
   \              00          
   \   0000044B   00                 DC8 0
   \   0000044C   253032582000       DC8 "%02X "
   \   00000452   0000               DC8 0, 0
   \   00000454   0A3773742052       DC8 "\0127st Rx:%02d E:%02d T:%2d"
   \              783A25303264
   \              20453A253032
   \              6420543A2532
   \              6400        
   \   0000046E   0000               DC8 0, 0
   \   00000470   0A5A434D2050       DC8 "\012ZCM Packet: "
   \              61636B65743A
   \              2000        
   \   0000047E   0000               DC8 0, 0

   \                                 In segment DATA_C, align 1, align-sorted
   \   00000000   0A00               DC8 "\012"

   \                                 In segment DATA_C, align 4, align-sorted
   \                     `?<Constant "\\nSIZE:%02X">`:
   \   00000000   0A53495A453A       DC8 "\012SIZE:%02X"
   \              2530325800  
   \   0000000B   00                 DC8 0

   Maximum stack usage in bytes:

     Function                       CSTACK
     --------                       ------
     ZCM_debug_print                   24
     ZCM_isp_reset                      8
     ZCM_reset                          8
     ZCM_rsp_receive                   16
     ZigBee_parameter_init              8
     int2byte                           0
     packet_verify                     16
     put_packet0                       32
     put_serial_write                  24
     putcharZ                           8
     rxpacket_parser                   24
     send_API_KVP_packet              104
     send_API_MSG_packet              104
     send_NLME_GET_req                  8
     send_NLME_NETWORK_FORMATION_req
                                        8
     send_NLME_PERMIT_JOINING_req       8
     send_NLME_REQ_packet               8
     send_NLME_RESET_req                8
     send_NLME_START_ROUTER_req         8
     zigbee_test_function              64


   Segment part sizes:

     Function/Label                 Bytes
     --------------                 -----
     ZigBee_parameter_init            72
     ZCM_reset                        36
     ?Subroutine0                     16
     ZCM_isp_reset                    32
     put_serial_write                112
     ?Subroutine1                     12
     int2byte                         14
     put_packet0                     160
     P_NWK                           256
     send_API_MSG_packet             122
     ?Subroutine2                     12
     send_API_KVP_packet             128
     send_NLME_REQ_packet             50
     send_NLME_NETWORK_FORMATION_req
                                      20
     ?Subroutine3                     10
     send_NLME_GET_req                16
     send_NLME_RESET_req              16
     send_NLME_PERMIT_JOINING_req     20
     send_NLME_START_ROUTER_req       24
     putcharZ                         18
     packet_verify                    74
     ZCMdpMode                         2
     ZCM_debug_print                 100
     ZCMrxBuffer                     256
     sEndDevice                       64
     ZCM_rsp_receive                 128
     rxpacket_parser                 108
     sStepZBrx0                        2
     ScanChannel                     160
     ZEDaddress                        8
     TxkMessage                       64
     ConnectRcv1                       8
     ZCM_toplayer_Rcv2                 8
     ZCM_network_info                 72
     FormingReq1                       8
     FormingRcv1                      16
     FormingReq2                       8
     FormingRcv2                       8
     FormingReq3                       8
     FormingRcv3                       8
     FormingReq4                       8
     FormingRcv4                       8
     FormingReq5                      16
     FormingRcv5                       8
     FormingReq6                       8
     FormingRcv6                       8
     FormingReq7                       8
     FormingRcv7                       8
     EndDeviceAnnounce                32
     EndDeviceReq                     24
     ZCMConfirm                        8
     EndDeviceRsp                     28
     SimpleDescriptReq                24
     SimpleDescriptRsp                36
     KVPsample0                       28
     MACdataReq                       32
     zigbee_test_function           3368
     ??DataTable1                      4
     ??DataTable3                      4
     ??DataTable4                      4
     ??DataTable5                      4
     ??DataTable6                      4
     ??DataTable7                      4
     ??DataTable12                     4
     ??DataTable14                     4
     ??DataTable17                     4
     ??DataTable18                     4
     ??DataTable19                     4
     ??DataTable20                     4
     ??DataTable21                     4
     ??DataTable22                     4
     ??DataTable23                     4
     ??DataTable24                     4
     ??DataTable25                     4
     ??DataTable27                     4
     ??DataTable28                     4
     ??DataTable29                     4
     ??DataTable31                     4
     ??DataTable32                     4
     ?<Initializer for P_NWK>        256
     ?<Initializer for ScanChannel>  160
     ?<Initializer for ZEDaddress>     8
     ?<Initializer for TxkMessage>    64
     ?<Initializer for ConnectRcv1>    8
     ?<Initializer for ZCM_toplayer_Rcv2>
                                       8
     ?<Initializer for ZCM_network_info>
                                      72
     ?<Initializer for FormingReq1>    8
     ?<Initializer for FormingRcv1>   16
     ?<Initializer for FormingReq2>    8
     ?<Initializer for FormingRcv2>    8
     ?<Initializer for FormingReq3>    8
     ?<Initializer for FormingRcv3>    8
     ?<Initializer for FormingReq4>    8
     ?<Initializer for FormingRcv4>    8
     ?<Initializer for FormingReq5>   16
     ?<Initializer for FormingRcv5>    8
     ?<Initializer for FormingReq6>    8
     ?<Initializer for FormingRcv6>    8
     ?<Initializer for FormingReq7>    8
     ?<Initializer for FormingRcv7>    8
     ?<Initializer for EndDeviceAnnounce>
                                      32
     ?<Initializer for EndDeviceReq>
                                      24
     ?<Initializer for ZCMConfirm>     8
     ?<Initializer for EndDeviceRsp>
                                      28
     ?<Initializer for SimpleDescriptReq>
                                      24
     ?<Initializer for SimpleDescriptRsp>
                                      36
     ?<Initializer for KVPsample0>    28
     ?<Initializer for MACdataReq>    32
     ?<Constant "%c">                  3
     ?<Constant "\nDev:%02X Packet:%01x">
                                      68
     ?<Constant "E%02X ">           1152
     ?<Constant "\n">                  2
     ?<Constant "\nSIZE:%02X">        12
      Others                         168

 
 4 900 bytes in segment CODE
 1 237 bytes in segment DATA_C
   916 bytes in segment DATA_I
   916 bytes in segment DATA_ID
   324 bytes in segment DATA_Z
    24 bytes in segment INITTAB
 
 4 756 bytes of CODE  memory (+ 168 bytes shared)
 2 153 bytes of CONST memory
 1 240 bytes of DATA  memory

Errors: none
Warnings: none
