##############################################################################
#                                                                            #
# IAR ARM ANSI C/C++ Compiler V4.40A/W32 EVALUATION    29/Aug/2007  11:14:20 #
# Copyright 1999-2005 IAR Systems. All rights reserved.                      #
#                                                                            #
#    Cpu mode        =  interwork                                            #
#    Endian          =  little                                               #
#    Stack alignment =  8                                                    #
#    Source file     =  C:\E-pia\EpiaGuardMain_v099\EpiaGuardMain\src\EpiaLo #
#                       adMonit_FLASH.c                                      #
#    Command line    =  C:\E-pia\EpiaGuardMain_v099\EpiaGuardMain\src\EpiaLo #
#                       adMonit_FLASH.c -D NDEBUG -lC                        #
#                       C:\E-pia\EpiaGuardMain_v099\EpiaGuardMain\compil\RAM #
#                       _Debug\List\ -lB C:\E-pia\EpiaGuardMain_v099\EpiaGua #
#                       rdMain\compil\RAM_Debug\List\ -o                     #
#                       C:\E-pia\EpiaGuardMain_v099\EpiaGuardMain\compil\RAM #
#                       _Debug\Obj\ -z9 --debug --cpu_mode thumb --endian    #
#                       little --cpu ARM7TDMI --stack_align 8 --interwork    #
#                       -e --fpu None --dlib_config "C:\Program Files\IAR    #
#                       Systems\Embedded Workbench 4.0                       #
#                       Evaluation\ARM\LIB\dl4tptinl8n.h" -I                 #
#                       C:\E-pia\EpiaGuardMain_v099\EpiaGuardMain\compil\src #
#                       IAR\ -I C:\E-pia\EpiaGuardMain_v099\EpiaGuardMain\co #
#                       mpil\..\src\ -I C:\E-pia\EpiaGuardMain_v099\EpiaGuar #
#                       dMain\compil\..\..\ -I "C:\Program Files\IAR         #
#                       Systems\Embedded Workbench 4.0 Evaluation\ARM\INC\"  #
#    List file       =  C:\E-pia\EpiaGuardMain_v099\EpiaGuardMain\compil\RAM #
#                       _Debug\List\EpiaLoadMonit_FLASH.lst                  #
#    Object file     =  C:\E-pia\EpiaGuardMain_v099\EpiaGuardMain\compil\RAM #
#                       _Debug\Obj\EpiaLoadMonit_FLASH.r79                   #
#                                                                            #
#                                                                            #
##############################################################################

C:\E-pia\EpiaGuardMain_v099\EpiaGuardMain\src\EpiaLoadMonit_FLASH.c
      1          // ----------------------------------------------------------------------------
      2          //         Epiatech co,. LTD  -  Lee Y k  -
      3          // ----------------------------------------------------------------------------
      4          // File Name           : EpiaLiadMonit_FLASH.c
      5          // Object              : AT91SAM7X256 Embeded Flash Memory Management
      6          // Creation            : 2007-07-06
      7          // ----------------------------------------------------------------------------
      8          // Include Standard LIB  files
      9          #include "project.h"

   \                                 In segment CODE, align 4, keep-with-next
   \   __??Code16?? __code __interwork __atpcs void AT91F_AIC_DisableIt(AT91PS_AIC, unsigned int)
   \                     AT91F_AIC_DisableIt:
   \   00000000   0122               MOVS     R2,#+1
   \   00000002   8A40               LSLS     R2,R2,R1
   \   00000004   9221               MOVS     R1,#+146
   \   00000006   4900               LSLS     R1,R1,#+1        ;; #+292
   \   00000008   4018               ADDS     R0,R0,R1
   \   0000000A   0260               STR      R2,[R0, #+0]
   \   0000000C   4260               STR      R2,[R0, #+4]
   \   0000000E   7047               BX       LR               ;; return
     10          
     11          /*****************************************************************************/
     12          /*          FLASH MEMORY MAPPING DEFINITIONS FOR AT91SAM7X256                */
     13          /*****************************************************************************/
     14          /*
     15          AT91C_IFLASH              	EQU (0x00100000) ;- Internal FLASH base address
     16          AT91C_IFLASH_SIZE         	EQU (0x00040000) ;- Internal FLASH size in byte (256 Kbytes)
     17          AT91C_IFLASH_PAGE_SIZE    	EQU (256) 	;- Internal FLASH Page Size: 256 bytes
     18          AT91C_IFLASH_LOCK_REGION_SIZE	EQU (16384) 	;- Internal FLASH Lock Region Size: 16 Kbytes
     19          AT91C_IFLASH_NB_OF_PAGES  	EQU (1024) 	;- Internal FLASH Number of Pages: 1024 bytes
     20          AT91C_IFLASH_NB_OF_LOCK_BITS 	EQU (16) 	;- Internal FLASH Number of Lock Bits: 16 bytes
     21          
     22          typedef struct _AT91S_MC {
     23          	AT91_REG	 MC_RCR; 	// MC Remap Control Register
     24          	AT91_REG	 MC_ASR; 	// MC Abort Status Register
     25          	AT91_REG	 MC_AASR; 	// MC Abort Address Status Register
     26          	AT91_REG	 Reserved0[21]; 	// 
     27          	AT91_REG	 MC_FMR; 	// MC Flash Mode Register
     28          	AT91_REG	 MC_FCR; 	// MC Flash Command Register
     29          	AT91_REG	 MC_FSR; 	// MC Flash Status Register
     30          } AT91S_MC, *AT91PS_MC;
     31          */
     32          
     33          #define	SAMPLE_ID	0xAA55
     34          #define	SAMPLE_PER_RECORD	40
     35          
     36          #define	FLASH_START_ADD		0x00100000
     37          #define	FDATA_START_ADD		0x00120000
     38          #define	FLASH_PARAMETER_ADD	0x0011FF00
     39          
     40          #define	FDATA_START_PAGE	0x0200
     41          #define	FDATA_SIZE		0x00020000
     42          #define	EFC_KEY			0x5A << 24
     43          #define	EFC_WAIT		4 << 8
     44          
     45          // Flash Mode
     46          #define	EFC_FRDY	1		// Flash ready int enable
     47          #define	EFC_LOCKE_IE	4		// Flash lock error int enable
     48          #define	EFC_PROGE_IE	8		// Programming error int enable
     49          #define	EFC_NO_ERASE	0x80		// No erase before programming
     50          #define	EFC_FLASH_WATE	0x03 << 8       // Flash wait state(0-3)
     51          #define	EFC_CYCLE_NO	72 << 16	// Flash uSec cycle no
     52          #define	EFC_MODE_DEFAULT	EFC_CYCLE_NO|EFC_FLASH_WATE	
     53          
     54          // Flash Command
     55          #define	EFC_WRITE_PAGE	1		// Write Page
     56          #define	EFC_SET_LOCK    2               // Set lock bit
     57          #define	EFC_WRITE_LOCK  3               // Write page & lock 
     58          #define	EFC_CLEAR_LOCK  4               // Clear lock bit
     59          #define	EFC_ERASE_ALL   8               // Erase all
     60          #define	EFC_SET_NVM     0x0B            // Set GP NVM bit
     61          #define	EFC_CLEAR_NVM	0x0D		// Clear GP NVM bit
     62          #define	EFC_SECURITY    0x0F            // Set Security bit
     63          
     64          //Flash Status
     65          #define	EFC_READY	0x00000001	// Flash ready
     66          #define	EFC_LOCK_ERR	0x00000002      // Lock error
     67          #define	EFC_PROG_ERR    0x00000004      // Programming error
     68          #define	EFC_SECU_STS	0x00000008      // Security bit status
     69          #define	EFC_GPNVM0	0x00000100      // GP NVM bit 0
     70          #define	EFC_GPNVM1	0x00000200      // GP NVM bit 1
     71          #define	EFC_GPNVM2	0x00000400      // GP NVM bit 2
     72          #define	EFC_LOCK	0x00010000      // Lock region(x) lock status
     73          
     74          #define	FLASH_MAIN	10
     75          #define	FLASH_ERASE	100
     76          #define	FLASH_READ   	200
     77          #define	FLASH_WRITE	300
     78          #define	FLASH_LOCK      400
     79          #define	FLASH_UNLOCK    500
     80          #define	EFC_REG_EDIT	600
     81          
     82          AT91PS_MC FLASH_pt = AT91C_BASE_MC;
     83          #define	EFC_CMD		FLASH_pt->MC_FCR
     84          #define	EFC_MODE	FLASH_pt->MC_FMR 
     85          #define	EFC_STATUS	FLASH_pt->MC_FSR 
     86          

   \                                 In segment DATA_Z, align 4, align-sorted
     87          unsigned int uiFlashMode, uiFlashCmd, uiFlashSts, uiFlashSts0;
   \                     uiFlashMode:
   \   00000000                      DS8 4

   \                                 In segment DATA_Z, align 4, align-sorted
   \                     uiFlashCmd:
   \   00000000                      DS8 4

   \                                 In segment DATA_Z, align 4, align-sorted
     88          unsigned int uiFlashAdd, uiFlashData;
   \                     uiFlashData:
   \   00000000                      DS8 4

   \                                 In segment DATA_Z, align 4, align-sorted
     89          unsigned int iCurTime, iOldTime;
   \                     iCurTime:
   \   00000000                      DS8 4

   \                                 In segment DATA_Z, align 4, align-sorted
   \                     iOldTime:
   \   00000000                      DS8 4
     90          unsigned int uiRegisterAdd;
     91          unsigned int uiRegisterData;
     92          unsigned int * uiRegisterPtr;
     93          

   \                                 In segment DATA_Z, align 4, align-sorted
     94          unsigned int uiFlashBuffer[64];
   \                     uiFlashBuffer:
   \   00000000                      DS8 256

   \                                 In segment DATA_Z, align 4, align-sorted
     95          unsigned int uiBackupData[64];
   \                     uiBackupData:
   \   00000000                      DS8 256
     96          unsigned int *pFlashPtr;

   \                                 In segment DATA_Z, align 4, align-sorted
     97          unsigned int *pFptr;
   \                     pFptr:
   \   00000000                      DS8 4
     98          

   \                                 In segment DATA_Z, align 4, align-sorted
     99          unsigned int  iVoltSum, iAmpSum, iActivSum;
   \                     iVoltSum:
   \   00000000                      DS8 4

   \                                 In segment DATA_Z, align 4, align-sorted
   \                     iAmpSum:
   \   00000000                      DS8 4

   \                                 In segment DATA_Z, align 4, align-sorted
   \                     iActivSum:
   \   00000000                      DS8 4

   \                                 In segment DATA_Z, align 2, align-sorted
    100          short sVACount, sActiveCount; 
   \                     sVACount:
   \   00000000                      DS8 2

   \                                 In segment DATA_Z, align 2, align-sorted
   \                     sActiveCount:
   \   00000000                      DS8 2

   \                                 In segment DATA_Z, align 2, align-sorted
    101          short sStoreTime, iInterVal;
   \                     iInterVal:
   \   00000000                      DS8 2

   \                                 In segment DATA_Z, align 2, align-sorted
    102          short sStoreStep, sStoreDelay;
   \                     sStoreDelay:
   \   00000000                      DS8 2
    103          short sFlashPage, sEraseQty;

   \                                 In segment DATA_Z, align 2, align-sorted
    104          short sStorePage;
   \                     sStorePage:
   \   00000000                      DS8 2
    105          short sViewPage;

   \                                 In segment DATA_Z, align 2, align-sorted
    106          unsigned short usStoreNo;
   \                     usStoreNo:
   \   00000000                      DS8 2
    107          
    108          unsigned short sSampleNo;

   \                                 In segment DATA_Z, align 4, align-sorted
    109          unsigned short usMeasureBuf[128];
   \                     usMeasureBuf:
   \   00000000                      DS8 256
    110          char Result;

   \                                 In segment DATA_Z, align 1, align-sorted
    111          char FlashCmd;
   \                     FlashCmd:
   \   00000000                      DS8 1

   \                                 In segment DATA_Z, align 1, align-sorted
    112          char DataMonit;
   \                     DataMonit:
   \   00000000                      DS8 1
    113          char FlashMask;

   \                                 In segment DATA_Z, align 1, align-sorted
    114          unsigned char MeasureNo;
   \                     MeasureNo:
   \   00000000                      DS8 1
    115          
    116          /*-------------------------------*/
    117          /* Flash Status Field Definition */
    118          /*-------------------------------*/
    119          
    120          #define AT91C_MC_FSR_MVM	((unsigned int) 0xFF << 8)		// (MC) Status Register GPNVMx: General-purpose NVM Bit Status
    121          #define AT91C_MC_FSR_LOCK	((unsigned int) 0xFFFF << 16)	// (MC) Status Register LOCKSx: Lock Region x Lock Status
    122          #define	ERASE_VALUE 		0xFFFFFFFF
    123          #define FLASH_PAGE_SIZE_BYTE	256
    124          #define TRUE  (1==1)
    125          #define FALSE (0==1)
    126          #define true  (1==1)
    127          #define false (0==1)
    128          
    129          //extern void po_unlock(void);
    130          //extern void po_lock(void);
    131          
    132          //*----------------------------------------------------------------------------
    133          //* \fn    AT91F_Flash_Ready
    134          //* \brief Wait the flash ready
    135          //*----------------------------------------------------------------------------

   \                                 In segment CODE_I, align 4, keep-with-next
    136          __ramfunc int AT91F_Flash_Ready (void)
    137          {
   \                     AT91F_Flash_Ready:
   \   00000000   00B5               PUSH     {LR}
    138            unsigned int status;
    139            char time;
    140            
    141            status = 0;
    142            time = 255;
   \   00000002   FF21               MOVS     R1,#+255
    143            
    144            //* Wait the end of command
    145            while (((status & AT91C_MC_FRDY) != AT91C_MC_FRDY )&(time != 0))
    146            {
    147              status = AT91F_MC_EFC_GetStatus( AT91C_BASE_MC );
   \                     ??AT91F_Flash_Ready_0:
   \   00000004   9720               MOVS     R0,#+151
   \   00000006   C043               MVNS     R0,R0            ;; #-152
   \   00000008   0068               LDR      R0,[R0, #+0]
    148              time--;
   \   0000000A   491E               SUBS     R1,R1,#+1
   \   0000000C   0906               LSLS     R1,R1,#+24
   \   0000000E   090E               LSRS     R1,R1,#+24
    149            }
   \   00000010   C207               LSLS     R2,R0,#+31
   \   00000012   01D4               BMI      ??AT91F_Flash_Ready_1
   \   00000014   0A00               MOVS     R2,R1
   \   00000016   F5D1               BNE      ??AT91F_Flash_Ready_0
    150            return status;
   \                     ??AT91F_Flash_Ready_1:
   \   00000018   02BC               POP      {R1}
   \   0000001A   0847               BX       R1               ;; return
    151          }
    152          
    153          //*----------------------------------------------------------------------------
    154          //* \fn    AT91F_Flash_Init
    155          //* \brief Flash init
    156          //*----------------------------------------------------------------------------

   \                                 In segment CODE, align 4, keep-with-next
    157          void AT91F_Flash_Init (void)
    158          {
    159            //* Set Flash Waite sate
    160            //  Single Cycle Access at Up to 30 MHz, or 40
    161            //  if AT91C_MASTER_CLOCK = 47923200 I have 48 Cycle for 1 usecond ( flied MC_FMR->FMCN )
    162            //  48 x 1,5 = 72
    163            AT91F_MC_EFC_CfgModeReg( AT91C_BASE_MC, ((AT91C_MC_FMCN)&(72 <<16)) | AT91C_MC_FWS_3FWS );
   \                     AT91F_Flash_Init:
   \   00000000   9F20               MOVS     R0,#+159
   \   00000002   C043               MVNS     R0,R0            ;; #-160
   \   00000004   0149               LDR      R1,??AT91F_Flash_Init_0  ;; 0x480300
   \   00000006   0160               STR      R1,[R0, #+0]
    164          }
   \   00000008   7047               BX       LR               ;; return
   \   0000000A   C046               Nop      
   \                     ??AT91F_Flash_Init_0:
   \   0000000C   00034800           DC32     0x480300
    165          
    166          //*----------------------------------------------------------------------------
    167          //* \fn    AT91F_Flash_Lock_Status
    168          //* \brief Get the Lock bits field status
    169          //*----------------------------------------------------------------------------

   \                                 In segment CODE_I, align 4, keep-with-next
    170          __ramfunc int AT91F_Flash_Lock_Status(void)
    171          {
    172            return( AT91F_MC_EFC_GetStatus( AT91C_BASE_MC ) & AT91C_MC_FSR_LOCK );
   \                     AT91F_Flash_Lock_Status:
   \   00000000   9720               MOVS     R0,#+151
   \   00000002   C043               MVNS     R0,R0            ;; #-152
   \   00000004   0068               LDR      R0,[R0, #+0]
   \   00000006   000C               LSRS     R0,R0,#+16
   \   00000008   0004               LSLS     R0,R0,#+16
   \   0000000A   7047               BX       LR               ;; return
    173          }
    174          
    175          //*----------------------------------------------------------------------------
    176          //* \fn    AT91F_Flash_Lock
    177          //* \brief Write the lock bit and set at 0 FSR Bit = 1
    178          //* \input page number (0-1023)
    179          //* \output Region
    180          //*----------------------------------------------------------------------------

   \                                 In segment CODE_I, align 4, keep-with-next
    181          __ramfunc int AT91F_Flash_Lock (unsigned int Flash_Lock_Page)
    182          {
   \                     AT91F_Flash_Lock:
   \   00000000   01B5               PUSH     {R0,LR}
    183            //* write the flash
    184            //* Write the Set Lock Bit command
    185            AT91F_MC_EFC_PerformCmd( AT91C_BASE_MC, AT91C_MC_CORRECT_KEY | AT91C_MC_FCMD_LOCK | (AT91C_MC_PAGEN & (Flash_Lock_Page << 8) ) );
   \   00000002   9B21               MOVS     R1,#+155
   \   00000004   C943               MVNS     R1,R1            ;; #-156
   \   00000006   0002               LSLS     R0,R0,#+8
   \   00000008   ....               LDR      R2,??DataTable6  ;; 0x3ff00
   \   0000000A   0240               ANDS     R2,R2,R0
   \   0000000C   0048               LDR      R0,??AT91F_Flash_Lock_0  ;; 0x5a000002
   \   0000000E   ....               B.N      ?Subroutine20
   \                     ??AT91F_Flash_Lock_0:
   \   00000010   0200005A           DC32     0x5a000002
    186          
    187            //* Wait the end of command
    188            AT91F_Flash_Ready();
    189            return (AT91F_Flash_Lock_Status());
    190          }

   \                                 In segment CODE_I, align 4, keep-with-next
   \                     ?Subroutine20:
   \   00000000   1043               ORRS     R0,R0,R2
   \   00000002   0860               STR      R0,[R1, #+0]
   \   00000004   ........           BL       AT91F_Flash_Ready
   \   00000008   9720               MOVS     R0,#+151
   \   0000000A   C043               MVNS     R0,R0            ;; #-152
   \   0000000C   0068               LDR      R0,[R0, #+0]
   \   0000000E   000C               LSRS     R0,R0,#+16
   \   00000010   0004               LSLS     R0,R0,#+16
   \                     ??Subroutine20_0:
   \   00000012   08BC               POP      {R3}
   \   00000014   02BC               POP      {R1}
   \   00000016   0847               BX       R1               ;; return
   \                     ??Subroutine20_1:
   \   00000018   0400005A           DC32     0x5a000004
    191          
    192          //*----------------------------------------------------------------------------
    193          //* \fn    AT91F_Flash_Check_Erase
    194          //* \brief Check the memory at 0xFF in 32 bits access
    195          //*----------------------------------------------------------------------------

   \                                 In segment CODE_I, align 4, keep-with-next
    196          __ramfunc int AT91F_Flash_Check_Erase (unsigned int * start, unsigned int size)
    197          {
   \                     AT91F_Flash_Check_Erase:
   \   00000000   10B5               PUSH     {R4,LR}
    198            unsigned int i;
    199          
    200            //* Check if flash is erased
    201            for (i=0; i < (size/4) ; i++ )
   \   00000002   0022               MOVS     R2,#+0
   \   00000004   0024               MOVS     R4,#+0
   \   00000006   E443               MVNS     R4,R4            ;; #-1
   \   00000008   00E0               B        ??AT91F_Flash_Check_Erase_0
   \                     ??AT91F_Flash_Check_Erase_1:
   \   0000000A   521C               ADDS     R2,R2,#+1
   \                     ??AT91F_Flash_Check_Erase_0:
   \   0000000C   8B08               LSRS     R3,R1,#+2
   \   0000000E   9A42               CMP      R2,R3
   \   00000010   05D2               BCS      ??AT91F_Flash_Check_Erase_2
    202            {
    203              if ( start[i] != ERASE_VALUE )
   \   00000012   9300               LSLS     R3,R2,#+2
   \   00000014   C358               LDR      R3,[R0, R3]
   \   00000016   A342               CMP      R3,R4
   \   00000018   F7D0               BEQ      ??AT91F_Flash_Check_Erase_1
    204              {
    205                return  false;
   \   0000001A   0020               MOVS     R0,#+0
   \   0000001C   00E0               B        ??AT91F_Flash_Check_Erase_3
    206              }
    207            }
    208            return true ;
   \                     ??AT91F_Flash_Check_Erase_2:
   \   0000001E   0120               MOVS     R0,#+1
   \                     ??AT91F_Flash_Check_Erase_3:
   \   00000020   10BC               POP      {R4}
   \   00000022   02BC               POP      {R1}
   \   00000024   0847               BX       R1               ;; return
    209          }
    210          
    211          //*----------------------------------------------------------------------------
    212          //* \fn    AT91F_Flash_Erase_All
    213          //* \brief Send command erase all flash
    214          //*----------------------------------------------------------------------------

   \                                 In segment CODE_I, align 4, keep-with-next
    215          __ramfunc int AT91F_Flash_Erase_All(void)
    216          {
   \                     AT91F_Flash_Erase_All:
   \   00000000   01B5               PUSH     {R0,LR}
    217            //* Write the Erase All command
    218            AT91F_MC_EFC_PerformCmd( AT91C_BASE_MC, AT91C_MC_CORRECT_KEY | AT91C_MC_FCMD_ERASE_ALL );
   \   00000002   9B20               MOVS     R0,#+155
   \   00000004   C043               MVNS     R0,R0            ;; #-156
   \   00000006   0749               LDR      R1,??AT91F_Flash_Erase_All_0  ;; 0x5a000008
   \   00000008   0160               STR      R1,[R0, #+0]
    219            //* Wait the end of command
    220            AT91F_Flash_Ready();
   \   0000000A   ........           BL       AT91F_Flash_Ready
    221            //* Check the result
    222            return( ( AT91F_MC_EFC_GetStatus( AT91C_BASE_MC ) & ( AT91C_MC_PROGE | AT91C_MC_LOCKE ))==0) ;
   \   0000000E   9720               MOVS     R0,#+151
   \   00000010   C043               MVNS     R0,R0            ;; #-152
   \   00000012   0068               LDR      R0,[R0, #+0]
   \   00000014   0C21               MOVS     R1,#+12
   \   00000016   0842               TST      R0,R1
   \   00000018   01D1               BNE      ??AT91F_Flash_Erase_All_1
   \   0000001A   0120               MOVS     R0,#+1
   \   0000001C   00E0               B        ??AT91F_Flash_Erase_All_2
   \                     ??AT91F_Flash_Erase_All_1:
   \   0000001E   0020               MOVS     R0,#+0
   \                     ??AT91F_Flash_Erase_All_2:
   \   00000020   ....               B.N      ??Subroutine20_0
   \   00000022   C046               Nop      
   \                     ??AT91F_Flash_Erase_All_0:
   \   00000024   0800005A           DC32     0x5a000008
    223          }
    224          
    225          //*----------------------------------------------------------------------------
    226          //* \fn    AT91F_Flash_Unlock
    227          //* \brief Clear the lock bit and set at 1 FSR bit=0
    228          //* \input page number (0-1023)
    229          //* \output Region
    230          //*----------------------------------------------------------------------------

   \                                 In segment CODE_I, align 4, keep-with-next
    231          __ramfunc int AT91F_Flash_Unlock(unsigned int Flash_Lock_Page)
    232          {
   \                     AT91F_Flash_Unlock:
   \   00000000   01B5               PUSH     {R0,LR}
    233            //* Write the Clear Lock Bit command
    234            AT91F_MC_EFC_PerformCmd( AT91C_BASE_MC, AT91C_MC_CORRECT_KEY | AT91C_MC_FCMD_UNLOCK | (AT91C_MC_PAGEN & (Flash_Lock_Page << 8) ) );
   \   00000002   9B21               MOVS     R1,#+155
   \   00000004   C943               MVNS     R1,R1            ;; #-156
   \   00000006   0002               LSLS     R0,R0,#+8
   \   00000008   ....               LDR      R2,??DataTable6  ;; 0x3ff00
   \   0000000A   0240               ANDS     R2,R2,R0
   \   0000000C   ....               LDR      R0,??Subroutine20_1  ;; 0x5a000004
   \   0000000E   C046               Nop      
   \   00000010                      REQUIRE ?Subroutine20
   \   00000010                      ;; // Fall through to label ?Subroutine20
    235          
    236            //* Wait the end of command
    237            AT91F_Flash_Ready();
    238            return( AT91F_Flash_Lock_Status() );
    239          }
    240          
    241          unsigned long CPT_LOCK = 0;
    242          /******************************************************************
    243          *
    244          * SUB-ROUTINE  po_unlock
    245          *
    246          *------------------------------------------------------------------
    247          *
    248          * purpose : releases a spin lock and restores the original IRQL at
    249          *      which the caller was running.
    250          *
    251          ******************************************************************/

   \                                 In segment CODE_I, align 4, keep-with-next
    252          __ramfunc void po_unlock()
    253          {
   \                     po_unlock:
   \   00000000   00B5               PUSH     {LR}
    254            CPT_LOCK--;
   \   00000002   ....               LDR      R0,??DataTable4  ;; Result
   \   00000004   416B               LDR      R1,[R0, #+52]
   \   00000006   491E               SUBS     R1,R1,#+1
   \   00000008   4163               STR      R1,[R0, #+52]
    255            if( 0 == CPT_LOCK )
   \   0000000A   0FD1               BNE      ??po_unlock_0
    256            {
    257              AT91F_AIC_EnableIt (AT91C_BASE_AIC, AT91C_ID_TC0);
   \   0000000C   0849               LDR      R1,??po_unlock_1  ;; 0xfffff120
   \   0000000E   8022               MOVS     R2,#+128
   \   00000010   5201               LSLS     R2,R2,#+5        ;; #+4096
   \   00000012   0A60               STR      R2,[R1, #+0]
    258              AT91F_AIC_EnableIt (AT91C_BASE_AIC, AT91C_ID_TC1);
   \   00000014   5200               LSLS     R2,R2,#+1
   \   00000016   0A60               STR      R2,[R1, #+0]
    259              AT91F_AIC_EnableIt (AT91C_BASE_AIC, AT91C_ID_US0);
   \   00000018   4022               MOVS     R2,#+64
   \   0000001A   0A60               STR      R2,[R1, #+0]
    260              AT91F_AIC_EnableIt (AT91C_BASE_AIC, AT91C_ID_US1);
   \   0000001C   8022               MOVS     R2,#+128
   \   0000001E   0A60               STR      R2,[R1, #+0]
    261              AT91F_AIC_EnableIt (AT91C_BASE_AIC, AT91C_ID_SYS);
   \   00000020   0222               MOVS     R2,#+2
   \   00000022   0A60               STR      R2,[R1, #+0]
    262              
    263              // FIQ & IRQ mask,  필요한 코드인지 확실치 않음
    264              uiRegisterPtr = (unsigned int *)0xFFFFF138;
   \   00000024   ....               LDR      R1,??DataTable5  ;; 0xfffff138
   \   00000026   C162               STR      R1,[R0, #+44]
    265              *uiRegisterPtr = 0;
   \   00000028   0020               MOVS     R0,#+0
   \   0000002A   0860               STR      R0,[R1, #+0]
    266              
    267              //AT91F_enable_interrupt();
    268            }
    269          }
   \                     ??po_unlock_0:
   \   0000002C   01BC               POP      {R0}
   \   0000002E   0047               BX       R0               ;; return
   \                     ??po_unlock_1:
   \   00000030   20F1FFFF           DC32     0xfffff120
    270          
    271          /******************************************************************
    272          *
    273          * SUB-ROUTINE  po_lock
    274          *
    275          *------------------------------------------------------------------
    276          *
    277          * purpose : acquires a spin lock so the caller can synchronize access
    278          *      to shared data in a multiprocessor-safe way by raising IRQL.
    279          *
    280          ******************************************************************/

   \                                 In segment CODE_I, align 4, keep-with-next
    281          __ramfunc void po_lock()
    282          {
   \                     po_lock:
   \   00000000   31B5               PUSH     {R0,R4,R5,LR}
    283            if( 0 == CPT_LOCK )
   \   00000002   ....               LDR      R4,??DataTable4  ;; Result
   \   00000004   606B               LDR      R0,[R4, #+52]
   \   00000006   0028               CMP      R0,#+0
   \   00000008   18D1               BNE      ??po_lock_0
    284            {
    285              //  // FIQ, IRQ mask 복구, 필요한 코드인지 확실치 않음
    286              uiRegisterPtr = (unsigned int *)0xFFFFF138;
   \   0000000A   ....               LDR      R0,??DataTable5  ;; 0xfffff138
   \   0000000C   E062               STR      R0,[R4, #+44]
    287              *uiRegisterPtr = 2;
   \   0000000E   0221               MOVS     R1,#+2
   \   00000010   0160               STR      R1,[R0, #+0]
    288              //Warning이 발생하는 이유가 불명 
    289              AT91F_AIC_DisableIt (AT91C_BASE_AIC, AT91C_ID_TC0);
                                                                       ^
Warning[Ta023]: Call to a non __ramfunc function (AT91F_AIC_DisableIt) from
          within a __ramfunc function
   \   00000012   0D4D               LDR      R5,??po_lock_1   ;; 0xfffff000
   \   00000014   0C21               MOVS     R1,#+12
   \   00000016   2800               MOVS     R0,R5
   \   00000018   ........           _BLF     AT91F_AIC_DisableIt,??AT91F_AIC_DisableIt??rT?CODE_I
    290              AT91F_AIC_DisableIt (AT91C_BASE_AIC, AT91C_ID_TC1);
                                                                       ^
Warning[Ta023]: Call to a non __ramfunc function (AT91F_AIC_DisableIt) from
          within a __ramfunc function
   \   0000001C   0D21               MOVS     R1,#+13
   \   0000001E   2800               MOVS     R0,R5
   \   00000020   ........           _BLF     AT91F_AIC_DisableIt,??AT91F_AIC_DisableIt??rT?CODE_I
    291              AT91F_AIC_DisableIt (AT91C_BASE_AIC, AT91C_ID_US0);
                                                                       ^
Warning[Ta023]: Call to a non __ramfunc function (AT91F_AIC_DisableIt) from
          within a __ramfunc function
   \   00000024   0621               MOVS     R1,#+6
   \   00000026   2800               MOVS     R0,R5
   \   00000028   ........           _BLF     AT91F_AIC_DisableIt,??AT91F_AIC_DisableIt??rT?CODE_I
    292              AT91F_AIC_DisableIt (AT91C_BASE_AIC, AT91C_ID_US1);
                                                                       ^
Warning[Ta023]: Call to a non __ramfunc function (AT91F_AIC_DisableIt) from
          within a __ramfunc function
   \   0000002C   0721               MOVS     R1,#+7
   \   0000002E   2800               MOVS     R0,R5
   \   00000030   ........           _BLF     AT91F_AIC_DisableIt,??AT91F_AIC_DisableIt??rT?CODE_I
    293              AT91F_AIC_DisableIt (AT91C_BASE_AIC, AT91C_ID_SYS);
                                                                       ^
Warning[Ta023]: Call to a non __ramfunc function (AT91F_AIC_DisableIt) from
          within a __ramfunc function
   \   00000034   0121               MOVS     R1,#+1
   \   00000036   2800               MOVS     R0,R5
   \   00000038   ........           _BLF     AT91F_AIC_DisableIt,??AT91F_AIC_DisableIt??rT?CODE_I
    294              //AT91F_disable_interrupt();
    295            }
    296            CPT_LOCK++;
   \                     ??po_lock_0:
   \   0000003C   606B               LDR      R0,[R4, #+52]
   \   0000003E   401C               ADDS     R0,R0,#+1
   \   00000040   6063               STR      R0,[R4, #+52]
    297          }
   \   00000042   38BC               POP      {R3-R5}
   \   00000044   01BC               POP      {R0}
   \   00000046   0047               BX       R0               ;; return
   \                     ??po_lock_1:
   \   00000048   00F0FFFF           DC32     0xfffff000
    298          
    299          //*----------------------------------------------------------------------------
    300          //* \fn    AT91F_Flash_Write
    301          //* \brief Write in one Flash page located in AT91C_IFLASH,  size in 32 bits
    302          //* \input Flash_Address: start at 0x0010 0000 size: in byte
    303          //*----------------------------------------------------------------------------

   \                                 In segment CODE_I, align 4, keep-with-next
    304          __ramfunc int AT91F_Flash_Write( unsigned int Flash_Address ,int size ,unsigned int * buff, unsigned char Memset)
    305          {
   \                     AT91F_Flash_Write:
   \   00000000   F8B5               PUSH     {R3-R7,LR}
   \   00000002   0D00               MOVS     R5,R1
   \   00000004   1600               MOVS     R6,R2
    306            unsigned int i, page, status;
    307            unsigned int * Flash;
    308          //  char mode;
    309            
    310            //* init flash pointer
    311            Flash = (unsigned int *) Flash_Address;
   \   00000006   0400               MOVS     R4,R0
    312            //* Get the Flash page number
    313            page = ((Flash_Address - (unsigned int)AT91C_IFLASH ) /FLASH_PAGE_SIZE_BYTE);
   \   00000008   1349               LDR      R1,??AT91F_Flash_Write_0  ;; 0xfff00000
   \   0000000A   4018               ADDS     R0,R0,R1
   \   0000000C   070A               LSRS     R7,R0,#+8
    314          
    315            //printf( "\nFL Ad(0x%X)    ", *Flash);
    316            //printf( "\nFL Ad(0x%X)    ", Flash_Address);
    317            //printf( "\nLg(%d)\n\r", size);
    318          
    319            po_lock();
   \   0000000E   ........           BL       po_lock
    320          
    321            //AT91F_Flash_Unlock(0x200);
    322            //AT91F_MC_EFC_PerformCmd( AT91C_BASE_MC, AT91C_MC_CORRECT_KEY | AT91C_MC_FCMD_UNLOCK | (AT91C_MC_PAGEN & (0x1 << 8) ) );
    323            
    324            //* copy the new value
    325            for (i=0; (i < FLASH_PAGE_SIZE_BYTE) & (size > 0); i++,Flash++,buff++,size-=4 )
   \   00000012   0020               MOVS     R0,#+0
   \                     ??AT91F_Flash_Write_1:
   \   00000014   012D               CMP      R5,#+1
   \   00000016   0CDB               BLT      ??AT91F_Flash_Write_2
    326            {
    327              //* copy the flash to the write buffer ensuring code generation
    328              if( FALSE == Memset )
   \   00000018   3168               LDR      R1,[R6, #+0]
   \   0000001A   6A46               MOV      R2,SP
   \   0000001C   1278               LDRB     R2,[R2, #+0]
   \   0000001E   002A               CMP      R2,#+0
   \   00000020   00D0               BEQ      ??AT91F_Flash_Write_3
    329              {
    330                *Flash=*buff;
    331                //printf("\n%8X:%08X", Flash, *Flash);
    332              }
    333              else
    334              {
    335                *Flash=buff[0];
    336                buff--;
   \   00000022   361F               SUBS     R6,R6,#+4
   \                     ??AT91F_Flash_Write_3:
   \   00000024   2160               STR      R1,[R4, #+0]
    337              }
    338            }
   \   00000026   401C               ADDS     R0,R0,#+1
   \   00000028   241D               ADDS     R4,R4,#+4
   \   0000002A   361D               ADDS     R6,R6,#+4
   \   0000002C   2D1F               SUBS     R5,R5,#+4
   \   0000002E   FF28               CMP      R0,#+255
   \   00000030   F0D9               BLS      ??AT91F_Flash_Write_1
    339          
    340            //* Write the write page command
    341            //cmd = AT91C_MC_CORRECT_KEY | AT91C_MC_FCMD_START_PROG | (AT91C_MC_PAGEN & (page <<8));
    342            //status = AT91F_MC_EFC_GetStatus( AT91C_BASE_MC );
    343           
    344            //EFC_CMD = AT91C_MC_CORRECT_KEY | AT91C_MC_FCMD_START_PROG | (AT91C_MC_PAGEN & (page <<8));
    345            AT91F_MC_EFC_PerformCmd( AT91C_BASE_MC, AT91C_MC_CORRECT_KEY | AT91C_MC_FCMD_START_PROG | (AT91C_MC_PAGEN & (page <<8)) );
   \                     ??AT91F_Flash_Write_2:
   \   00000032   9B20               MOVS     R0,#+155
   \   00000034   C043               MVNS     R0,R0            ;; #-156
   \   00000036   3902               LSLS     R1,R7,#+8
   \   00000038   ....               LDR      R2,??DataTable6  ;; 0x3ff00
   \   0000003A   0A40               ANDS     R2,R2,R1
   \   0000003C   0749               LDR      R1,??AT91F_Flash_Write_0+0x4  ;; 0x5a000001
   \   0000003E   1143               ORRS     R1,R1,R2
   \   00000040   0160               STR      R1,[R0, #+0]
    346            delay_us(10000);
   \   00000042   0748               LDR      R0,??AT91F_Flash_Write_0+0x8  ;; 0x2710
   \   00000044   ........           _BLF     delay_us,??delay_us??rT?CODE_I
    347            
    348            //* Wait the end of command
    349            status = AT91F_Flash_Ready();
   \   00000048   ........           BL       AT91F_Flash_Ready
    350          
    351            po_unlock();
   \   0000004C   ........           BL       po_unlock
    352          
    353            //* Check the result
    354            status = 0;
    355            if ( (status & ( AT91C_MC_PROGE | AT91C_MC_LOCKE )) != 0)
    356            {
    357              return false;
    358            }
    359            return true;
   \   00000050   0120               MOVS     R0,#+1
   \   00000052   F8BC               POP      {R3-R7}
   \   00000054   02BC               POP      {R1}
   \   00000056   0847               BX       R1               ;; return
   \                     ??AT91F_Flash_Write_0:
   \   00000058   0000F0FF           DC32     0xfff00000
   \   0000005C   0100005A           DC32     0x5a000001
   \   00000060   10270000           DC32     0x2710
    360          }
    361          
    362          //*----------------------------------------------------------------------------
    363          //* \fn    AT91F_Flash_Write_all
    364          //* \brief Write in one Flash page located in AT91C_IFLASH,  size in byte
    365          //* \input Start address (base=AT91C_IFLASH) size (in byte ) and buff address
    366          //*----------------------------------------------------------------------------

   \                                 In segment CODE, align 4, keep-with-next
    367          int AT91F_Flash_Write_all( unsigned int Flash_Address ,int size ,unsigned int * buff)
    368          {
   \                     AT91F_Flash_Write_all:
   \   00000000   F1B5               PUSH     {R0,R4-R7,LR}
   \   00000002   0700               MOVS     R7,R0
   \   00000004   0D00               MOVS     R5,R1
    369            int   next, status;
    370            unsigned int  dest;
    371            unsigned int * src;
    372          
    373            dest = Flash_Address;
    374            src = buff;
   \   00000006   1400               MOVS     R4,R2
    375            status = true;
   \   00000008   0120               MOVS     R0,#+1
   \                     ??AT91F_Flash_Write_all_0:
   \   0000000A   012D               CMP      R5,#+1
   \   0000000C   13DB               BLT      ??AT91F_Flash_Write_all_1
   \   0000000E   FF20               MOVS     R0,#+255
   \   00000010   801C               ADDS     R0,R0,#+2        ;; #+257
   \   00000012   8542               CMP      R5,R0
   \   00000014   01DA               BGE      ??AT91F_Flash_Write_all_2
    376          
    377            while( (status == true) & (size > 0) )
    378            {
    379              //* Check the size
    380              if (size <= FLASH_PAGE_SIZE_BYTE)
    381                next = size;
   \   00000016   2E00               MOVS     R6,R5
   \   00000018   00E0               B        ??AT91F_Flash_Write_all_3
    382              else
    383                next = FLASH_PAGE_SIZE_BYTE;
   \                     ??AT91F_Flash_Write_all_2:
   \   0000001A   461E               SUBS     R6,R0,#+1
    384          
    385              //* Write page and get status
    386              status = AT91F_Flash_Write( dest ,next ,src, FALSE);
   \                     ??AT91F_Flash_Write_all_3:
   \   0000001C   0023               MOVS     R3,#+0
   \   0000001E   2200               MOVS     R2,R4
   \   00000020   3100               MOVS     R1,R6
   \   00000022   3800               MOVS     R0,R7
   \   00000024   ........           _BLF     AT91F_Flash_Write,??AT91F_Flash_Write??rT
    387          
    388              // * get next page param
    389              size -= next;
   \   00000028   AD1B               SUBS     R5,R5,R6
    390              src += FLASH_PAGE_SIZE_BYTE/4;
   \   0000002A   8021               MOVS     R1,#+128
   \   0000002C   4900               LSLS     R1,R1,#+1        ;; #+256
   \   0000002E   6418               ADDS     R4,R4,R1
    391              dest +=  FLASH_PAGE_SIZE_BYTE;
   \   00000030   7F18               ADDS     R7,R7,R1
    392            }
   \   00000032   0128               CMP      R0,#+1
   \   00000034   E9D0               BEQ      ??AT91F_Flash_Write_all_0
    393            return status;
   \                     ??AT91F_Flash_Write_all_1:
   \   00000036   F8BC               POP      {R3-R7}
   \   00000038   02BC               POP      {R1}
   \   0000003A   0847               BX       R1               ;; return
    394          }
    395          
    396          /********************************************/
    397          /* Flash 메모리에 저장된 시스템 변수를 Load */
    398          /* 시스템 변수를  Flash 메모리에 Save       */
    399          /********************************************/
    400          #define SAVE_MASK	0xFFFFFFFF
    401          int iSecretCode;

   \                                 In segment CODE, align 4, keep-with-next
    402          void backup_data_read(void)
    403          {
   \                     backup_data_read:
   \   00000000   70B5               PUSH     {R4-R6,LR}
    404            char lp;
    405            uiFlashAdd = FLASH_PARAMETER_ADD;
   \   00000002   ....               LDR      R0,??DataTable7  ;; Result
   \   00000004   ....               LDR      R1,??DataTable12  ;; 0x11ff00
   \   00000006   0162               STR      R1,[R0, #+32]
    406            pFlashPtr = (unsigned int*) uiFlashAdd;
   \   00000008   0163               STR      R1,[R0, #+48]
    407            for (lp = 0; lp < 64; lp++)
   \   0000000A   0021               MOVS     R1,#+0
   \   0000000C   0023               MOVS     R3,#+0
   \   0000000E   ....               LDR      R2,??DataTable10  ;; uiBackupData
    408            {
    409              uiBackupData[lp] = *pFlashPtr;
   \                     ??backup_data_read_0:
   \   00000010   046B               LDR      R4,[R0, #+48]
   \   00000012   9D00               LSLS     R5,R3,#+2
   \   00000014   2668               LDR      R6,[R4, #+0]
   \   00000016   5651               STR      R6,[R2, R5]
    410              pFlashPtr++;
   \   00000018   241D               ADDS     R4,R4,#+4
   \   0000001A   0463               STR      R4,[R0, #+48]
    411            }
   \   0000001C   5B1C               ADDS     R3,R3,#+1
   \   0000001E   1B06               LSLS     R3,R3,#+24
   \   00000020   1B0E               LSRS     R3,R3,#+24
   \   00000022   402B               CMP      R3,#+64
   \   00000024   F4D3               BCC      ??backup_data_read_0
    412            
    413            if (uiBackupData[10] == (uiBackupData[30] ^ SAVE_MASK))
   \   00000026   936A               LDR      R3,[R2, #+40]
   \   00000028   926F               LDR      R2,[R2, #+120]
   \   0000002A   0024               MOVS     R4,#+0
   \   0000002C   E443               MVNS     R4,R4            ;; #-1
   \   0000002E   5440               EORS     R4,R4,R2
   \   00000030   A342               CMP      R3,R4
   \   00000032   00D0               BEQ      ??backup_data_read_1
    414              iSecretCode = uiBackupData[10]; else iSecretCode = SECRET_CODE;
   \   00000034   024B               LDR      R3,??backup_data_read_2  ;; 0x258036
   \                     ??backup_data_read_1:
   \   00000036   8363               STR      R3,[R0, #+56]
    415            Com2Mode = DEFAULT_CONNECT;
   \   00000038   0248               LDR      R0,??backup_data_read_2+0x4  ;; Com2Mode
   \   0000003A   0170               STRB     R1,[R0, #+0]
    416          } 
   \   0000003C   ........           BL       ?Subroutine21
   \                     ??backup_data_read_2:
   \   00000040   36802500           DC32     0x258036
   \   00000044   ........           DC32     Com2Mode

   \                                 In segment CODE, align 4, keep-with-next
   \                     ?Subroutine21:
   \   00000000   70BC               POP      {R4-R6}
   \   00000002   01BC               POP      {R0}
   \   00000004   0047               BX       R0               ;; return
    417          

   \                                 In segment CODE, align 4, keep-with-next
    418          void backup_data_save(void)
    419          {
   \                     backup_data_save:
   \   00000000   10B5               PUSH     {R4,LR}
    420            char lp;
    421            // buffer clear to SAVE_MASK(0xFFFFFFFF)
    422            for (lp = 0; lp < 64; lp++) uiBackupData[lp] = SAVE_MASK;
   \   00000002   0020               MOVS     R0,#+0
   \   00000004   ....               LDR      R2,??DataTable10  ;; uiBackupData
   \   00000006   0023               MOVS     R3,#+0
   \   00000008   DB43               MVNS     R3,R3            ;; #-1
   \                     ??backup_data_save_0:
   \   0000000A   8100               LSLS     R1,R0,#+2
   \   0000000C   5350               STR      R3,[R2, R1]
   \   0000000E   401C               ADDS     R0,R0,#+1
   \   00000010   0006               LSLS     R0,R0,#+24
   \   00000012   000E               LSRS     R0,R0,#+24
   \   00000014   4028               CMP      R0,#+64
   \   00000016   F8D3               BCC      ??backup_data_save_0
    423           
    424            uiBackupData[10] = iSecretCode;
   \   00000018   ....               LDR      R4,??DataTable11  ;; Result
   \   0000001A   A06B               LDR      R0,[R4, #+56]
   \   0000001C   9062               STR      R0,[R2, #+40]
    425            
    426            // Flash data write
    427            uiFlashAdd = FLASH_PARAMETER_ADD;
   \   0000001E   ....               LDR      R0,??DataTable12  ;; 0x11ff00
   \   00000020   2062               STR      R0,[R4, #+32]
    428            Result = AT91F_Flash_Write( uiFlashAdd , FLASH_PAGE_SIZE_BYTE, &uiBackupData[0], 0);
   \   00000022   0023               MOVS     R3,#+0
   \   00000024   8021               MOVS     R1,#+128
   \   00000026   4900               LSLS     R1,R1,#+1        ;; #+256
   \   00000028   ........           _BLF     AT91F_Flash_Write,??AT91F_Flash_Write??rT
   \   0000002C   2070               STRB     R0,[R4, #+0]
    429          } 
   \   0000002E   ....               B.N      ?Subroutine22

   \                                 In segment CODE, align 4, keep-with-next
   \                     ?Subroutine22:
   \   00000000   10BC               POP      {R4}
   \   00000002   01BC               POP      {R0}
   \   00000004   0047               BX       R0               ;; return
   \   00000006   C046               Nop      
   \                     ??Subroutine22_0:
   \   00000008   ........           DC32     `?<Constant "\\n1:Write Page">`
    430          

   \                                 In segment CODE, align 4, keep-with-next
    431          void print_flash_cmd(void)
    432          {
   \                     print_flash_cmd:
   \   00000000   10B5               PUSH     {R4,LR}
    433            printf("\n1:Write Page");
   \   00000002   ....               LDR      R4,??Subroutine22_0  ;; `?<Constant "\\n1:Write Page">`
   \   00000004   2000               MOVS     R0,R4
   \   00000006   ........           _BLF     printf,??printf??rT
    434            printf("\n2:Set Lock Bit");
   \   0000000A   2000               MOVS     R0,R4
   \   0000000C   1030               ADDS     R0,R0,#+16
   \   0000000E   ........           _BLF     printf,??printf??rT
    435            printf("\n3:Write Page & Lock");
   \   00000012   2000               MOVS     R0,R4
   \   00000014   2030               ADDS     R0,R0,#+32
   \   00000016   ........           _BLF     printf,??printf??rT
    436            printf("\n4:Clear Lock Bit");
   \   0000001A   2000               MOVS     R0,R4
   \   0000001C   3830               ADDS     R0,R0,#+56
   \   0000001E   ........           _BLF     printf,??printf??rT
    437            printf("\n8:All Flash Erase");
   \   00000022   4C34               ADDS     R4,R4,#+76
   \   00000024   2000               MOVS     R0,R4
   \   00000026   ........           _BLF     printf,??printf??rT
   \   0000002A   C046               Nop      
    438          }
   \   0000002C                      REQUIRE ?Subroutine22
   \   0000002C                      ;; // Fall through to label ?Subroutine22
    439          

   \                                 In segment CODE, align 4, keep-with-next
    440          void memory_view_word8(unsigned int * uiPtr)
    441          {
   \                     memory_view_word8:
   \   00000000   31B5               PUSH     {R0,R4,R5,LR}
   \   00000002   0400               MOVS     R4,R0
    442             printf("\n>%08X:%08X", uiPtr, *uiPtr); uiPtr++;
   \   00000004   194D               LDR      R5,??memory_view_word8_0  ;; `?<Constant "\\n>Page[%03Xh] ERASE..">` + 692
   \   00000006   2268               LDR      R2,[R4, #+0]
   \   00000008   2100               MOVS     R1,R4
   \   0000000A   2800               MOVS     R0,R5
   \   0000000C   ........           _BLF     printf,??printf??rT
   \   00000010   241D               ADDS     R4,R4,#+4
    443             printf("\n>%08X:%08X", uiPtr, *uiPtr); uiPtr++;
   \   00000012   2268               LDR      R2,[R4, #+0]
   \   00000014   2100               MOVS     R1,R4
   \   00000016   2800               MOVS     R0,R5
   \   00000018   ........           _BLF     printf,??printf??rT
   \   0000001C   241D               ADDS     R4,R4,#+4
    444             printf("\n>%08X:%08X", uiPtr, *uiPtr); uiPtr++;
   \   0000001E   2268               LDR      R2,[R4, #+0]
   \   00000020   2100               MOVS     R1,R4
   \   00000022   2800               MOVS     R0,R5
   \   00000024   ........           _BLF     printf,??printf??rT
   \   00000028   241D               ADDS     R4,R4,#+4
    445             printf("\n>%08X:%08X", uiPtr, *uiPtr); uiPtr++;
   \   0000002A   2268               LDR      R2,[R4, #+0]
   \   0000002C   2100               MOVS     R1,R4
   \   0000002E   2800               MOVS     R0,R5
   \   00000030   ........           _BLF     printf,??printf??rT
   \   00000034   241D               ADDS     R4,R4,#+4
    446             printf("\n>%08X:%08X", uiPtr, *uiPtr); uiPtr++;
   \   00000036   2268               LDR      R2,[R4, #+0]
   \   00000038   2100               MOVS     R1,R4
   \   0000003A   2800               MOVS     R0,R5
   \   0000003C   ........           _BLF     printf,??printf??rT
   \   00000040   241D               ADDS     R4,R4,#+4
    447             printf("\n>%08X:%08X", uiPtr, *uiPtr); uiPtr++;
   \   00000042   2268               LDR      R2,[R4, #+0]
   \   00000044   2100               MOVS     R1,R4
   \   00000046   2800               MOVS     R0,R5
   \   00000048   ........           _BLF     printf,??printf??rT
   \   0000004C   241D               ADDS     R4,R4,#+4
    448             printf("\n>%08X:%08X", uiPtr, *uiPtr); uiPtr++;
   \   0000004E   2268               LDR      R2,[R4, #+0]
   \   00000050   2100               MOVS     R1,R4
   \   00000052   2800               MOVS     R0,R5
   \   00000054   ........           _BLF     printf,??printf??rT
   \   00000058   241D               ADDS     R4,R4,#+4
    449             printf("\n>%08X:%08X", uiPtr, *uiPtr); uiPtr++;
   \   0000005A   2268               LDR      R2,[R4, #+0]
   \   0000005C   2100               MOVS     R1,R4
   \   0000005E   2800               MOVS     R0,R5
   \   00000060   ........           _BLF     printf,??printf??rT
    450          }
   \   00000064   38BC               POP      {R3-R5}
   \   00000066   01BC               POP      {R0}
   \   00000068   0047               BX       R0               ;; return
   \   0000006A   C046               Nop      
   \                     ??memory_view_word8_0:
   \   0000006C   ........           DC32     `?<Constant "\\n>Page[%03Xh] ERASE..">` + 692
    451          
    452          #define	FLASH_ERASE	100
    453          #define	FLASH_READ   	200
    454          #define	FLASH_WRITE	300
    455          #define	FLASH_LOCK      400
    456          #define	FLASH_UNLOCK    500
    457          #define	EFC_REG_EDIT	600
    458          
    459          #define	SET_SAMPLE_TIME	800
    460          #define	VIWE_RECORD	900
    461          #define	UPLOAD_INIT     1000
    462          #define RECORD_ERASE    1100
    463          

   \                                 In segment CODE, align 4, keep-with-next
    464          void flash_test_function(void)
    465          {
   \                     flash_test_function:
   \   00000000   F7B5               PUSH     {R0-R2,R4-R7,LR}
    466           int lp;
    467           switch (sExecStep)
   \   00000002   BB4C               LDR      R4,??flash_test_function_0  ;; Result
   \   00000004   0820               MOVS     R0,#+8
   \   00000006   205E               LDRSH    R0,[R4, R0]
   \   00000008   0002               LSLS     R0,R0,#+8
   \   0000000A   8021               MOVS     R1,#+128
   \   0000000C   4903               LSLS     R1,R1,#+13       ;; #+1048576
   \   0000000E   4018               ADDS     R0,R0,R1
   \   00000010   0090               STR      R0,[SP, #+0]
   \   00000012   B848               LDR      R0,??flash_test_function_0+0x4  ;; KeyValue
   \   00000014   0168               LDR      R1,[R0, #+0]
   \   00000016   B84D               LDR      R5,??flash_test_function_0+0x8  ;; sExecStep
   \   00000018   2888               LDRH     R0,[R5, #+0]
   \   0000001A   401C               ADDS     R0,R0,#+1
   \   0000001C   B74A               LDR      R2,??flash_test_function_0+0xC  ;; bPushKey
   \   0000001E   1278               LDRB     R2,[R2, #+0]
   \   00000020   B74E               LDR      R6,??flash_test_function_0+0x10  ;; `?<Constant "\\n>Page[%03Xh] ERASE..">`
   \   00000022   2B88               LDRH     R3,[R5, #+0]
   \   00000024   002B               CMP      R3,#+0
   \   00000026   ....               BNE      .+5
   \   00000028   8BE0               B        ??flash_test_function_1
   \   0000002A   093B               SUBS     R3,R3,#+9
   \   0000002C   ....               BNE      .+5
   \   0000002E   8DE0               B        ??flash_test_function_2
   \   00000030   5B1E               SUBS     R3,R3,#+1
   \   00000032   ....               BNE      .+5
   \   00000034   B0E0               B        ??flash_test_function_3
   \   00000036   5A3B               SUBS     R3,R3,#+90
   \   00000038   30D0               BEQ      ??flash_test_function_4
   \   0000003A   5B1E               SUBS     R3,R3,#+1
   \   0000003C   ....               BNE      .+5
   \   0000003E   F5E1               B        ??flash_test_function_5
   \   00000040   5B1E               SUBS     R3,R3,#+1
   \   00000042   ....               BNE      .+5
   \   00000044   0DE2               B        ??flash_test_function_6
   \   00000046   5B1E               SUBS     R3,R3,#+1
   \   00000048   36D0               BEQ      ??flash_test_function_7
   \   0000004A   5B1E               SUBS     R3,R3,#+1
   \   0000004C   56D0               BEQ      ??flash_test_function_8
   \   0000004E   5B1E               SUBS     R3,R3,#+1
   \   00000050   ....               BNE      .+5
   \   00000052   1AE2               B        ??flash_test_function_9
   \   00000054   5B1E               SUBS     R3,R3,#+1
   \   00000056   ....               BNE      .+5
   \   00000058   32E2               B        ??flash_test_function_10
   \   0000005A   5B1E               SUBS     R3,R3,#+1
   \   0000005C   ....               BNE      .+5
   \   0000005E   43E2               B        ??flash_test_function_11
   \   00000060   5B1E               SUBS     R3,R3,#+1
   \   00000062   ....               BNE      .+5
   \   00000064   53E2               B        ??flash_test_function_12
   \   00000066   5B1E               SUBS     R3,R3,#+1
   \   00000068   ....               BNE      .+5
   \   0000006A   6BE2               B        ??flash_test_function_13
   \   0000006C   5B1E               SUBS     R3,R3,#+1
   \   0000006E   ....               BNE      .+5
   \   00000070   75E2               B        ??flash_test_function_14
   \   00000072   5A3B               SUBS     R3,R3,#+90
   \   00000074   ....               BNE      .+5
   \   00000076   A7E0               B        ??flash_test_function_15
   \   00000078   5B1E               SUBS     R3,R3,#+1
   \   0000007A   ....               BNE      .+5
   \   0000007C   79E1               B        ??flash_test_function_16
   \   0000007E   5B1E               SUBS     R3,R3,#+1
   \   00000080   3CD0               BEQ      ??flash_test_function_8
   \   00000082   5B1E               SUBS     R3,R3,#+1
   \   00000084   ....               BNE      .+5
   \   00000086   B8E0               B        ??flash_test_function_17
   \   00000088   5B1E               SUBS     R3,R3,#+1
   \   0000008A   ....               BNE      .+5
   \   0000008C   B7E0               B        ??flash_test_function_18
   \   0000008E   5B1E               SUBS     R3,R3,#+1
   \   00000090   ....               BNE      .+5
   \   00000092   B8E0               B        ??flash_test_function_19
   \   00000094   5B1E               SUBS     R3,R3,#+1
   \   00000096   ....               BNE      .+5
   \   00000098   FDE0               B        ??flash_test_function_20
   \   0000009A   5E3B               SUBS     R3,R3,#+94
   \                     ??flash_test_function_4:
   \   0000009C   ....               BNE      .+5
   \   0000009E   3EE1               B        ??flash_test_function_21
   \   000000A0   5B1E               SUBS     R3,R3,#+1
   \   000000A2   ....               BNE      .+5
   \   000000A4   43E1               B        ??flash_test_function_22
   \   000000A6   5B1E               SUBS     R3,R3,#+1
   \   000000A8   ....               BNE      .+5
   \   000000AA   48E1               B        ??flash_test_function_23
   \   000000AC   5B1E               SUBS     R3,R3,#+1
   \   000000AE   25D0               BEQ      ??flash_test_function_8
   \   000000B0   5B1E               SUBS     R3,R3,#+1
   \   000000B2   ....               BNE      .+5
   \   000000B4   54E1               B        ??flash_test_function_24
   \   000000B6   5B1E               SUBS     R3,R3,#+1
   \                     ??flash_test_function_7:
   \   000000B8   ....               BNE      .+5
   \   000000BA   53E1               B        ??flash_test_function_25
   \   000000BC   5B1E               SUBS     R3,R3,#+1
   \   000000BE   1DD0               BEQ      ??flash_test_function_8
   \   000000C0   5B1E               SUBS     R3,R3,#+1
   \   000000C2   ....               BNE      .+5
   \   000000C4   5EE1               B        ??flash_test_function_26
   \   000000C6   5B1E               SUBS     R3,R3,#+1
   \   000000C8   ....               BNE      .+5
   \   000000CA   7CE1               B        ??flash_test_function_27
   \   000000CC   5B1E               SUBS     R3,R3,#+1
   \   000000CE   ....               BNE      .+5
   \   000000D0   8BE1               B        ??flash_test_function_28
   \   000000D2   5B1E               SUBS     R3,R3,#+1
   \   000000D4   ....               BNE      .+5
   \   000000D6   99E1               B        ??flash_test_function_29
   \   000000D8   5A3B               SUBS     R3,R3,#+90
   \   000000DA   03D0               BEQ      ??flash_test_function_30
   \   000000DC   5B1E               SUBS     R3,R3,#+1
   \   000000DE   ....               BNE      .+5
   \   000000E0   56E2               B        ??flash_test_function_31
   \   000000E2   633B               SUBS     R3,R3,#+99
   \                     ??flash_test_function_30:
   \   000000E4   ....               BNE      .+5
   \   000000E6   49E2               B        ??flash_test_function_32
   \   000000E8   5B1E               SUBS     R3,R3,#+1
   \   000000EA   ....               BNE      .+5
   \   000000EC   5BE2               B        ??flash_test_function_33
   \   000000EE   633B               SUBS     R3,R3,#+99
   \   000000F0   ....               BNE      .+5
   \   000000F2   5FE2               B        ??flash_test_function_34
   \   000000F4   5B1E               SUBS     R3,R3,#+1
   \   000000F6   ....               BNE      .+5
   \   000000F8   60E2               B        ??flash_test_function_35
   \   000000FA   5B1E               SUBS     R3,R3,#+1
   \                     ??flash_test_function_8:
   \   000000FC   7AD0               BEQ      ??flash_test_function_36
   \   000000FE   5B1E               SUBS     R3,R3,#+1
   \   00000100   ....               BNE      .+5
   \   00000102   6FE2               B        ??flash_test_function_37
   \   00000104   5B1E               SUBS     R3,R3,#+1
   \   00000106   ....               BNE      .+5
   \   00000108   76E2               B        ??flash_test_function_38
   \   0000010A   5B1E               SUBS     R3,R3,#+1
   \   0000010C   ....               BNE      .+5
   \   0000010E   79E2               B        ??flash_test_function_39
   \   00000110   5B1E               SUBS     R3,R3,#+1
   \   00000112   ....               BNE      .+5
   \   00000114   8FE2               B        ??flash_test_function_40
   \   00000116   5B1E               SUBS     R3,R3,#+1
   \   00000118   ....               BNE      .+5
   \   0000011A   93E2               B        ??flash_test_function_41
   \   0000011C   5B1E               SUBS     R3,R3,#+1
   \   0000011E   69D0               BEQ      ??flash_test_function_36
   \   00000120   5B1E               SUBS     R3,R3,#+1
   \   00000122   ....               BNE      .+5
   \   00000124   9CE2               B        ??flash_test_function_42
   \   00000126   5B1E               SUBS     R3,R3,#+1
   \   00000128   ....               BNE      .+5
   \   0000012A   A2E2               B        ??flash_test_function_43
   \   0000012C   5B1E               SUBS     R3,R3,#+1
   \   0000012E   61D0               BEQ      ??flash_test_function_36
   \   00000130   5B1E               SUBS     R3,R3,#+1
   \   00000132   ....               BNE      .+5
   \   00000134   ADE2               B        ??flash_test_function_44
   \   00000136   5B1E               SUBS     R3,R3,#+1
   \   00000138   07D0               BEQ      ??flash_test_function_45
   \   0000013A   5B1E               SUBS     R3,R3,#+1
   \   0000013C   ....               BNE      .+5
   \   0000013E   B5E2               B        ??flash_test_function_46
   \   00000140   C2E2               B        ??flash_test_function_47
    468           {   
    469           case 0:
    470              display_mode(0);
   \                     ??flash_test_function_1:
   \   00000142   0020               MOVS     R0,#+0
   \   00000144   ........           _BLF     display_mode,??display_mode??rT
    471              sExecStep = FLASH_TEST;
   \   00000148   0920               MOVS     R0,#+9
   \                     ??flash_test_function_45:
   \   0000014A   BEE2               B.N      ??flash_test_function_48
    472              return;
    473             
    474           case FLASH_TEST:
    475             DelayStep = 0;
   \                     ??flash_test_function_2:
   \   0000014C   6D48               LDR      R0,??flash_test_function_0+0x14  ;; DelayStep
   \   0000014E   0021               MOVS     R1,#+0
   \   00000150   0170               STRB     R1,[R0, #+0]
    476             screen_clear();
   \   00000152   ........           _BLF     screen_clear,??screen_clear??rT
    477             printf("<Stored Data View>");
   \   00000156   B020               MOVS     R0,#+176
   \   00000158   8000               LSLS     R0,R0,#+2        ;; #+704
   \   0000015A   3018               ADDS     R0,R6,R0
   \   0000015C   ........           _BLF     printf,??printf??rT
    478             printf("\n1:Flash Read");
   \   00000160   B520               MOVS     R0,#+181
   \   00000162   8000               LSLS     R0,R0,#+2        ;; #+724
   \   00000164   3018               ADDS     R0,R6,R0
   \   00000166   ........           _BLF     printf,??printf??rT
    479             printf("\n2:Flash Write Test");
   \   0000016A   B920               MOVS     R0,#+185
   \   0000016C   8000               LSLS     R0,R0,#+2        ;; #+740
   \   0000016E   3018               ADDS     R0,R6,R0
   \   00000170   ........           _BLF     printf,??printf??rT
    480             printf("\n3:Flash Erase");
   \   00000174   BE20               MOVS     R0,#+190
   \   00000176   8000               LSLS     R0,R0,#+2        ;; #+760
   \   00000178   3018               ADDS     R0,R6,R0
   \   0000017A   ........           _BLF     printf,??printf??rT
    481             printf("\n4:Register Edit");
   \   0000017E   C220               MOVS     R0,#+194
   \   00000180   8000               LSLS     R0,R0,#+2        ;; #+776
   \   00000182   3018               ADDS     R0,R6,R0
   \   00000184   ........           _BLF     printf,??printf??rT
    482             //else if (bPushKey == '5') sExecStep = FLASH_LOCK;
    483             //else if (bPushKey == '6') sExecStep = FLASH_UNLOCK;
    484             printf("\n[MENU]:goto MAIN");
   \   00000188   C720               MOVS     R0,#+199
   \   0000018A   8000               LSLS     R0,R0,#+2        ;; #+796
   \   0000018C   3018               ADDS     R0,R6,R0
   \   0000018E   ........           _BLF     printf,??printf??rT
    485             sExecStep++;
   \   00000192   2888               LDRH     R0,[R5, #+0]
   \   00000194   401C               ADDS     R0,R0,#+1
   \   00000196   98E2               B.N      ??flash_test_function_48
    486             return;
    487             
    488           case FLASH_TEST+1:
    489            if (bPushKey == '1') sExecStep = FLASH_READ;
   \                     ??flash_test_function_3:
   \   00000198   312A               CMP      R2,#+49
   \   0000019A   01D1               BNE      ??flash_test_function_49
   \                     ??flash_test_function_50:
   \   0000019C   C820               MOVS     R0,#+200
   \   0000019E   94E2               B.N      ??flash_test_function_48
    490              else if (bPushKey == '2') sExecStep = FLASH_WRITE;
   \                     ??flash_test_function_49:
   \   000001A0   322A               CMP      R2,#+50
   \   000001A2   02D1               BNE      ??flash_test_function_51
   \                     ??flash_test_function_52:
   \   000001A4   9620               MOVS     R0,#+150
   \   000001A6   4000               LSLS     R0,R0,#+1        ;; #+300
   \   000001A8   8FE2               B.N      ??flash_test_function_48
    491              else if (bPushKey == '3') sExecStep = FLASH_ERASE;
   \                     ??flash_test_function_51:
   \   000001AA   332A               CMP      R2,#+51
   \   000001AC   01D1               BNE      ??flash_test_function_53
   \                     ??flash_test_function_54:
   \   000001AE   6420               MOVS     R0,#+100
   \   000001B0   8BE2               B.N      ??flash_test_function_48
    492              else if (bPushKey == '4') sExecStep = EFC_REG_EDIT;
   \                     ??flash_test_function_53:
   \   000001B2   342A               CMP      R2,#+52
   \   000001B4   02D1               BNE      ??flash_test_function_55
   \   000001B6   9620               MOVS     R0,#+150
   \   000001B8   8000               LSLS     R0,R0,#+2        ;; #+600
   \   000001BA   86E2               B.N      ??flash_test_function_48
    493              //else if (bPushKey == '5') sExecStep = FLASH_LOCK;
    494              //else if (bPushKey == '6') sExecStep = FLASH_UNLOCK;
    495              else if (MENU_KEY) execmode_change(MAIN_MENU); 
   \                     ??flash_test_function_55:
   \   000001BC   612A               CMP      R2,#+97
   \   000001BE   02D1               BNE      ??flash_test_function_56
   \   000001C0   0020               MOVS     R0,#+0
   \   000001C2   ........           _BLF     execmode_change,??execmode_change??rT
   \                     ??flash_test_function_56:
   \   000001C6   81E2               B        ??flash_test_function_57
    496              return;
    497              
    498          /*************************/
    499          /* Flash Memory Read    */
    500          /*************************/
    501           case FLASH_READ:
    502             DelayStep = 0;
   \                     ??flash_test_function_15:
   \   000001C8   4E48               LDR      R0,??flash_test_function_0+0x14  ;; DelayStep
   \   000001CA   0021               MOVS     R1,#+0
   \   000001CC   0170               STRB     R1,[R0, #+0]
    503             screen_clear();
   \   000001CE   ........           _BLF     screen_clear,??screen_clear??rT
    504             sFlashPage = 0x000;
   \   000001D2   0020               MOVS     R0,#+0
   \   000001D4   2081               STRH     R0,[R4, #+8]
    505             printf("<Flash Memory Read>");
   \   000001D6   CC20               MOVS     R0,#+204
   \   000001D8   8000               LSLS     R0,R0,#+2        ;; #+816
   \   000001DA   3018               ADDS     R0,R6,R0
   \   000001DC   ........           _BLF     printf,??printf??rT
    506             printf("\n>Flash Page:%03X", sFlashPage);
   \   000001E0   0820               MOVS     R0,#+8
   \   000001E2   215E               LDRSH    R1,[R4, R0]
   \   000001E4   D120               MOVS     R0,#+209
   \   000001E6   8000               LSLS     R0,R0,#+2        ;; #+836
   \   000001E8   3018               ADDS     R0,R6,R0
   \   000001EA   ........           _BLF     printf,??printf??rT
    507             sExecStep++;
   \   000001EE   2888               LDRH     R0,[R5, #+0]
   \   000001F0   401C               ADDS     R0,R0,#+1
   \   000001F2   6AE2               B.N      ??flash_test_function_48
    508             return;
    509             
    510           case FLASH_READ+1:
    511             keyin_start(3);
    512             set_cursor_h(12);
    513             sExecStep++;
    514             return;
    515             
    516           case FLASH_READ+2: keyin_dp_hex();	 return;
   \                     ??flash_test_function_36:
   \   000001F4   ........           _BLF     keyin_dp_hex,??keyin_dp_hex??rT
   \   000001F8   68E2               B        ??flash_test_function_57
    517             
    518           case FLASH_READ+3:
    519             sFlashPage = KeyValue;
   \                     ??flash_test_function_17:
   \   000001FA   2181               STRH     R1,[R4, #+8]
    520             sExecStep++;
   \   000001FC   65E2               B.N      ??flash_test_function_48
    521             return;
    522          
    523           case FLASH_READ+4:
    524             uiFlashAdd = FLASH_START_ADD + (sFlashPage << 8);
   \                     ??flash_test_function_18:
   \   000001FE   0099               LDR      R1,[SP, #+0]
   \   00000200   2162               STR      R1,[R4, #+32]
    525             pFlashPtr = (unsigned int*) uiFlashAdd;
   \   00000202   2163               STR      R1,[R4, #+48]
    526             sExecStep++;
   \   00000204   61E2               B.N      ??flash_test_function_48
    527             return;
    528             
    529           case FLASH_READ+5:   
    530             printf("\n[%08X]:%08X", pFlashPtr, *pFlashPtr);   pFlashPtr++;
   \                     ??flash_test_function_19:
   \   00000206   8836               ADDS     R6,R6,#+136
   \   00000208   206B               LDR      R0,[R4, #+48]
   \   0000020A   0268               LDR      R2,[R0, #+0]
   \   0000020C   0100               MOVS     R1,R0
   \   0000020E   3000               MOVS     R0,R6
   \   00000210   ........           _BLF     printf,??printf??rT
   \   00000214   206B               LDR      R0,[R4, #+48]
   \   00000216   001D               ADDS     R0,R0,#+4
   \   00000218   2063               STR      R0,[R4, #+48]
    531             printf("\n[%08X]:%08X", pFlashPtr, *pFlashPtr);   pFlashPtr++;
   \   0000021A   0100               MOVS     R1,R0
   \   0000021C   0A68               LDR      R2,[R1, #+0]
   \   0000021E   3000               MOVS     R0,R6
   \   00000220   ........           _BLF     printf,??printf??rT
   \   00000224   206B               LDR      R0,[R4, #+48]
   \   00000226   001D               ADDS     R0,R0,#+4
   \   00000228   2063               STR      R0,[R4, #+48]
    532             printf("\n[%08X]:%08X", pFlashPtr, *pFlashPtr);   pFlashPtr++;
   \   0000022A   0100               MOVS     R1,R0
   \   0000022C   0A68               LDR      R2,[R1, #+0]
   \   0000022E   3000               MOVS     R0,R6
   \   00000230   ........           _BLF     printf,??printf??rT
   \   00000234   206B               LDR      R0,[R4, #+48]
   \   00000236   001D               ADDS     R0,R0,#+4
   \   00000238   2063               STR      R0,[R4, #+48]
    533             printf("\n[%08X]:%08X", pFlashPtr, *pFlashPtr);   pFlashPtr++;
   \   0000023A   0100               MOVS     R1,R0
   \   0000023C   0A68               LDR      R2,[R1, #+0]
   \   0000023E   3000               MOVS     R0,R6
   \   00000240   ........           _BLF     printf,??printf??rT
   \   00000244   206B               LDR      R0,[R4, #+48]
   \   00000246   001D               ADDS     R0,R0,#+4
   \   00000248   2063               STR      R0,[R4, #+48]
    534             printf("\n[%08X]:%08X", pFlashPtr, *pFlashPtr);   pFlashPtr++;
   \   0000024A   0100               MOVS     R1,R0
   \   0000024C   0A68               LDR      R2,[R1, #+0]
   \   0000024E   3000               MOVS     R0,R6
   \   00000250   ........           _BLF     printf,??printf??rT
   \   00000254   206B               LDR      R0,[R4, #+48]
   \   00000256   001D               ADDS     R0,R0,#+4
   \   00000258   2063               STR      R0,[R4, #+48]
    535             printf("\n[%08X]:%08X", pFlashPtr, *pFlashPtr);   pFlashPtr++;
   \   0000025A   0100               MOVS     R1,R0
   \   0000025C   0A68               LDR      R2,[R1, #+0]
   \   0000025E   3000               MOVS     R0,R6
   \   00000260   ........           _BLF     printf,??printf??rT
   \   00000264   206B               LDR      R0,[R4, #+48]
   \   00000266   001D               ADDS     R0,R0,#+4
   \   00000268   2063               STR      R0,[R4, #+48]
    536             printf("\n[%08X]:%08X", pFlashPtr, *pFlashPtr);   pFlashPtr++;
   \   0000026A   0100               MOVS     R1,R0
   \   0000026C   0A68               LDR      R2,[R1, #+0]
   \   0000026E   3000               MOVS     R0,R6
   \   00000270   ........           _BLF     printf,??printf??rT
   \   00000274   206B               LDR      R0,[R4, #+48]
   \   00000276   001D               ADDS     R0,R0,#+4
   \   00000278   2063               STR      R0,[R4, #+48]
    537             printf("\n[%08X]:%08X", pFlashPtr, *pFlashPtr);   pFlashPtr++;
   \   0000027A   0100               MOVS     R1,R0
   \   0000027C   0A68               LDR      R2,[R1, #+0]
   \   0000027E   3000               MOVS     R0,R6
   \   00000280   ........           _BLF     printf,??printf??rT
   \   00000284   206B               LDR      R0,[R4, #+48]
   \   00000286   001D               ADDS     R0,R0,#+4
   \   00000288   2063               STR      R0,[R4, #+48]
    538             DelayStep = 0;
   \   0000028A   1E48               LDR      R0,??flash_test_function_0+0x14  ;; DelayStep
   \   0000028C   0021               MOVS     R1,#+0
   \   0000028E   0170               STRB     R1,[R0, #+0]
    539             sExecStep++;
   \   00000290   2888               LDRH     R0,[R5, #+0]
   \   00000292   401C               ADDS     R0,R0,#+1
   \   00000294   19E2               B.N      ??flash_test_function_48
    540             return;
    541             
    542           case FLASH_READ+6:
    543             if (MENU_KEY) sExecStep = FLASH_TEST;
   \                     ??flash_test_function_20:
   \   00000296   612A               CMP      R2,#+97
   \   00000298   01D1               BNE      ??flash_test_function_58
   \   0000029A   0920               MOVS     R0,#+9
   \   0000029C   15E2               B.N      ??flash_test_function_48
    544             else if (ENTER_KEY) sExecStep = FLASH_READ;
   \                     ??flash_test_function_58:
   \   0000029E   0D2A               CMP      R2,#+13
   \   000002A0   ....               BNE      .+5
   \   000002A2   7BE7               B        ??flash_test_function_50
    545             else if (DN_KEY) sExecStep = FLASH_READ+5;
   \   000002A4   632A               CMP      R2,#+99
   \   000002A6   01D1               BNE      ??flash_test_function_59
   \                     ??flash_test_function_60:
   \   000002A8   CD20               MOVS     R0,#+205
   \   000002AA   0EE2               B.N      ??flash_test_function_48
    546             else if (UP_KEY) 
   \                     ??flash_test_function_59:
   \   000002AC   622A               CMP      R2,#+98
   \   000002AE   03D1               BNE      ??flash_test_function_61
    547             {
    548               pFlashPtr -= 16;
   \   000002B0   206B               LDR      R0,[R4, #+48]
   \   000002B2   4038               SUBS     R0,R0,#+64
   \   000002B4   2063               STR      R0,[R4, #+48]
   \   000002B6   F7E7               B        ??flash_test_function_60
    549               sExecStep = FLASH_READ+5;
    550             }
    551             else if (SP_KEY)
   \                     ??flash_test_function_61:
   \   000002B8   232A               CMP      R2,#+35
   \   000002BA   0DD1               BNE      ??flash_test_function_62
    552             {
    553               if(++sFlashPage >= 0x400) sFlashPage = 0;
   \   000002BC   0820               MOVS     R0,#+8
   \   000002BE   205E               LDRSH    R0,[R4, R0]
   \   000002C0   401C               ADDS     R0,R0,#+1
   \   000002C2   2081               STRH     R0,[R4, #+8]
   \   000002C4   8021               MOVS     R1,#+128
   \   000002C6   C900               LSLS     R1,R1,#+3        ;; #+1024
   \   000002C8   0004               LSLS     R0,R0,#+16
   \   000002CA   0014               ASRS     R0,R0,#+16
   \   000002CC   8842               CMP      R0,R1
   \   000002CE   01DB               BLT      ??flash_test_function_63
   \   000002D0   0020               MOVS     R0,#+0
   \                     ??flash_test_function_64:
   \   000002D2   2081               STRH     R0,[R4, #+8]
    554               sExecStep = FLASH_READ+4;
   \                     ??flash_test_function_63:
   \   000002D4   CC20               MOVS     R0,#+204
   \   000002D6   F8E1               B.N      ??flash_test_function_48
    555             }
    556             else if (PP_KEY)
   \                     ??flash_test_function_62:
   \   000002D8   2A2A               CMP      R2,#+42
   \   000002DA   17D1               BNE      ??flash_test_function_65
    557             {
    558               if (sFlashPage == 0) sFlashPage = 0x3FF; else sFlashPage--;
   \   000002DC   0820               MOVS     R0,#+8
   \   000002DE   205E               LDRSH    R0,[R4, R0]
   \   000002E0   0028               CMP      R0,#+0
   \   000002E2   01D1               BNE      ??flash_test_function_66
   \   000002E4   0848               LDR      R0,??flash_test_function_0+0x18  ;; 0x3ff
   \   000002E6   F4E7               B.N      ??flash_test_function_64
   \                     ??flash_test_function_66:
   \   000002E8   0820               MOVS     R0,#+8
   \   000002EA   205E               LDRSH    R0,[R4, R0]
   \   000002EC   401E               SUBS     R0,R0,#+1
   \   000002EE   F0E7               B.N      ??flash_test_function_64
   \                     ??flash_test_function_0:
   \   000002F0   ........           DC32     Result
   \   000002F4   ........           DC32     KeyValue
   \   000002F8   ........           DC32     sExecStep
   \   000002FC   ........           DC32     bPushKey
   \   00000300   ........           DC32     `?<Constant "\\n>Page[%03Xh] ERASE..">`
   \   00000304   ........           DC32     DelayStep
   \   00000308   FF030000           DC32     0x3ff
    559               sExecStep = FLASH_READ+4;
    560             }    
    561             else if (step_delay(SEC_1<<4)) sExecStep = FLASH_TEST;
   \                     ??flash_test_function_65:
   \   0000030C   FA20               MOVS     R0,#+250
   \   0000030E   4001               LSLS     R0,R0,#+5        ;; #+8000
   \   00000310   ........           _BLF     step_delay,??step_delay??rT
   \   00000314   0028               CMP      R0,#+0
   \   00000316   ....               BNE      .+5
   \   00000318   D8E1               B        ??flash_test_function_57
   \   0000031A   0920               MOVS     R0,#+9
   \   0000031C   D5E1               B.N      ??flash_test_function_48
    562             return;
    563          
    564          /*****************************/
    565          /* Flash Memory Write Test   */
    566          /*****************************/
    567           case FLASH_WRITE:
    568             screen_clear();
   \                     ??flash_test_function_21:
   \   0000031E   ........           _BLF     screen_clear,??screen_clear??rT
    569             //AT91F_Flash_Init();
    570             sFlashPage = FDATA_START_PAGE;
   \   00000322   8020               MOVS     R0,#+128
   \   00000324   8000               LSLS     R0,R0,#+2        ;; #+512
   \   00000326   2081               STRH     R0,[R4, #+8]
    571             sExecStep++; 
   \   00000328   2888               LDRH     R0,[R5, #+0]
   \   0000032A   401C               ADDS     R0,R0,#+1
   \   0000032C   CDE1               B.N      ??flash_test_function_48
    572             return;
    573             
    574           case FLASH_WRITE+1:
    575             printf("<Flash Write Test>");
   \                     ??flash_test_function_22:
   \   0000032E   DA20               MOVS     R0,#+218
   \   00000330   8000               LSLS     R0,R0,#+2        ;; #+872
   \   00000332   3018               ADDS     R0,R6,R0
   \   00000334   ........           _BLF     printf,??printf??rT
    576             sExecStep++; 
   \   00000338   2888               LDRH     R0,[R5, #+0]
   \   0000033A   401C               ADDS     R0,R0,#+1
   \   0000033C   C5E1               B.N      ??flash_test_function_48
    577             return;
    578             
    579           // Write code key input
    580           case FLASH_WRITE+2:
    581             FlashMask = 0xAA;
   \                     ??flash_test_function_23:
   \   0000033E   AA20               MOVS     R0,#+170
   \   00000340   6070               STRB     R0,[R4, #+1]
    582             printf("\n>Mask Data:%02Xh", FlashMask);
   \   00000342   AA21               MOVS     R1,#+170
   \   00000344   DF20               MOVS     R0,#+223
   \   00000346   8000               LSLS     R0,R0,#+2        ;; #+892
   \   00000348   3018               ADDS     R0,R6,R0
   \   0000034A   ........           _BLF     printf,??printf??rT
    583             keyin_start(2); 
   \   0000034E   0220               MOVS     R0,#+2
   \   00000350   ........           _BLF     keyin_start,??keyin_start??rT
    584             set_cursor_h(11);
   \   00000354   0B20               MOVS     R0,#+11
   \   00000356   ........           _BLF     set_cursor_h,??set_cursor_h??rT
    585             sExecStep++; 
   \   0000035A   2888               LDRH     R0,[R5, #+0]
   \   0000035C   401C               ADDS     R0,R0,#+1
   \   0000035E   B4E1               B.N      ??flash_test_function_48
    586             return;
    587             
    588           case FLASH_WRITE+3: keyin_dp_hex();	 return;
    589           case FLASH_WRITE+4: 
    590             FlashMask = KeyValue;
   \                     ??flash_test_function_24:
   \   00000360   6170               STRB     R1,[R4, #+1]
    591             sExecStep++;
   \   00000362   B2E1               B.N      ??flash_test_function_48
    592             return;
    593             
    594           // Flash plash input
    595           case FLASH_WRITE+5:   
    596             printf("\n>Flash Page:%03Xh", sFlashPage);
   \                     ??flash_test_function_25:
   \   00000364   0820               MOVS     R0,#+8
   \   00000366   215E               LDRSH    R1,[R4, R0]
   \   00000368   E420               MOVS     R0,#+228
   \   0000036A   8000               LSLS     R0,R0,#+2        ;; #+912
   \   0000036C   3018               ADDS     R0,R6,R0
   \   0000036E   ........           _BLF     printf,??printf??rT
   \                     ??flash_test_function_16:
   \   00000372   0320               MOVS     R0,#+3
   \   00000374   ........           _BLF     keyin_start,??keyin_start??rT
   \   00000378   0C20               MOVS     R0,#+12
   \   0000037A   ........           _BLF     set_cursor_h,??set_cursor_h??rT
   \   0000037E   2888               LDRH     R0,[R5, #+0]
   \   00000380   401C               ADDS     R0,R0,#+1
   \   00000382   A2E1               B.N      ??flash_test_function_48
    597             keyin_start(3); 
    598             set_cursor_h(12);
    599             sExecStep++; 
    600             return;
    601             
    602           case FLASH_WRITE+6: keyin_dp_hex();	 return;
    603           
    604           // Write data pattern generate
    605           case FLASH_WRITE+7: 
    606             sFlashPage = KeyValue;
   \                     ??flash_test_function_26:
   \   00000384   2181               STRH     R1,[R4, #+8]
    607             if ((sFlashPage < 0x0200)|(sFlashPage > 0x03FF))
   \   00000386   0821               MOVS     R1,#+8
   \   00000388   615E               LDRSH    R1,[R4, R1]
   \   0000038A   8022               MOVS     R2,#+128
   \   0000038C   9200               LSLS     R2,R2,#+2        ;; #+512
   \   0000038E   9142               CMP      R1,R2
   \   00000390   11DB               BLT      ??flash_test_function_67
   \   00000392   5200               LSLS     R2,R2,#+1
   \   00000394   9142               CMP      R1,R2
   \   00000396   0EDA               BGE      ??flash_test_function_67
    608             {
    609               printf("\n>Error: Range over");
    610               sExecStep = FLASH_WRITE+10;
    611             }
    612             else 
    613             {
    614               for (lp = 0; lp < 64; lp++) uiFlashBuffer[lp] = (FlashMask << 24)|(sFlashPage << 8)|lp;
   \   00000398   0022               MOVS     R2,#+0
   \                     ??flash_test_function_68:
   \   0000039A   9700               LSLS     R7,R2,#+2
   \   0000039C   C54E               LDR      R6,??flash_test_function_69  ;; uiFlashBuffer
   \   0000039E   B446               MOV      R12,R6
   \   000003A0   6378               LDRB     R3,[R4, #+1]
   \   000003A2   1E06               LSLS     R6,R3,#+24
   \   000003A4   0B02               LSLS     R3,R1,#+8
   \   000003A6   3343               ORRS     R3,R3,R6
   \   000003A8   1343               ORRS     R3,R3,R2
   \   000003AA   6646               MOV      R6,R12
   \   000003AC   F351               STR      R3,[R6, R7]
   \   000003AE   521C               ADDS     R2,R2,#+1
   \   000003B0   402A               CMP      R2,#+64
   \   000003B2   F2DB               BLT      ??flash_test_function_68
    615               sExecStep++;
   \   000003B4   89E1               B.N      ??flash_test_function_48
    616             }
   \                     ??flash_test_function_67:
   \   000003B6   E920               MOVS     R0,#+233
   \   000003B8   8000               LSLS     R0,R0,#+2        ;; #+932
   \   000003BA   3018               ADDS     R0,R6,R0
   \   000003BC   ........           _BLF     printf,??printf??rT
   \   000003C0   9B20               MOVS     R0,#+155
   \   000003C2   4000               LSLS     R0,R0,#+1        ;; #+310
   \   000003C4   81E1               B.N      ??flash_test_function_48
    617             return;
    618           
    619           // 1 Page Write Execute
    620           case FLASH_WRITE+8:
    621             uiFlashAdd = FLASH_START_ADD + (sFlashPage << 8);
   \                     ??flash_test_function_27:
   \   000003C6   0098               LDR      R0,[SP, #+0]
   \   000003C8   2062               STR      R0,[R4, #+32]
    622             Result = AT91F_Flash_Write( uiFlashAdd , FLASH_PAGE_SIZE_BYTE, &uiFlashBuffer[0], 0);
   \   000003CA   0023               MOVS     R3,#+0
   \   000003CC   B94A               LDR      R2,??flash_test_function_69  ;; uiFlashBuffer
   \   000003CE   8021               MOVS     R1,#+128
   \   000003D0   4900               LSLS     R1,R1,#+1        ;; #+256
   \   000003D2   ........           _BLF     AT91F_Flash_Write,??AT91F_Flash_Write??rT
   \   000003D6   2070               STRB     R0,[R4, #+0]
    623             printf("\nFlash Add:%08X", uiFlashAdd);
   \   000003D8   216A               LDR      R1,[R4, #+32]
   \   000003DA   EE20               MOVS     R0,#+238
   \   000003DC   8000               LSLS     R0,R0,#+2        ;; #+952
   \   000003DE   3018               ADDS     R0,R6,R0
   \   000003E0   ........           _BLF     printf,??printf??rT
    624             sExecStep++; 
   \   000003E4   2888               LDRH     R0,[R5, #+0]
   \   000003E6   401C               ADDS     R0,R0,#+1
   \   000003E8   6FE1               B.N      ??flash_test_function_48
    625             return;
    626          
    627           case FLASH_WRITE+9:
    628             if (Result) printf("\nFlash[%03X] Write OK", sFlashPage);
   \                     ??flash_test_function_28:
   \   000003EA   2078               LDRB     R0,[R4, #+0]
   \   000003EC   0028               CMP      R0,#+0
   \   000003EE   03D0               BEQ      ??flash_test_function_70
   \   000003F0   0820               MOVS     R0,#+8
   \   000003F2   215E               LDRSH    R1,[R4, R0]
   \   000003F4   F220               MOVS     R0,#+242
   \   000003F6   02E0               B.N      ??flash_test_function_71
    629             else printf("\nFlash[%03X] ERROR", sFlashPage);
   \                     ??flash_test_function_70:
   \   000003F8   0820               MOVS     R0,#+8
   \   000003FA   215E               LDRSH    R1,[R4, R0]
   \   000003FC   F820               MOVS     R0,#+248
   \                     ??flash_test_function_71:
   \   000003FE   8000               LSLS     R0,R0,#+2        ;; #+992
   \   00000400   3018               ADDS     R0,R6,R0
   \   00000402   ........           _BLF     printf,??printf??rT
    630             sExecStep++;
   \   00000406   2888               LDRH     R0,[R5, #+0]
   \   00000408   401C               ADDS     R0,R0,#+1
   \   0000040A   5EE1               B.N      ??flash_test_function_48
    631             return;
    632           
    633           //repeat or goto main
    634           case FLASH_WRITE+10:
    635             if (ENTER_KEY) sExecStep = FLASH_WRITE;
   \                     ??flash_test_function_29:
   \   0000040C   0D2A               CMP      R2,#+13
   \   0000040E   ....               BNE      .+5
   \   00000410   C8E6               B        ??flash_test_function_52
    636             else if (ANY_KEY) sExecStep = FLASH_MAIN;
   \   00000412   002A               CMP      R2,#+0
   \   00000414   01D0               BEQ      ??flash_test_function_72
   \   00000416   0A20               MOVS     R0,#+10
   \   00000418   57E1               B.N      ??flash_test_function_48
    637             else if (step_delay(SEC_1<<4)) sExecStep = FLASH_MAIN; 
   \                     ??flash_test_function_72:
   \   0000041A   FA20               MOVS     R0,#+250
   \   0000041C   4001               LSLS     R0,R0,#+5        ;; #+8000
   \   0000041E   ........           _BLF     step_delay,??step_delay??rT
   \   00000422   0028               CMP      R0,#+0
   \   00000424   ....               BNE      .+5
   \   00000426   51E1               B        ??flash_test_function_57
   \   00000428   0A20               MOVS     R0,#+10
   \   0000042A   4EE1               B.N      ??flash_test_function_48
    638             return;
    639          
    640          /*************************/
    641          /* Flash Memory Erase    */
    642          /*************************/
    643           case FLASH_ERASE:
    644             screen_clear();
    645             //AT91F_Flash_Init();
    646             //EFC_MODE = EFC_MODE_DEFAULT;
    647             sFlashPage = FDATA_START_PAGE;
    648             sExecStep++; 
    649             return;
    650             
    651           case FLASH_ERASE+1:
    652             printf("\n>CAUTION!!");
   \                     ??flash_test_function_5:
   \   0000042C   FD20               MOVS     R0,#+253
   \   0000042E   8000               LSLS     R0,R0,#+2        ;; #+1012
   \   00000430   3018               ADDS     R0,R6,R0
   \   00000432   ........           _BLF     printf,??printf??rT
    653             printf("\n>You will Loss Data");
   \   00000436   8020               MOVS     R0,#+128
   \   00000438   C000               LSLS     R0,R0,#+3        ;; #+1024
   \   0000043A   3018               ADDS     R0,R6,R0
   \   0000043C   ........           _BLF     printf,??printf??rT
    654             printf("\n>[0]:After All Erase");
   \   00000440   8320               MOVS     R0,#+131
   \   00000442   C000               LSLS     R0,R0,#+3        ;; #+1048
   \   00000444   3018               ADDS     R0,R6,R0
   \   00000446   ........           _BLF     printf,??printf??rT
    655             printf("\n>[1-9]: 1-9 Erase");
   \   0000044A   8620               MOVS     R0,#+134
   \   0000044C   C000               LSLS     R0,R0,#+3        ;; #+1072
   \   0000044E   3018               ADDS     R0,R6,R0
   \   00000450   ........           _BLF     printf,??printf??rT
    656             printf("\n>Other Key: Cancel");
   \   00000454   9E48               LDR      R0,??flash_test_function_73  ;; 0x444
   \   00000456   3018               ADDS     R0,R6,R0
   \   00000458   ........           _BLF     printf,??printf??rT
    657             sExecStep++; 
   \   0000045C   2888               LDRH     R0,[R5, #+0]
   \   0000045E   401C               ADDS     R0,R0,#+1
   \   00000460   33E1               B.N      ??flash_test_function_48
    658             return;
    659          
    660           case FLASH_ERASE+2:
    661             if (bPushKey == '0') { sEraseQty = 512; sExecStep++; }
   \                     ??flash_test_function_6:
   \   00000462   302A               CMP      R2,#+48
   \   00000464   03D1               BNE      ??flash_test_function_74
   \   00000466   8021               MOVS     R1,#+128
   \   00000468   8900               LSLS     R1,R1,#+2        ;; #+512
   \   0000046A   6181               STRH     R1,[R4, #+10]
   \   0000046C   2DE1               B.N      ??flash_test_function_48
    662              else if (DEC_KEY) { sEraseQty = ascii2hex(bPushKey); sExecStep++; }
   \                     ??flash_test_function_74:
   \   0000046E   08D3               BCC      ??flash_test_function_75
   \   00000470   3A2A               CMP      R2,#+58
   \   00000472   08D2               BCS      ??flash_test_function_76
   \   00000474   1000               MOVS     R0,R2
   \   00000476   ........           _BLF     ascii2hex,??ascii2hex??rT
   \   0000047A   6081               STRH     R0,[R4, #+10]
   \   0000047C   2888               LDRH     R0,[R5, #+0]
   \   0000047E   401C               ADDS     R0,R0,#+1
   \   00000480   23E1               B.N      ??flash_test_function_48
    663              else if (ANY_KEY) sExecStep = FLASH_MAIN;
   \                     ??flash_test_function_75:
   \   00000482   002A               CMP      R2,#+0
   \   00000484   64D0               BEQ      ??flash_test_function_77
   \                     ??flash_test_function_76:
   \   00000486   0A20               MOVS     R0,#+10
   \   00000488   1FE1               B.N      ??flash_test_function_48
    664             return;
    665             
    666           case FLASH_ERASE+3:
    667             printf("\n>Flash Page:%03Xh", sFlashPage);
    668             keyin_start(3); 
    669             set_cursor_h(12);
    670             sExecStep++; 
    671             return;
    672             
    673           case FLASH_ERASE+4: keyin_dp_hex();	 return;
    674          
    675           case FLASH_ERASE+5: 
    676             sFlashPage = KeyValue; 
   \                     ??flash_test_function_9:
   \   0000048A   2181               STRH     R1,[R4, #+8]
    677             if ((sFlashPage < 0x0200)|(sFlashPage > 0x03FF))
   \   0000048C   0821               MOVS     R1,#+8
   \   0000048E   615E               LDRSH    R1,[R4, R1]
   \   00000490   8022               MOVS     R2,#+128
   \   00000492   9200               LSLS     R2,R2,#+2        ;; #+512
   \   00000494   9142               CMP      R1,R2
   \   00000496   0CDB               BLT      ??flash_test_function_78
   \   00000498   5200               LSLS     R2,R2,#+1
   \   0000049A   9142               CMP      R1,R2
   \   0000049C   09DA               BGE      ??flash_test_function_78
    678             {
    679               printf("\n>Error: Code Area");
    680               sExecStep = FLASH_ERASE+10;
    681             }
    682                else 
    683             {
    684               for (lp = 0; lp < 64; lp++) uiFlashBuffer[lp] = 0xFFFFFFFF;
   \   0000049E   0022               MOVS     R2,#+0
   \   000004A0   844B               LDR      R3,??flash_test_function_69  ;; uiFlashBuffer
   \   000004A2   0024               MOVS     R4,#+0
   \   000004A4   E443               MVNS     R4,R4            ;; #-1
   \                     ??flash_test_function_79:
   \   000004A6   9100               LSLS     R1,R2,#+2
   \   000004A8   5C50               STR      R4,[R3, R1]
   \   000004AA   521C               ADDS     R2,R2,#+1
   \   000004AC   402A               CMP      R2,#+64
   \   000004AE   FADB               BLT      ??flash_test_function_79
    685               sExecStep++;
   \   000004B0   0BE1               B.N      ??flash_test_function_48
    686             }
   \                     ??flash_test_function_78:
   \   000004B2   8B20               MOVS     R0,#+139
   \   000004B4   C000               LSLS     R0,R0,#+3        ;; #+1112
   \   000004B6   3018               ADDS     R0,R6,R0
   \   000004B8   ........           _BLF     printf,??printf??rT
   \   000004BC   6E20               MOVS     R0,#+110
   \   000004BE   04E1               B.N      ??flash_test_function_48
    687             return;
    688             
    689           case FLASH_ERASE+6:
    690             uiFlashAdd = FLASH_START_ADD + (sFlashPage << 8);
   \                     ??flash_test_function_10:
   \   000004C0   0098               LDR      R0,[SP, #+0]
   \   000004C2   2062               STR      R0,[R4, #+32]
    691             Result = AT91F_Flash_Write( uiFlashAdd , FLASH_PAGE_SIZE_BYTE, &uiFlashBuffer[0], 0);
   \   000004C4   0023               MOVS     R3,#+0
   \   000004C6   7B4A               LDR      R2,??flash_test_function_69  ;; uiFlashBuffer
   \   000004C8   8021               MOVS     R1,#+128
   \   000004CA   4900               LSLS     R1,R1,#+1        ;; #+256
   \   000004CC   ........           _BLF     AT91F_Flash_Write,??AT91F_Flash_Write??rT
   \   000004D0   2070               STRB     R0,[R4, #+0]
    692             //uiFlashCmd = EFC_KEY|sFlashPage<<8|EFC_WRITE_PAGE;
    693             //printf("\nEFC MODE  :%08X", EFC_MODE);
    694             uiFlashSts = EFC_STATUS;
   \   000004D2   6069               LDR      R0,[R4, #+20]
   \   000004D4   806E               LDR      R0,[R0, #+104]
   \   000004D6   A061               STR      R0,[R4, #+24]
    695             uiFlashSts0 = uiFlashSts;
   \   000004D8   E061               STR      R0,[R4, #+28]
    696             //printf("\nEFC_STATUS:%08X", uiFlashSts);
    697             //printf("\nEFC CMD   :%08X", uiFlashCmd); 
    698             SeverTxPage = find_transmit_start_page();
   \   000004DA   ........           _BLF     find_transmit_start_page,??find_transmit_start_page??rT
   \   000004DE   ....               LDR      R1,??DataTable13  ;; SeverTxPage
   \   000004E0   0880               STRH     R0,[R1, #+0]
    699             //EFC_CMD = uiFlashCmd;
    700             sExecStep++; 
   \   000004E2   2888               LDRH     R0,[R5, #+0]
   \   000004E4   401C               ADDS     R0,R0,#+1
   \   000004E6   F0E0               B.N      ??flash_test_function_48
    701             return;
    702          
    703           case FLASH_ERASE+7:
    704             uiFlashSts = EFC_STATUS;
   \                     ??flash_test_function_11:
   \   000004E8   6169               LDR      R1,[R4, #+20]
   \   000004EA   896E               LDR      R1,[R1, #+104]
   \   000004EC   A161               STR      R1,[R4, #+24]
    705             if (uiFlashSts != uiFlashSts0)
   \   000004EE   E269               LDR      R2,[R4, #+28]
   \   000004F0   9142               CMP      R1,R2
   \   000004F2   04D0               BEQ      ??flash_test_function_80
    706             {
    707               uiFlashSts0 = uiFlashSts;
   \   000004F4   E161               STR      R1,[R4, #+28]
    708               //printf("\nEFC_STATUS:%08X", uiFlashSts);
    709               DelayStep = 0;
   \   000004F6   ....               LDR      R1,??DataTable14  ;; DelayStep
   \   000004F8   0022               MOVS     R2,#+0
   \   000004FA   0A70               STRB     R2,[R1, #+0]
    710               sExecStep++;
   \   000004FC   E5E0               B.N      ??flash_test_function_48
    711             }
    712             else 
    713             {
    714               printf("\n>Erase ERROR:%03Xh", sFlashPage);
   \                     ??flash_test_function_80:
   \   000004FE   0820               MOVS     R0,#+8
   \   00000500   215E               LDRSH    R1,[R4, R0]
   \   00000502   ....               LDR      R0,??DataTable15  ;; 0x46c
   \   00000504   3018               ADDS     R0,R6,R0
   \   00000506   ........           _BLF     printf,??printf??rT
    715               sExecStep = FLASH_ERASE+9;
   \   0000050A   6D20               MOVS     R0,#+109
   \   0000050C   DDE0               B.N      ??flash_test_function_48
    716             }
    717             return;
    718             
    719           case FLASH_ERASE+8:
    720             printf("\n>Page[%03Xh] ERASE..", sFlashPage);
   \                     ??flash_test_function_12:
   \   0000050E   0820               MOVS     R0,#+8
   \   00000510   215E               LDRSH    R1,[R4, R0]
   \   00000512   3000               MOVS     R0,R6
   \   00000514   ........           _BLF     printf,??printf??rT
    721             if ((--sEraseQty != 0)&(sFlashPage < 0x3FF)) 
   \   00000518   0A20               MOVS     R0,#+10
   \   0000051A   205E               LDRSH    R0,[R4, R0]
   \   0000051C   401E               SUBS     R0,R0,#+1
   \   0000051E   6081               STRH     R0,[R4, #+10]
   \   00000520   0004               LSLS     R0,R0,#+16
   \   00000522   09D0               BEQ      ??flash_test_function_81
   \   00000524   0820               MOVS     R0,#+8
   \   00000526   205E               LDRSH    R0,[R4, R0]
   \   00000528   ....               LDR      R1,??DataTable16  ;; 0x3ff
   \   0000052A   8842               CMP      R0,R1
   \   0000052C   04DA               BGE      ??flash_test_function_81
    722             {
    723                sFlashPage++;
   \   0000052E   401C               ADDS     R0,R0,#+1
   \   00000530   2081               STRH     R0,[R4, #+8]
    724                sExecStep++;
   \   00000532   2888               LDRH     R0,[R5, #+0]
   \   00000534   401C               ADDS     R0,R0,#+1
   \   00000536   C8E0               B.N      ??flash_test_function_48
    725             }
    726             else 
    727             {
    728               printf("\n>Erase END..");
   \                     ??flash_test_function_81:
   \   00000538   1836               ADDS     R6,R6,#+24
   \   0000053A   3000               MOVS     R0,R6
   \   0000053C   ........           _BLF     printf,??printf??rT
    729               sExecStep= FLASH_ERASE+10;
   \   00000540   6E20               MOVS     R0,#+110
   \   00000542   C2E0               B.N      ??flash_test_function_48
    730             }
    731             return;
    732             
    733           case FLASH_ERASE+9:
    734             if (sEraseQty > 20) sExecStep = FLASH_ERASE+6;
   \                     ??flash_test_function_13:
   \   00000544   6A26               MOVS     R6,#+106
   \   00000546   0A20               MOVS     R0,#+10
   \   00000548   205E               LDRSH    R0,[R4, R0]
   \   0000054A   1528               CMP      R0,#+21
   \   0000054C   01DB               BLT      ??flash_test_function_82
   \                     ??flash_test_function_83:
   \   0000054E   2E80               STRH     R6,[R5, #+0]
   \                     ??flash_test_function_77:
   \   00000550   BCE0               B        ??flash_test_function_57
    735             else if (step_delay(SEC_1/4)) sExecStep = FLASH_ERASE+6;
   \                     ??flash_test_function_82:
   \   00000552   7D20               MOVS     R0,#+125
   \   00000554   ........           _BLF     step_delay,??step_delay??rT
   \   00000558   0028               CMP      R0,#+0
   \   0000055A   F9D0               BEQ      ??flash_test_function_77
   \   0000055C   F7E7               B.N      ??flash_test_function_83
    736             return;
    737             
    738           case FLASH_ERASE+10:
    739             if (ENTER_KEY) sExecStep = FLASH_ERASE;
   \                     ??flash_test_function_14:
   \   0000055E   0D2A               CMP      R2,#+13
   \   00000560   ....               BNE      .+5
   \   00000562   24E6               B        ??flash_test_function_54
    740             else if (ANY_KEY) sExecStep = FLASH_MAIN;
   \   00000564   002A               CMP      R2,#+0
   \   00000566   01D0               BEQ      ??flash_test_function_84
   \   00000568   0A20               MOVS     R0,#+10
   \   0000056A   AEE0               B.N      ??flash_test_function_48
    741             else if (step_delay(SEC_1<<2)) sExecStep = FLASH_MAIN; 
   \                     ??flash_test_function_84:
   \   0000056C   FA20               MOVS     R0,#+250
   \   0000056E   C000               LSLS     R0,R0,#+3        ;; #+2000
   \   00000570   ........           _BLF     step_delay,??step_delay??rT
   \   00000574   0028               CMP      R0,#+0
   \   00000576   EBD0               BEQ      ??flash_test_function_77
   \   00000578   0A20               MOVS     R0,#+10
   \   0000057A   A6E0               B.N      ??flash_test_function_48
    742             return;
    743          
    744          /*************************/
    745          /* Flash Memory Lock    */
    746          /*************************/
    747           case FLASH_LOCK:
    748             display_mode(2);
   \                     ??flash_test_function_32:
   \   0000057C   0220               MOVS     R0,#+2
   \   0000057E   ........           _BLF     display_mode,??display_mode??rT
    749             printf("준비중입니다.");
   \   00000582   2836               ADDS     R6,R6,#+40
   \   00000584   3000               MOVS     R0,R6
   \   00000586   ........           _BLF     printf,??printf??rT
    750             sExecStep++;
   \   0000058A   2888               LDRH     R0,[R5, #+0]
   \   0000058C   401C               ADDS     R0,R0,#+1
   \   0000058E   9CE0               B.N      ??flash_test_function_48
    751             return;
    752          
    753           case FLASH_LOCK+1:   
    754             if (step_delay(SEC_1<<1)) 
   \                     ??flash_test_function_31:
   \   00000590   FA20               MOVS     R0,#+250
   \   00000592   8000               LSLS     R0,R0,#+2        ;; #+1000
   \   00000594   ........           _BLF     step_delay,??step_delay??rT
   \   00000598   0028               CMP      R0,#+0
   \   0000059A   0AD0               BEQ      ??flash_test_function_85
    755             {
    756               display_mode(0);
   \                     ??flash_test_function_86:
   \   0000059C   0020               MOVS     R0,#+0
   \   0000059E   ........           _BLF     display_mode,??display_mode??rT
    757               sExecStep = FLASH_MAIN; 
   \   000005A2   0A20               MOVS     R0,#+10
   \   000005A4   91E0               B.N      ??flash_test_function_48
    758             }
    759             return;
    760             
    761          /*************************/
    762          /* Flash Memory Unlock   */
    763          /*************************/
    764           case FLASH_UNLOCK:
    765             display_mode(2);
    766             printf("준비중입니다.");
    767             sExecStep++;
    768             return;
    769          
    770           case FLASH_UNLOCK+1:   
    771             if (step_delay(SEC_1<<1)) 
   \                     ??flash_test_function_33:
   \   000005A6   FA20               MOVS     R0,#+250
   \   000005A8   8000               LSLS     R0,R0,#+2        ;; #+1000
   \   000005AA   ........           _BLF     step_delay,??step_delay??rT
   \   000005AE   0028               CMP      R0,#+0
   \   000005B0   F4D1               BNE      ??flash_test_function_86
   \                     ??flash_test_function_85:
   \   000005B2   8BE0               B        ??flash_test_function_57
    772             {
    773               display_mode(0);
    774               sExecStep = FLASH_MAIN;            
    775             }
    776             return;
    777             
    778          /*************************/
    779          /* Flash Register Edit   */
    780          /*************************/
    781           case EFC_REG_EDIT:
    782             uiRegisterAdd = 0xFFFFFF00;
   \                     ??flash_test_function_34:
   \   000005B4   FF21               MOVS     R1,#+255
   \   000005B6   C943               MVNS     R1,R1            ;; #-256
   \   000005B8   6162               STR      R1,[R4, #+36]
    783             sExecStep++;
   \   000005BA   86E0               B.N      ??flash_test_function_48
    784             return;
    785          
    786           case EFC_REG_EDIT+1:
    787             screen_clear();
   \                     ??flash_test_function_35:
   \   000005BC   ........           _BLF     screen_clear,??screen_clear??rT
    788             printf("\n<Register Edit>");
   \   000005C0   3000               MOVS     R0,R6
   \   000005C2   3830               ADDS     R0,R0,#+56
   \   000005C4   ........           _BLF     printf,??printf??rT
    789             printf("\n>Add:%08Xh", uiRegisterAdd);
   \   000005C8   616A               LDR      R1,[R4, #+36]
   \   000005CA   4C36               ADDS     R6,R6,#+76
   \   000005CC   3000               MOVS     R0,R6
   \   000005CE   ........           _BLF     printf,??printf??rT
    790             keyin_start(8);
   \   000005D2   0820               MOVS     R0,#+8
   \   000005D4   ........           _BLF     keyin_start,??keyin_start??rT
    791             set_cursor_h(5);
   \   000005D8   0520               MOVS     R0,#+5
   \   000005DA   ........           _BLF     set_cursor_h,??set_cursor_h??rT
    792             sExecStep++;
   \   000005DE   2888               LDRH     R0,[R5, #+0]
   \   000005E0   401C               ADDS     R0,R0,#+1
   \   000005E2   72E0               B.N      ??flash_test_function_48
    793             return;
    794           
    795           case EFC_REG_EDIT+2: keyin_dp_hex();	 return;
    796          
    797           case EFC_REG_EDIT+3:
    798             uiRegisterAdd = KeyValue;
   \                     ??flash_test_function_37:
   \   000005E4   6162               STR      R1,[R4, #+36]
    799             printf("\r>Add:%08Xh", uiRegisterAdd);
   \   000005E6   5836               ADDS     R6,R6,#+88
   \   000005E8   3000               MOVS     R0,R6
   \   000005EA   ........           _BLF     printf,??printf??rT
    800             uiRegisterPtr = (unsigned int *) uiRegisterAdd;
   \   000005EE   606A               LDR      R0,[R4, #+36]
   \   000005F0   E062               STR      R0,[R4, #+44]
    801             //printf("\n>%08X:%08X", uiRegisterPtr, *uiRegisterPtr);
    802             sExecStep++; 
   \   000005F2   2888               LDRH     R0,[R5, #+0]
   \   000005F4   401C               ADDS     R0,R0,#+1
   \   000005F6   68E0               B.N      ??flash_test_function_48
    803             return;
    804             
    805           case EFC_REG_EDIT+4:
    806             memory_view_word8(uiRegisterPtr);
   \                     ??flash_test_function_38:
   \   000005F8   E06A               LDR      R0,[R4, #+44]
   \   000005FA   ........           BL       memory_view_word8
    807             sExecStep++;
   \   000005FE   2888               LDRH     R0,[R5, #+0]
   \   00000600   401C               ADDS     R0,R0,#+1
   \   00000602   62E0               B.N      ??flash_test_function_48
    808             return; 
    809          
    810           case EFC_REG_EDIT+5:
    811             if (ENTER_KEY) sExecStep = EFC_REG_EDIT+1;
   \                     ??flash_test_function_39:
   \   00000604   0D2A               CMP      R2,#+13
   \   00000606   01D1               BNE      ??flash_test_function_87
   \   00000608   3248               LDR      R0,??flash_test_function_73+0x4  ;; 0x259
   \   0000060A   5EE0               B.N      ??flash_test_function_48
    812             else if (DN_KEY) 
   \                     ??flash_test_function_87:
   \   0000060C   9721               MOVS     R1,#+151
   \   0000060E   8900               LSLS     R1,R1,#+2        ;; #+604
   \   00000610   632A               CMP      R2,#+99
   \   00000612   04D1               BNE      ??flash_test_function_88
    813             {
    814               uiRegisterPtr += 8;
   \   00000614   E06A               LDR      R0,[R4, #+44]
   \   00000616   2030               ADDS     R0,R0,#+32
   \                     ??flash_test_function_89:
   \   00000618   E062               STR      R0,[R4, #+44]
    815               sExecStep = EFC_REG_EDIT+4;
   \   0000061A   2980               STRH     R1,[R5, #+0]
   \   0000061C   56E0               B        ??flash_test_function_57
    816             }
    817             else if (UP_KEY)
   \                     ??flash_test_function_88:
   \   0000061E   622A               CMP      R2,#+98
   \   00000620   02D1               BNE      ??flash_test_function_90
    818             {
    819               uiRegisterPtr -= 8;
   \   00000622   E06A               LDR      R0,[R4, #+44]
   \   00000624   2038               SUBS     R0,R0,#+32
   \   00000626   F7E7               B.N      ??flash_test_function_89
    820               sExecStep = EFC_REG_EDIT+4;
    821             }
    822             else if (MENU_KEY) sExecStep = FLASH_MAIN;
   \                     ??flash_test_function_90:
   \   00000628   612A               CMP      R2,#+97
   \   0000062A   01D1               BNE      ??flash_test_function_91
   \   0000062C   0A20               MOVS     R0,#+10
   \   0000062E   4CE0               B.N      ??flash_test_function_48
    823             else if (ANY_KEY) sExecStep++;
   \                     ??flash_test_function_91:
   \   00000630   002A               CMP      R2,#+0
   \   00000632   4BD0               BEQ      ??flash_test_function_57
   \   00000634   49E0               B.N      ??flash_test_function_48
    824             return; 
    825          
    826           case EFC_REG_EDIT+6:
    827             printf("\n<Register Write>");
   \                     ??flash_test_function_40:
   \   00000636   6436               ADDS     R6,R6,#+100
   \   00000638   3000               MOVS     R0,R6
   \   0000063A   ........           _BLF     printf,??printf??rT
    828             sExecStep++;
   \   0000063E   2888               LDRH     R0,[R5, #+0]
   \   00000640   401C               ADDS     R0,R0,#+1
   \   00000642   42E0               B.N      ??flash_test_function_48
    829             return;
    830          
    831           case EFC_REG_EDIT+7:
    832             //uiRegisterAdd = uiRegisterPtr;
    833             printf("\n>Add:%08Xh", uiRegisterPtr);
   \                     ??flash_test_function_41:
   \   00000644   E16A               LDR      R1,[R4, #+44]
   \   00000646   4C36               ADDS     R6,R6,#+76
   \   00000648   3000               MOVS     R0,R6
   \   0000064A   ........           _BLF     printf,??printf??rT
    834             keyin_start(8);
   \   0000064E   0820               MOVS     R0,#+8
   \   00000650   ........           _BLF     keyin_start,??keyin_start??rT
    835             set_cursor_h(5);
   \   00000654   0520               MOVS     R0,#+5
   \   00000656   ........           _BLF     set_cursor_h,??set_cursor_h??rT
    836             sExecStep++;
   \   0000065A   2888               LDRH     R0,[R5, #+0]
   \   0000065C   401C               ADDS     R0,R0,#+1
   \   0000065E   34E0               B.N      ??flash_test_function_48
    837             return;
    838           
    839           case EFC_REG_EDIT+8: keyin_dp_hex();	 return;
    840          
    841           case EFC_REG_EDIT+9:
    842             uiRegisterAdd = KeyValue;
   \                     ??flash_test_function_42:
   \   00000660   6162               STR      R1,[R4, #+36]
   \   00000662   E162               STR      R1,[R4, #+44]
    843             uiRegisterPtr = (unsigned int *) uiRegisterAdd;
    844             printf("\n>Add:%08Xh", uiRegisterPtr);
   \   00000664   4C36               ADDS     R6,R6,#+76
   \   00000666   3000               MOVS     R0,R6
   \   00000668   ........           _BLF     printf,??printf??rT
    845             sExecStep++; 
   \   0000066C   2888               LDRH     R0,[R5, #+0]
   \   0000066E   401C               ADDS     R0,R0,#+1
   \   00000670   2BE0               B.N      ??flash_test_function_48
    846             return;
    847          
    848           case EFC_REG_EDIT+10:
    849             uiRegisterData = *uiRegisterPtr;
   \                     ??flash_test_function_43:
   \   00000672   E06A               LDR      R0,[R4, #+44]
   \   00000674   0168               LDR      R1,[R0, #+0]
   \   00000676   A162               STR      R1,[R4, #+40]
    850             printf("\n>Data:%08Xh", uiRegisterData);
   \   00000678   7836               ADDS     R6,R6,#+120
   \   0000067A   3000               MOVS     R0,R6
   \   0000067C   ........           _BLF     printf,??printf??rT
    851             keyin_start(8);
   \   00000680   0820               MOVS     R0,#+8
   \   00000682   ........           _BLF     keyin_start,??keyin_start??rT
    852             set_cursor_h(6);
   \   00000686   0620               MOVS     R0,#+6
   \   00000688   ........           _BLF     set_cursor_h,??set_cursor_h??rT
    853             sExecStep++;
   \   0000068C   2888               LDRH     R0,[R5, #+0]
   \   0000068E   401C               ADDS     R0,R0,#+1
   \   00000690   1BE0               B.N      ??flash_test_function_48
    854             return;
    855           
    856           case EFC_REG_EDIT+11: keyin_dp_hex();	 return;
    857          
    858           case EFC_REG_EDIT+12:
    859             uiRegisterData = KeyValue;
   \                     ??flash_test_function_44:
   \   00000692   A162               STR      R1,[R4, #+40]
    860             *uiRegisterPtr = uiRegisterData;
   \   00000694   E06A               LDR      R0,[R4, #+44]
   \   00000696   0160               STR      R1,[R0, #+0]
    861             printf("\n>%08X:%08X", uiRegisterPtr, *uiRegisterPtr);
   \   00000698   0A00               MOVS     R2,R1
   \   0000069A   E16A               LDR      R1,[R4, #+44]
   \   0000069C   AD20               MOVS     R0,#+173
   \   0000069E   8000               LSLS     R0,R0,#+2        ;; #+692
   \   000006A0   3018               ADDS     R0,R6,R0
   \   000006A2   ........           _BLF     printf,??printf??rT
    862             sExecStep++; 
   \   000006A6   2888               LDRH     R0,[R5, #+0]
   \   000006A8   401C               ADDS     R0,R0,#+1
   \   000006AA   0EE0               B.N      ??flash_test_function_48
    863             return;
    864          
    865           case EFC_REG_EDIT+13:
    866             sExecStep++;
    867             return;
    868             
    869           case EFC_REG_EDIT+14:
    870             if (ENTER_KEY) sExecStep = EFC_REG_EDIT+6;
   \                     ??flash_test_function_46:
   \   000006AC   0D2A               CMP      R2,#+13
   \   000006AE   03D1               BNE      ??flash_test_function_92
   \   000006B0   0948               LDR      R0,??flash_test_function_73+0x8  ;; 0x25e
   \   000006B2   0AE0               B.N      ??flash_test_function_48
   \                     ??flash_test_function_69:
   \   000006B4   ........           DC32     uiFlashBuffer
    871             else if (MENU_KEY) sExecStep = FLASH_MAIN;
   \                     ??flash_test_function_92:
   \   000006B8   612A               CMP      R2,#+97
   \   000006BA   01D1               BNE      ??flash_test_function_93
   \   000006BC   0A20               MOVS     R0,#+10
   \   000006BE   04E0               B.N      ??flash_test_function_48
    872             else if (ANY_KEY) sExecStep = FLASH_MAIN;
   \                     ??flash_test_function_93:
   \   000006C0   002A               CMP      R2,#+0
   \   000006C2   03D0               BEQ      ??flash_test_function_57
   \   000006C4   0A20               MOVS     R0,#+10
   \   000006C6   00E0               B.N      ??flash_test_function_48
    873             return; 
    874          /*
    875           case EFC_REG_EDIT+6:
    876             sExecStep++;
    877             return;  
    878           case EFC_REG_EDIT+7:
    879             sExecStep++;
    880             return;  
    881           case EFC_REG_EDIT+8:
    882             sExecStep++;
    883             return;  
    884           case EFC_REG_EDIT+9:
    885             sExecStep++;
    886             return;  
    887           case EFC_REG_EDIT+10:
    888             sExecStep++;
    889             return;  
    890           case EFC_REG_EDIT+11:
    891             sExecStep++;
    892             return;  
    893           case EFC_REG_EDIT+12:
    894             sExecStep++;
    895             return;     
    896             
    897             
    898           case EFC_REG_EDIT+1: 
    899             // read EFC register
    900             //EFC_MODE = EFC_MODE_DEFAULT;
    901             uiFlashMode = EFC_MODE;
    902             uiFlashSts = EFC_STATUS;
    903             //printf("\nWDT_MODE  :%08X", AT91C_WDTC_WDMR);
    904             //printf("\nWDT_STATUS:%08X", AT91C_WDTC_WDSR);
    905             printf("\nEFC_MODE  :%08X", uiFlashMode);
    906             printf("\nEFC_STATUS:%08X", uiFlashSts);
    907             sExecStep++;  
    908             return;
    909           
    910           case EFC_REG_EDIT+2: 
    911             printf("\nEFC Page:%03Xh", sFlashPage);
    912             keyin_start(3); 
    913             set_cursor_h(9);
    914             sExecStep++; 
    915             return;
    916             
    917           case EFC_REG_EDIT+3: keyin_dp_hex();	 return;
    918           
    919           case EFC_REG_EDIT+4:
    920             sFlashPage = KeyValue & 0x3FF;
    921             printf("\rEFC Page:%03Xh", sFlashPage);
    922             print_flash_cmd();
    923             FlashCmd = 0;
    924             printf("\nEFC CMD :%01Xh", FlashCmd);
    925             keyin_start(1);
    926             set_cursor_h(9);
    927             sExecStep++; 
    928             return;
    929          
    930           case EFC_REG_EDIT+5: keyin_dp_hex();	 return;
    931           
    932           case EFC_REG_EDIT+6:
    933             FlashCmd = KeyValue & 0x0F;
    934             uiFlashCmd = EFC_KEY|sFlashPage<<8|FlashCmd;
    935             printf("\nEFC MODE  :%08X", EFC_MODE);
    936             uiFlashSts = EFC_STATUS;
    937             uiFlashSts0 = uiFlashSts;
    938             printf("\nEFC_STATUS:%08X", uiFlashSts);
    939             printf("\nEFC CMD   :%08X", uiFlashCmd); 
    940             EFC_CMD = uiFlashCmd;
    941             sExecStep++; 
    942             return;
    943          
    944           case EFC_REG_EDIT+7:
    945             uiFlashSts = EFC_STATUS;
    946             if (uiFlashSts != uiFlashSts0)
    947             {
    948               uiFlashSts0 = uiFlashSts;
    949               printf("\nEFC_STATUS:%08X", uiFlashSts);
    950             }
    951             if (ENTER_KEY) sExecStep = EFC_REG_EDIT;
    952             else if (MENU_KEY) sExecStep = FLASH_MAIN; 
    953             return;
    954          */
    955           default:
    956             sExecStep = FLASH_MAIN; 
   \                     ??flash_test_function_47:
   \   000006C8   0A20               MOVS     R0,#+10
   \                     ??flash_test_function_48:
   \   000006CA   2880               STRH     R0,[R5, #+0]
    957             return;
   \                     ??flash_test_function_57:
   \   000006CC   ....               B.N      ?Subroutine23
   \   000006CE   C046               Nop      
   \                     ??flash_test_function_73:
   \   000006D0   44040000           DC32     0x444
   \   000006D4   59020000           DC32     0x259
   \   000006D8   5E020000           DC32     0x25e
    958           }
    959          }

   \                                 In segment CODE, align 4, keep-with-next
   \                     ?Subroutine23:
   \   00000000   FEBC               POP      {R1-R7}
   \   00000002   01BC               POP      {R0}
   \   00000004   0047               BX       R0               ;; return
   \   00000006   C046               Nop      
   \                     ??Subroutine23_0:
   \   00000008   ........           DC32     `?<Constant "\\nPage:%03d [BLANK]">`
   \   0000000C   55AA0000           DC32     0xaa55
    960          
    961          
    962          char ViewSampleNo;

   \                                 In segment DATA_Z, align 4, align-sorted
    963          unsigned short usViewBuf[128];
   \                     usViewBuf:
   \   00000000                      DS8 256

   \                                 In segment CODE, align 4, keep-with-next
    964          void sample_data_view(void)
    965          {
   \                     sample_data_view:
   \   00000000   F1B5               PUSH     {R0,R4-R7,LR}
    966            short add;
    967            short volt1, volt2, amp1, amp2, pw1, pw2;
    968            
    969            add = (ViewSampleNo - 1) * 3 + 8;
   \   00000002   ....               LDR      R4,??DataTable19  ;; Result
   \   00000004   A178               LDRB     R1,[R4, #+2]
   \   00000006   0325               MOVS     R5,#+3
   \   00000008   4D43               MULS     R5,R1,R5
   \   0000000A   6D1D               ADDS     R5,R5,#+5
    970            volt1 = usViewBuf[add++];
   \   0000000C   ....               LDR      R6,??DataTable21  ;; usViewBuf
   \   0000000E   6800               LSLS     R0,R5,#+1
   \   00000010   325A               LDRH     R2,[R6, R0]
   \   00000012   1204               LSLS     R2,R2,#+16
   \   00000014   1214               ASRS     R2,R2,#+16
   \   00000016   6D1C               ADDS     R5,R5,#+1
    971            amp1 = usViewBuf[add++];
   \   00000018   6800               LSLS     R0,R5,#+1
   \   0000001A   335A               LDRH     R3,[R6, R0]
   \   0000001C   1B04               LSLS     R3,R3,#+16
   \   0000001E   1B14               ASRS     R3,R3,#+16
   \   00000020   6D1C               ADDS     R5,R5,#+1
    972            pw1 = usViewBuf[add++];
   \   00000022   6800               LSLS     R0,R5,#+1
   \   00000024   305A               LDRH     R0,[R6, R0]
   \   00000026   0004               LSLS     R0,R0,#+16
   \   00000028   0014               ASRS     R0,R0,#+16
   \   0000002A   6D1C               ADDS     R5,R5,#+1
    973            volt2 = usViewBuf[add++];
   \   0000002C   6F00               LSLS     R7,R5,#+1
   \   0000002E   F75B               LDRH     R7,[R6, R7]
   \   00000030   3F04               LSLS     R7,R7,#+16
   \   00000032   3F14               ASRS     R7,R7,#+16
   \   00000034   0097               STR      R7,[SP, #+0]
   \   00000036   6F1C               ADDS     R7,R5,#+1
    974            amp2 = usViewBuf[add++];
   \   00000038   7D00               LSLS     R5,R7,#+1
   \   0000003A   755B               LDRH     R5,[R6, R5]
   \   0000003C   2D04               LSLS     R5,R5,#+16
   \   0000003E   2D14               ASRS     R5,R5,#+16
    975            pw2 = usViewBuf[add++];
   \   00000040   7F1C               ADDS     R7,R7,#+1
   \   00000042   7F00               LSLS     R7,R7,#+1
   \   00000044   F65B               LDRH     R6,[R6, R7]
   \   00000046   3604               LSLS     R6,R6,#+16
   \   00000048   3614               ASRS     R6,R6,#+16
    976            printf("\n%02d:%04dV %04dA %04dW", ViewSampleNo, volt1, amp1, pw1);
   \   0000004A   0B4F               LDR      R7,??sample_data_view_0  ;; `?<Constant "\\n%02d:%04dV %04dA %04dW">`
   \   0000004C   81B0               SUB      SP,SP,#+4
   \   0000004E   01B4               PUSH     {R0}
   \   00000050   3800               MOVS     R0,R7
   \   00000052   ........           _BLF     printf,??printf??rT
    977            ViewSampleNo++;
   \   00000056   A178               LDRB     R1,[R4, #+2]
   \   00000058   491C               ADDS     R1,R1,#+1
   \   0000005A   A170               STRB     R1,[R4, #+2]
    978            printf("\n%02d:%04dV %04dA %04dW", ViewSampleNo, volt2, amp2, pw2);
   \   0000005C   81B0               SUB      SP,SP,#+4
   \   0000005E   40B4               PUSH     {R6}
   \   00000060   2B00               MOVS     R3,R5
   \   00000062   049A               LDR      R2,[SP, #+16]
   \   00000064   0906               LSLS     R1,R1,#+24
   \   00000066   090E               LSRS     R1,R1,#+24
   \   00000068   3800               MOVS     R0,R7
   \   0000006A   ........           _BLF     printf,??printf??rT
    979            ViewSampleNo++;
   \   0000006E   A078               LDRB     R0,[R4, #+2]
   \   00000070   401C               ADDS     R0,R0,#+1
   \   00000072   A070               STRB     R0,[R4, #+2]
    980          }
   \   00000074   ....               B.N      ?Subroutine24
   \   00000076   C046               Nop      
   \                     ??sample_data_view_0:
   \   00000078   ........           DC32     `?<Constant "\\n%02d:%04dV %04dA %04dW">`

   \                                 In segment CODE, align 4, keep-with-next
   \                     ?Subroutine24:
   \   00000000   05B0               ADD      SP,SP,#+20
   \   00000002   F0BC               POP      {R4-R7}
   \   00000004   01BC               POP      {R0}
   \   00000006   0047               BX       R0               ;; return
   \                     ??Subroutine24_0:
   \   00000008   FF030000           DC32     0x3ff
   \   0000000C   56040000           DC32     0x456
   \   00000010   ........           DC32     SeverTxPage
   \   00000014   8E030000           DC32     0x38e
   \   00000018   FF010000           DC32     0x1ff
   \   0000001C   8A030000           DC32     0x38a
   \   00000020   89030000           DC32     0x389
   \   00000024   983A0000           DC32     0x3a98
    981          

   \                                 In segment CODE, align 4, keep-with-next
    982          void recore_data_view(void)
    983          {
   \                     recore_data_view:
   \   00000000   F7B5               PUSH     {R0-R2,R4-R7,LR}
    984            unsigned short id, time;
    985            unsigned char year, mon, date, hour, min, sec;
    986           
    987            if (ViewSampleNo == 0) 
   \   00000002   ....               LDR      R4,??DataTable19  ;; Result
   \   00000004   A078               LDRB     R0,[R4, #+2]
   \   00000006   0028               CMP      R0,#+0
   \   00000008   36D1               BNE      ??recore_data_view_0
   \   0000000A   0C20               MOVS     R0,#+12
   \   0000000C   215E               LDRSH    R1,[R4, R0]
   \   0000000E   ....               LDR      R5,??Subroutine23_0  ;; `?<Constant "\\nPage:%03d [BLANK]">`
   \   00000010   ....               LDR      R6,??DataTable21  ;; usViewBuf
   \   00000012   3088               LDRH     R0,[R6, #+0]
   \   00000014   ....               LDR      R2,??Subroutine23_0+0x4  ;; 0xaa55
   \   00000016   9042               CMP      R0,R2
   \   00000018   03D0               BEQ      ??recore_data_view_1
    988            {
    989              id = usViewBuf[0];
    990              if (id != SAMPLE_ID) printf("\nPage:%03d [BLANK]", sViewPage);
   \   0000001A   2800               MOVS     R0,R5
   \   0000001C   ........           _BLF     printf,??printf??rT
   \   00000020   3DE0               B        ??recore_data_view_2
    991              else 
    992              {
    993                printf("\nPage:%03d [STORE]", sViewPage);  
   \                     ??recore_data_view_1:
   \   00000022   2800               MOVS     R0,R5
   \   00000024   1430               ADDS     R0,R0,#+20
   \   00000026   ........           _BLF     printf,??printf??rT
    994                year = usViewBuf[1]  >> 8;
    995                mon =  usViewBuf[1] & 0xFF;
    996                date = usViewBuf[2]  >> 8;
    997                hour = usViewBuf[2] & 0xFF;
   \   0000002A   B088               LDRH     R0,[R6, #+4]
   \   0000002C   0106               LSLS     R1,R0,#+24
   \   0000002E   090E               LSRS     R1,R1,#+24
   \   00000030   0091               STR      R1,[SP, #+0]
    998                min = usViewBuf[3]  >> 8;
   \   00000032   F188               LDRH     R1,[R6, #+6]
   \   00000034   0F0A               LSRS     R7,R1,#+8
    999                sec = usViewBuf[3] & 0xFF;
   \   00000036   0906               LSLS     R1,R1,#+24
   \   00000038   090E               LSRS     R1,R1,#+24
   \   0000003A   0191               STR      R1,[SP, #+4]
   1000                printf("\nDate:%02X/%02X/%02X", year, mon, date);
   \   0000003C   7188               LDRH     R1,[R6, #+2]
   \   0000003E   030A               LSRS     R3,R0,#+8
   \   00000040   0A06               LSLS     R2,R1,#+24
   \   00000042   120E               LSRS     R2,R2,#+24
   \   00000044   090A               LSRS     R1,R1,#+8
   \   00000046   2800               MOVS     R0,R5
   \   00000048   2830               ADDS     R0,R0,#+40
   \   0000004A   ........           _BLF     printf,??printf??rT
   1001                printf("\nTime:%02X:%02X:%02X",  hour, min, sec);
   \   0000004E   019B               LDR      R3,[SP, #+4]
   \   00000050   1B06               LSLS     R3,R3,#+24
   \   00000052   1B0E               LSRS     R3,R3,#+24
   \   00000054   3A00               MOVS     R2,R7
   \   00000056   0099               LDR      R1,[SP, #+0]
   \   00000058   0906               LSLS     R1,R1,#+24
   \   0000005A   090E               LSRS     R1,R1,#+24
   \   0000005C   2800               MOVS     R0,R5
   \   0000005E   4030               ADDS     R0,R0,#+64
   \   00000060   ........           _BLF     printf,??printf??rT
   1002                time = usViewBuf[5]; 
   1003                printf("\nSample Time:%3d sec", time);
   \   00000064   7189               LDRH     R1,[R6, #+10]
   \   00000066   5835               ADDS     R5,R5,#+88
   \   00000068   2800               MOVS     R0,R5
   \   0000006A   ........           _BLF     printf,??printf??rT
   1004                ViewSampleNo = 1;
   \   0000006E   0120               MOVS     R0,#+1
   \   00000070   A070               STRB     R0,[R4, #+2]
   1005                sample_data_view();
   \   00000072   ........           BL       sample_data_view
   1006                sample_data_view();
   \   00000076   10E0               B.N      ??recore_data_view_3
   1007              }
   1008            }
   1009            else 
   1010            {
   1011              if (ViewSampleNo < 40) sample_data_view();
   \                     ??recore_data_view_0:
   \   00000078   2828               CMP      R0,#+40
   \   0000007A   01D2               BCS      ??recore_data_view_4
   \   0000007C   ........           BL       sample_data_view
   1012              if (ViewSampleNo < 40) sample_data_view();
   \                     ??recore_data_view_4:
   \   00000080   A078               LDRB     R0,[R4, #+2]
   \   00000082   2828               CMP      R0,#+40
   \   00000084   01D2               BCS      ??recore_data_view_5
   \   00000086   ........           BL       sample_data_view
   1013              if (ViewSampleNo < 40) sample_data_view();
   \                     ??recore_data_view_5:
   \   0000008A   A078               LDRB     R0,[R4, #+2]
   \   0000008C   2828               CMP      R0,#+40
   \   0000008E   01D2               BCS      ??recore_data_view_6
   \   00000090   ........           BL       sample_data_view
   1014              if (ViewSampleNo < 40) sample_data_view();
   \                     ??recore_data_view_6:
   \   00000094   A078               LDRB     R0,[R4, #+2]
   \   00000096   2828               CMP      R0,#+40
   \   00000098   01D2               BCS      ??recore_data_view_2
   \                     ??recore_data_view_3:
   \   0000009A   ........           BL       sample_data_view
   \                     ??recore_data_view_2:
   \   0000009E   C046               Nop      
   1015            }
   1016          }
   \   000000A0                      REQUIRE ?Subroutine23
   \   000000A0                      ;; // Fall through to label ?Subroutine23
   1017          
   1018          /*******************************************************/
   1019          /* Flash Memory 한페이지 분량의 측정데이터를 Load하여  */
   1020          /* 서버에 전송할 패킷으로 포장                         */
   1021          /*******************************************************/

   \                                 In segment CODE, align 4, keep-with-next
   1022          void flash_move_to_view(short page)
   1023          {
   \                     flash_move_to_view:
   \   00000000   70B5               PUSH     {R4-R6,LR}
   1024            char lp, add;
   1025            unsigned int ia;
   1026            unsigned int fadd;
   1027            unsigned int * Flash;
   1028            fadd = FDATA_START_ADD + (page << 8);
   1029            Flash = (unsigned int *) fadd;
   \   00000002   0002               LSLS     R0,R0,#+8
   \   00000004   9021               MOVS     R1,#+144
   \   00000006   4903               LSLS     R1,R1,#+13       ;; #+1179648
   \   00000008   4018               ADDS     R0,R0,R1
   1030           
   1031            add = 0; 
   \   0000000A   0024               MOVS     R4,#+0
   1032            for (lp = 0; lp < 64; lp++)
   \   0000000C   4021               MOVS     R1,#+64
   \   0000000E   ....               LDR      R2,??DataTable21  ;; usViewBuf
   1033            {
   1034              ia = *Flash;
   \                     ??flash_move_to_view_0:
   \   00000010   0368               LDR      R3,[R0, #+0]
   1035              usViewBuf[add++] = ia >> 16;
   \   00000012   6500               LSLS     R5,R4,#+1
   \   00000014   1E0C               LSRS     R6,R3,#+16
   \   00000016   5653               STRH     R6,[R2, R5]
   \   00000018   641C               ADDS     R4,R4,#+1
   \   0000001A   2406               LSLS     R4,R4,#+24
   \   0000001C   240E               LSRS     R4,R4,#+24
   1036              usViewBuf[add++] = ia;
   \   0000001E   6500               LSLS     R5,R4,#+1
   \   00000020   5353               STRH     R3,[R2, R5]
   \   00000022   641C               ADDS     R4,R4,#+1
   \   00000024   2406               LSLS     R4,R4,#+24
   \   00000026   240E               LSRS     R4,R4,#+24
   1037              Flash++;
   \   00000028   001D               ADDS     R0,R0,#+4
   1038            }
   \   0000002A   491E               SUBS     R1,R1,#+1
   \   0000002C   F0D1               BNE      ??flash_move_to_view_0
   \   0000002E   C046               Nop      
   1039          } 
   \   00000030                      REQUIRE ?Subroutine21
   \   00000030                      ;; // Fall through to label ?Subroutine21
   1040          
   1041          /******************************************/
   1042          /* Flash 메모리의 저장기록을 조회, 삭제   */
   1043          /******************************************/

   \                                 In segment DATA_Z, align 2, align-sorted
   1044          short RecordAdd;
   \                     RecordAdd:
   \   00000000                      DS8 2

   \                                 In segment DATA_I, align 4, align-sorted
   \                     Result:
   \   00000000                      DS8 1
   \   00000001                      REQUIRE `?<Initializer for Result>`
   \                     FlashMask:
   \   00000001                      DS8 1
   \   00000002                      REQUIRE `?<Initializer for FlashMask>`
   \                     ViewSampleNo:
   \   00000002                      DS8 1
   \   00000003                      REQUIRE `?<Initializer for ViewSampleNo>`
   \   00000003                      DS8 1
   \                     sStoreTime:
   \   00000004                      DS8 2
   \   00000006                      REQUIRE `?<Initializer for sStoreTime>`
   \                     sStoreStep:
   \   00000006                      DS8 2
   \   00000008                      REQUIRE `?<Initializer for sStoreStep>`
   \                     sFlashPage:
   \   00000008                      DS8 2
   \   0000000A                      REQUIRE `?<Initializer for sFlashPage>`
   \                     sEraseQty:
   \   0000000A                      DS8 2
   \   0000000C                      REQUIRE `?<Initializer for sEraseQty>`
   \                     sViewPage:
   \   0000000C                      DS8 2
   \   0000000E                      REQUIRE `?<Initializer for sViewPage>`
   \                     sSampleNo:
   \   0000000E                      DS8 2
   \   00000010                      REQUIRE `?<Initializer for sSampleNo>`
   1045          short sErasePage;
   \                     sErasePage:
   \   00000010                      DS8 2
   \   00000012                      REQUIRE `?<Initializer for sErasePage>`
   \   00000012                      DS8 2
   \                     FLASH_pt:
   \   00000014                      DS8 4
   \   00000018                      REQUIRE `?<Initializer for FLASH_pt>`
   \                     uiFlashSts:
   \   00000018                      DS8 4
   \   0000001C                      REQUIRE `?<Initializer for uiFlashSts>`
   \                     uiFlashSts0:
   \   0000001C                      DS8 4
   \   00000020                      REQUIRE `?<Initializer for uiFlashSts0>`
   \                     uiFlashAdd:
   \   00000020                      DS8 4
   \   00000024                      REQUIRE `?<Initializer for uiFlashAdd>`
   \                     uiRegisterAdd:
   \   00000024                      DS8 4
   \   00000028                      REQUIRE `?<Initializer for uiRegisterAdd>`
   \                     uiRegisterData:
   \   00000028                      DS8 4
   \   0000002C                      REQUIRE `?<Initializer for uiRegisterData>`
   \                     uiRegisterPtr:
   \   0000002C                      DS8 4
   \   00000030                      REQUIRE `?<Initializer for uiRegisterPtr>`
   \                     pFlashPtr:
   \   00000030                      DS8 4
   \   00000034                      REQUIRE `?<Initializer for pFlashPtr>`
   \                     CPT_LOCK:
   \   00000034                      DS8 4
   \   00000038                      REQUIRE `?<Initializer for CPT_LOCK>`
   \                     iSecretCode:
   \   00000038                      DS8 4
   \   0000003C                      REQUIRE `?<Initializer for iSecretCode>`

   \                                 In segment CODE, align 4, keep-with-next
   1046          void flash_edit_function(void)
   1047          {
   \                     flash_edit_function:
   \   00000000   F0B5               PUSH     {R4-R7,LR}
   \   00000002   85B0               SUB      SP,SP,#+20
   1048           int lp;
   1049           switch (sExecStep)
   \   00000004   B44C               LDR      R4,??flash_edit_function_0  ;; Result
   \   00000006   B54D               LDR      R5,??flash_edit_function_0+0x4  ;; sExecStep
   \   00000008   2A88               LDRH     R2,[R5, #+0]
   \   0000000A   6946               MOV      R1,SP
   \   0000000C   501C               ADDS     R0,R2,#+1
   \   0000000E   0880               STRH     R0,[R1, #+0]
   \   00000010   0C20               MOVS     R0,#+12
   \   00000012   205E               LDRSH    R0,[R4, R0]
   \   00000014   B24E               LDR      R6,??flash_edit_function_0+0x8  ;; `?<Constant "\\n>Page[%03Xh] ERASE..">`
   \   00000016   B021               MOVS     R1,#+176
   \   00000018   8900               LSLS     R1,R1,#+2        ;; #+704
   \   0000001A   7118               ADDS     R1,R6,R1
   \   0000001C   0291               STR      R1,[SP, #+8]
   \   0000001E   8021               MOVS     R1,#+128
   \   00000020   8900               LSLS     R1,R1,#+2        ;; #+512
   \   00000022   7118               ADDS     R1,R6,R1
   \   00000024   0391               STR      R1,[SP, #+12]
   \   00000026   AF49               LDR      R1,??flash_edit_function_0+0xC  ;; KeyValue
   \   00000028   0968               LDR      R1,[R1, #+0]
   \   0000002A   0191               STR      R1,[SP, #+4]
   \   0000002C   AE49               LDR      R1,??flash_edit_function_0+0x10  ;; bPushKey
   \   0000002E   0978               LDRB     R1,[R1, #+0]
   \   00000030   AE4F               LDR      R7,??flash_edit_function_0+0x14  ;; DelayStep
   \   00000032   002A               CMP      R2,#+0
   \   00000034   78D0               BEQ      ??flash_edit_function_1
   \   00000036   521E               SUBS     R2,R2,#+1
   \   00000038   7CD0               BEQ      ??flash_edit_function_2
   \   0000003A   521E               SUBS     R2,R2,#+1
   \   0000003C   ....               BNE      .+5
   \   0000003E   8BE0               B        ??flash_edit_function_3
   \   00000040   521E               SUBS     R2,R2,#+1
   \   00000042   ....               BNE      .+5
   \   00000044   93E0               B        ??flash_edit_function_4
   \   00000046   521E               SUBS     R2,R2,#+1
   \   00000048   ....               BNE      .+5
   \   0000004A   AEE0               B        ??flash_edit_function_5
   \   0000004C   521E               SUBS     R2,R2,#+1
   \   0000004E   ....               BNE      .+5
   \   00000050   B4E0               B        ??flash_edit_function_6
   \   00000052   521E               SUBS     R2,R2,#+1
   \   00000054   ....               BNE      .+5
   \   00000056   BCE0               B        ??flash_edit_function_7
   \   00000058   121F               SUBS     R2,R2,#+4
   \   0000005A   ....               BNE      .+5
   \   0000005C   C1E0               B        ??flash_edit_function_8
   \   0000005E   521E               SUBS     R2,R2,#+1
   \   00000060   ....               BNE      .+5
   \   00000062   E4E0               B        ??flash_edit_function_9
   \   00000064   A24B               LDR      R3,??flash_edit_function_0+0x18  ;; 0x315
   \   00000066   D21A               SUBS     R2,R2,R3
   \   00000068   ....               BNE      .+5
   \   0000006A   F5E1               B        ??flash_edit_function_10
   \   0000006C   521E               SUBS     R2,R2,#+1
   \   0000006E   ....               BNE      .+5
   \   00000070   06E2               B        ??flash_edit_function_11
   \   00000072   521E               SUBS     R2,R2,#+1
   \   00000074   ....               BNE      .+5
   \   00000076   11E2               B        ??flash_edit_function_12
   \   00000078   521E               SUBS     R2,R2,#+1
   \   0000007A   ....               BNE      .+5
   \   0000007C   19E2               B        ??flash_edit_function_13
   \   0000007E   521E               SUBS     R2,R2,#+1
   \   00000080   ....               BNE      .+5
   \   00000082   27E2               B        ??flash_edit_function_14
   \   00000084   603A               SUBS     R2,R2,#+96
   \   00000086   ....               BNE      .+5
   \   00000088   2CE2               B        ??flash_edit_function_15
   \   0000008A   521E               SUBS     R2,R2,#+1
   \   0000008C   ....               BNE      .+5
   \   0000008E   43E2               B        ??flash_edit_function_16
   \   00000090   521E               SUBS     R2,R2,#+1
   \   00000092   ....               BNE      .+5
   \   00000094   06E2               B        ??flash_edit_function_17
   \   00000096   521E               SUBS     R2,R2,#+1
   \   00000098   ....               BNE      .+5
   \   0000009A   46E2               B        ??flash_edit_function_18
   \   0000009C   521E               SUBS     R2,R2,#+1
   \   0000009E   ....               BNE      .+5
   \   000000A0   5EE2               B        ??flash_edit_function_19
   \   000000A2   521E               SUBS     R2,R2,#+1
   \   000000A4   ....               BNE      .+5
   \   000000A6   60E2               B        ??flash_edit_function_20
   \   000000A8   521E               SUBS     R2,R2,#+1
   \   000000AA   ....               BNE      .+5
   \   000000AC   62E2               B        ??flash_edit_function_21
   \   000000AE   521E               SUBS     R2,R2,#+1
   \   000000B0   ....               BNE      .+5
   \   000000B2   66E2               B        ??flash_edit_function_22
   \   000000B4   D21E               SUBS     R2,R2,#+3
   \   000000B6   ....               BNE      .+5
   \   000000B8   ACE2               B        ??flash_edit_function_23
   \   000000BA   0A3A               SUBS     R2,R2,#+10
   \   000000BC   ....               BNE      .+5
   \   000000BE   C3E2               B        ??flash_edit_function_24
   \   000000C0   521E               SUBS     R2,R2,#+1
   \   000000C2   ....               BNE      .+5
   \   000000C4   CBE2               B        ??flash_edit_function_25
   \   000000C6   4F3A               SUBS     R2,R2,#+79
   \   000000C8   ....               BNE      .+5
   \   000000CA   D3E2               B        ??flash_edit_function_26
   \   000000CC   521E               SUBS     R2,R2,#+1
   \   000000CE   ....               BNE      .+5
   \   000000D0   DFE2               B        ??flash_edit_function_27
   \   000000D2   633A               SUBS     R2,R2,#+99
   \   000000D4   ....               BNE      .+5
   \   000000D6   CEE0               B        ??flash_edit_function_28
   \   000000D8   521E               SUBS     R2,R2,#+1
   \   000000DA   ....               BNE      .+5
   \   000000DC   D1E0               B        ??flash_edit_function_29
   \   000000DE   521E               SUBS     R2,R2,#+1
   \   000000E0   ....               BNE      .+5
   \   000000E2   E5E0               B        ??flash_edit_function_30
   \   000000E4   521E               SUBS     R2,R2,#+1
   \   000000E6   ....               BNE      .+5
   \   000000E8   0EE1               B        ??flash_edit_function_31
   \   000000EA   521E               SUBS     R2,R2,#+1
   \   000000EC   ....               BNE      .+5
   \   000000EE   28E1               B        ??flash_edit_function_32
   \   000000F0   521E               SUBS     R2,R2,#+1
   \   000000F2   ....               BNE      .+5
   \   000000F4   35E1               B        ??flash_edit_function_33
   \   000000F6   521E               SUBS     R2,R2,#+1
   \   000000F8   ....               BNE      .+5
   \   000000FA   46E1               B        ??flash_edit_function_34
   \   000000FC   521E               SUBS     R2,R2,#+1
   \   000000FE   ....               BNE      .+5
   \   00000100   65E1               B        ??flash_edit_function_35
   \   00000102   D21E               SUBS     R2,R2,#+3
   \   00000104   ....               BNE      .+5
   \   00000106   65E1               B        ??flash_edit_function_36
   \   00000108   521E               SUBS     R2,R2,#+1
   \   0000010A   ....               BNE      .+5
   \   0000010C   70E1               B        ??flash_edit_function_37
   \   0000010E   093A               SUBS     R2,R2,#+9
   \   00000110   ....               BNE      .+5
   \   00000112   79E1               B        ??flash_edit_function_38
   \   00000114   521E               SUBS     R2,R2,#+1
   \   00000116   ....               BNE      .+5
   \   00000118   82E1               B        ??flash_edit_function_39
   \   0000011A   093A               SUBS     R2,R2,#+9
   \   0000011C   ....               BNE      .+5
   \   0000011E   87E1               B        ??flash_edit_function_40
   \   00000120   521E               SUBS     R2,R2,#+1
   \   00000122   ....               BNE      .+5
   \   00000124   90E1               B        ??flash_edit_function_41
   \   00000126   BFE2               B        ??flash_edit_function_42
   1050           {   
   1051           case 0:
   1052              display_mode(0);
   \                     ??flash_edit_function_1:
   \   00000128   0020               MOVS     R0,#+0
   \   0000012A   ........           _BLF     display_mode,??display_mode??rT
   1053              sExecStep++;
   \   0000012E   2888               LDRH     R0,[R5, #+0]
   \   00000130   401C               ADDS     R0,R0,#+1
   \   00000132   BAE2               B.N      ??flash_edit_function_43
   1054              return;
   1055           
   1056           case 1:
   1057             DelayStep = 0;
   \                     ??flash_edit_function_2:
   \   00000134   0020               MOVS     R0,#+0
   \   00000136   3870               STRB     R0,[R7, #+0]
   1058             screen_clear();
   \   00000138   ........           _BLF     screen_clear,??screen_clear??rT
   1059             printf("<Stored Data View>");
   \   0000013C   0298               LDR      R0,[SP, #+8]
   \   0000013E   ........           _BLF     printf,??printf??rT
   1060             printf("\n>Input Secret Code");
   \   00000142   3000               MOVS     R0,R6
   \   00000144   9830               ADDS     R0,R0,#+152
   \   00000146   ........           _BLF     printf,??printf??rT
   1061             printf("\n>******");
   \   0000014A   AC36               ADDS     R6,R6,#+172
   \   0000014C   3000               MOVS     R0,R6
   \   0000014E   ........           _BLF     printf,??printf??rT
   1062             sExecStep++;
   \   00000152   2888               LDRH     R0,[R5, #+0]
   \   00000154   401C               ADDS     R0,R0,#+1
   \   00000156   A8E2               B.N      ??flash_edit_function_43
   1063             return;
   1064             
   1065           case 2:
   1066             keyin_start(6);
   \                     ??flash_edit_function_3:
   \   00000158   0620               MOVS     R0,#+6
   \   0000015A   ........           _BLF     keyin_start,??keyin_start??rT
   1067             sCurPos -= 6;
   \   0000015E   6548               LDR      R0,??flash_edit_function_0+0x1C  ;; sCurPos
   \   00000160   0021               MOVS     R1,#+0
   \   00000162   415E               LDRSH    R1,[R0, R1]
   \   00000164   891F               SUBS     R1,R1,#+6
   \   00000166   0180               STRH     R1,[R0, #+0]
   1068             sExecStep++;
   \   00000168   2888               LDRH     R0,[R5, #+0]
   \   0000016A   401C               ADDS     R0,R0,#+1
   \   0000016C   9DE2               B.N      ??flash_edit_function_43
   1069             return;
   1070             
   1071           case 3:
   1072             if (DEC_KEY)
   \                     ??flash_edit_function_4:
   \   0000016E   3029               CMP      R1,#+48
   \   00000170   0CD3               BCC      ??flash_edit_function_44
   \   00000172   3A29               CMP      R1,#+58
   \   00000174   10D2               BCS      ??flash_edit_function_45
   1073             {
   1074               if(key_input_bcd() == 0) sExecStep++;
   \   00000176   ........           _BLF     key_input_bcd,??key_input_bcd??rT
   \   0000017A   0028               CMP      R0,#+0
   \   0000017C   02D1               BNE      ??flash_edit_function_46
   \   0000017E   2888               LDRH     R0,[R5, #+0]
   \   00000180   401C               ADDS     R0,R0,#+1
   \   00000182   2880               STRH     R0,[R5, #+0]
   1075               printf("*");
   \                     ??flash_edit_function_46:
   \   00000184   5CA0               ADR      R0,??flash_edit_function_0+0x20  ;; "*"
   \   00000186   ........           _BLF     printf,??printf??rT
   \   0000018A   8FE2               B        ??flash_edit_function_47
   1076             }
   1077             else if (ENTER_KEY) execmode_change(MAIN_MENU);
   \                     ??flash_edit_function_44:
   \   0000018C   0D29               CMP      R1,#+13
   \                     ??flash_edit_function_48:
   \   0000018E   05D1               BNE      ??flash_edit_function_49
   \                     ??flash_edit_function_50:
   \   00000190   0020               MOVS     R0,#+0
   \                     ??flash_edit_function_51:
   \   00000192   ........           _BLF     execmode_change,??execmode_change??rT
   \                     ??flash_edit_function_52:
   \   00000196   89E2               B        ??flash_edit_function_47
   1078             else if (MENU_KEY) execmode_change(MAIN_MENU);
   \                     ??flash_edit_function_45:
   \   00000198   6129               CMP      R1,#+97
   \   0000019A   F8E7               B.N      ??flash_edit_function_48
   1079             else  if (step_delay(SEC_1<<3)) execmode_change(MAIN_MENU); 
   \                     ??flash_edit_function_49:
   \   0000019C   FA20               MOVS     R0,#+250
   \   0000019E   0001               LSLS     R0,R0,#+4        ;; #+4000
   \   000001A0   ........           _BLF     step_delay,??step_delay??rT
   \   000001A4   0028               CMP      R0,#+0
   \   000001A6   F6D0               BEQ      ??flash_edit_function_52
   \   000001A8   F2E7               B.N      ??flash_edit_function_50
   1080             return;
   1081             
   1082           case 4:
   1083             if (KeyValue == iSecretCode)
   \                     ??flash_edit_function_5:
   \   000001AA   0198               LDR      R0,[SP, #+4]
   \   000001AC   A16B               LDR      R1,[R4, #+56]
   \   000001AE   8842               CMP      R0,R1
   \   000001B0   01D1               BNE      ??flash_edit_function_53
   1084             {
   1085               //AdjEnable = 1;
   1086               sExecStep = FLASH_MAIN;
   \   000001B2   0A20               MOVS     R0,#+10
   \   000001B4   79E2               B.N      ??flash_edit_function_43
   1087             }
   1088             else sExecStep++;
   \                     ??flash_edit_function_53:
   \   000001B6   6846               MOV      R0,SP
   \   000001B8   0088               LDRH     R0,[R0, #+0]
   \   000001BA   76E2               B.N      ??flash_edit_function_43
   1089             return;
   1090             
   1091           case 5:
   1092             printf("\n>Invalid code..");
   \                     ??flash_edit_function_6:
   \   000001BC   3000               MOVS     R0,R6
   \   000001BE   B830               ADDS     R0,R0,#+184
   \   000001C0   ........           _BLF     printf,??printf??rT
   1093             printf("\n>Please Retry..");
   \   000001C4   CC36               ADDS     R6,R6,#+204
   \   000001C6   3000               MOVS     R0,R6
   \   000001C8   ........           _BLF     printf,??printf??rT
   1094             sExecStep++;
   \   000001CC   2888               LDRH     R0,[R5, #+0]
   \   000001CE   401C               ADDS     R0,R0,#+1
   \   000001D0   6BE2               B.N      ??flash_edit_function_43
   1095             return;
   1096           
   1097           case 6:
   1098             if (step_delay(SEC_1<<1)) sExecStep = 1; 
   \                     ??flash_edit_function_7:
   \   000001D2   FA20               MOVS     R0,#+250
   \   000001D4   8000               LSLS     R0,R0,#+2        ;; #+1000
   \   000001D6   ........           _BLF     step_delay,??step_delay??rT
   \   000001DA   0028               CMP      R0,#+0
   \   000001DC   DBD0               BEQ      ??flash_edit_function_52
   \   000001DE   0120               MOVS     R0,#+1
   \   000001E0   63E2               B.N      ??flash_edit_function_43
   1099             return;
   1100             
   1101           case FLASH_MAIN:
   1102             DelayStep = 0;
   \                     ??flash_edit_function_8:
   \   000001E2   0020               MOVS     R0,#+0
   \   000001E4   3870               STRB     R0,[R7, #+0]
   1103             display_mode(0);
   \   000001E6   ........           _BLF     display_mode,??display_mode??rT
   1104             printf("<Stored Data View>");
   \   000001EA   0298               LDR      R0,[SP, #+8]
   \   000001EC   ........           _BLF     printf,??printf??rT
   1105             printf("\n1:Store Data Erase");
   \   000001F0   3000               MOVS     R0,R6
   \   000001F2   E030               ADDS     R0,R0,#+224
   \   000001F4   ........           _BLF     printf,??printf??rT
   1106             printf("\n2:Sample Time Set");
   \   000001F8   3000               MOVS     R0,R6
   \   000001FA   F430               ADDS     R0,R0,#+244
   \   000001FC   ........           _BLF     printf,??printf??rT
   1107             printf("\n3:Store Data View");
   \   00000200   8420               MOVS     R0,#+132
   \   00000202   4000               LSLS     R0,R0,#+1        ;; #+264
   \   00000204   3018               ADDS     R0,R6,R0
   \   00000206   ........           _BLF     printf,??printf??rT
   1108             printf("\n4:Upload Init");
   \   0000020A   8E20               MOVS     R0,#+142
   \   0000020C   4000               LSLS     R0,R0,#+1        ;; #+284
   \   0000020E   3018               ADDS     R0,R6,R0
   \   00000210   ........           _BLF     printf,??printf??rT
   1109             printf("\n9:Parameter Save ");
   \   00000214   9620               MOVS     R0,#+150
   \   00000216   4000               LSLS     R0,R0,#+1        ;; #+300
   \   00000218   3018               ADDS     R0,R6,R0
   \   0000021A   ........           _BLF     printf,??printf??rT
   1110             printf("\n[MENU]:goto MAIN");
   \   0000021E   C720               MOVS     R0,#+199
   \   00000220   8000               LSLS     R0,R0,#+2        ;; #+796
   \   00000222   3018               ADDS     R0,R6,R0
   \   00000224   ........           _BLF     printf,??printf??rT
   1111             sExecStep++;
   \   00000228   2888               LDRH     R0,[R5, #+0]
   \   0000022A   401C               ADDS     R0,R0,#+1
   \   0000022C   3DE2               B.N      ??flash_edit_function_43
   1112             return;
   1113             
   1114           case FLASH_MAIN+1:
   1115            if (bPushKey == '1') sExecStep = RECORD_ERASE;
   \                     ??flash_edit_function_9:
   \   0000022E   3129               CMP      R1,#+49
   \   00000230   01D1               BNE      ??flash_edit_function_54
   \   00000232   3248               LDR      R0,??flash_edit_function_0+0x24  ;; 0x44c
   \   00000234   39E2               B.N      ??flash_edit_function_43
   1116              else if (bPushKey == '2') sExecStep = SET_SAMPLE_TIME;
   \                     ??flash_edit_function_54:
   \   00000236   3229               CMP      R1,#+50
   \   00000238   02D1               BNE      ??flash_edit_function_55
   \   0000023A   C820               MOVS     R0,#+200
   \   0000023C   8000               LSLS     R0,R0,#+2        ;; #+800
   \   0000023E   34E2               B.N      ??flash_edit_function_43
   1117              else if (bPushKey == '3') sExecStep = VIWE_RECORD;
   \                     ??flash_edit_function_55:
   \   00000240   3329               CMP      R1,#+51
   \   00000242   02D1               BNE      ??flash_edit_function_56
   \                     ??flash_edit_function_57:
   \   00000244   E120               MOVS     R0,#+225
   \   00000246   8000               LSLS     R0,R0,#+2        ;; #+900
   \   00000248   2FE2               B.N      ??flash_edit_function_43
   1118              else if (bPushKey == '4') sExecStep = UPLOAD_INIT;
   \                     ??flash_edit_function_56:
   \   0000024A   3429               CMP      R1,#+52
   \   0000024C   02D1               BNE      ??flash_edit_function_58
   \   0000024E   FA20               MOVS     R0,#+250
   \   00000250   8000               LSLS     R0,R0,#+2        ;; #+1000
   \   00000252   2AE2               B.N      ??flash_edit_function_43
   1119              else if (bPushKey == '9') 
   \                     ??flash_edit_function_58:
   \   00000254   3929               CMP      R1,#+57
   \   00000256   05D1               BNE      ??flash_edit_function_59
   1120              {
   1121                execmode_change(METER_CALIBRATE); 
   \   00000258   0820               MOVS     R0,#+8
   \   0000025A   ........           _BLF     execmode_change,??execmode_change??rT
   1122                sExecStep = PARAMETER_SAVE;
   \   0000025E   FA20               MOVS     R0,#+250
   \   00000260   C000               LSLS     R0,R0,#+3        ;; #+2000
   \   00000262   22E2               B.N      ??flash_edit_function_43
   1123              }
   1124              else if (MENU_KEY) execmode_change(MAIN_MENU); 
   \                     ??flash_edit_function_59:
   \   00000264   6129               CMP      R1,#+97
   \   00000266   93D0               BEQ      ??flash_edit_function_50
   1125              else if (step_delay(SEC_1*30)) execmode_change(POWER_METER);
   \   00000268   2548               LDR      R0,??flash_edit_function_0+0x28  ;; 0x3a98
   \   0000026A   ........           _BLF     step_delay,??step_delay??rT
   \   0000026E   0028               CMP      R0,#+0
   \   00000270   2BD0               BEQ      ??flash_edit_function_60
   \   00000272   0120               MOVS     R0,#+1
   \   00000274   8DE7               B.N      ??flash_edit_function_51
   1126              return;
   1127               
   1128          /*************************/
   1129          /* Flash Memory Erase    */
   1130          /*************************/
   1131           case RECORD_ERASE:
   1132             display_mode(2);
   \                     ??flash_edit_function_28:
   \   00000276   0220               MOVS     R0,#+2
   \   00000278   ........           _BLF     display_mode,??display_mode??rT
   1133             sExecStep++; 
   \   0000027C   2888               LDRH     R0,[R5, #+0]
   \   0000027E   401C               ADDS     R0,R0,#+1
   \   00000280   13E2               B.N      ??flash_edit_function_43
   1134             return;
   1135             
   1136           case RECORD_ERASE+1:
   1137             printf("\n**경고**");
   \                     ??flash_edit_function_29:
   \   00000282   A020               MOVS     R0,#+160
   \   00000284   4000               LSLS     R0,R0,#+1        ;; #+320
   \   00000286   3018               ADDS     R0,R6,R0
   \   00000288   ........           _BLF     printf,??printf??rT
   1138             printf("\n모든기록이삭제됨");
   \   0000028C   A620               MOVS     R0,#+166
   \   0000028E   4000               LSLS     R0,R0,#+1        ;; #+332
   \   00000290   3018               ADDS     R0,R6,R0
   \   00000292   ........           _BLF     printf,??printf??rT
   1139             printf("[0]:삭제 실행");
   \   00000296   B020               MOVS     R0,#+176
   \   00000298   4000               LSLS     R0,R0,#+1        ;; #+352
   \   0000029A   3018               ADDS     R0,R6,R0
   \   0000029C   ........           _BLF     printf,??printf??rT
   1140             printf("\n[MENU]실행 취소");
   \   000002A0   B820               MOVS     R0,#+184
   \   000002A2   4000               LSLS     R0,R0,#+1        ;; #+368
   \   000002A4   3018               ADDS     R0,R6,R0
   \   000002A6   ........           _BLF     printf,??printf??rT
   1141             sExecStep++; 
   \   000002AA   2888               LDRH     R0,[R5, #+0]
   \   000002AC   401C               ADDS     R0,R0,#+1
   \   000002AE   FCE1               B.N      ??flash_edit_function_43
   1142             return;
   1143          
   1144           case RECORD_ERASE+2:
   1145             if (bPushKey == '0') { sEraseQty = 512; sExecStep++; }
   \                     ??flash_edit_function_30:
   \   000002B0   3029               CMP      R1,#+48
   \   000002B2   05D1               BNE      ??flash_edit_function_61
   \   000002B4   8020               MOVS     R0,#+128
   \   000002B6   8000               LSLS     R0,R0,#+2        ;; #+512
   \   000002B8   6081               STRH     R0,[R4, #+10]
   \   000002BA   6846               MOV      R0,SP
   \   000002BC   0088               LDRH     R0,[R0, #+0]
   \   000002BE   F4E1               B.N      ??flash_edit_function_43
   1146              else if (ANY_KEY) sExecStep = RECORD_ERASE+20; 
   \                     ??flash_edit_function_61:
   \   000002C0   8C24               MOVS     R4,#+140
   \   000002C2   E400               LSLS     R4,R4,#+3        ;; #+1120
   \   000002C4   0029               CMP      R1,#+0
   \   000002C6   01D0               BEQ      ??flash_edit_function_62
   \                     ??flash_edit_function_63:
   \   000002C8   2C80               STRH     R4,[R5, #+0]
   \                     ??flash_edit_function_60:
   \   000002CA   EFE1               B        ??flash_edit_function_47
   1147             else if (step_delay(SEC_1*5)) sExecStep = RECORD_ERASE+20; 
   \                     ??flash_edit_function_62:
   \   000002CC   0D48               LDR      R0,??flash_edit_function_0+0x2C  ;; 0x9c4
   \   000002CE   ........           _BLF     step_delay,??step_delay??rT
   \   000002D2   0028               CMP      R0,#+0
   \   000002D4   F9D0               BEQ      ??flash_edit_function_60
   \   000002D6   F7E7               B.N      ??flash_edit_function_63
   \                     ??flash_edit_function_0:
   \   000002D8   ........           DC32     Result
   \   000002DC   ........           DC32     sExecStep
   \   000002E0   ........           DC32     `?<Constant "\\n>Page[%03Xh] ERASE..">`
   \   000002E4   ........           DC32     KeyValue
   \   000002E8   ........           DC32     bPushKey
   \   000002EC   ........           DC32     DelayStep
   \   000002F0   15030000           DC32     0x315
   \   000002F4   ........           DC32     sCurPos
   \   000002F8   2A000000           DC8      "*",+0,+0
   \   000002FC   4C040000           DC32     0x44c
   \   00000300   983A0000           DC32     0x3a98
   \   00000304   C4090000           DC32     0x9c4
   1148             return;
   1149             
   1150           case RECORD_ERASE+3:
   1151             sFlashPage = FDATA_START_PAGE;
   \                     ??flash_edit_function_31:
   \   00000308   8020               MOVS     R0,#+128
   \   0000030A   8000               LSLS     R0,R0,#+2        ;; #+512
   \   0000030C   2081               STRH     R0,[R4, #+8]
   1152             for (lp = 0; lp < 64; lp++) uiFlashBuffer[lp] = 0xFFFFFFFF;
   \   0000030E   0020               MOVS     R0,#+0
   \   00000310   C44A               LDR      R2,??flash_edit_function_64  ;; uiFlashBuffer
   \   00000312   0023               MOVS     R3,#+0
   \   00000314   DB43               MVNS     R3,R3            ;; #-1
   \                     ??flash_edit_function_65:
   \   00000316   8100               LSLS     R1,R0,#+2
   \   00000318   5350               STR      R3,[R2, R1]
   \   0000031A   401C               ADDS     R0,R0,#+1
   \   0000031C   4028               CMP      R0,#+64
   \   0000031E   FADB               BLT      ??flash_edit_function_65
   1153             screen_clear();
   \   00000320   ........           _BLF     screen_clear,??screen_clear??rT
   1154             sErasePage = sFlashPage - 512;
   \   00000324   0820               MOVS     R0,#+8
   \   00000326   205E               LDRSH    R0,[R4, R0]
   \   00000328   BF49               LDR      R1,??flash_edit_function_64+0x4  ;; 0xfffffe00
   \   0000032A   4118               ADDS     R1,R0,R1
   \   0000032C   2182               STRH     R1,[R4, #+16]
   1155             printf("\n>Erase[%03d]", sErasePage);
   \   0000032E   0904               LSLS     R1,R1,#+16
   \   00000330   0914               ASRS     R1,R1,#+16
   \   00000332   D620               MOVS     R0,#+214
   \   00000334   8000               LSLS     R0,R0,#+2        ;; #+856
   \   00000336   3018               ADDS     R0,R6,R0
   \   00000338   ........           _BLF     printf,??printf??rT
   1156             sExecStep++;
   \   0000033C   2888               LDRH     R0,[R5, #+0]
   \   0000033E   401C               ADDS     R0,R0,#+1
   \   00000340   B3E1               B.N      ??flash_edit_function_43
   1157             return;
   1158             
   1159           case RECORD_ERASE+4:
   1160             uiFlashAdd = FLASH_START_ADD + (sFlashPage << 8);
   \                     ??flash_edit_function_32:
   \   00000342   0820               MOVS     R0,#+8
   \   00000344   205E               LDRSH    R0,[R4, R0]
   \   00000346   0002               LSLS     R0,R0,#+8
   \   00000348   8021               MOVS     R1,#+128
   \   0000034A   4903               LSLS     R1,R1,#+13       ;; #+1048576
   \   0000034C   4018               ADDS     R0,R0,R1
   \   0000034E   2062               STR      R0,[R4, #+32]
   1161             Result = AT91F_Flash_Write( uiFlashAdd , FLASH_PAGE_SIZE_BYTE, &uiFlashBuffer[0], 0);
   \   00000350   0023               MOVS     R3,#+0
   \   00000352   B44A               LDR      R2,??flash_edit_function_64  ;; uiFlashBuffer
   \   00000354   090B               LSRS     R1,R1,#+12
   \   00000356   206A               LDR      R0,[R4, #+32]
   \   00000358   ........           _BLF     AT91F_Flash_Write,??AT91F_Flash_Write??rT
   \   0000035C   2070               STRB     R0,[R4, #+0]
   1162             //uiFlashSts = EFC_STATUS;
   1163             //uiFlashSts0 = uiFlashSts;
   1164             sExecStep = RECORD_ERASE+6;
   \   0000035E   B348               LDR      R0,??flash_edit_function_64+0x8  ;; 0x452
   \   00000360   A3E1               B.N      ??flash_edit_function_43
   1165             return;
   1166          
   1167           case RECORD_ERASE+5:
   1168             uiFlashSts = EFC_STATUS;
   \                     ??flash_edit_function_33:
   \   00000362   6069               LDR      R0,[R4, #+20]
   \   00000364   806E               LDR      R0,[R0, #+104]
   \   00000366   A061               STR      R0,[R4, #+24]
   1169             if (uiFlashSts != uiFlashSts0)
   \   00000368   E169               LDR      R1,[R4, #+28]
   \   0000036A   8842               CMP      R0,R1
   \   0000036C   05D0               BEQ      ??flash_edit_function_66
   1170             {
   1171               uiFlashSts0 = uiFlashSts;
   \   0000036E   E061               STR      R0,[R4, #+28]
   1172               DelayStep = 0;
   \   00000370   0020               MOVS     R0,#+0
   \   00000372   3870               STRB     R0,[R7, #+0]
   1173               sExecStep++;
   \   00000374   6846               MOV      R0,SP
   \   00000376   0088               LDRH     R0,[R0, #+0]
   \   00000378   97E1               B.N      ??flash_edit_function_43
   1174             }
   1175             else 
   1176             {
   1177               printf("\n>Erase ERROR:%03Xh", sErasePage);
   \                     ??flash_edit_function_66:
   \   0000037A   1020               MOVS     R0,#+16
   \   0000037C   215E               LDRSH    R1,[R4, R0]
   \   0000037E   AC48               LDR      R0,??flash_edit_function_64+0xC  ;; 0x46c
   \   00000380   3018               ADDS     R0,R6,R0
   \   00000382   ........           _BLF     printf,??printf??rT
   1178               sExecStep = RECORD_ERASE+30;
   \   00000386   AB48               LDR      R0,??flash_edit_function_64+0x10  ;; 0x46a
   \   00000388   8FE1               B.N      ??flash_edit_function_43
   1179             }
   1180             return;
   1181           
   1182           case RECORD_ERASE+6:
   1183             sErasePage = sFlashPage - 512;
   \                     ??flash_edit_function_34:
   \   0000038A   0820               MOVS     R0,#+8
   \   0000038C   205E               LDRSH    R0,[R4, R0]
   \   0000038E   A649               LDR      R1,??flash_edit_function_64+0x4  ;; 0xfffffe00
   \   00000390   4118               ADDS     R1,R0,R1
   \   00000392   2182               STRH     R1,[R4, #+16]
   1184             printf("\r>Erase[%03d]", sErasePage);
   \   00000394   0904               LSLS     R1,R1,#+16
   \   00000396   0914               ASRS     R1,R1,#+16
   \   00000398   C220               MOVS     R0,#+194
   \   0000039A   4000               LSLS     R0,R0,#+1        ;; #+388
   \   0000039C   3018               ADDS     R0,R6,R0
   \   0000039E   ........           _BLF     printf,??printf??rT
   1185             if ((--sEraseQty != 0)&(sFlashPage < 0x3FF)) 
   \   000003A2   0A20               MOVS     R0,#+10
   \   000003A4   205E               LDRSH    R0,[R4, R0]
   \   000003A6   401E               SUBS     R0,R0,#+1
   \   000003A8   6081               STRH     R0,[R4, #+10]
   \   000003AA   0004               LSLS     R0,R0,#+16
   \   000003AC   09D0               BEQ      ??flash_edit_function_67
   \   000003AE   0820               MOVS     R0,#+8
   \   000003B0   205E               LDRSH    R0,[R4, R0]
   \   000003B2   ....               LDR      R1,??Subroutine24_0  ;; 0x3ff
   \   000003B4   8842               CMP      R0,R1
   \   000003B6   04DA               BGE      ??flash_edit_function_67
   1186             {
   1187                sFlashPage++;
   \   000003B8   401C               ADDS     R0,R0,#+1
   \   000003BA   2081               STRH     R0,[R4, #+8]
   1188                sExecStep++;
   \   000003BC   2888               LDRH     R0,[R5, #+0]
   \   000003BE   401C               ADDS     R0,R0,#+1
   \   000003C0   73E1               B.N      ??flash_edit_function_43
   1189             }
   1190             else 
   1191             {
   1192               printf("\n>Erase END..");
   \                     ??flash_edit_function_67:
   \   000003C2   1836               ADDS     R6,R6,#+24
   \   000003C4   3000               MOVS     R0,R6
   \   000003C6   ........           _BLF     printf,??printf??rT
   1193               sExecStep= RECORD_ERASE+10;
   \   000003CA   ....               LDR      R0,??Subroutine24_0+0x4  ;; 0x456
   \   000003CC   6DE1               B.N      ??flash_edit_function_43
   1194             }
   1195             return;
   1196             
   1197           case RECORD_ERASE+7:
   1198             sExecStep = RECORD_ERASE+4;
   \                     ??flash_edit_function_35:
   \   000003CE   8A20               MOVS     R0,#+138
   \   000003D0   C000               LSLS     R0,R0,#+3        ;; #+1104
   \   000003D2   6AE1               B.N      ??flash_edit_function_43
   1199             return;
   1200           
   1201           case RECORD_ERASE+10:
   1202             SeverTxPage = find_transmit_start_page();
   \                     ??flash_edit_function_36:
   \   000003D4   ........           _BLF     find_transmit_start_page,??find_transmit_start_page??rT
   \   000003D8   ....               LDR      R1,??Subroutine24_0+0x8  ;; SeverTxPage
   \   000003DA   0880               STRH     R0,[R1, #+0]
   1203             printf("\n모든기록삭제완료");
   \   000003DC   CA20               MOVS     R0,#+202
   \   000003DE   4000               LSLS     R0,R0,#+1        ;; #+404
   \   000003E0   3018               ADDS     R0,R6,R0
   \   000003E2   ........           _BLF     printf,??printf??rT
   1204             DelayStep = 0;
   \   000003E6   0020               MOVS     R0,#+0
   \   000003E8   3870               STRB     R0,[R7, #+0]
   1205             sExecStep++; 
   \   000003EA   2888               LDRH     R0,[R5, #+0]
   \   000003EC   401C               ADDS     R0,R0,#+1
   \   000003EE   5CE1               B.N      ??flash_edit_function_43
   1206             return;
   1207             
   1208           case RECORD_ERASE+11:
   1209             if (ANY_KEY) sExecStep = FLASH_MAIN;
   \                     ??flash_edit_function_37:
   \   000003F0   0029               CMP      R1,#+0
   \   000003F2   01D0               BEQ      ??flash_edit_function_68
   \   000003F4   0A20               MOVS     R0,#+10
   \   000003F6   58E1               B.N      ??flash_edit_function_43
   1210             else if (step_delay(SEC_1*2)) sExecStep = FLASH_MAIN; 
   \                     ??flash_edit_function_68:
   \   000003F8   FA20               MOVS     R0,#+250
   \   000003FA   8000               LSLS     R0,R0,#+2        ;; #+1000
   \   000003FC   ........           _BLF     step_delay,??step_delay??rT
   \   00000400   0028               CMP      R0,#+0
   \   00000402   51D0               BEQ      ??flash_edit_function_69
   \   00000404   0A20               MOVS     R0,#+10
   \   00000406   50E1               B.N      ??flash_edit_function_43
   1211             return;
   1212          
   1213           case RECORD_ERASE+20:
   1214             screen_clear();
   \                     ??flash_edit_function_38:
   \   00000408   ........           _BLF     screen_clear,??screen_clear??rT
   1215             printf("\n**실행 취소**");
   \   0000040C   D420               MOVS     R0,#+212
   \   0000040E   4000               LSLS     R0,R0,#+1        ;; #+424
   \   00000410   3018               ADDS     R0,R6,R0
   \   00000412   ........           _BLF     printf,??printf??rT
   1216             DelayStep = 0;
   \   00000416   0020               MOVS     R0,#+0
   \   00000418   3870               STRB     R0,[R7, #+0]
   1217             sExecStep++; 
   \   0000041A   2888               LDRH     R0,[R5, #+0]
   \   0000041C   401C               ADDS     R0,R0,#+1
   \   0000041E   44E1               B.N      ??flash_edit_function_43
   1218             return;
   1219             
   1220           case RECORD_ERASE+21:
   1221             if (step_delay(SEC_1)) sExecStep = FLASH_MAIN;
   \                     ??flash_edit_function_39:
   \   00000420   FA20               MOVS     R0,#+250
   \   00000422   4000               LSLS     R0,R0,#+1        ;; #+500
   \   00000424   ........           _BLF     step_delay,??step_delay??rT
   \   00000428   0028               CMP      R0,#+0
   \   0000042A   3DD0               BEQ      ??flash_edit_function_69
   \   0000042C   0A20               MOVS     R0,#+10
   \   0000042E   3CE1               B.N      ??flash_edit_function_43
   1222             return;
   1223             
   1224           case RECORD_ERASE+30:
   1225             screen_clear();
   \                     ??flash_edit_function_40:
   \   00000430   ........           _BLF     screen_clear,??screen_clear??rT
   1226             printf("\nError..Occor");
   \   00000434   DC20               MOVS     R0,#+220
   \   00000436   4000               LSLS     R0,R0,#+1        ;; #+440
   \   00000438   3018               ADDS     R0,R6,R0
   \   0000043A   ........           _BLF     printf,??printf??rT
   1227             DelayStep = 0;
   \   0000043E   0020               MOVS     R0,#+0
   \   00000440   3870               STRB     R0,[R7, #+0]
   1228             sExecStep++; 
   \   00000442   2888               LDRH     R0,[R5, #+0]
   \   00000444   401C               ADDS     R0,R0,#+1
   \   00000446   30E1               B.N      ??flash_edit_function_43
   1229             return;
   1230             
   1231           case RECORD_ERASE+31:
   1232             if (step_delay(SEC_1)) sExecStep = FLASH_MAIN;
   \                     ??flash_edit_function_41:
   \   00000448   FA20               MOVS     R0,#+250
   \   0000044A   4000               LSLS     R0,R0,#+1        ;; #+500
   \   0000044C   ........           _BLF     step_delay,??step_delay??rT
   \   00000450   0028               CMP      R0,#+0
   \   00000452   29D0               BEQ      ??flash_edit_function_69
   \   00000454   0A20               MOVS     R0,#+10
   \   00000456   28E1               B.N      ??flash_edit_function_43
   1233             return;
   1234             
   1235          /*************************/
   1236          /* Storeing time set     */
   1237          /*************************/
   1238           case SET_SAMPLE_TIME:
   1239             screen_clear();
   \                     ??flash_edit_function_10:
   \   00000458   ........           _BLF     screen_clear,??screen_clear??rT
   1240             printf("<Set Sampling");
   \   0000045C   E420               MOVS     R0,#+228
   \   0000045E   4000               LSLS     R0,R0,#+1        ;; #+456
   \   00000460   3018               ADDS     R0,R6,R0
   \   00000462   ........           _BLF     printf,??printf??rT
   1241             printf("\n     Interval Time>");
   \   00000466   EC20               MOVS     R0,#+236
   \   00000468   4000               LSLS     R0,R0,#+1        ;; #+472
   \   0000046A   3018               ADDS     R0,R6,R0
   \   0000046C   ........           _BLF     printf,??printf??rT
   1242             printf("\n>Cancel:[MENU]");
   \   00000470   F820               MOVS     R0,#+248
   \   00000472   4000               LSLS     R0,R0,#+1        ;; #+496
   \   00000474   3018               ADDS     R0,R6,R0
   \   00000476   ........           _BLF     printf,??printf??rT
   1243             sExecStep++;
   \   0000047A   2888               LDRH     R0,[R5, #+0]
   \   0000047C   401C               ADDS     R0,R0,#+1
   \   0000047E   14E1               B.N      ??flash_edit_function_43
   1244             return;
   1245             
   1246           case SET_SAMPLE_TIME+1:
   1247             printf("\n>Interval[SEC]:%03d", sStoreTime);
   \                     ??flash_edit_function_11:
   \   00000480   0420               MOVS     R0,#+4
   \   00000482   215E               LDRSH    R1,[R4, R0]
   \   00000484   0398               LDR      R0,[SP, #+12]
   \   00000486   ........           _BLF     printf,??printf??rT
   1248             keyin_start(3); 
   \   0000048A   0320               MOVS     R0,#+3
   \   0000048C   ........           _BLF     keyin_start,??keyin_start??rT
   1249             set_cursor_h(15);
   \   00000490   0F20               MOVS     R0,#+15
   \   00000492   ........           _BLF     set_cursor_h,??set_cursor_h??rT
   1250             sExecStep++; 
   \   00000496   2888               LDRH     R0,[R5, #+0]
   \   00000498   401C               ADDS     R0,R0,#+1
   \   0000049A   06E1               B.N      ??flash_edit_function_43
   1251             return;
   1252          
   1253           case SET_SAMPLE_TIME+2: 
   1254             if (DEC_KEY) keyin_dp_bcd();
   \                     ??flash_edit_function_12:
   \   0000049C   3029               CMP      R1,#+48
   \   0000049E   04D3               BCC      ??flash_edit_function_70
   \   000004A0   3A29               CMP      R1,#+58
   \   000004A2   02D2               BCS      ??flash_edit_function_70
   \                     ??flash_edit_function_17:
   \   000004A4   ........           _BLF     keyin_dp_bcd,??keyin_dp_bcd??rT
   \                     ??flash_edit_function_69:
   \   000004A8   00E1               B        ??flash_edit_function_47
   1255             else if (MENU_KEY) sExecStep = FLASH_MAIN;
   \                     ??flash_edit_function_70:
   \   000004AA   6129               CMP      R1,#+97
   \   000004AC   FCD1               BNE      ??flash_edit_function_69
   \   000004AE   0A20               MOVS     R0,#+10
   \   000004B0   FBE0               B.N      ??flash_edit_function_43
   1256             return;
   1257           
   1258           case SET_SAMPLE_TIME+3:
   1259             sStoreTime = bcd2hex_int(KeyValue);
   \                     ??flash_edit_function_13:
   \   000004B2   0198               LDR      R0,[SP, #+4]
   \   000004B4   ........           _BLF     bcd2hex_int,??bcd2hex_int??rT
   1260             if (sStoreTime == 0)  sStoreTime = 1;
   \   000004B8   0004               LSLS     R0,R0,#+16
   \   000004BA   0014               ASRS     R0,R0,#+16
   \   000004BC   00D1               BNE      ??flash_edit_function_71
   \   000004BE   0120               MOVS     R0,#+1
   \                     ??flash_edit_function_71:
   \   000004C0   A080               STRH     R0,[R4, #+4]
   1261             printf("\n>Interval[SEC]:%03d", sStoreTime);
   \   000004C2   0100               MOVS     R1,R0
   \   000004C4   0398               LDR      R0,[SP, #+12]
   \   000004C6   ........           _BLF     printf,??printf??rT
   1262             // 데이터저장실행을 초기화
   1263             sStoreStep = 1;
   \   000004CA   0120               MOVS     R0,#+1
   \   000004CC   E080               STRH     R0,[R4, #+6]
   1264             sExecStep++; 
   \   000004CE   2888               LDRH     R0,[R5, #+0]
   \   000004D0   401C               ADDS     R0,R0,#+1
   \   000004D2   EAE0               B.N      ??flash_edit_function_43
   1265             return;
   1266           
   1267           case SET_SAMPLE_TIME+4:
   1268             if (ANY_KEY) 
   \                     ??flash_edit_function_14:
   \   000004D4   0029               CMP      R1,#+0
   \   000004D6   E7D0               BEQ      ??flash_edit_function_69
   1269             {
   1270               sStoreStep = 1;
   \   000004D8   0120               MOVS     R0,#+1
   \   000004DA   E080               STRH     R0,[R4, #+6]
   1271               sSampleNo = 0;
   \   000004DC   0020               MOVS     R0,#+0
   \   000004DE   E081               STRH     R0,[R4, #+14]
   1272               //DataMonit = 0;
   1273               sExecStep = FLASH_MAIN;
   \   000004E0   0A20               MOVS     R0,#+10
   \   000004E2   E2E0               B.N      ??flash_edit_function_43
   1274             }
   1275             return; 
   1276           
   1277          /*************************/
   1278          /* View Storeing data    */
   1279          /*************************/
   1280           case VIWE_RECORD:
   1281             DelayStep = 0;
   \                     ??flash_edit_function_15:
   \   000004E4   0020               MOVS     R0,#+0
   \   000004E6   3870               STRB     R0,[R7, #+0]
   1282             //sExecStep = VIWE_RECORD+20;
   1283             screen_clear();
   \   000004E8   ........           _BLF     screen_clear,??screen_clear??rT
   1284             printf("<View Store Record>");
   \   000004EC   8620               MOVS     R0,#+134
   \   000004EE   8000               LSLS     R0,R0,#+2        ;; #+536
   \   000004F0   3018               ADDS     R0,R6,R0
   \   000004F2   ........           _BLF     printf,??printf??rT
   1285             sViewPage = 0;
   \   000004F6   0020               MOVS     R0,#+0
   \   000004F8   A081               STRH     R0,[R4, #+12]
   1286             printf("\n>Max Record:511");
   \   000004FA   8B20               MOVS     R0,#+139
   \   000004FC   8000               LSLS     R0,R0,#+2        ;; #+556
   \   000004FE   3018               ADDS     R0,R6,R0
   \   00000500   ........           _BLF     printf,??printf??rT
   1287             printf("\n>Record NO:%03d", sFlashPage);
   \   00000504   0820               MOVS     R0,#+8
   \   00000506   215E               LDRSH    R1,[R4, R0]
   \   00000508   9020               MOVS     R0,#+144
   \   0000050A   8000               LSLS     R0,R0,#+2        ;; #+576
   \   0000050C   3018               ADDS     R0,R6,R0
   \   0000050E   ........           _BLF     printf,??printf??rT
   1288             sExecStep++;
   \   00000512   2888               LDRH     R0,[R5, #+0]
   \   00000514   401C               ADDS     R0,R0,#+1
   \   00000516   C8E0               B.N      ??flash_edit_function_43
   1289             return;
   1290             
   1291           case VIWE_RECORD+1:
   1292             keyin_start(3);
   \                     ??flash_edit_function_16:
   \   00000518   0320               MOVS     R0,#+3
   \   0000051A   ........           _BLF     keyin_start,??keyin_start??rT
   1293             set_cursor_h(11);
   \   0000051E   0B20               MOVS     R0,#+11
   \   00000520   ........           _BLF     set_cursor_h,??set_cursor_h??rT
   1294             sExecStep++;
   \   00000524   2888               LDRH     R0,[R5, #+0]
   \   00000526   401C               ADDS     R0,R0,#+1
   \   00000528   BFE0               B.N      ??flash_edit_function_43
   1295             return;
   1296             
   1297           case VIWE_RECORD+2: keyin_dp_bcd();	 return;
   1298             
   1299           case VIWE_RECORD+3: 
   1300             sViewPage = bcd2hex_int(KeyValue);
   \                     ??flash_edit_function_18:
   \   0000052A   0198               LDR      R0,[SP, #+4]
   \   0000052C   ........           _BLF     bcd2hex_int,??bcd2hex_int??rT
   \   00000530   A081               STRH     R0,[R4, #+12]
   1301             //printf("\n>KeyValue%04X:", KeyValue);
   1302             printf("\n>sViewPage%04d:", sViewPage);
   \   00000532   0C20               MOVS     R0,#+12
   \   00000534   215E               LDRSH    R1,[R4, R0]
   \   00000536   9520               MOVS     R0,#+149
   \   00000538   8000               LSLS     R0,R0,#+2        ;; #+596
   \   0000053A   3018               ADDS     R0,R6,R0
   \   0000053C   ........           _BLF     printf,??printf??rT
   1303             if (sViewPage > 511)
   \   00000540   0C20               MOVS     R0,#+12
   \   00000542   205E               LDRSH    R0,[R4, R0]
   \   00000544   8021               MOVS     R1,#+128
   \   00000546   8900               LSLS     R1,R1,#+2        ;; #+512
   \   00000548   8842               CMP      R0,R1
   \   0000054A   06DB               BLT      ??flash_edit_function_72
   1304             {
   1305               printf("\n>Error: Range over");
   \   0000054C   E920               MOVS     R0,#+233
   \   0000054E   8000               LSLS     R0,R0,#+2        ;; #+932
   \   00000550   3018               ADDS     R0,R6,R0
   \   00000552   ........           _BLF     printf,??printf??rT
   1306               sExecStep = VIWE_RECORD+10;
   \   00000556   ....               LDR      R0,??Subroutine24_0+0xC  ;; 0x38e
   \   00000558   A7E0               B.N      ??flash_edit_function_43
   1307             }
   1308             else sExecStep++;
   \                     ??flash_edit_function_72:
   \   0000055A   2888               LDRH     R0,[R5, #+0]
   \   0000055C   401C               ADDS     R0,R0,#+1
   \   0000055E   A4E0               B.N      ??flash_edit_function_43
   1309             return;
   1310          
   1311           
   1312           case VIWE_RECORD+4:
   1313             ViewSampleNo = 0;
   \                     ??flash_edit_function_19:
   \   00000560   0020               MOVS     R0,#+0
   \   00000562   A070               STRB     R0,[R4, #+2]
   1314             sExecStep++;
   \   00000564   6846               MOV      R0,SP
   \   00000566   0088               LDRH     R0,[R0, #+0]
   \   00000568   9FE0               B.N      ??flash_edit_function_43
   1315             return;
   1316             
   1317           case VIWE_RECORD+5:
   1318             flash_move_to_view(sViewPage);
   \                     ??flash_edit_function_20:
   \   0000056A   ........           BL       flash_move_to_view
   1319             sExecStep++;
   \   0000056E   6846               MOV      R0,SP
   \   00000570   0088               LDRH     R0,[R0, #+0]
   \   00000572   9AE0               B.N      ??flash_edit_function_43
   1320             return;
   1321          
   1322           case VIWE_RECORD+6:
   1323             recore_data_view(); 
   \                     ??flash_edit_function_21:
   \   00000574   ........           BL       recore_data_view
   1324             DelayStep = 0;
   \   00000578   0020               MOVS     R0,#+0
   \   0000057A   3870               STRB     R0,[R7, #+0]
   1325             sExecStep++;
   \   0000057C   2888               LDRH     R0,[R5, #+0]
   \   0000057E   401C               ADDS     R0,R0,#+1
   \   00000580   93E0               B.N      ??flash_edit_function_43
   1326             return;
   1327             
   1328           case VIWE_RECORD+7:   
   1329             if (MENU_KEY) sExecStep = FLASH_MAIN;
   \                     ??flash_edit_function_22:
   \   00000582   6129               CMP      R1,#+97
   \   00000584   01D1               BNE      ??flash_edit_function_73
   \   00000586   0A20               MOVS     R0,#+10
   \   00000588   8FE0               B.N      ??flash_edit_function_43
   1330             else if (ENTER_KEY) sExecStep = VIWE_RECORD;
   \                     ??flash_edit_function_73:
   \   0000058A   0D29               CMP      R1,#+13
   \   0000058C   43D0               BEQ      ??flash_edit_function_74
   1331             else if (DN_KEY) 
   \   0000058E   471C               ADDS     R7,R0,#+1
   \   00000590   A278               LDRB     R2,[R4, #+2]
   \   00000592   6329               CMP      R1,#+99
   \   00000594   0DD1               BNE      ??flash_edit_function_75
   1332             {
   1333               if (ViewSampleNo > 40)
   \   00000596   292A               CMP      R2,#+41
   \   00000598   13D3               BCC      ??flash_edit_function_76
   1334               {
   1335                 if (++sViewPage > 511) sViewPage = 0;
   \   0000059A   A781               STRH     R7,[R4, #+12]
   \   0000059C   8020               MOVS     R0,#+128
   \   0000059E   8000               LSLS     R0,R0,#+2        ;; #+512
   \                     ??flash_edit_function_77:
   \   000005A0   3F04               LSLS     R7,R7,#+16
   \   000005A2   3F14               ASRS     R7,R7,#+16
   \   000005A4   8742               CMP      R7,R0
   \   000005A6   01DB               BLT      ??flash_edit_function_78
   \   000005A8   0020               MOVS     R0,#+0
   \   000005AA   A081               STRH     R0,[R4, #+12]
   1336                 sExecStep = VIWE_RECORD+4;
   \                     ??flash_edit_function_78:
   \   000005AC   E220               MOVS     R0,#+226
   \   000005AE   8000               LSLS     R0,R0,#+2        ;; #+904
   \   000005B0   7BE0               B.N      ??flash_edit_function_43
   1337               }
   1338               else sExecStep = VIWE_RECORD+6;
   1339             }
   1340             else if (UP_KEY) 
   \                     ??flash_edit_function_75:
   \   000005B2   431E               SUBS     R3,R0,#+1
   \   000005B4   ....               LDR      R6,??Subroutine24_0+0x10  ;; 0x1ff
   \   000005B6   6229               CMP      R1,#+98
   \   000005B8   18D1               BNE      ??flash_edit_function_79
   1341             {
   1342               if (ViewSampleNo > 16) 
   \   000005BA   112A               CMP      R2,#+17
   \   000005BC   03D3               BCC      ??flash_edit_function_80
   1343               {
   1344                 ViewSampleNo -= 16;
   \   000005BE   F032               ADDS     R2,R2,#+240
   \   000005C0   A270               STRB     R2,[R4, #+2]
   1345                 sExecStep = VIWE_RECORD+6;
   1346               }
   \                     ??flash_edit_function_76:
   \   000005C2   ....               LDR      R0,??Subroutine24_0+0x14  ;; 0x38a
   \   000005C4   71E0               B.N      ??flash_edit_function_43
   1347               else if (ViewSampleNo > 12) 
   \                     ??flash_edit_function_80:
   \   000005C6   0D2A               CMP      R2,#+13
   \   000005C8   02D3               BCC      ??flash_edit_function_81
   1348               {
   1349                 ViewSampleNo = 0;
   \   000005CA   0020               MOVS     R0,#+0
   \   000005CC   A070               STRB     R0,[R4, #+2]
   \   000005CE   F8E7               B        ??flash_edit_function_76
   1350                 sExecStep = VIWE_RECORD+6;
   1351               }
   1352               else if (ViewSampleNo > 8) 
   \                     ??flash_edit_function_81:
   \   000005D0   ....               LDR      R1,??Subroutine24_0+0x18  ;; 0x389
   \   000005D2   092A               CMP      R2,#+9
   \   000005D4   03D3               BCC      ??flash_edit_function_82
   1353               {
   1354                 ViewSampleNo = 0;
   \   000005D6   0020               MOVS     R0,#+0
   \                     ??flash_edit_function_83:
   \   000005D8   A070               STRB     R0,[R4, #+2]
   1355                 sExecStep = VIWE_RECORD+5;
   \   000005DA   2980               STRH     R1,[R5, #+0]
   \   000005DC   66E0               B        ??flash_edit_function_47
   1356               }
   1357               else 
   1358               {
   1359                 if (sViewPage == 0) sViewPage = 511; else sViewPage--;
   \                     ??flash_edit_function_82:
   \   000005DE   0028               CMP      R0,#+0
   \   000005E0   01D1               BNE      ??flash_edit_function_84
   \   000005E2   A681               STRH     R6,[R4, #+12]
   \   000005E4   00E0               B        ??flash_edit_function_85
   \                     ??flash_edit_function_84:
   \   000005E6   A381               STRH     R3,[R4, #+12]
   1360                 ViewSampleNo = 33;
   \                     ??flash_edit_function_85:
   \   000005E8   2120               MOVS     R0,#+33
   \   000005EA   F5E7               B.N      ??flash_edit_function_83
   1361                 sExecStep = VIWE_RECORD+5;
   1362               }
   1363             }
   1364             else if (SP_KEY)
   \                     ??flash_edit_function_79:
   \   000005EC   2329               CMP      R1,#+35
   \   000005EE   02D1               BNE      ??flash_edit_function_86
   1365             {
   1366               if(++sViewPage >= 512) sViewPage = 0;
   \   000005F0   A781               STRH     R7,[R4, #+12]
   \   000005F2   701C               ADDS     R0,R6,#+1
   \   000005F4   D4E7               B.N      ??flash_edit_function_77
   1367               sExecStep = VIWE_RECORD+4;
   1368             }
   1369             else if (PP_KEY)
   \                     ??flash_edit_function_86:
   \   000005F6   2A29               CMP      R1,#+42
   \   000005F8   05D1               BNE      ??flash_edit_function_87
   1370             {
   1371               if (sViewPage == 0) sViewPage = 511; else sViewPage--;
   \   000005FA   0028               CMP      R0,#+0
   \   000005FC   01D1               BNE      ??flash_edit_function_88
   \   000005FE   A681               STRH     R6,[R4, #+12]
   \   00000600   D4E7               B        ??flash_edit_function_78
   \                     ??flash_edit_function_88:
   \   00000602   A381               STRH     R3,[R4, #+12]
   \   00000604   D2E7               B        ??flash_edit_function_78
   1372               sExecStep = VIWE_RECORD+4;
   1373             }    
   1374             else if (step_delay(SEC_1*30)) sExecStep = FLASH_MAIN; 
   \                     ??flash_edit_function_87:
   \   00000606   ....               LDR      R0,??Subroutine24_0+0x1C  ;; 0x3a98
   \   00000608   ........           _BLF     step_delay,??step_delay??rT
   \   0000060C   0028               CMP      R0,#+0
   \   0000060E   4DD0               BEQ      ??flash_edit_function_47
   \   00000610   0A20               MOVS     R0,#+10
   \   00000612   4AE0               B.N      ??flash_edit_function_43
   1375             return; 
   1376             
   1377           case VIWE_RECORD+10:
   1378             if (MENU_KEY) sExecStep = VIWE_RECORD;
   \                     ??flash_edit_function_23:
   \   00000614   6129               CMP      R1,#+97
   \                     ??flash_edit_function_74:
   \   00000616   ....               BNE      .+5
   \   00000618   14E6               B        ??flash_edit_function_57
   1379             else if (ANY_KEY) sExecStep = FLASH_MAIN;  
   \   0000061A   0029               CMP      R1,#+0
   \   0000061C   0CD0               BEQ      ??flash_edit_function_89
   \   0000061E   0A20               MOVS     R0,#+10
   \   00000620   43E0               B.N      ??flash_edit_function_43
   \   00000622   C046               Nop      
   \                     ??flash_edit_function_64:
   \   00000624   ........           DC32     uiFlashBuffer
   \   00000628   00FEFFFF           DC32     0xfffffe00
   \   0000062C   52040000           DC32     0x452
   \   00000630   6C040000           DC32     0x46c
   \   00000634   6A040000           DC32     0x46a
   1380             else if (step_delay(SEC_1<<1)) sExecStep = FLASH_MAIN;  
   \                     ??flash_edit_function_89:
   \   00000638   FA20               MOVS     R0,#+250
   \   0000063A   8000               LSLS     R0,R0,#+2        ;; #+1000
   \   0000063C   ........           _BLF     step_delay,??step_delay??rT
   \   00000640   0028               CMP      R0,#+0
   \   00000642   33D0               BEQ      ??flash_edit_function_47
   \   00000644   0A20               MOVS     R0,#+10
   \   00000646   30E0               B.N      ??flash_edit_function_43
   1381             return;
   1382          
   1383           case VIWE_RECORD+20:
   1384             display_mode(2);
   \                     ??flash_edit_function_24:
   \   00000648   0220               MOVS     R0,#+2
   \   0000064A   ........           _BLF     display_mode,??display_mode??rT
   1385             printf("\n준비중입니다.");
   \   0000064E   9A20               MOVS     R0,#+154
   \   00000650   8000               LSLS     R0,R0,#+2        ;; #+616
   \   00000652   3018               ADDS     R0,R6,R0
   \   00000654   ........           _BLF     printf,??printf??rT
   1386             sExecStep++;
   \   00000658   2888               LDRH     R0,[R5, #+0]
   \   0000065A   401C               ADDS     R0,R0,#+1
   \   0000065C   25E0               B.N      ??flash_edit_function_43
   1387             return;
   1388               
   1389           case VIWE_RECORD+21:
   1390             if (step_delay(SEC_1<<1)) 
   \                     ??flash_edit_function_25:
   \   0000065E   FA20               MOVS     R0,#+250
   \   00000660   8000               LSLS     R0,R0,#+2        ;; #+1000
   \   00000662   ........           _BLF     step_delay,??step_delay??rT
   \   00000666   0028               CMP      R0,#+0
   \   00000668   20D0               BEQ      ??flash_edit_function_47
   1391             {
   1392               display_mode(0);
   \                     ??flash_edit_function_90:
   \   0000066A   0020               MOVS     R0,#+0
   \   0000066C   ........           _BLF     display_mode,??display_mode??rT
   1393               sExecStep = FLASH_MAIN;
   \   00000670   0A20               MOVS     R0,#+10
   \   00000672   1AE0               B.N      ??flash_edit_function_43
   1394             }
   1395             return;
   1396          
   1397          /****************************************/
   1398          /* 서버 업로드 레코드를 0 페이지로 복귀 */
   1399          /****************************************/
   1400           case UPLOAD_INIT:
   1401             display_mode(2);
   \                     ??flash_edit_function_26:
   \   00000674   0220               MOVS     R0,#+2
   \   00000676   ........           _BLF     display_mode,??display_mode??rT
   1402             SeverTxPage = find_transmit_start_page();
   \   0000067A   ........           _BLF     find_transmit_start_page,??find_transmit_start_page??rT
   \   0000067E   ....               LDR      R1,??DataTable22  ;; SeverTxPage
   \   00000680   0880               STRH     R0,[R1, #+0]
   1403             printf("서버로 보내는 Record 번호가 초기화되어 처음부터 전송됩니다.");
   \   00000682   9E20               MOVS     R0,#+158
   \   00000684   8000               LSLS     R0,R0,#+2        ;; #+632
   \   00000686   3018               ADDS     R0,R6,R0
   \   00000688   ........           _BLF     printf,??printf??rT
   1404             sExecStep++;
   \   0000068C   2888               LDRH     R0,[R5, #+0]
   \   0000068E   401C               ADDS     R0,R0,#+1
   \   00000690   0BE0               B.N      ??flash_edit_function_43
   1405             return;
   1406          
   1407           case UPLOAD_INIT+1:
   1408             if (ANY_KEY) sExecStep = FLASH_MAIN;    
   \                     ??flash_edit_function_27:
   \   00000692   0029               CMP      R1,#+0
   \   00000694   01D0               BEQ      ??flash_edit_function_91
   \   00000696   0A20               MOVS     R0,#+10
   \   00000698   07E0               B.N      ??flash_edit_function_43
   1409             else if (step_delay(SEC_1<<1)) 
   \                     ??flash_edit_function_91:
   \   0000069A   FA20               MOVS     R0,#+250
   \   0000069C   8000               LSLS     R0,R0,#+2        ;; #+1000
   \   0000069E   ........           _BLF     step_delay,??step_delay??rT
   \   000006A2   0028               CMP      R0,#+0
   \   000006A4   E1D1               BNE      ??flash_edit_function_90
   \   000006A6   01E0               B        ??flash_edit_function_47
   1410             {
   1411               display_mode(0);
   1412               sExecStep = FLASH_MAIN; 
   1413             }
   1414             return;
   1415             
   1416           default: sExecStep = FLASH_MAIN; 
   \                     ??flash_edit_function_42:
   \   000006A8   0A20               MOVS     R0,#+10
   \                     ??flash_edit_function_43:
   \   000006AA   2880               STRH     R0,[R5, #+0]
   1417             return;
   \                     ??flash_edit_function_47:
   \   000006AC                      REQUIRE ?Subroutine24
   \   000006AC                      ;; // Fall through to label ?Subroutine24
   1418           }
   1419          }

   \                                 In segment CODE_I, align 4, keep-with-next
   \                     ??DataTable4:
   \   00000000   ........           DC32     Result

   \                                 In segment CODE_I, align 4, keep-with-next
   \                     ??DataTable5:
   \   00000000   38F1FFFF           DC32     0xfffff138

   \                                 In segment CODE_I, align 4, keep-with-next
   \                     ??DataTable6:
   \   00000000   00FF0300           DC32     0x3ff00

   \                                 In segment CODE, align 4, keep-with-next
   \                     ??DataTable7:
   \   00000000   ........           DC32     Result

   \                                 In segment CODE, align 4, keep-with-next
   \                     ??DataTable10:
   \   00000000   ........           DC32     uiBackupData

   \                                 In segment CODE, align 4, keep-with-next
   \                     ??DataTable11:
   \   00000000   ........           DC32     Result

   \                                 In segment CODE, align 4, keep-with-next
   \                     ??DataTable12:
   \   00000000   00FF1100           DC32     0x11ff00

   \                                 In segment CODE, align 4, keep-with-next
   \                     ??DataTable13:
   \   00000000   ........           DC32     SeverTxPage

   \                                 In segment CODE, align 4, keep-with-next
   \                     ??DataTable14:
   \   00000000   ........           DC32     DelayStep

   \                                 In segment CODE, align 4, keep-with-next
   \                     ??DataTable15:
   \   00000000   6C040000           DC32     0x46c

   \                                 In segment CODE, align 4, keep-with-next
   \                     ??DataTable16:
   \   00000000   FF030000           DC32     0x3ff

   \                                 In segment CODE, align 4, keep-with-next
   \                     ??DataTable19:
   \   00000000   ........           DC32     Result

   \                                 In segment CODE, align 4, keep-with-next
   \                     ??DataTable21:
   \   00000000   ........           DC32     usViewBuf

   \                                 In segment CODE, align 4, keep-with-next
   \                     ??DataTable22:
   \   00000000   ........           DC32     SeverTxPage

   \                                 In segment DATA_ID, align 4, align-sorted
   \                     `?<Initializer for Result>`:
   \   00000000   00                 DC8 0
   \                     `?<Initializer for FlashMask>`:
   \   00000001   00                 DC8 0
   \                     `?<Initializer for ViewSampleNo>`:
   \   00000002   00                 DC8 0
   \   00000003   00                 DC8 0
   \                     `?<Initializer for sStoreTime>`:
   \   00000004   0000               DC8 0, 0
   \                     `?<Initializer for sStoreStep>`:
   \   00000006   0000               DC8 0, 0
   \                     `?<Initializer for sFlashPage>`:
   \   00000008   0000               DC8 0, 0
   \                     `?<Initializer for sEraseQty>`:
   \   0000000A   0000               DC8 0, 0
   \                     `?<Initializer for sViewPage>`:
   \   0000000C   0000               DC8 0, 0
   \                     `?<Initializer for sSampleNo>`:
   \   0000000E   0000               DC8 0, 0
   \                     `?<Initializer for sErasePage>`:
   \   00000010   0000               DC8 0, 0
   \   00000012   0000               DC8 0, 0
   \                     `?<Initializer for FLASH_pt>`:
   \   00000014   00FFFFFF           DC32 0FFFFFF00H
   \                     `?<Initializer for uiFlashSts>`:
   \   00000018   00000000           DC8 0, 0, 0, 0
   \                     `?<Initializer for uiFlashSts0>`:
   \   0000001C   00000000           DC8 0, 0, 0, 0
   \                     `?<Initializer for uiFlashAdd>`:
   \   00000020   00000000           DC8 0, 0, 0, 0
   \                     `?<Initializer for uiRegisterAdd>`:
   \   00000024   00000000           DC8 0, 0, 0, 0
   \                     `?<Initializer for uiRegisterData>`:
   \   00000028   00000000           DC8 0, 0, 0, 0
   \                     `?<Initializer for uiRegisterPtr>`:
   \   0000002C   00000000           DC8 0, 0, 0, 0
   \                     `?<Initializer for pFlashPtr>`:
   \   00000030   00000000           DC8 0, 0, 0, 0
   \                     `?<Initializer for CPT_LOCK>`:
   \   00000034   00000000           DC32 0
   \                     `?<Initializer for iSecretCode>`:
   \   00000038   00000000           DC8 0, 0, 0, 0

   \                                 In segment DATA_C, align 4, align-sorted
   \                     `?<Constant "\\n>Page[%03Xh] ERASE..">`:
   \   00000000   0A3E50616765       DC8 "\012>Page[%03Xh] ERASE.."
   \              5B2530335868
   \              5D2045524153
   \              452E2E00    
   \   00000016   0000               DC8 0, 0
   \   00000018   0A3E45726173       DC8 "\012>Erase END.."
   \              6520454E442E
   \              2E00        
   \   00000026   0000               DC8 0, 0
   \   00000028   C1D8BAF1C1DF       DC8 "\301\330\272\361\301\337\300\324\264\317\264\331."
   \              C0D4B4CFB4D9
   \              2E00        
   \   00000036   0000               DC8 0, 0
   \   00000038   0A3C52656769       DC8 "\012<Register Edit>"
   \              737465722045
   \              6469743E00  
   \   00000049   000000             DC8 0, 0, 0
   \   0000004C   0A3E4164643A       DC8 "\012>Add:%08Xh"
   \              253038586800
   \   00000058   0D3E4164643A       DC8 "\015>Add:%08Xh"
   \              253038586800
   \   00000064   0A3C52656769       DC8 "\012<Register Write>"
   \              737465722057
   \              726974653E00
   \   00000076   0000               DC8 0, 0
   \   00000078   0A3E44617461       DC8 "\012>Data:%08Xh"
   \              3A2530385868
   \              00          
   \   00000085   000000             DC8 0, 0, 0
   \   00000088   0A5B25303858       DC8 "\012[%08X]:%08X"
   \              5D3A25303858
   \              00          
   \   00000095   000000             DC8 0, 0, 0
   \   00000098   0A3E496E7075       DC8 "\012>Input Secret Code"
   \              742053656372
   \              657420436F64
   \              6500        
   \   000000AC   0A3E2A2A2A2A       DC8 "\012>******"
   \              2A2A00      
   \   000000B5   000000             DC8 0, 0, 0
   \   000000B8   0A3E496E7661       DC8 "\012>Invalid code.."
   \              6C696420636F
   \              64652E2E00  
   \   000000C9   000000             DC8 0, 0, 0
   \   000000CC   0A3E506C6561       DC8 "\012>Please Retry.."
   \              736520526574
   \              72792E2E00  
   \   000000DD   000000             DC8 0, 0, 0
   \   000000E0   0A313A53746F       DC8 "\0121:Store Data Erase"
   \              726520446174
   \              612045726173
   \              6500        
   \   000000F4   0A323A53616D       DC8 "\0122:Sample Time Set"
   \              706C65205469
   \              6D6520536574
   \              00          
   \   00000107   00                 DC8 0
   \   00000108   0A333A53746F       DC8 "\0123:Store Data View"
   \              726520446174
   \              612056696577
   \              00          
   \   0000011B   00                 DC8 0
   \   0000011C   0A343A55706C       DC8 "\0124:Upload Init"
   \              6F616420496E
   \              697400      
   \   0000012B   00                 DC8 0
   \   0000012C   0A393A506172       DC8 "\0129:Parameter Save "
   \              616D65746572
   \              205361766520
   \              00          
   \   0000013F   00                 DC8 0
   \   00000140   0A2A2AB0E6B0       DC8 "\012**\260\346\260\355**"
   \              ED2A2A00    
   \   0000014A   0000               DC8 0, 0
   \   0000014C   0AB8F0B5E7B1       DC8 "\012\270\360\265\347\261\342\267\317\300\314\273\350\301\246\265\312"
   \              E2B7CFC0CCBB
   \              E8C1A6B5CA00
   \   0000015E   0000               DC8 0, 0
   \   00000160   5B305D3ABBE8       DC8 "[0]:\273\350\301\246 \275\307\307\340"
   \              C1A620BDC7C7
   \              E000        
   \   0000016E   0000               DC8 0, 0
   \   00000170   0A5B4D454E55       DC8 "\012[MENU]\275\307\307\340 \303\353\274\322"
   \              5DBDC7C7E020
   \              C3EBBCD200  
   \   00000181   000000             DC8 0, 0, 0
   \   00000184   0D3E45726173       DC8 "\015>Erase[%03d]"
   \              655B25303364
   \              5D00        
   \   00000192   0000               DC8 0, 0
   \   00000194   0AB8F0B5E7B1       DC8 "\012\270\360\265\347\261\342\267\317\273\350\301\246\277\317\267\341"
   \              E2B7CFBBE8C1
   \              A6BFCFB7E100
   \   000001A6   0000               DC8 0, 0
   \   000001A8   0A2A2ABDC7C7       DC8 "\012**\275\307\307\340 \303\353\274\322**"
   \              E020C3EBBCD2
   \              2A2A00      
   \   000001B7   00                 DC8 0
   \   000001B8   0A4572726F72       DC8 "\012Error..Occor"
   \              2E2E4F63636F
   \              7200        
   \   000001C6   0000               DC8 0, 0
   \   000001C8   3C5365742053       DC8 "<Set Sampling"
   \              616D706C696E
   \              6700        
   \   000001D6   0000               DC8 0, 0
   \   000001D8   0A2020202020       DC8 "\012     Interval Time>"
   \              496E74657276
   \              616C2054696D
   \              653E00      
   \   000001ED   000000             DC8 0, 0, 0
   \   000001F0   0A3E43616E63       DC8 "\012>Cancel:[MENU]"
   \              656C3A5B4D45
   \              4E555D00    
   \   00000200   0A3E496E7465       DC8 "\012>Interval[SEC]:%03d"
   \              7276616C5B53
   \              45435D3A2530
   \              336400      
   \   00000215   000000             DC8 0, 0, 0
   \   00000218   3C5669657720       DC8 "<View Store Record>"
   \              53746F726520
   \              5265636F7264
   \              3E00        
   \   0000022C   0A3E4D617820       DC8 "\012>Max Record:511"
   \              5265636F7264
   \              3A35313100  
   \   0000023D   000000             DC8 0, 0, 0
   \   00000240   0A3E5265636F       DC8 "\012>Record NO:%03d"
   \              7264204E4F3A
   \              2530336400  
   \   00000251   000000             DC8 0, 0, 0
   \   00000254   0A3E73566965       DC8 "\012>sViewPage%04d:"
   \              775061676525
   \              3034643A00  
   \   00000265   000000             DC8 0, 0, 0
   \   00000268   0AC1D8BAF1C1       DC8 "\012\301\330\272\361\301\337\300\324\264\317\264\331."
   \              DFC0D4B4CFB4
   \              D92E00      
   \   00000277   00                 DC8 0
   \   00000278   BCADB9F6B7CE       DC8 0BCH, 0ADH, 0B9H, 0F6H, 0B7H, 0CEH, 20H, 0BAH
   \              20BA        
   \   00000280   B8B3BBB4C220       DC8 0B8H, 0B3H, 0BBH, 0B4H, 0C2H, 20H, 52H, 65H
   \              5265        
   \   00000288   636F726420B9       DC8 63H, 6FH, 72H, 64H, 20H, 0B9H, 0F8H, 0C8H
   \              F8C8        
   \   00000290   A3B0A120C3CA       DC8 0A3H, 0B0H, 0A1H, 20H, 0C3H, 0CAH, 0B1H, 0E2H
   \              B1E2        
   \   00000298   C8ADB5C7BEEE       DC8 0C8H, 0ADH, 0B5H, 0C7H, 0BEH, 0EEH, 20H, 0C3H
   \              20C3        
   \   000002A0   B3C0BDBACEC5       DC8 0B3H, 0C0H, 0BDH, 0BAH, 0CEH, 0C5H, 0CDH, 20H
   \              CD20        
   \   000002A8   C0FCBCDBB5CB       DC8 0C0H, 0FCH, 0BCH, 0DBH, 0B5H, 0CBH, 0B4H, 0CFH
   \              B4CF        
   \   000002B0   B4D92E00           DC8 0B4H, 0D9H, 2EH, 0
   \   000002B4   0A3E25303858       DC8 "\012>%08X:%08X"
   \              3A2530385800
   \   000002C0   3C53746F7265       DC8 "<Stored Data View>"
   \              642044617461
   \              20566965773E
   \              00          
   \   000002D3   00                 DC8 0
   \   000002D4   0A313A466C61       DC8 "\0121:Flash Read"
   \              736820526561
   \              6400        
   \   000002E2   0000               DC8 0, 0
   \   000002E4   0A323A466C61       DC8 "\0122:Flash Write Test"
   \              736820577269
   \              746520546573
   \              7400        
   \   000002F8   0A333A466C61       DC8 "\0123:Flash Erase"
   \              736820457261
   \              736500      
   \   00000307   00                 DC8 0
   \   00000308   0A343A526567       DC8 "\0124:Register Edit"
   \              697374657220
   \              4564697400  
   \   00000319   000000             DC8 0, 0, 0
   \   0000031C   0A5B4D454E55       DC8 "\012[MENU]:goto MAIN"
   \              5D3A676F746F
   \              204D41494E00
   \   0000032E   0000               DC8 0, 0
   \   00000330   3C466C617368       DC8 "<Flash Memory Read>"
   \              204D656D6F72
   \              792052656164
   \              3E00        
   \   00000344   0A3E466C6173       DC8 "\012>Flash Page:%03X"
   \              682050616765
   \              3A2530335800
   \   00000356   0000               DC8 0, 0
   \   00000358   0A3E45726173       DC8 "\012>Erase[%03d]"
   \              655B25303364
   \              5D00        
   \   00000366   0000               DC8 0, 0
   \   00000368   3C466C617368       DC8 "<Flash Write Test>"
   \              205772697465
   \              20546573743E
   \              00          
   \   0000037B   00                 DC8 0
   \   0000037C   0A3E4D61736B       DC8 "\012>Mask Data:%02Xh"
   \              20446174613A
   \              253032586800
   \   0000038E   0000               DC8 0, 0
   \   00000390   0A3E466C6173       DC8 "\012>Flash Page:%03Xh"
   \              682050616765
   \              3A2530335868
   \              00          
   \   000003A3   00                 DC8 0
   \   000003A4   0A3E4572726F       DC8 "\012>Error: Range over"
   \              723A2052616E
   \              6765206F7665
   \              7200        
   \   000003B8   0A466C617368       DC8 "\012Flash Add:%08X"
   \              204164643A25
   \              30385800    
   \   000003C8   0A466C617368       DC8 "\012Flash[%03X] Write OK"
   \              5B253033585D
   \              205772697465
   \              204F4B00    
   \   000003DE   0000               DC8 0, 0
   \   000003E0   0A466C617368       DC8 "\012Flash[%03X] ERROR"
   \              5B253033585D
   \              204552524F52
   \              00          
   \   000003F3   00                 DC8 0
   \   000003F4   0A3E43415554       DC8 "\012>CAUTION!!"
   \              494F4E212100
   \   00000400   0A3E596F7520       DC8 "\012>You will Loss Data"
   \              77696C6C204C
   \              6F7373204461
   \              746100      
   \   00000415   000000             DC8 0, 0, 0
   \   00000418   0A3E5B305D3A       DC8 "\012>[0]:After All Erase"
   \              416674657220
   \              416C6C204572
   \              61736500    
   \   0000042E   0000               DC8 0, 0
   \   00000430   0A3E5B312D39       DC8 "\012>[1-9]: 1-9 Erase"
   \              5D3A20312D39
   \              204572617365
   \              00          
   \   00000443   00                 DC8 0
   \   00000444   0A3E4F746865       DC8 "\012>Other Key: Cancel"
   \              72204B65793A
   \              2043616E6365
   \              6C00        
   \   00000458   0A3E4572726F       DC8 "\012>Error: Code Area"
   \              723A20436F64
   \              652041726561
   \              00          
   \   0000046B   00                 DC8 0
   \   0000046C   0A3E45726173       DC8 "\012>Erase ERROR:%03Xh"
   \              65204552524F
   \              523A25303358
   \              6800        

   \                                 In segment DATA_C, align 4, align-sorted
   \                     `?<Constant "\\n%02d:%04dV %04dA %04dW">`:
   \   00000000   0A253032643A       DC8 "\012%02d:%04dV %04dA %04dW"
   \              253034645620
   \              253034644120
   \              253034645700

   \                                 In segment DATA_C, align 4, align-sorted
   \                     `?<Constant "\\nPage:%03d [BLANK]">`:
   \   00000000   0A506167653A       DC8 "\012Page:%03d [BLANK]"
   \              25303364205B
   \              424C414E4B5D
   \              00          
   \   00000013   00                 DC8 0
   \   00000014   0A506167653A       DC8 "\012Page:%03d [STORE]"
   \              25303364205B
   \              53544F52455D
   \              00          
   \   00000027   00                 DC8 0
   \   00000028   0A446174653A       DC8 "\012Date:%02X/%02X/%02X"
   \              253032582F25
   \              3032582F2530
   \              325800      
   \   0000003D   000000             DC8 0, 0, 0
   \   00000040   0A54696D653A       DC8 "\012Time:%02X:%02X:%02X"
   \              253032583A25
   \              3032583A2530
   \              325800      
   \   00000055   000000             DC8 0, 0, 0
   \   00000058   0A53616D706C       DC8 "\012Sample Time:%3d sec"
   \              652054696D65
   \              3A2533642073
   \              656300      
   \   0000006D   000000             DC8 0, 0, 0

   \                                 In segment DATA_C, align 1, align-sorted
   \   00000000   2A00               DC8 "*"

   \                                 In segment DATA_C, align 4, align-sorted
   \                     `?<Constant "\\n1:Write Page">`:
   \   00000000   0A313A577269       DC8 "\0121:Write Page"
   \              746520506167
   \              6500        
   \   0000000E   0000               DC8 0, 0
   \   00000010   0A323A536574       DC8 "\0122:Set Lock Bit"
   \              204C6F636B20
   \              42697400    
   \   00000020   0A333A577269       DC8 "\0123:Write Page & Lock"
   \              746520506167
   \              652026204C6F
   \              636B00      
   \   00000035   000000             DC8 0, 0, 0
   \   00000038   0A343A436C65       DC8 "\0124:Clear Lock Bit"
   \              6172204C6F63
   \              6B2042697400
   \   0000004A   0000               DC8 0, 0
   \   0000004C   0A383A416C6C       DC8 "\0128:All Flash Erase"
   \              20466C617368
   \              204572617365
   \              00          
   \   0000005F   00                 DC8 0

   Maximum stack usage in bytes:

     Function                CSTACK
     --------                ------
     AT91F_AIC_DisableIt         0
     AT91F_Flash_Check_Erase     8
     AT91F_Flash_Erase_All       8
     AT91F_Flash_Init            0
     AT91F_Flash_Lock            8
     AT91F_Flash_Lock_Status     0
     AT91F_Flash_Ready           4
     AT91F_Flash_Unlock          8
     AT91F_Flash_Write          24
     AT91F_Flash_Write_all      24
     backup_data_read           16
     backup_data_save            8
     flash_edit_function        40
     flash_move_to_view         16
     flash_test_function        32
     memory_view_word8          16
     po_lock                    16
     po_unlock                   4
     print_flash_cmd             8
     recore_data_view           32
     sample_data_view           40


   Segment part sizes:

     Function/Label                 Bytes
     --------------                 -----
     AT91F_AIC_DisableIt              16
     uiFlashMode                       4
     uiFlashCmd                        4
     uiFlashData                       4
     iCurTime                          4
     iOldTime                          4
     uiFlashBuffer                   256
     uiBackupData                    256
     pFptr                             4
     iVoltSum                          4
     iAmpSum                           4
     iActivSum                         4
     sVACount                          2
     sActiveCount                      2
     iInterVal                         2
     sStoreDelay                       2
     sStorePage                        2
     usStoreNo                         2
     usMeasureBuf                    256
     FlashCmd                          1
     DataMonit                         1
     MeasureNo                         1
     AT91F_Flash_Ready                28
     AT91F_Flash_Init                 16
     AT91F_Flash_Lock_Status          12
     AT91F_Flash_Lock                 20
     ?Subroutine20                    28
     AT91F_Flash_Check_Erase          38
     AT91F_Flash_Erase_All            40
     AT91F_Flash_Unlock               16
     po_unlock                        52
     po_lock                          76
     AT91F_Flash_Write               100
     AT91F_Flash_Write_all            60
     backup_data_read                 72
     ?Subroutine21                     6
     backup_data_save                 48
     ?Subroutine22                    12
     print_flash_cmd                  44
     memory_view_word8               112
     flash_test_function            1756
     ?Subroutine23                    16
     usViewBuf                       256
     sample_data_view                124
     ?Subroutine24                    40
     recore_data_view                160
     flash_move_to_view               48
     RecordAdd                         2
     Result                           60
     flash_edit_function            1708
     ??DataTable4                      4
     ??DataTable5                      4
     ??DataTable6                      4
     ??DataTable7                      4
     ??DataTable10                     4
     ??DataTable11                     4
     ??DataTable12                     4
     ??DataTable13                     4
     ??DataTable14                     4
     ??DataTable15                     4
     ??DataTable16                     4
     ??DataTable19                     4
     ??DataTable21                     4
     ??DataTable22                     4
     ?<Initializer for Result>        60
     ?<Constant "\n>Page[%03Xh] ERASE..">
                                    1152
     ?<Constant "\n%02d:%04dV %04dA %04dW">
                                      24
     ?<Constant "\nPage:%03d [BLANK]">
                                     112
     ?<Constant "*">                   2
     ?<Constant "\n1:Write Page">     96
      Others                         340

 
 4 498 bytes in segment CODE
   510 bytes in segment CODE_I
 1 386 bytes in segment DATA_C
    60 bytes in segment DATA_I
    60 bytes in segment DATA_ID
 1 077 bytes in segment DATA_Z
    36 bytes in segment INITTAB
 
 4 688 bytes of CODE  memory (+ 356 bytes shared)
 1 446 bytes of CONST memory
 1 137 bytes of DATA  memory

Errors: none
Warnings: 5
