##############################################################################
#                                                                            #
# IAR ARM ANSI C/C++ Compiler V4.40A/W32 EVALUATION    29/Aug/2007  11:14:23 #
# Copyright 1999-2005 IAR Systems. All rights reserved.                      #
#                                                                            #
#    Cpu mode        =  interwork                                            #
#    Endian          =  little                                               #
#    Stack alignment =  8                                                    #
#    Source file     =  C:\E-pia\EpiaGuardMain_v099\EpiaGuardMain\src\EpiaLo #
#                       adMonit_Modem.c                                      #
#    Command line    =  C:\E-pia\EpiaGuardMain_v099\EpiaGuardMain\src\EpiaLo #
#                       adMonit_Modem.c -D NDEBUG -lC                        #
#                       C:\E-pia\EpiaGuardMain_v099\EpiaGuardMain\compil\RAM #
#                       _Debug\List\ -lB C:\E-pia\EpiaGuardMain_v099\EpiaGua #
#                       rdMain\compil\RAM_Debug\List\ -o                     #
#                       C:\E-pia\EpiaGuardMain_v099\EpiaGuardMain\compil\RAM #
#                       _Debug\Obj\ -z9 --debug --cpu_mode thumb --endian    #
#                       little --cpu ARM7TDMI --stack_align 8 --interwork    #
#                       -e --fpu None --dlib_config "C:\Program Files\IAR    #
#                       Systems\Embedded Workbench 4.0                       #
#                       Evaluation\ARM\LIB\dl4tptinl8n.h" -I                 #
#                       C:\E-pia\EpiaGuardMain_v099\EpiaGuardMain\compil\src #
#                       IAR\ -I C:\E-pia\EpiaGuardMain_v099\EpiaGuardMain\co #
#                       mpil\..\src\ -I C:\E-pia\EpiaGuardMain_v099\EpiaGuar #
#                       dMain\compil\..\..\ -I "C:\Program Files\IAR         #
#                       Systems\Embedded Workbench 4.0 Evaluation\ARM\INC\"  #
#    List file       =  C:\E-pia\EpiaGuardMain_v099\EpiaGuardMain\compil\RAM #
#                       _Debug\List\EpiaLoadMonit_Modem.lst                  #
#    Object file     =  C:\E-pia\EpiaGuardMain_v099\EpiaGuardMain\compil\RAM #
#                       _Debug\Obj\EpiaLoadMonit_Modem.r79                   #
#                                                                            #
#                                                                            #
##############################################################################

C:\E-pia\EpiaGuardMain_v099\EpiaGuardMain\src\EpiaLoadMonit_Modem.c
      1          // ----------------------------------------------------------------------------
      2          //         Epiatech co,. LTD  -  Lee Y k  -
      3          // ----------------------------------------------------------------------------
      4          // File Name           : EpiaGate_RFID.c
      5          // Object              : EpiaGate Test Kit RFID Reader Interface Function
      6          // RFID Reader model   : ETS 13.5MHz
      7          // Maker               : ETS CO.
      8          // Creation            : 2006-12-06
      9          // ----------------------------------------------------------------------------
     10          
     11          // Include Standard LIB  files
     12          #include "project.h"
     13          
     14          #define	SV_STX		ASC_STX
     15          #define	SV_ETX		ASC_ETX
     16          #define RX_SIZE_MDM   256
     17          #define DATA_SIZE_MDM 16
     18          
     19          #define	GET_MODEM	getchar1
     20          #define	PUT_MODEM	putchar1
     21          
     22          #define	PACKET_OK	'A0'
     23          #define	PK_SUM_ERR	'A1'
     24          #define	PK_NO_CMD	'A2'
     25          #define	DATA_REQUEST	'DR'
     26          #define	DATA_REQ_ACK	'dr'
     27          #define	SET_RTC		'ST'
     28          #define	SET_RTC_ACK	'st'
     29          #define	DELAY_CLEAR	'TO'
     30          #define	DELAY_CLR_ACK	'to'
     31          

   \                                 In segment DATA_C, align 4, align-sorted
   \                     `?<Constant "\\nMODEM CTS CLEAR">`:
   \   00000000   0A4D4F44454D       DC8 "\012MODEM CTS CLEAR"
   \              204354532043
   \              4C45415200  
   \   00000011   000000             DC8 0, 0, 0
   \   00000014   0A54494D4520       DC8 "\012TIME OUT"
   \              4F555400    
   \   0000001E   0000               DC8 0, 0
   \   00000020   0A3E4D6F6465       DC8 "\012>Modem Start Error"
   \              6D2053746172
   \              74204572726F
   \              7200        
   \   00000034   0A3E53657665       DC8 "\012>Sever Time Out"
   \              722054696D65
   \              204F757400  
   \   00000045   000000             DC8 0, 0, 0
   \   00000048   0A5E5B2B2B2B       DC8 "\012^[+++^["
   \              5E5B00      
   \   00000051   000000             DC8 0, 0, 0
   \   00000054   0A3E52435620       DC8 "\012>RCV Error:%2d"
   \              4572726F723A
   \              25326400    
   \   00000064   0A7573536576       DC8 "\012usSeverMsg:%04X"
   \              65724D73673A
   \              2530345800  
   \   00000075   000000             DC8 0, 0, 0
   \   00000078   0A3E3F496E76       DC8 "\012>?Invalid Command"
   \              616C69642043
   \              6F6D6D616E64
   \              00          
   \   0000008B   00                 DC8 0
   \   0000008C   0A3E44617461       DC8 "\012>Data Tx Fail!!"
   \              205478204661
   \              696C212100  
   \   0000009D   000000             DC8 0, 0, 0
   \   000000A0   0A3E57616974       DC8 "\012>Wait Time Extend"
   \              2054696D6520
   \              457874656E64
   \              00          
   \   000000B3   00                 DC8 0
   \   000000B4   0A3E44617461       DC8 "\012>Data Tx Success"
   \              205478205375
   \              636365737300
   \   000000C6   0000               DC8 0, 0
   \   000000C8   0A5072657373       DC8 "\012Press key..\012"
   \              206B65792E2E
   \              0A00        
   \   000000D6   0000               DC8 0, 0
   \   000000D8   0A4D6F64656D       DC8 "\012Modem Power OFF"
   \              20506F776572
   \              204F464600  
   \   000000E9   000000             DC8 0, 0, 0
   \   000000EC   0A4D6F64656D       DC8 "\012Modem Power ON"
   \              20506F776572
   \              204F4E00    
   \   000000FC   0A5072657373       DC8 "\012Press key:Monit END"
   \              206B65793A4D
   \              6F6E69742045
   \              4E4400      
   \   00000111   000000             DC8 0, 0, 0
   \   00000114   0A3C4D4F4445       DC8 "\012<MODEM status monit>"
   \              4D2073746174
   \              7573206D6F6E
   \              69743E00    
   \   0000012A   0000               DC8 0, 0
   \   0000012C   0A3E4D6F6465       DC8 "\012>Modem Start.."
   \              6D2053746172
   \              742E2E00    
   \   0000013C   0A3E4D4F4445       DC8 "\012>MODEM RTS CLEAR"
   \              4D2052545320
   \              434C45415200
   \   0000014E   0000               DC8 0, 0
   \   00000150   0A3E4D4F4445       DC8 "\012>MODEM RTS SET"
   \              4D2052545320
   \              53455400    
   \   00000160   0A5B55505D20       DC8 "\012[UP] 1 Packet Send  "
   \              31205061636B
   \              65742053656E
   \              64202000    
   \   00000176   0000               DC8 0, 0
   \   00000178   0A393A504F57       DC8 "\0129:POWER ON 0:OFF    "
   \              4552204F4E20
   \              303A4F464620
   \              20202000    
   \   0000018E   0000               DC8 0, 0
   \   00000190   0A373A5E5D2B       DC8 "\0127:^]+++^[ 8:MONIT   "
   \              2B2B5E5B2038
   \              3A4D4F4E4954
   \              20202000    
   \   000001A6   0000               DC8 0, 0
   \   000001A8   0A353A415445       DC8 "\0125:ATE0    6:SV_CALL "
   \              302020202036
   \              3A53565F4341
   \              4C4C2000    
   \   000001BE   0000               DC8 0, 0
   \   000001C0   0A333A41542B       DC8 "\0123:AT+CRM=129 4:ATS=0"
   \              43524D3D3132
   \              3920343A4154
   \              533D3000    
   \   000001D6   0000               DC8 0, 0
   \   000001D8   0A313A525453       DC8 "\0121:RTS ON  2:RTS OFF "
   \              204F4E202032
   \              3A525453204F
   \              46462000    
   \   000001EE   0000               DC8 0, 0
   \   000001F0   3C3C204D4F44       DC8 "<< MODEM Control >>"
   \              454D20436F6E
   \              74726F6C203E
   \              3E00        
   \   00000204   0A3E4D4F4445       DC8 "\012>MODEM CTS SET"
   \              4D2043545320
   \              53455400    
   \   00000214   0A3E4D4F4445       DC8 "\012>MODEM CTS CLEAR"
   \              4D2043545320
   \              434C45415200
   \   00000226   0000               DC8 0, 0
   \   00000228   0A3E4E4F573A       DC8 "\012>NOW: [RS232C] "
   \              205B52533233
   \              32435D2000  
   \   00000239   000000             DC8 0, 0, 0
   \   0000023C   0A3E4E4F573A       DC8 "\012>NOW: [Modem] "
   \              205B4D6F6465
   \              6D5D2000    
   \   0000024C   0A5B4D454E55       DC8 "\012[MENU]:goto MAIN"
   \              5D3A676F746F
   \              204D41494E00
   \   0000025E   0000               DC8 0, 0
   \   00000260   0A393A506172       DC8 "\0129:Parameter Save "
   \              616D65746572
   \              205361766520
   \              00          
   \   00000273   00                 DC8 0
   \   00000274   0A323A525332       DC8 "\0122:RS232C Connect"
   \              33324320436F
   \              6E6E65637400
   \   00000286   0000               DC8 0, 0
   \   00000288   0A313A4D6F64       DC8 "\0121:Modem Connect"
   \              656D20436F6E
   \              6E65637400  
   \   00000299   000000             DC8 0, 0, 0
   \   0000029C   3C436F6E6E65       DC8 "<Connect Select>"
   \              63742053656C
   \              6563743E00  
   \   000002AD   000000             DC8 0, 0, 0
     32          const unsigned char ATCRM129[] = {"AT+CRM=129\r"}; 
   \                     ATCRM129:
   \   000002B0   41542B43524D       DC8 "AT+CRM=129\015"
   \              3D3132390D00
     33          const unsigned char ATS01[] = {"ATS0=1\r"}; 
   \                     ATS01:
   \   000002BC   415453303D31       DC8 "ATS0=1\015"
   \              0D00        
     34          //const unsigned char END_CODE[] = {"^]+++^[\n"};
     35          const unsigned char END_CODE[] = {0x1D, 0x2B, 0x2B, 0x2B, 0x1B, 0x0D};
   \                     END_CODE:
   \   000002C4   1D2B2B2B1B0D       DC8 29, 43, 43, 43, 27, 13, 0, 0
   \              0000        
     36          const unsigned char ATE0[] = {"ATE0\r"};
   \                     ATE0:
   \   000002CC   415445300D00       DC8 "ATE0\015"
   \   000002D2   0000               DC8 0, 0
     37          const unsigned char SEVER_CALL[] = {"ATDT01071068791\r"};
   \                     SEVER_CALL:
   \   000002D4   415444543031       DC8 "ATDT01071068791\015"
   \              303731303638
   \              3739310D00  
   \   000002E5   000000             DC8 0, 0, 0
     38          const unsigned char PK_SAMPLE[] = {"0001 0002 2007/07/04 2207 234 1810\r"};
   \                     PK_SAMPLE:
   \   000002E8   303030312030       DC8 "0001 0002 2007/07/04 2207 234 1810\015"
   \              303032203230
   \              30372F30372F
   \              303420323230
   \              372032333420
   \              313831300D00
     39          

   \                                 In segment DATA_Z, align 1, align-sorted
     40          unsigned char StepMDM, RxMDM, ErrMDM, WaitMDM;
   \                     StepMDM:
   \   00000000                      DS8 1

   \                                 In segment DATA_Z, align 1, align-sorted
   \                     RxMDM:
   \   00000000                      DS8 1

   \                                 In segment DATA_Z, align 1, align-sorted
   \                     ErrMDM:
   \   00000000                      DS8 1

   \                                 In segment DATA_Z, align 1, align-sorted
   \                     WaitMDM:
   \   00000000                      DS8 1

   \                                 In segment DATA_Z, align 4, align-sorted
     41          unsigned char RxBufMDM[RX_SIZE_MDM];
   \                     RxBufMDM:
   \   00000000                      DS8 256
     42          
     43          unsigned short usRxPacketNo;
     44          unsigned short usRxDeviceNo;
     45          unsigned short usTxPacketNo, usTxPacketNo0;
     46          unsigned short usSeverMsg;
     47          unsigned short usReplyMsg;
     48          unsigned short RxDataLenth;
     49          unsigned short TxDataLenth;
     50          unsigned char ErrGenerate;
     51          char ModemErr;
     52          char ModemRetry;
     53          unsigned char SvrYear, SvrMonth, SvrDate;
     54          unsigned char SvrHour, SvrMinute, SvrSec;
     55          char Com2Mode;
     56          void sample_data_send(unsigned short msg);
     57          char sv_msgpkt_varify(unsigned char size);
     58          
     59          // rx sample: 02 00 44 00 35 00 43 00 35 00 30 00 46 00 30 00 33 00 30 00 30 00 30 00 31 00 30 00 34 00 45 00 30 00 03 00 

   \                                 In segment CODE, align 4, keep-with-next
     60          char is_data_hex(unsigned char data)
     61          {
   \                     is_data_hex:
   \   00000000   00B5               PUSH     {LR}
   \   00000002   0100               MOVS     R1,R0
     62            char err;
     63            err = 1;
   \   00000004   0120               MOVS     R0,#+1
     64            //if ((data >= '0')&(data <= '9')) err = 0;
     65            // else if ((data >= 'A')&(data <= 'F')) err = 0;
     66            if ((data >= 48)&(data <= 57)) err = 0;
   \   00000006   3029               CMP      R1,#+48
   \   00000008   01D3               BCC      ??is_data_hex_0
   \   0000000A   3A29               CMP      R1,#+58
   \   0000000C   03D3               BCC      ??is_data_hex_1
     67             else if ((data >= 65)&(data <= 70)) err = 0;
   \                     ??is_data_hex_0:
   \   0000000E   4129               CMP      R1,#+65
   \   00000010   02D3               BCC      ??is_data_hex_2
   \   00000012   4729               CMP      R1,#+71
   \   00000014   00D2               BCS      ??is_data_hex_2
   \                     ??is_data_hex_1:
   \   00000016   0020               MOVS     R0,#+0
     68            return err;
   \                     ??is_data_hex_2:
   \   00000018   02BC               POP      {R1}
   \   0000001A   0847               BX       R1               ;; return
     69          }
     70          

   \                                 In segment CODE, align 4, keep-with-next
     71          short calc_checksum(unsigned char *ptr, char size)
     72          {
   \                     calc_checksum:
   \   00000000   10B5               PUSH     {R4,LR}
   \   00000002   0200               MOVS     R2,R0
     73            short sum;
     74            char lp;
     75            sum = 0;
   \   00000004   0020               MOVS     R0,#+0
     76            size = size + 1;
   \   00000006   491C               ADDS     R1,R1,#+1
     77            for (lp = 1; lp < size; lp++) 
   \   00000008   0123               MOVS     R3,#+1
   \   0000000A   07E0               B        ??calc_checksum_0
     78            {
     79              sum = sum + *ptr;
   \                     ??calc_checksum_1:
   \   0000000C   1478               LDRB     R4,[R2, #+0]
   \   0000000E   0019               ADDS     R0,R0,R4
   \   00000010   0004               LSLS     R0,R0,#+16
   \   00000012   0014               ASRS     R0,R0,#+16
     80              ptr++;
   \   00000014   521C               ADDS     R2,R2,#+1
     81            }
   \   00000016   5B1C               ADDS     R3,R3,#+1
   \   00000018   1B06               LSLS     R3,R3,#+24
   \   0000001A   1B0E               LSRS     R3,R3,#+24
   \                     ??calc_checksum_0:
   \   0000001C   0906               LSLS     R1,R1,#+24
   \   0000001E   090E               LSRS     R1,R1,#+24
   \   00000020   8B42               CMP      R3,R1
   \   00000022   F3D3               BCC      ??calc_checksum_1
     82            return sum;
   \   00000024   ....               B.N      ?Subroutine43
     83          }

   \                                 In segment CODE, align 4, keep-with-next
   \                     ?Subroutine43:
   \   00000000   10BC               POP      {R4}
   \   00000002   02BC               POP      {R1}
   \   00000004   0847               BX       R1               ;; return
   \   00000006   C046               Nop      
   \                     ??Subroutine43_0:
   \   00000008   ........           DC32     rx_rd_index1
   \   0000000C   ........           DC32     rx_wr_index1
     84          

   \                                 In segment CODE, align 4, keep-with-next
     85          void put_modem(unsigned char c)
     86          {
   \                     put_modem:
   \   00000000   01B5               PUSH     {R0,LR}
     87            if (!Com2Mode) PUT_MODEM(c);
   \   00000002   ....               LDR      R1,??DataTable13  ;; ErrGenerate + 9
   \   00000004   0978               LDRB     R1,[R1, #+0]
   \   00000006   0029               CMP      R1,#+0
   \   00000008   02D1               BNE      ??put_modem_0
   \   0000000A   ........           _BLF     putchar1,??putchar1??rT
   \   0000000E   01E0               B        ??put_modem_1
     88            else putchar2(c);
   \                     ??put_modem_0:
   \   00000010   ........           _BLF     putchar2,??putchar2??rT
     89          }
   \                     ??put_modem_1:
   \   00000014   ........           BL       ??Subroutine44_1

   \                                 In segment CODE, align 4, keep-with-next
   \                     ?Subroutine44:
   \   00000000   ....               LDR      R0,??DataTable80  ;; SeverSendData
   \   00000002   ........           BL       putstring_modem
   \   00000006   ....               LDR      R0,??DataTable86  ;; ErrGenerate
   \   00000008   418B               LDRH     R1,[R0, #+26]
   \   0000000A   8183               STRH     R1,[R0, #+28]
   \                     ??Subroutine44_0:
   \   0000000C   491C               ADDS     R1,R1,#+1
   \   0000000E   4183               STRH     R1,[R0, #+26]
   \                     ??Subroutine44_1:
   \   00000010   08BC               POP      {R3}
   \   00000012   01BC               POP      {R0}
   \   00000014   0047               BX       R0               ;; return
     90          

   \                                 In segment CODE, align 4, keep-with-next
     91          unsigned char get_modem(void)
     92          {
   \                     get_modem:
   \   00000000   01B5               PUSH     {R0,LR}
     93            unsigned char c;
     94            if (!Com2Mode) c = GET_MODEM();
   \   00000002   ....               LDR      R0,??DataTable13  ;; ErrGenerate + 9
   \   00000004   0078               LDRB     R0,[R0, #+0]
   \   00000006   0028               CMP      R0,#+0
   \   00000008   02D1               BNE      ??get_modem_0
   \   0000000A   ........           _BLF     getchar1,??getchar1??rT
   \   0000000E   01E0               B        ??get_modem_1
     95            else c = getchar2();
   \                     ??get_modem_0:
   \   00000010   ........           _BLF     getchar2,??getchar2??rT
     96            return c;
   \                     ??get_modem_1:
   \   00000014   08BC               POP      {R3}
   \   00000016   02BC               POP      {R1}
   \   00000018   0847               BX       R1               ;; return
     97          }
     98          

   \                                 In segment CODE, align 4, keep-with-next
     99          char rx_usart(void)
    100          {
   \                     rx_usart:
   \   00000000   10B5               PUSH     {R4,LR}
    101            char rx;
    102            rx = 0;
   \   00000002   0020               MOVS     R0,#+0
    103            if (!Com2Mode) 
   \   00000004   ....               LDR      R2,??DataTable13  ;; ErrGenerate + 9
   \   00000006   1278               LDRB     R2,[R2, #+0]
   \   00000008   002A               CMP      R2,#+0
   \   0000000A   04D1               BNE      ??rx_usart_0
    104            {
    105              if (rx_rd_index1 != rx_wr_index1) rx = 1;
   \   0000000C   ....               LDR      R2,??Subroutine43_0  ;; rx_rd_index1
   \   0000000E   0023               MOVS     R3,#+0
   \   00000010   D25E               LDRSH    R2,[R2, R3]
   \   00000012   ....               LDR      R3,??Subroutine43_0+0x4  ;; rx_wr_index1
   \   00000014   03E0               B.N      ??rx_usart_1
    106            }
    107            else 
    108            {
    109              if (rx_rd_index2 != rx_wr_index2) rx = 1;
   \                     ??rx_usart_0:
   \   00000016   ....               LDR      R2,??DataTable3  ;; rx_rd_index2
   \   00000018   0023               MOVS     R3,#+0
   \   0000001A   D25E               LDRSH    R2,[R2, R3]
   \   0000001C   ....               LDR      R3,??DataTable4  ;; rx_wr_index2
   \                     ??rx_usart_1:
   \   0000001E   0024               MOVS     R4,#+0
   \   00000020   1B5F               LDRSH    R3,[R3, R4]
   \   00000022   9A42               CMP      R2,R3
   \   00000024   00D0               BEQ      ??rx_usart_2
   \   00000026   0120               MOVS     R0,#+1
    110            }
    111            return rx;
   \                     ??rx_usart_2:
   \   00000028                      REQUIRE ?Subroutine43
   \   00000028                      ;; // Fall through to label ?Subroutine43
    112          }
    113          

   \                                 In segment CODE, align 4, keep-with-next
    114          void putstring_modem(unsigned char* ptr)
    115          {
   \                     putstring_modem:
   \   00000000   F1B5               PUSH     {R0,R4-R7,LR}
   \   00000002   0700               MOVS     R7,R0
    116            unsigned char c, end;
    117            end = 1;
   \   00000004   0126               MOVS     R6,#+1
   \   00000006   ....               LDR      R5,??DataTable12  ;; ErrGenerate
    118            
    119            do 
    120            {
    121              c = *ptr;
   \                     ??putstring_modem_0:
   \   00000008   3C78               LDRB     R4,[R7, #+0]
    122              put_modem(c);
   \   0000000A   2000               MOVS     R0,R4
   \   0000000C   ........           BL       put_modem
    123              if (!Com2Mode) delay_us(200); //else delay_us(500);
   \   00000010   687A               LDRB     R0,[R5, #+9]
   \   00000012   0028               CMP      R0,#+0
   \   00000014   02D1               BNE      ??putstring_modem_1
   \   00000016   C820               MOVS     R0,#+200
   \   00000018   ........           _BLF     delay_us,??delay_us??rT
    124              
    125              if ((c == SV_ETX)|(c == '\r')|(c == '\n')) end = 0;
   \                     ??putstring_modem_1:
   \   0000001C   032C               CMP      R4,#+3
   \   0000001E   03D0               BEQ      ??putstring_modem_2
   \   00000020   0D2C               CMP      R4,#+13
   \   00000022   01D0               BEQ      ??putstring_modem_2
   \   00000024   0A2C               CMP      R4,#+10
   \   00000026   00D1               BNE      ??putstring_modem_3
   \                     ??putstring_modem_2:
   \   00000028   0026               MOVS     R6,#+0
    126              ptr++;
   \                     ??putstring_modem_3:
   \   0000002A   7F1C               ADDS     R7,R7,#+1
    127              
    128              ifMODEMctrl 
   \   0000002C   ....               LDR      R0,??DataTable6  ;; ExecMode
   \   0000002E   0078               LDRB     R0,[R0, #+0]
   \   00000030   0328               CMP      R0,#+3
   \   00000032   01D0               BEQ      ??putstring_modem_4
   \   00000034   0B28               CMP      R0,#+11
   \   00000036   1BD1               BNE      ??putstring_modem_5
    129                if (Com2Mode)
   \                     ??putstring_modem_4:
   \   00000038   687A               LDRB     R0,[R5, #+9]
   \   0000003A   0028               CMP      R0,#+0
   \   0000003C   0ED0               BEQ      ??putstring_modem_6
    130                {      
    131                  if(c == SV_STX) printf("\n(");
   \   0000003E   022C               CMP      R4,#+2
   \   00000040   03D1               BNE      ??putstring_modem_7
   \   00000042   ....               ADR      R0,??Subroutine45_0  ;; "\n("
   \                     ??putstring_modem_8:
   \   00000044   ........           _BLF     printf,??printf??rT
   \   00000048   12E0               B        ??putstring_modem_5
    132                  else if (c == SV_ETX) printf(")");
   \                     ??putstring_modem_7:
   \   0000004A   032C               CMP      R4,#+3
   \   0000004C   01D1               BNE      ??putstring_modem_9
   \   0000004E   ....               ADR      R0,??Subroutine45_0+0x4  ;; ")"
   \   00000050   F8E7               B.N      ??putstring_modem_8
    133                  else printf("%1c",c);
   \                     ??putstring_modem_9:
   \   00000052   2100               MOVS     R1,R4
   \   00000054   ....               ADR      R0,??DataTable7  ;; "%1c"
   \   00000056   ........           _BLF     printf,??printf??rT
   \   0000005A   09E0               B        ??putstring_modem_5
    134                }
    135                else 
    136                {
    137                  if(c == SV_STX) putchar2('(');
   \                     ??putstring_modem_6:
   \   0000005C   2000               MOVS     R0,R4
   \   0000005E   0228               CMP      R0,#+2
   \   00000060   01D1               BNE      ??putstring_modem_10
   \   00000062   2820               MOVS     R0,#+40
   \   00000064   02E0               B.N      ??putstring_modem_11
    138          	else if (c == SV_ETX) putchar2(')');
   \                     ??putstring_modem_10:
   \   00000066   0328               CMP      R0,#+3
   \   00000068   00D1               BNE      ??putstring_modem_11
   \   0000006A   2920               MOVS     R0,#+41
    139                  else putchar2(c);
   \                     ??putstring_modem_11:
   \   0000006C   ........           _BLF     putchar2,??putchar2??rT
    140                }
    141            } while(end);           
   \                     ??putstring_modem_5:
   \   00000070   002E               CMP      R6,#+0
   \   00000072   C9D1               BNE      ??putstring_modem_0
    142          }
   \   00000074                      REQUIRE ?Subroutine45
   \   00000074                      ;; // Fall through to label ?Subroutine45

   \                                 In segment CODE, align 4, keep-with-next
   \                     ?Subroutine45:
   \   00000000   F8BC               POP      {R3-R7}
   \   00000002   01BC               POP      {R0}
   \   00000004   0047               BX       R0               ;; return
   \   00000006   C046               Nop      
   \                     ??Subroutine45_0:
   \   00000008   0A280000           DC8      "\n(",+0
   \   0000000C   29000000           DC8      ")",+0,+0
    143              
    144          /*************************************************/
    145          /* 통신장치를 모뎀 또는 RS232C 직접연결로 전환   */ 
    146          /* 모뎀 없이 Com2 port를 통하여 서버와 직접 연결 */
    147          /*************************************************/
    148          #define	MODEM_ON		1

   \                                 In segment CODE, align 4, keep-with-next
    149          void connect_select_function(void)
    150          {
   \                     connect_select_function:
   \   00000000   F1B5               PUSH     {R0,R4-R7,LR}
    151            switch (sExecStep)
   \   00000002   0126               MOVS     R6,#+1
   \   00000004   0027               MOVS     R7,#+0
   \   00000006   ....               LDR      R5,??DataTable12  ;; ErrGenerate
   \   00000008   ....               LDR      R4,??DataTable9  ;; sExecStep
   \   0000000A   2088               LDRH     R0,[R4, #+0]
   \   0000000C   0428               CMP      R0,#+4
   \   0000000E   53D8               BHI      ??connect_select_function_1
   \   00000010   01A1               ADR      R1,??connect_select_function_0
   \   00000012   095C               LDRB     R1,[R1, R0]
   \   00000014   8F44               ADD      PC,PC,R1
   \   00000016   C046               Nop      
   \                     ??connect_select_function_0:
   \   00000018   060E6CB2           DC8      +6,+14,+108,+178
   \   0000001C   B800               DC8      +184,+0
    152           {   
    153            case 0:
    154              display_mode(0);
   \                     ??connect_select_function_2:
   \   0000001E   0020               MOVS     R0,#+0
   \   00000020   ........           _BLF     display_mode,??display_mode??rT
   \   00000024   2AE0               B        ??connect_select_function_3
    155              sExecStep++;
    156              return;
    157              
    158            case 1:
    159              screen_clear();
   \                     ??connect_select_function_4:
   \   00000026   ........           _BLF     screen_clear,??screen_clear??rT
    160              DelayStep = 0;
   \   0000002A   2D48               LDR      R0,??connect_select_function_5  ;; DelayStep
   \   0000002C   0770               STRB     R7,[R0, #+0]
    161              debug_monit(MONOUT);
   \   0000002E   0120               MOVS     R0,#+1
   \   00000030   ........           _BLF     debug_monit,??debug_monit??rT
    162              printf("<Connect Select>");
   \   00000034   ....               LDR      R6,??DataTable10  ;; `?<Constant "\\nMODEM CTS CLEAR">`
   \   00000036   A720               MOVS     R0,#+167
   \   00000038   8000               LSLS     R0,R0,#+2        ;; #+668
   \   0000003A   3018               ADDS     R0,R6,R0
   \   0000003C   ........           _BLF     printf,??printf??rT
    163              printf("\n1:Modem Connect");
   \   00000040   A220               MOVS     R0,#+162
   \   00000042   8000               LSLS     R0,R0,#+2        ;; #+648
   \   00000044   3018               ADDS     R0,R6,R0
   \   00000046   ........           _BLF     printf,??printf??rT
    164              printf("\n2:RS232C Connect");
   \   0000004A   9D20               MOVS     R0,#+157
   \   0000004C   8000               LSLS     R0,R0,#+2        ;; #+628
   \   0000004E   3018               ADDS     R0,R6,R0
   \   00000050   ........           _BLF     printf,??printf??rT
    165              printf("\n9:Parameter Save ");
   \   00000054   9820               MOVS     R0,#+152
   \   00000056   8000               LSLS     R0,R0,#+2        ;; #+608
   \   00000058   3018               ADDS     R0,R6,R0
   \   0000005A   ........           _BLF     printf,??printf??rT
    166              printf("\n[MENU]:goto MAIN");
   \   0000005E   9320               MOVS     R0,#+147
   \   00000060   8000               LSLS     R0,R0,#+2        ;; #+588
   \   00000062   3018               ADDS     R0,R6,R0
   \   00000064   ........           _BLF     printf,??printf??rT
    167              if (!Com2Mode) printf("\n>NOW: [Modem] ");
   \   00000068   687A               LDRB     R0,[R5, #+9]
   \   0000006A   0028               CMP      R0,#+0
   \   0000006C   01D1               BNE      ??connect_select_function_6
   \   0000006E   8F20               MOVS     R0,#+143
   \   00000070   00E0               B.N      ??connect_select_function_7
    168               else printf("\n>NOW: [RS232C] ");
   \                     ??connect_select_function_6:
   \   00000072   8A20               MOVS     R0,#+138
   \                     ??connect_select_function_7:
   \   00000074   8000               LSLS     R0,R0,#+2        ;; #+552
   \   00000076   3018               ADDS     R0,R6,R0
   \   00000078   ........           _BLF     printf,??printf??rT
    169              sExecStep++;
   \                     ??connect_select_function_3:
   \   0000007C   2088               LDRH     R0,[R4, #+0]
   \   0000007E   401C               ADDS     R0,R0,#+1
   \                     ??connect_select_function_8:
   \   00000080   2080               STRH     R0,[R4, #+0]
    170              return;
   \                     ??connect_select_function_9:
   \   00000082   ....               B.N      ?Subroutine45
    171            
    172            case 2:
    173            if (bPushKey == '1') sExecStep = 3;
   \                     ??connect_select_function_10:
   \   00000084   ....               LDR      R0,??DataTable11  ;; bPushKey
   \   00000086   0078               LDRB     R0,[R0, #+0]
   \   00000088   3128               CMP      R0,#+49
   \   0000008A   01D1               BNE      ??connect_select_function_11
   \   0000008C   0320               MOVS     R0,#+3
   \   0000008E   F7E7               B.N      ??connect_select_function_8
    174              else if (bPushKey == '2') sExecStep = 4;
   \                     ??connect_select_function_11:
   \   00000090   3228               CMP      R0,#+50
   \   00000092   01D1               BNE      ??connect_select_function_12
   \   00000094   0420               MOVS     R0,#+4
   \   00000096   F3E7               B.N      ??connect_select_function_8
    175              else if (bPushKey == '9') 
   \                     ??connect_select_function_12:
   \   00000098   3928               CMP      R0,#+57
   \   0000009A   05D1               BNE      ??connect_select_function_13
    176              {
    177                execmode_change(METER_CALIBRATE); 
   \   0000009C   0820               MOVS     R0,#+8
   \   0000009E   ........           _BLF     execmode_change,??execmode_change??rT
    178                sExecStep = PARAMETER_SAVE;
   \   000000A2   FA20               MOVS     R0,#+250
   \   000000A4   C000               LSLS     R0,R0,#+3        ;; #+2000
   \   000000A6   EBE7               B.N      ??connect_select_function_8
    179              }
    180              else if (MENU_KEY) execmode_change(MAIN_MENU);
   \                     ??connect_select_function_13:
   \   000000A8   6128               CMP      R0,#+97
   \   000000AA   03D1               BNE      ??connect_select_function_14
   \   000000AC   0020               MOVS     R0,#+0
   \                     ??connect_select_function_15:
   \   000000AE   ........           _BLF     execmode_change,??execmode_change??rT
   \   000000B2   E6E7               B        ??connect_select_function_9
    181              else if (ANY_KEY) sExecStep = 1;
   \                     ??connect_select_function_14:
   \   000000B4   0028               CMP      R0,#+0
   \   000000B6   01D0               BEQ      ??connect_select_function_16
   \                     ??connect_select_function_1:
   \   000000B8   2680               STRH     R6,[R4, #+0]
   \   000000BA   E2E7               B        ??connect_select_function_9
    182              else if (step_delay(SEC_1*60)) execmode_change(POWER_METER);
   \                     ??connect_select_function_16:
   \   000000BC   0948               LDR      R0,??connect_select_function_5+0x4  ;; 0x7530
   \   000000BE   ........           _BLF     step_delay,??step_delay??rT
   \   000000C2   0028               CMP      R0,#+0
   \   000000C4   DDD0               BEQ      ??connect_select_function_9
   \   000000C6   0120               MOVS     R0,#+1
   \   000000C8   F1E7               B.N      ??connect_select_function_15
    183              return;
    184            
    185            case 3:
    186              Com2Mode = 0;
   \                     ??connect_select_function_17:
   \   000000CA   6F72               STRB     R7,[R5, #+9]
    187              sSVrxStep = MODEM_ON;
   \                     ??connect_select_function_18:
   \   000000CC   6E84               STRH     R6,[R5, #+34]
   \   000000CE   F3E7               B        ??connect_select_function_1
    188              sExecStep = 1;
    189              return; 
    190           
    191            case 4:
    192              Com2Mode = 1;
   \                     ??connect_select_function_19:
   \   000000D0   6E72               STRB     R6,[R5, #+9]
    193              DataMonit = 0;
   \   000000D2   0548               LDR      R0,??connect_select_function_5+0x8  ;; DataMonit
   \   000000D4   0770               STRB     R7,[R0, #+0]
    194              debug_monit(MONOUT);
   \   000000D6   0120               MOVS     R0,#+1
   \   000000D8   ........           _BLF     debug_monit,??debug_monit??rT
    195              sSVrxStep = MODEM_ON;
   \   000000DC   F6E7               B.N      ??connect_select_function_18
   \   000000DE   C046               Nop      
   \                     ??connect_select_function_5:
   \   000000E0   ........           DC32     DelayStep
   \   000000E4   30750000           DC32     0x7530
   \   000000E8   ........           DC32     DataMonit
    196              sExecStep = 1;
    197              return;
    198              
    199            default:
    200              sExecStep = 1;
    201              return;
    202           }
    203          }
    204                  
    205          /*******************************************/
    206          /*  CDMA modem RS-890  Control Functions   */
    207          /*******************************************/
    208          #define	CTS_CLEAR	10
    209          #define	CTS_SET		11
    210          char ModemCmd, ModemCtsClr, ModemCtsClr0;

   \                                 In segment CODE, align 4, keep-with-next
    211          void modem_cts_check(void)
    212          {
   \                     modem_cts_check:
   \   00000000   00B5               PUSH     {LR}
    213            ModemCtsClr = (pio_read(PIOA) & MODEM_CTS) >> 9;
   \   00000002   0A48               LDR      R0,??modem_cts_check_0  ;; 0xfffff43c
   \   00000004   0068               LDR      R0,[R0, #+0]
   \   00000006   ....               LDR      R1,??DataTable12  ;; ErrGenerate
   \   00000008   8022               MOVS     R2,#+128
   \   0000000A   9200               LSLS     R2,R2,#+2        ;; #+512
   \   0000000C   0240               ANDS     R2,R2,R0
   \   0000000E   500A               LSRS     R0,R2,#+9
   \   00000010   C872               STRB     R0,[R1, #+11]
    214            if (ModemCtsClr0 != ModemCtsClr) 
   \   00000012   0A7B               LDRB     R2,[R1, #+12]
   \   00000014   8242               CMP      R2,R0
   \   00000016   05D0               BEQ      ??modem_cts_check_1
    215              if (ModemCtsClr) 
   \   00000018   0028               CMP      R0,#+0
   \   0000001A   01D0               BEQ      ??modem_cts_check_2
    216              {
    217                ModemCmd = CTS_CLEAR;
   \   0000001C   0A22               MOVS     R2,#+10
   \   0000001E   00E0               B.N      ??modem_cts_check_3
    218                //ifMODEMctrl printf("\n>MODEM CTS CLEAR");
    219              }
    220               else
    221               {
    222                 ModemCmd = CTS_SET;
   \                     ??modem_cts_check_2:
   \   00000020   0B22               MOVS     R2,#+11
   \                     ??modem_cts_check_3:
   \   00000022   8A72               STRB     R2,[R1, #+10]
    223                 //ifMODEMctrlprintf("\n>MODEM CTS SET");
    224               }
    225            ModemCtsClr0 = ModemCtsClr;
   \                     ??modem_cts_check_1:
   \   00000024   0873               STRB     R0,[R1, #+12]
    226          }
   \   00000026   01BC               POP      {R0}
   \   00000028   0047               BX       R0               ;; return
   \   0000002A   C046               Nop      
   \                     ??modem_cts_check_0:
   \   0000002C   3CF4FFFF           DC32     0xfffff43c
    227          
    228          // Com2Mode 이면 CTS 체크 생략

   \                                 In segment CODE, align 4, keep-with-next
    229          void modem_cts_monit(void)
    230          {
   \                     modem_cts_monit:
   \   00000000   01B5               PUSH     {R0,LR}
    231            if (!Com2Mode) modem_cts_check();
   \   00000002   ....               LDR      R0,??DataTable13  ;; ErrGenerate + 9
   \   00000004   0078               LDRB     R0,[R0, #+0]
   \   00000006   0028               CMP      R0,#+0
   \   00000008   01D1               BNE      ??modem_cts_monit_0
   \   0000000A   ........           BL       modem_cts_check
    232          }
   \                     ??modem_cts_monit_0:
   \   0000000E   ........           BL       ??Subroutine44_1
    233          
    234          #define	MODEM_RTS_ON		10
    235          #define	MODEM_RTS_OFF		20
    236          #define	MODEM_ARCRM129		30
    237          #define	MODEM_ATS0		40
    238          #define	MODEM_ATE0		50
    239          #define	MODEM_SEVER_CALL 	60
    240          #define	MODEM_END_CODE		70
    241          #define	MODEM_MONIT		80
    242          #define	MODEM_POWER_ON		90
    243          #define	MODEM_POWER_OFF		100
    244          #define	MODEM_PACKET_SEND	110
    245          #define	MODEM_STATUS		200
    246          /******************************/
    247          /* CDMA모뎀 테스트 Functions  */
    248          /******************************/

   \                                 In segment CODE, align 4, keep-with-next
    249          void modem_control_function(void)
    250          {
   \                     modem_control_function:
   \   00000000   F7B5               PUSH     {R0-R2,R4-R7,LR}
    251            modem_cts_monit();
   \   00000002   ........           BL       modem_cts_monit
    252            if (ModemCmd == CTS_CLEAR) printf("\n>MODEM CTS CLEAR");
   \   00000006   ....               LDR      R4,??DataTable14  ;; ErrGenerate
   \   00000008   A07A               LDRB     R0,[R4, #+10]
   \   0000000A   ....               LDR      R5,??DataTable15  ;; `?<Constant "\\nMODEM CTS CLEAR">`
   \   0000000C   8521               MOVS     R1,#+133
   \   0000000E   8900               LSLS     R1,R1,#+2        ;; #+532
   \   00000010   6918               ADDS     R1,R5,R1
   \   00000012   0091               STR      R1,[SP, #+0]
   \   00000014   8121               MOVS     R1,#+129
   \   00000016   8900               LSLS     R1,R1,#+2        ;; #+516
   \   00000018   6918               ADDS     R1,R5,R1
   \   0000001A   0191               STR      R1,[SP, #+4]
   \   0000001C   0A28               CMP      R0,#+10
   \   0000001E   01D1               BNE      ??modem_control_function_0
   \   00000020   0098               LDR      R0,[SP, #+0]
   \   00000022   02E0               B.N      ??modem_control_function_1
    253            else if (ModemCmd == CTS_SET) printf("\n>MODEM CTS SET");
   \                     ??modem_control_function_0:
   \   00000024   0B28               CMP      R0,#+11
   \   00000026   02D1               BNE      ??modem_control_function_2
   \   00000028   0800               MOVS     R0,R1
   \                     ??modem_control_function_1:
   \   0000002A   ........           _BLF     printf,??printf??rT
   \                     ??modem_control_function_2:
   \   0000002E   ....               LDR      R0,??DataTable22  ;; bPushKey
   \   00000030   0078               LDRB     R0,[R0, #+0]
   \   00000032   ....               LDR      R6,??DataTable17  ;; ExecMode
   \   00000034   ....               LDR      R7,??DataTable18  ;; sExecStep
   \   00000036   3988               LDRH     R1,[R7, #+0]
   \   00000038   0029               CMP      R1,#+0
   \   0000003A   33D0               BEQ      ??modem_control_function_3
   \   0000003C   0129               CMP      R1,#+1
   \   0000003E   35D0               BEQ      ??modem_control_function_4
   \   00000040   0229               CMP      R1,#+2
   \   00000042   61D0               BEQ      ??modem_control_function_5
   \   00000044   0329               CMP      R1,#+3
   \   00000046   ....               BNE      .+5
   \   00000048   95E0               B        ??modem_control_function_6
   \   0000004A   0A29               CMP      R1,#+10
   \   0000004C   ....               BNE      .+5
   \   0000004E   9AE0               B        ??modem_control_function_7
   \   00000050   1429               CMP      R1,#+20
   \   00000052   ....               BNE      .+5
   \   00000054   A9E0               B        ??modem_control_function_8
   \   00000056   1E29               CMP      R1,#+30
   \   00000058   ....               BNE      .+5
   \   0000005A   B3E0               B        ??modem_control_function_9
   \   0000005C   2829               CMP      R1,#+40
   \   0000005E   ....               BNE      .+5
   \   00000060   B8E0               B        ??modem_control_function_10
   \   00000062   3229               CMP      R1,#+50
   \   00000064   ....               BNE      .+5
   \   00000066   B9E0               B        ??modem_control_function_11
   \   00000068   3C29               CMP      R1,#+60
   \   0000006A   ....               BNE      .+5
   \   0000006C   BEE0               B        ??modem_control_function_12
   \   0000006E   4629               CMP      R1,#+70
   \   00000070   ....               BNE      .+5
   \   00000072   BFE0               B        ??modem_control_function_13
   \   00000074   5029               CMP      R1,#+80
   \   00000076   ....               BNE      .+5
   \   00000078   CBE0               B        ??modem_control_function_14
   \   0000007A   5129               CMP      R1,#+81
   \   0000007C   ....               BNE      .+5
   \   0000007E   DAE0               B        ??modem_control_function_15
   \   00000080   5229               CMP      R1,#+82
   \   00000082   ....               BNE      .+5
   \   00000084   DBE0               B        ??modem_control_function_16
   \   00000086   5A29               CMP      R1,#+90
   \   00000088   ....               BNE      .+5
   \   0000008A   E7E0               B        ??modem_control_function_17
   \   0000008C   6429               CMP      R1,#+100
   \   0000008E   ....               BNE      .+5
   \   00000090   EEE0               B        ??modem_control_function_18
   \   00000092   6E29               CMP      R1,#+110
   \   00000094   71D0               BEQ      ??modem_control_function_19
   \   00000096   C829               CMP      R1,#+200
   \   00000098   ....               BNE      .+5
   \   0000009A   F3E0               B        ??modem_control_function_20
   \   0000009C   C929               CMP      R1,#+201
   \   0000009E   ....               BNE      .+5
   \   000000A0   F6E0               B        ??modem_control_function_21
   \   000000A2   11E1               B        ??modem_control_function_22
    254            
    255            switch (sExecStep)
    256           {   
    257            case 0:
    258              display_mode(0);
   \                     ??modem_control_function_3:
   \   000000A4   0020               MOVS     R0,#+0
   \   000000A6   ........           _BLF     display_mode,??display_mode??rT
   \   000000AA   5BE0               B        ??modem_control_function_23
    259              sExecStep++;
    260              return;
    261              
    262            case 1:
    263              screen_clear();
   \                     ??modem_control_function_4:
   \   000000AC   ........           _BLF     screen_clear,??screen_clear??rT
    264              debug_monit(MONOUT);
   \   000000B0   0120               MOVS     R0,#+1
   \   000000B2   ........           _BLF     debug_monit,??debug_monit??rT
    265              printf("<< MODEM Control >>");
   \   000000B6   F820               MOVS     R0,#+248
   \   000000B8   4000               LSLS     R0,R0,#+1        ;; #+496
   \   000000BA   2818               ADDS     R0,R5,R0
   \   000000BC   ........           _BLF     printf,??printf??rT
    266              printf("\n1:RTS ON  2:RTS OFF ");
   \   000000C0   EC20               MOVS     R0,#+236
   \   000000C2   4000               LSLS     R0,R0,#+1        ;; #+472
   \   000000C4   2818               ADDS     R0,R5,R0
   \   000000C6   ........           _BLF     printf,??printf??rT
    267              printf("\n3:AT+CRM=129 4:ATS=0");
   \   000000CA   E020               MOVS     R0,#+224
   \   000000CC   4000               LSLS     R0,R0,#+1        ;; #+448
   \   000000CE   2818               ADDS     R0,R5,R0
   \   000000D0   ........           _BLF     printf,??printf??rT
    268              printf("\n5:ATE0    6:SV_CALL ");
   \   000000D4   D420               MOVS     R0,#+212
   \   000000D6   4000               LSLS     R0,R0,#+1        ;; #+424
   \   000000D8   2818               ADDS     R0,R5,R0
   \   000000DA   ........           _BLF     printf,??printf??rT
    269              printf("\n7:^]+++^[ 8:MONIT   ");
   \   000000DE   C820               MOVS     R0,#+200
   \   000000E0   4000               LSLS     R0,R0,#+1        ;; #+400
   \   000000E2   2818               ADDS     R0,R5,R0
   \   000000E4   ........           _BLF     printf,??printf??rT
    270              printf("\n9:POWER ON 0:OFF    ");
   \   000000E8   BC20               MOVS     R0,#+188
   \   000000EA   4000               LSLS     R0,R0,#+1        ;; #+376
   \   000000EC   2818               ADDS     R0,R5,R0
   \   000000EE   ........           _BLF     printf,??printf??rT
    271              printf("\n[UP] 1 Packet Send  ");
   \   000000F2   B020               MOVS     R0,#+176
   \   000000F4   4000               LSLS     R0,R0,#+1        ;; #+352
   \   000000F6   2818               ADDS     R0,R5,R0
   \   000000F8   ........           _BLF     printf,??printf??rT
    272              printf("\n[MENU]:goto MAIN");
   \   000000FC   9320               MOVS     R0,#+147
   \   000000FE   8000               LSLS     R0,R0,#+2        ;; #+588
   \   00000100   2818               ADDS     R0,R5,R0
   \                     ??modem_control_function_24:
   \   00000102   ........           _BLF     printf,??printf??rT
   \   00000106   2DE0               B        ??modem_control_function_23
    273              sExecStep++;
    274              return;
    275            
    276            case 2:
    277            if (bPushKey == '1') sExecStep = MODEM_RTS_ON;
   \                     ??modem_control_function_5:
   \   00000108   3128               CMP      R0,#+49
   \   0000010A   01D1               BNE      ??modem_control_function_25
   \   0000010C   0A20               MOVS     R0,#+10
   \   0000010E   DAE0               B.N      ??modem_control_function_26
    278              else if (bPushKey == '2') sExecStep = MODEM_RTS_OFF;
   \                     ??modem_control_function_25:
   \   00000110   3228               CMP      R0,#+50
   \   00000112   01D1               BNE      ??modem_control_function_27
   \   00000114   1420               MOVS     R0,#+20
   \   00000116   D6E0               B.N      ??modem_control_function_26
    279              else if (bPushKey == '3') sExecStep = MODEM_ARCRM129;
   \                     ??modem_control_function_27:
   \   00000118   3328               CMP      R0,#+51
   \   0000011A   01D1               BNE      ??modem_control_function_28
   \   0000011C   1E20               MOVS     R0,#+30
   \   0000011E   D2E0               B.N      ??modem_control_function_26
    280              else if (bPushKey == '4') sExecStep = MODEM_ATS0;
   \                     ??modem_control_function_28:
   \   00000120   3428               CMP      R0,#+52
   \   00000122   01D1               BNE      ??modem_control_function_29
   \   00000124   2820               MOVS     R0,#+40
   \   00000126   CEE0               B.N      ??modem_control_function_26
    281              else if (bPushKey == '5') sExecStep = MODEM_ATE0;
   \                     ??modem_control_function_29:
   \   00000128   3528               CMP      R0,#+53
   \   0000012A   01D1               BNE      ??modem_control_function_30
   \   0000012C   3220               MOVS     R0,#+50
   \   0000012E   CAE0               B.N      ??modem_control_function_26
    282              else if (bPushKey == '6') sExecStep = MODEM_SEVER_CALL;
   \                     ??modem_control_function_30:
   \   00000130   3628               CMP      R0,#+54
   \   00000132   01D1               BNE      ??modem_control_function_31
   \   00000134   3C20               MOVS     R0,#+60
   \   00000136   C6E0               B.N      ??modem_control_function_26
    283              else if (bPushKey == '7') sExecStep = MODEM_END_CODE;
   \                     ??modem_control_function_31:
   \   00000138   3728               CMP      R0,#+55
   \   0000013A   01D1               BNE      ??modem_control_function_32
   \   0000013C   4620               MOVS     R0,#+70
   \   0000013E   C2E0               B.N      ??modem_control_function_26
    284              else if (bPushKey == '8') sExecStep = MODEM_MONIT; 
   \                     ??modem_control_function_32:
   \   00000140   3828               CMP      R0,#+56
   \   00000142   01D1               BNE      ??modem_control_function_33
   \   00000144   5020               MOVS     R0,#+80
   \   00000146   BEE0               B.N      ??modem_control_function_26
    285              else if (bPushKey == '9') sExecStep = MODEM_POWER_ON; 
   \                     ??modem_control_function_33:
   \   00000148   3928               CMP      R0,#+57
   \   0000014A   01D1               BNE      ??modem_control_function_34
   \   0000014C   5A20               MOVS     R0,#+90
   \   0000014E   BAE0               B.N      ??modem_control_function_26
    286              else if (bPushKey == '0') sExecStep = MODEM_POWER_OFF; 
   \                     ??modem_control_function_34:
   \   00000150   3028               CMP      R0,#+48
   \   00000152   01D1               BNE      ??modem_control_function_35
   \   00000154   6420               MOVS     R0,#+100
   \   00000156   B6E0               B.N      ??modem_control_function_26
    287              else if (bPushKey == 'b') sExecStep = MODEM_PACKET_SEND; 
   \                     ??modem_control_function_35:
   \   00000158   6228               CMP      R0,#+98
   \   0000015A   01D1               BNE      ??modem_control_function_36
   \   0000015C   6E20               MOVS     R0,#+110
   \   0000015E   B2E0               B.N      ??modem_control_function_26
    288              else if (bPushKey == 'c') sExecStep++; 
   \                     ??modem_control_function_36:
   \   00000160   6328               CMP      R0,#+99
   \   00000162   02D1               BNE      ??modem_control_function_37
   \                     ??modem_control_function_23:
   \   00000164   3888               LDRH     R0,[R7, #+0]
   \   00000166   401C               ADDS     R0,R0,#+1
   \   00000168   ADE0               B.N      ??modem_control_function_26
    289              else if (bPushKey == 'a') 
   \                     ??modem_control_function_37:
   \   0000016A   6128               CMP      R0,#+97
   \   0000016C   02D1               BNE      ??modem_control_function_38
    290              {
    291                sExecStep = 0;
   \   0000016E   0020               MOVS     R0,#+0
   \   00000170   3880               STRH     R0,[R7, #+0]
    292                ExecMode = MAIN_MENU;
   \   00000172   3070               STRB     R0,[R6, #+0]
   \                     ??modem_control_function_38:
   \   00000174   A8E0               B        ??modem_control_function_22
    293               }
    294              return;
    295            
    296            case 3:
    297              sExecStep = 1;
   \                     ??modem_control_function_6:
   \   00000176   0120               MOVS     R0,#+1
   \   00000178   A5E0               B.N      ??modem_control_function_26
    298              return; 
    299           
    300            case 4:
    301              return;
    302            
    303            case MODEM_PACKET_SEND:
    304              screen_clear();
   \                     ??modem_control_function_19:
   \   0000017A   ........           _BLF     screen_clear,??screen_clear??rT
    305              sample_data_send(DATA_REQ_ACK);
   \   0000017E   ....               LDR      R0,??DataTable19  ;; 0x6472
   \   00000180   ........           BL       sample_data_send
   \   00000184   0FE0               B        ??modem_control_function_39
    306              sExecStep = MODEM_STATUS;
    307              return;
    308           
    309            case MODEM_RTS_ON:
    310              screen_clear();
   \                     ??modem_control_function_7:
   \   00000186   ........           _BLF     screen_clear,??screen_clear??rT
    311              pio_clear(PIOA, MODEM_RTS);
   \   0000018A   5048               LDR      R0,??modem_control_function_40  ;; 0xfffff434
   \   0000018C   8021               MOVS     R1,#+128
   \   0000018E   4900               LSLS     R1,R1,#+1        ;; #+256
   \   00000190   0160               STR      R1,[R0, #+0]
    312              ifMODEMctrl printf("\n>MODEM RTS SET");
   \   00000192   3078               LDRB     R0,[R6, #+0]
   \   00000194   0328               CMP      R0,#+3
   \   00000196   01D0               BEQ      ??modem_control_function_41
   \   00000198   0B28               CMP      R0,#+11
   \   0000019A   04D1               BNE      ??modem_control_function_39
   \                     ??modem_control_function_41:
   \   0000019C   A820               MOVS     R0,#+168
   \                     ??modem_control_function_42:
   \   0000019E   4000               LSLS     R0,R0,#+1        ;; #+336
   \   000001A0   2818               ADDS     R0,R5,R0
   \                     ??modem_control_function_43:
   \   000001A2   ........           _BLF     printf,??printf??rT
    313              sExecStep = MODEM_STATUS;
   \                     ??modem_control_function_39:
   \   000001A6   C820               MOVS     R0,#+200
   \   000001A8   8DE0               B.N      ??modem_control_function_26
    314              return;
    315              
    316            case MODEM_RTS_OFF:
    317              screen_clear();
   \                     ??modem_control_function_8:
   \   000001AA   ........           _BLF     screen_clear,??screen_clear??rT
    318              pio_set(PIOA, MODEM_RTS);
   \   000001AE   4848               LDR      R0,??modem_control_function_40+0x4  ;; 0xfffff430
   \   000001B0   8021               MOVS     R1,#+128
   \   000001B2   4900               LSLS     R1,R1,#+1        ;; #+256
   \   000001B4   0160               STR      R1,[R0, #+0]
    319              ifMODEMctrl printf("\n>MODEM RTS CLEAR");
   \   000001B6   3078               LDRB     R0,[R6, #+0]
   \   000001B8   0328               CMP      R0,#+3
   \   000001BA   01D0               BEQ      ??modem_control_function_44
   \   000001BC   0B28               CMP      R0,#+11
   \   000001BE   F2D1               BNE      ??modem_control_function_39
   \                     ??modem_control_function_44:
   \   000001C0   9E20               MOVS     R0,#+158
   \   000001C2   ECE7               B.N      ??modem_control_function_42
    320              sExecStep = MODEM_STATUS;
    321              return;
    322              
    323            case MODEM_ARCRM129:
    324              screen_clear();
   \                     ??modem_control_function_9:
   \   000001C4   ........           _BLF     screen_clear,??screen_clear??rT
    325              putstring1(ATCRM129);
   \   000001C8   AC20               MOVS     R0,#+172
   \                     ??modem_control_function_45:
   \   000001CA   8000               LSLS     R0,R0,#+2        ;; #+688
   \   000001CC   2818               ADDS     R0,R5,R0
   \   000001CE   ........           _BLF     putstring1,??putstring1??rT
   \   000001D2   E8E7               B        ??modem_control_function_39
    326              sExecStep = MODEM_STATUS;
    327              return;
    328              
    329            case MODEM_ATS0:
    330              screen_clear();
   \                     ??modem_control_function_10:
   \   000001D4   ........           _BLF     screen_clear,??screen_clear??rT
    331              putstring1(ATS01);
   \   000001D8   AF20               MOVS     R0,#+175
   \   000001DA   F6E7               B.N      ??modem_control_function_45
    332              sExecStep = MODEM_STATUS;
    333              return;
    334              
    335            case MODEM_ATE0:
    336              screen_clear();
   \                     ??modem_control_function_11:
   \   000001DC   ........           _BLF     screen_clear,??screen_clear??rT
    337              putstring1(ATE0);
   \   000001E0   B320               MOVS     R0,#+179
   \   000001E2   8000               LSLS     R0,R0,#+2        ;; #+716
   \   000001E4   2818               ADDS     R0,R5,R0
   \   000001E6   ........           _BLF     putstring1,??putstring1??rT
   \   000001EA   DCE7               B        ??modem_control_function_39
    338              sExecStep = MODEM_STATUS;
    339              return;
    340              
    341            case MODEM_SEVER_CALL:
    342              screen_clear();
   \                     ??modem_control_function_12:
   \   000001EC   ........           _BLF     screen_clear,??screen_clear??rT
    343              putstring1(SEVER_CALL);
   \   000001F0   B520               MOVS     R0,#+181
   \   000001F2   EAE7               B.N      ??modem_control_function_45
    344              sExecStep = MODEM_STATUS; 
    345              return;
    346              
    347            case MODEM_END_CODE:
    348              screen_clear();
   \                     ??modem_control_function_13:
   \   000001F4   ........           _BLF     screen_clear,??screen_clear??rT
    349              putstring1(END_CODE);
   \   000001F8   B120               MOVS     R0,#+177
   \   000001FA   8000               LSLS     R0,R0,#+2        ;; #+708
   \   000001FC   2818               ADDS     R0,R5,R0
   \   000001FE   ........           _BLF     putstring1,??putstring1??rT
    350              ifMODEMctrl printf("\n^[+++^[");
   \   00000202   3078               LDRB     R0,[R6, #+0]
   \   00000204   0328               CMP      R0,#+3
   \   00000206   01D0               BEQ      ??modem_control_function_46
   \   00000208   0B28               CMP      R0,#+11
   \   0000020A   CCD1               BNE      ??modem_control_function_39
   \                     ??modem_control_function_46:
   \   0000020C   4835               ADDS     R5,R5,#+72
   \   0000020E   2800               MOVS     R0,R5
   \   00000210   C7E7               B.N      ??modem_control_function_43
    351              sExecStep = MODEM_STATUS;
    352              return;  
    353              
    354            case MODEM_MONIT:  
    355              screen_clear();
   \                     ??modem_control_function_14:
   \   00000212   ........           _BLF     screen_clear,??screen_clear??rT
    356              printf("\n<MODEM status monit>");
   \   00000216   8A20               MOVS     R0,#+138
   \   00000218   4000               LSLS     R0,R0,#+1        ;; #+276
   \   0000021A   2818               ADDS     R0,R5,R0
   \   0000021C   ........           _BLF     printf,??printf??rT
    357              if (ModemCtsClr) printf("\n>MODEM CTS CLEAR");
   \   00000220   E07A               LDRB     R0,[R4, #+11]
   \   00000222   0028               CMP      R0,#+0
   \   00000224   01D0               BEQ      ??modem_control_function_47
   \   00000226   0098               LDR      R0,[SP, #+0]
   \   00000228   00E0               B.N      ??modem_control_function_48
    358               else  printf("\n>MODEM CTS SET");
   \                     ??modem_control_function_47:
   \   0000022A   0198               LDR      R0,[SP, #+4]
   \                     ??modem_control_function_48:
   \   0000022C   ........           _BLF     printf,??printf??rT
    359              printf("\nPress key:Monit END");
   \   00000230   FC35               ADDS     R5,R5,#+252
   \   00000232   2800               MOVS     R0,R5
   \   00000234   65E7               B.N      ??modem_control_function_24
    360              sExecStep++;  
    361              return;
    362              
    363            case MODEM_MONIT+1:   
    364              debug_monit(MONOUT);
   \                     ??modem_control_function_15:
   \   00000236   0120               MOVS     R0,#+1
   \                     ??modem_control_function_49:
   \   00000238   ........           _BLF     debug_monit,??debug_monit??rT
   \   0000023C   92E7               B        ??modem_control_function_23
    365              sExecStep++;    
    366              return;
    367              
    368            case MODEM_MONIT+2:
    369              if (bPushKey != 0) sExecStep = 1;
   \                     ??modem_control_function_16:
   \   0000023E   0028               CMP      R0,#+0
   \   00000240   01D0               BEQ      ??modem_control_function_50
   \   00000242   0120               MOVS     R0,#+1
   \   00000244   3880               STRH     R0,[R7, #+0]
    370              if (rx_usart()) printf("%1c", getchar1());
   \                     ??modem_control_function_50:
   \   00000246   ........           BL       rx_usart
   \   0000024A   0028               CMP      R0,#+0
   \   0000024C   3CD0               BEQ      ??modem_control_function_22
   \   0000024E   ........           _BLF     getchar1,??getchar1??rT
   \   00000252   0100               MOVS     R1,R0
   \   00000254   ....               ADR      R0,??DataTable21  ;; "%1c"
   \   00000256   ........           _BLF     printf,??printf??rT
   \   0000025A   35E0               B        ??modem_control_function_22
    371              return;
    372              
    373            case MODEM_POWER_ON:
    374              screen_clear();
   \                     ??modem_control_function_17:
   \   0000025C   ........           _BLF     screen_clear,??screen_clear??rT
    375              MODEMpower(ON);
   \   00000260   0120               MOVS     R0,#+1
   \   00000262   ........           _BLF     MODEMpower,??MODEMpower??rT
    376              sSVrxStep = 1;
   \   00000266   0120               MOVS     R0,#+1
   \   00000268   6084               STRH     R0,[R4, #+34]
    377              printf("\nModem Power ON");
   \   0000026A   EC35               ADDS     R5,R5,#+236
   \   0000026C   2800               MOVS     R0,R5
   \   0000026E   98E7               B.N      ??modem_control_function_43
    378              sExecStep = MODEM_STATUS;
    379              return;
    380              
    381            case MODEM_POWER_OFF:
    382              screen_clear();
   \                     ??modem_control_function_18:
   \   00000270   ........           _BLF     screen_clear,??screen_clear??rT
    383              MODEMpower(OFF);
   \   00000274   0020               MOVS     R0,#+0
   \   00000276   ........           _BLF     MODEMpower,??MODEMpower??rT
    384              sSVrxStep = 0;
   \   0000027A   0020               MOVS     R0,#+0
   \   0000027C   6084               STRH     R0,[R4, #+34]
    385              printf("\nModem Power OFF");
   \   0000027E   D835               ADDS     R5,R5,#+216
   \   00000280   2800               MOVS     R0,R5
   \   00000282   8EE7               B.N      ??modem_control_function_43
    386              sExecStep = MODEM_STATUS;  
    387              return;
    388              
    389            case MODEM_STATUS:
    390              printf("\nPress key..\n");
   \                     ??modem_control_function_20:
   \   00000284   C835               ADDS     R5,R5,#+200
   \   00000286   2800               MOVS     R0,R5
   \   00000288   ........           _BLF     printf,??printf??rT
    391              debug_monit(MONOUT+COM2OUT);
   \   0000028C   0320               MOVS     R0,#+3
   \   0000028E   D3E7               B.N      ??modem_control_function_49
    392              sExecStep++;
    393              return;
    394              
    395            case MODEM_STATUS+1:
    396              if (rx_usart()) printf("%1c",getchar1()); 
   \                     ??modem_control_function_21:
   \   00000290   ........           BL       rx_usart
   \   00000294   0028               CMP      R0,#+0
   \   00000296   05D0               BEQ      ??modem_control_function_51
   \   00000298   ........           _BLF     getchar1,??getchar1??rT
   \   0000029C   0100               MOVS     R1,R0
   \   0000029E   ....               ADR      R0,??DataTable21  ;; "%1c"
   \   000002A0   ........           _BLF     printf,??printf??rT
    397              if (MENU_KEY) sExecStep = 1;
   \                     ??modem_control_function_51:
   \   000002A4   ....               LDR      R0,??DataTable22  ;; bPushKey
   \   000002A6   0078               LDRB     R0,[R0, #+0]
   \   000002A8   6128               CMP      R0,#+97
   \   000002AA   01D1               BNE      ??modem_control_function_52
   \   000002AC   0120               MOVS     R0,#+1
   \   000002AE   0AE0               B.N      ??modem_control_function_26
    398              else if (UP_KEY) putstring1(PK_SAMPLE);
   \                     ??modem_control_function_52:
   \   000002B0   6228               CMP      R0,#+98
   \   000002B2   05D1               BNE      ??modem_control_function_53
   \   000002B4   BA20               MOVS     R0,#+186
   \   000002B6   8000               LSLS     R0,R0,#+2        ;; #+744
   \   000002B8   2818               ADDS     R0,R5,R0
   \   000002BA   ........           _BLF     putstring1,??putstring1??rT
   \   000002BE   03E0               B        ??modem_control_function_22
    399              else if (ANY_KEY) sExecStep = 1;
   \                     ??modem_control_function_53:
   \   000002C0   0028               CMP      R0,#+0
   \   000002C2   01D0               BEQ      ??modem_control_function_22
   \   000002C4   0120               MOVS     R0,#+1
   \                     ??modem_control_function_26:
   \   000002C6   3880               STRH     R0,[R7, #+0]
   \                     ??modem_control_function_22:
   \   000002C8   ........           BL       ?Subroutine46
   \                     ??modem_control_function_40:
   \   000002CC   34F4FFFF           DC32     0xfffff434
   \   000002D0   30F4FFFF           DC32     0xfffff430
    400              return;
    401           };
    402          }

   \                                 In segment CODE, align 4, keep-with-next
   \                     ?Subroutine46:
   \   00000000   FEBC               POP      {R1-R7}
   \   00000002   01BC               POP      {R0}
   \   00000004   0047               BX       R0               ;; return
   \   00000006   C046               Nop      
   \                     ??Subroutine46_0:
   \   00000008   30410000           DC32     0x4130
   \   0000000C   31410000           DC32     0x4131
   \   00000010   32410000           DC32     0x4132
   \   00000014   BE020000           DC32     0x2be
   \   00000018   BD020000           DC32     0x2bd
   \   0000001C   2A030000           DC32     0x32a
   \   00000020   7A030000           DC32     0x37a
   \   00000024   7A030000           DC32     0x37a
   \   00000028   22030000           DC32     0x322
   \   0000002C   7A030000           DC32     0x37a
    403          
    404          short sSVrxStep;   
    405          char RCVerror; 
    406          short sRxDelay;
    407          short sModemMsg;
    408          short sSeverMsg;
    409          unsigned char ModemRxNo, SeverRxNo;
    410          unsigned char ModemRxNo0, SeverRxNo0;
    411          unsigned char ModemRxBuf[256];
    412          
    413          
    414          //#define	DATA_EMPTY	0
    415          
    416          #define	NO_MSG		0xFF
    417          #define	SUM_ERR		1
    418          #define	CANT_MSG	2
    419          #define	NO_DATA		3
    420          #define	TIME_OUT	4
    421          #define	ERROR		10
    422          #define RING		21
    423          #define	CONNECT		22
    424          #define	NO_CARRIER	23
    425          #define	OK		24
    426          #define	SEVER_WAKE	30
    427          #define	SEVER_MSG	31
    428          #define	MODEM_WAIT	SEC_1
    429          #define	SEVER_WAIT	SEC_1 * 15
    430          
    431          #define	FDATA_START_ADD		0x00120000
    432          
    433          
    434          unsigned char TxYear, TxMonth, TxDate, TxHour, TxMinute, TxSec;
    435          //정해진 시간 간격으로 송신 시간을 증가
    436          /*
    437          void transmit_time_update(short time)
    438          {
    439            unsigned char year, mon, date, hour, min, sec;
    440            sec = bcd2hex(TxSec);
    441            min = bcd2hex(TxMinute);
    442            hour = bcd2hex(TxHour);
    443            date = bcd2hex(TxDate);
    444            mon = bcd2hex(TxMonth);
    445            year = bcd2hex(TxYear);
    446                                                         
    447            sec += time; 
    448            min += sec / 60;
    449            sec %= sec / 60;
    450            hour += min / 60;
    451            if (hour >= 24) { hour = hour - 24;  date++;}
    452            
    453            TxSec = hex2bcd(sec);
    454            TxMinute = hex2bcd(min);
    455            TxHour = hex2bcd(hour);
    456            TxDate = hex2bcd(date);
    457            TxMonth = hex2bcd(mon);
    458            TxYear = hex2bcd(year);
    459          }
    460          */
    461          
    462          #define	STORE_ID	0xAA55  
    463          unsigned short usTransmitBuf[256];
    464          //unsigned short usRecordNo, usRecordNo0;
    465          unsigned short usStoreID;
    466          unsigned short usTxInterval;
    467          unsigned short SeverTxPage;
    468          //unsigned short SeverTxNo;
    469          

   \                                 In segment CODE, align 4, keep-with-next
    470          short find_transmit_start_page(void)
    471          {
    472            short page;
    473            page = 0;
    474            return  page;
   \                     find_transmit_start_page:
   \   00000000   0020               MOVS     R0,#+0
   \   00000002   7047               BX       LR               ;; return
    475          }
    476          

   \                                 In segment CODE, align 4, keep-with-next
    477          short find_transmit_next_page(short txpage)
    478          {
   \                     find_transmit_next_page:
   \   00000000   00B5               PUSH     {LR}
    479            short page;
    480            page = txpage + 1;
   \   00000002   401C               ADDS     R0,R0,#+1
   \   00000004   0004               LSLS     R0,R0,#+16
   \   00000006   0014               ASRS     R0,R0,#+16
    481            if (page >= 512) page = 0;
   \   00000008   8021               MOVS     R1,#+128
   \   0000000A   8900               LSLS     R1,R1,#+2        ;; #+512
   \   0000000C   8842               CMP      R0,R1
   \   0000000E   00DB               BLT      ??find_transmit_next_page_0
   \   00000010   0020               MOVS     R0,#+0
    482            return page;
   \                     ??find_transmit_next_page_0:
   \   00000012   02BC               POP      {R1}
   \   00000014   0847               BX       R1               ;; return
    483          }
    484          
    485          /*******************************************************/
    486          /* Flash Memory 한페이지 분량의 측정데이터를 Load하여  */
    487          /* 서버에 전송할 패킷으로 포장                         */
    488          /*******************************************************/

   \                                 In segment CODE, align 4, keep-with-next
    489          char flash_move_to_memory(short page)
    490          {
   \                     flash_move_to_memory:
   \   00000000   70B5               PUSH     {R4-R6,LR}
    491            char lp, add, result;
    492            unsigned int ia;
    493            unsigned int fadd;
    494            unsigned int * Flash;
    495            fadd = FDATA_START_ADD + (page << 8);
    496            Flash = (unsigned int *) fadd;
   \   00000002   0002               LSLS     R0,R0,#+8
   \   00000004   9021               MOVS     R1,#+144
   \   00000006   4903               LSLS     R1,R1,#+13       ;; #+1179648
   \   00000008   4018               ADDS     R0,R0,R1
    497            
    498            //SeverTxPage find_transmit_start_page();	// 보내야 할 시작페이지를 결정
    499          
    500            add = 0; 
   \   0000000A   0024               MOVS     R4,#+0
    501            for (lp = 0; lp < 64; lp++)
   \   0000000C   4021               MOVS     R1,#+64
   \   0000000E   ....               LDR      R2,??DataTable23  ;; usTransmitBuf
    502            {
    503              ia = *Flash;
   \                     ??flash_move_to_memory_0:
   \   00000010   0368               LDR      R3,[R0, #+0]
    504              //printf("%08X ", ia);
    505              usTransmitBuf[add++] = ia >> 16;
   \   00000012   6500               LSLS     R5,R4,#+1
   \   00000014   1E0C               LSRS     R6,R3,#+16
   \   00000016   5653               STRH     R6,[R2, R5]
   \   00000018   641C               ADDS     R4,R4,#+1
   \   0000001A   2406               LSLS     R4,R4,#+24
   \   0000001C   240E               LSRS     R4,R4,#+24
    506              usTransmitBuf[add++] = ia;
   \   0000001E   6500               LSLS     R5,R4,#+1
   \   00000020   5353               STRH     R3,[R2, R5]
   \   00000022   641C               ADDS     R4,R4,#+1
   \   00000024   2406               LSLS     R4,R4,#+24
   \   00000026   240E               LSRS     R4,R4,#+24
    507              Flash++;
   \   00000028   001D               ADDS     R0,R0,#+4
    508            }
   \   0000002A   491E               SUBS     R1,R1,#+1
   \   0000002C   F0D1               BNE      ??flash_move_to_memory_0
    509           
    510            //SeverTxNo = 0;
    511            usStoreID = usTransmitBuf[0];
   \   0000002E   ....               LDR      R0,??DataTable24  ;; ErrGenerate + 42
   \   00000030   1188               LDRH     R1,[R2, #+0]
   \   00000032   0180               STRH     R1,[R0, #+0]
    512            /*
    513            //usRecordNo = usTransmitBuf[1];
    514            //if (usRecordNo == usRecordNo) usRecordNo0 = 0; else usRecordNo0++;
    515            if ((usStoreID == STORE_ID)&(usRecordNo0 == usRecordNo)) 
    516            {
    517              TxYear = usTransmitBuf[2] >> 8;
    518              TxMonth = usTransmitBuf[2] & 0xFF;
    519              TxDate = usTransmitBuf[3] >> 8;
    520              TxHour = usTransmitBuf[3] & 0xFF;
    521              TxMinute = usTransmitBuf[4] >> 8;
    522              TxSec = usTransmitBuf[4] & 0xFF;
    523              usTxInterval = usTransmitBuf[5];
    524              result = 1;
    525            }
    526            else result = 0;
    527            */
    528            result = 0;
    529            return result;
   \   00000034   0020               MOVS     R0,#+0
   \   00000036   ....               B.N      ?Subroutine47
    530          } 

   \                                 In segment CODE, align 4, keep-with-next
   \                     ?Subroutine47:
   \   00000000   70BC               POP      {R4-R6}
   \   00000002   02BC               POP      {R1}
   \   00000004   0847               BX       R1               ;; return
    531          

   \                                 In segment CODE, align 4, keep-with-next
    532          void print_sever_msg(char msg)
    533          {
   \                     print_sever_msg:
   \   00000000   01B5               PUSH     {R0,LR}
    534            if (msg == RING) printf("\nmsg:RING");
   \   00000002   0B49               LDR      R1,??print_sever_msg_0  ;; `?<Constant "\\nmsg:ERROR">`
   \   00000004   1528               CMP      R0,#+21
   \   00000006   01D1               BNE      ??print_sever_msg_1
   \   00000008   3431               ADDS     R1,R1,#+52
   \   0000000A   0DE0               B.N      ??print_sever_msg_2
    535             else if (msg == CONNECT) printf("\nmsg:CONNECT");
   \                     ??print_sever_msg_1:
   \   0000000C   1628               CMP      R0,#+22
   \   0000000E   01D1               BNE      ??print_sever_msg_3
   \   00000010   2431               ADDS     R1,R1,#+36
   \   00000012   09E0               B.N      ??print_sever_msg_2
    536             else if (msg == NO_CARRIER) printf("\nmsg:NO_CARRIER");
   \                     ??print_sever_msg_3:
   \   00000014   1728               CMP      R0,#+23
   \   00000016   01D1               BNE      ??print_sever_msg_4
   \   00000018   1431               ADDS     R1,R1,#+20
   \   0000001A   05E0               B.N      ??print_sever_msg_2
    537             else if (msg == OK) printf("\nmsg:OK");
   \                     ??print_sever_msg_4:
   \   0000001C   1828               CMP      R0,#+24
   \   0000001E   01D1               BNE      ??print_sever_msg_5
   \   00000020   0C31               ADDS     R1,R1,#+12
   \   00000022   01E0               B.N      ??print_sever_msg_2
    538             else if (msg == ERROR) printf("\nmsg:ERROR");
   \                     ??print_sever_msg_5:
   \   00000024   0A28               CMP      R0,#+10
   \   00000026   02D1               BNE      ??print_sever_msg_6
   \                     ??print_sever_msg_2:
   \   00000028   0800               MOVS     R0,R1
   \   0000002A   ........           _BLF     printf,??printf??rT
    539            // else printf("\nNO MSG");
    540          }  
   \                     ??print_sever_msg_6:
   \   0000002E   ....               B.N      ??Subroutine44_1
   \                     ??print_sever_msg_0:
   \   00000030   ........           DC32     `?<Constant "\\nmsg:ERROR">`
    541          /**************************************/
    542          /*    modem receive data Parser       */
    543          /* 모뎀data를 한칸씩 이동해 가며 해석 */
    544          /**************************************/			   

   \                                 In segment CODE, align 4, keep-with-next
    545          short modem_rcv_parser(void)
    546          {
   \                     modem_rcv_parser:
   \   00000000   70B5               PUSH     {R4-R6,LR}
    547            short msg;
    548            char x, length;
    549            msg = NO_MSG;
   \   00000002   FF20               MOVS     R0,#+255
    550          
    551            // Trash data clear
    552            //while ((ModemRxNo0 < ModemRxNo)&(ModemRxBuf[ModemRxNo0] <= ' '))
    553            //{
    554            //  ModemRxNo0++;
    555            //}
    556            //printf("\n%02d:%02d", ModemRxNo0, ModemRxNo);
    557            // parser
    558            if (ModemRxNo0 < ModemRxNo) 
   \   00000004   ....               LDR      R1,??DataTable32  ;; ErrGenerate
   \   00000006   0B7C               LDRB     R3,[R1, #+16]
   \   00000008   1A00               MOVS     R2,R3
   \   0000000A   8D7B               LDRB     R5,[R1, #+14]
   \   0000000C   AB42               CMP      R3,R5
   \   0000000E   71D2               BCS      ??modem_rcv_parser_0
    559            {
    560              x = ModemRxNo0;
    561              length = ModemRxNo - ModemRxNo0;    
   \   00000010   AB1A               SUBS     R3,R5,R2
   \   00000012   1B06               LSLS     R3,R3,#+24
   \   00000014   1B0E               LSRS     R3,R3,#+24
    562              if ((length >= 4)& 
    563          	(ModemRxBuf[x] == 'R')&
    564                  (ModemRxBuf[x+1] == 'I')&
    565                  (ModemRxBuf[x+2] == 'N')&
    566                  (ModemRxBuf[x+3] == 'G'))
   \   00000016   042B               CMP      R3,#+4
   \   00000018   10D3               BCC      ??modem_rcv_parser_1
   \   0000001A   ....               LDR      R6,??DataTable35  ;; ModemRxBuf
   \   0000001C   B518               ADDS     R5,R6,R2
   \   0000001E   2E78               LDRB     R6,[R5, #+0]
   \   00000020   522E               CMP      R6,#+82
   \   00000022   0DD1               BNE      ??modem_rcv_parser_2
   \   00000024   6E78               LDRB     R6,[R5, #+1]
   \   00000026   492E               CMP      R6,#+73
   \   00000028   0AD1               BNE      ??modem_rcv_parser_2
   \   0000002A   AE78               LDRB     R6,[R5, #+2]
   \   0000002C   4E2E               CMP      R6,#+78
   \   0000002E   07D1               BNE      ??modem_rcv_parser_2
   \   00000030   ED78               LDRB     R5,[R5, #+3]
   \   00000032   472D               CMP      R5,#+71
   \   00000034   04D1               BNE      ??modem_rcv_parser_2
    567                  { msg = RING; ModemRxNo0 += 4;}
   \   00000036   1520               MOVS     R0,#+21
   \   00000038   121D               ADDS     R2,R2,#+4
   \   0000003A   5BE0               B        ??modem_rcv_parser_0
    568              else if ((length >= 2)&
    569          	   (ModemRxBuf[x] == 'O')&
    570                     (ModemRxBuf[x+1] == 'K'))
   \                     ??modem_rcv_parser_1:
   \   0000003C   022B               CMP      R3,#+2
   \   0000003E   58D3               BCC      ??modem_rcv_parser_3
   \                     ??modem_rcv_parser_2:
   \   00000040   ....               LDR      R5,??DataTable35  ;; ModemRxBuf
   \   00000042   AD18               ADDS     R5,R5,R2
   \   00000044   2C78               LDRB     R4,[R5, #+0]
   \   00000046   4F2C               CMP      R4,#+79
   \   00000048   05D1               BNE      ??modem_rcv_parser_4
   \   0000004A   6E78               LDRB     R6,[R5, #+1]
   \   0000004C   4B2E               CMP      R6,#+75
   \   0000004E   02D1               BNE      ??modem_rcv_parser_4
    571              	   {msg = OK; ModemRxNo0 += 2;}
   \   00000050   1820               MOVS     R0,#+24
   \   00000052   921C               ADDS     R2,R2,#+2
   \   00000054   4EE0               B        ??modem_rcv_parser_0
    572              else if ((length >= 7)&
    573          	   (ModemRxBuf[x] == 'C')&
    574                	   (ModemRxBuf[x+1] == 'O')&
    575                	   (ModemRxBuf[x+2] == 'N')&
    576          	   (ModemRxBuf[x+3] == 'N')&
    577          	   (ModemRxBuf[x+4] == 'E')&
    578          	   (ModemRxBuf[x+5] == 'C')&
    579                	   (ModemRxBuf[x+6] == 'T'))
   \                     ??modem_rcv_parser_4:
   \   00000056   072B               CMP      R3,#+7
   \   00000058   16D3               BCC      ??modem_rcv_parser_5
   \   0000005A   432C               CMP      R4,#+67
   \   0000005C   14D1               BNE      ??modem_rcv_parser_5
   \   0000005E   6E78               LDRB     R6,[R5, #+1]
   \   00000060   4F2E               CMP      R6,#+79
   \   00000062   11D1               BNE      ??modem_rcv_parser_5
   \   00000064   AE78               LDRB     R6,[R5, #+2]
   \   00000066   4E2E               CMP      R6,#+78
   \   00000068   0ED1               BNE      ??modem_rcv_parser_5
   \   0000006A   EE78               LDRB     R6,[R5, #+3]
   \   0000006C   4E2E               CMP      R6,#+78
   \   0000006E   0BD1               BNE      ??modem_rcv_parser_5
   \   00000070   2E79               LDRB     R6,[R5, #+4]
   \   00000072   452E               CMP      R6,#+69
   \   00000074   08D1               BNE      ??modem_rcv_parser_5
   \   00000076   6E79               LDRB     R6,[R5, #+5]
   \   00000078   432E               CMP      R6,#+67
   \   0000007A   05D1               BNE      ??modem_rcv_parser_5
   \   0000007C   AE79               LDRB     R6,[R5, #+6]
   \   0000007E   542E               CMP      R6,#+84
   \   00000080   02D1               BNE      ??modem_rcv_parser_5
    580            	   {msg = CONNECT; ModemRxNo0 += 7;}
   \   00000082   1620               MOVS     R0,#+22
   \   00000084   D21D               ADDS     R2,R2,#+7
   \   00000086   35E0               B        ??modem_rcv_parser_0
    581              else if ((length >= 10)&
    582          	   (ModemRxBuf[x] == 'N')&
    583                	   (ModemRxBuf[x+1] == 'O')&
    584                	   (ModemRxBuf[x+2] == ' ')&
    585          	   (ModemRxBuf[x+3] == 'C')&
    586          	   (ModemRxBuf[x+4] == 'A')&
    587          	   (ModemRxBuf[x+5] == 'R')&
    588          	   (ModemRxBuf[x+6] == 'R')&
    589                	   (ModemRxBuf[x+7] == 'I')&
    590          	   (ModemRxBuf[x+8] == 'E')&
    591          	   (ModemRxBuf[x+9] == 'R'))
   \                     ??modem_rcv_parser_5:
   \   00000088   0A2B               CMP      R3,#+10
   \   0000008A   1FD3               BCC      ??modem_rcv_parser_6
   \   0000008C   4E2C               CMP      R4,#+78
   \   0000008E   1FD1               BNE      ??modem_rcv_parser_7
   \   00000090   6B78               LDRB     R3,[R5, #+1]
   \   00000092   4F2B               CMP      R3,#+79
   \   00000094   1CD1               BNE      ??modem_rcv_parser_7
   \   00000096   AB78               LDRB     R3,[R5, #+2]
   \   00000098   202B               CMP      R3,#+32
   \   0000009A   19D1               BNE      ??modem_rcv_parser_7
   \   0000009C   EB78               LDRB     R3,[R5, #+3]
   \   0000009E   432B               CMP      R3,#+67
   \   000000A0   16D1               BNE      ??modem_rcv_parser_7
   \   000000A2   2B79               LDRB     R3,[R5, #+4]
   \   000000A4   412B               CMP      R3,#+65
   \   000000A6   13D1               BNE      ??modem_rcv_parser_7
   \   000000A8   6B79               LDRB     R3,[R5, #+5]
   \   000000AA   522B               CMP      R3,#+82
   \   000000AC   10D1               BNE      ??modem_rcv_parser_7
   \   000000AE   AB79               LDRB     R3,[R5, #+6]
   \   000000B0   522B               CMP      R3,#+82
   \   000000B2   0DD1               BNE      ??modem_rcv_parser_7
   \   000000B4   EB79               LDRB     R3,[R5, #+7]
   \   000000B6   492B               CMP      R3,#+73
   \   000000B8   0AD1               BNE      ??modem_rcv_parser_7
   \   000000BA   2B7A               LDRB     R3,[R5, #+8]
   \   000000BC   452B               CMP      R3,#+69
   \   000000BE   07D1               BNE      ??modem_rcv_parser_7
   \   000000C0   6B7A               LDRB     R3,[R5, #+9]
   \   000000C2   522B               CMP      R3,#+82
   \   000000C4   04D1               BNE      ??modem_rcv_parser_7
    592             	   {msg = NO_CARRIER; ModemRxNo0 += 10;}
   \   000000C6   1720               MOVS     R0,#+23
   \   000000C8   0A32               ADDS     R2,R2,#+10
   \   000000CA   13E0               B        ??modem_rcv_parser_0
    593              else if ((length >= 5)&
    594          	   (ModemRxBuf[x] == 'E')&
    595                	   (ModemRxBuf[x+1] == 'R')&
    596                	   (ModemRxBuf[x+2] == 'R')&
    597          	   (ModemRxBuf[x+3] == 'O')&
    598                	   (ModemRxBuf[x+4] == 'R'))
   \                     ??modem_rcv_parser_6:
   \   000000CC   052B               CMP      R3,#+5
   \   000000CE   10D3               BCC      ??modem_rcv_parser_3
   \                     ??modem_rcv_parser_7:
   \   000000D0   452C               CMP      R4,#+69
   \   000000D2   0ED1               BNE      ??modem_rcv_parser_3
   \   000000D4   6B78               LDRB     R3,[R5, #+1]
   \   000000D6   522B               CMP      R3,#+82
   \   000000D8   0BD1               BNE      ??modem_rcv_parser_3
   \   000000DA   AB78               LDRB     R3,[R5, #+2]
   \   000000DC   522B               CMP      R3,#+82
   \   000000DE   08D1               BNE      ??modem_rcv_parser_3
   \   000000E0   EB78               LDRB     R3,[R5, #+3]
   \   000000E2   4F2B               CMP      R3,#+79
   \   000000E4   05D1               BNE      ??modem_rcv_parser_3
   \   000000E6   2B79               LDRB     R3,[R5, #+4]
   \   000000E8   522B               CMP      R3,#+82
   \   000000EA   02D1               BNE      ??modem_rcv_parser_3
    599            	   {msg = ERROR; ModemRxNo0 += 5;}
   \   000000EC   0A20               MOVS     R0,#+10
   \   000000EE   521D               ADDS     R2,R2,#+5
   \   000000F0   00E0               B        ??modem_rcv_parser_0
    600              else ModemRxNo0++;
   \                     ??modem_rcv_parser_3:
   \   000000F2   521C               ADDS     R2,R2,#+1
   \                     ??modem_rcv_parser_0:
   \   000000F4   0A74               STRB     R2,[R1, #+16]
   \   000000F6   C046               Nop      
    601           // printf("\nMSG:%02d", msg);
    602              }
    603              else msg = NO_MSG;
    604            return msg;
   \   000000F8                      REQUIRE ?Subroutine47
   \   000000F8                      ;; // Fall through to label ?Subroutine47
    605          }
    606          /***********************************/
    607          /*      modem Parser               */
    608          /* 모뎀의 메시지를 해석            */
    609          /***********************************/

   \                                 In segment CODE, align 4, keep-with-next
    610          short modem_parser(void)
    611          {
   \                     modem_parser:
   \   00000000   F1B5               PUSH     {R0,R4-R7,LR}
    612            short msg, error;
    613            if (SeverRxNo != 0)
   \   00000002   ....               LDR      R4,??DataTable32  ;; ErrGenerate
   \   00000004   E07B               LDRB     R0,[R4, #+15]
   \   00000006   ....               LDR      R5,??DataTable44  ;; ExecMode
   \   00000008   0028               CMP      R0,#+0
   \   0000000A   1DD0               BEQ      ??modem_parser_0
    614            {
    615              error = sv_msgpkt_varify(SeverRxNo-6);
   \   0000000C   FA30               ADDS     R0,R0,#+250
   \   0000000E   0006               LSLS     R0,R0,#+24
   \   00000010   000E               LSRS     R0,R0,#+24
   \   00000012   ........           BL       sv_msgpkt_varify
    616              if (error != 0)
   \   00000016   0028               CMP      R0,#+0
   \   00000018   0BD0               BEQ      ??modem_parser_1
    617              {
    618                msg = NO_MSG;
   \   0000001A   FF26               MOVS     R6,#+255
    619                ModemRxNo = SeverRxNo;
   \   0000001C   E77B               LDRB     R7,[R4, #+15]
   \   0000001E   A773               STRB     R7,[R4, #+14]
    620                while ((ModemRxNo0 < ModemRxNo)&(msg == NO_MSG)) 
   \                     ??modem_parser_2:
   \   00000020   207C               LDRB     R0,[R4, #+16]
   \   00000022   B842               CMP      R0,R7
   \   00000024   06D2               BCS      ??modem_parser_3
   \   00000026   FF2E               CMP      R6,#+255
   \   00000028   04D1               BNE      ??modem_parser_3
    621                {
    622                  msg = modem_rcv_parser();
   \   0000002A   ........           BL       modem_rcv_parser
   \   0000002E   0600               MOVS     R6,R0
   \   00000030   F6E7               B        ??modem_parser_2
    623                //if (ModemRxNo0 != ModemRxNo) printf("\n%02d:%02d", ModemRxNo0, ModemRxNo);
    624                }
    625              }
    626              else msg = SEVER_MSG;
   \                     ??modem_parser_1:
   \   00000032   1F26               MOVS     R6,#+31
    627              ifMODEMctrl print_sever_msg(msg);
   \                     ??modem_parser_3:
   \   00000034   2878               LDRB     R0,[R5, #+0]
   \   00000036   0328               CMP      R0,#+3
   \   00000038   01D0               BEQ      ??modem_parser_4
   \   0000003A   0B28               CMP      R0,#+11
   \   0000003C   08D1               BNE      ??modem_parser_5
   \                     ??modem_parser_4:
   \   0000003E   3006               LSLS     R0,R6,#+24
   \   00000040   000E               LSRS     R0,R0,#+24
   \   00000042   ........           BL       print_sever_msg
   \   00000046   00E0               B        ??modem_parser_6
    628            }
    629            else msg = NO_DATA;
   \                     ??modem_parser_0:
   \   00000048   0326               MOVS     R6,#+3
    630            ifMODEMctrl print_sever_msg(msg);
   \                     ??modem_parser_6:
   \   0000004A   2878               LDRB     R0,[R5, #+0]
   \   0000004C   0328               CMP      R0,#+3
   \   0000004E   02D0               BEQ      ??modem_parser_7
   \                     ??modem_parser_5:
   \   00000050   2878               LDRB     R0,[R5, #+0]
   \   00000052   0B28               CMP      R0,#+11
   \   00000054   03D1               BNE      ??modem_parser_8
   \                     ??modem_parser_7:
   \   00000056   3006               LSLS     R0,R6,#+24
   \   00000058   000E               LSRS     R0,R0,#+24
   \   0000005A   ........           BL       print_sever_msg
    631            return msg;
   \                     ??modem_parser_8:
   \   0000005E   3000               MOVS     R0,R6
   \   00000060   ....               B.N      ??Subroutine48_0
    632          }

   \                                 In segment CODE, align 4, keep-with-next
   \                     ?Subroutine48:
   \   00000000   0014               ASRS     R0,R0,#+16
   \                     ??Subroutine48_0:
   \   00000002   F8BC               POP      {R3-R7}
   \   00000004   02BC               POP      {R1}
   \   00000006   0847               BX       R1               ;; return
    633          /***********************************/
    634          /*      Sever Parser               */
    635          /* 서버의 메시지를 해석            */
    636          /***********************************/

   \                                 In segment CODE, align 4, keep-with-next
    637          short sever_parser(void)
    638          {
   \                     sever_parser:
   \   00000000   F1B5               PUSH     {R0,R4-R7,LR}
    639            short msg;
    640            char lp;
    641            msg = NO_MSG;
    642           
    643            for (lp = 1; lp < SeverRxNo; lp++)
   \   00000002   0127               MOVS     R7,#+1
   \   00000004   ....               LDR      R4,??DataTable44  ;; ExecMode
   \   00000006   ....               LDR      R5,??DataTable35  ;; ModemRxBuf
   \   00000008   ....               LDR      R6,??DataTable32  ;; ErrGenerate
   \   0000000A   0BE0               B        ??sever_parser_0
    644              ifMODEMctrl printf("%1c",ModemRxBuf[lp]);
   \                     ??sever_parser_1:
   \   0000000C   2078               LDRB     R0,[R4, #+0]
   \   0000000E   0328               CMP      R0,#+3
   \   00000010   01D0               BEQ      ??sever_parser_2
   \   00000012   0B28               CMP      R0,#+11
   \   00000014   03D1               BNE      ??sever_parser_3
   \                     ??sever_parser_2:
   \   00000016   E95D               LDRB     R1,[R5, R7]
   \   00000018   ....               ADR      R0,??DataTable33  ;; "%1c"
   \   0000001A   ........           _BLF     printf,??printf??rT
   \                     ??sever_parser_3:
   \   0000001E   7F1C               ADDS     R7,R7,#+1
   \   00000020   3F06               LSLS     R7,R7,#+24
   \   00000022   3F0E               LSRS     R7,R7,#+24
   \                     ??sever_parser_0:
   \   00000024   F17B               LDRB     R1,[R6, #+15]
   \   00000026   8F42               CMP      R7,R1
   \   00000028   F0D3               BCC      ??sever_parser_1
    645            
    646            usRxPacketNo = ascii2short(ModemRxBuf[1],ModemRxBuf[2],ModemRxBuf[3],ModemRxBuf[4]);
   \   0000002A   2B79               LDRB     R3,[R5, #+4]
   \   0000002C   EA78               LDRB     R2,[R5, #+3]
   \   0000002E   A978               LDRB     R1,[R5, #+2]
   \   00000030   6878               LDRB     R0,[R5, #+1]
   \   00000032   ........           _BLF     ascii2short,??ascii2short??rT
   \   00000036   F082               STRH     R0,[R6, #+22]
    647            usRxDeviceNo = ascii2short(ModemRxBuf[5],ModemRxBuf[6],ModemRxBuf[7],ModemRxBuf[8]);
   \   00000038   2B7A               LDRB     R3,[R5, #+8]
   \   0000003A   EA79               LDRB     R2,[R5, #+7]
   \   0000003C   A979               LDRB     R1,[R5, #+6]
   \   0000003E   6879               LDRB     R0,[R5, #+5]
   \   00000040   ........           _BLF     ascii2short,??ascii2short??rT
   \   00000044   3083               STRH     R0,[R6, #+24]
    648            msg = (ModemRxBuf[9]<<8)|ModemRxBuf[10];
   \   00000046   687A               LDRB     R0,[R5, #+9]
   \   00000048   0002               LSLS     R0,R0,#+8
   \   0000004A   A97A               LDRB     R1,[R5, #+10]
   \   0000004C   0143               ORRS     R1,R1,R0
   \   0000004E   0904               LSLS     R1,R1,#+16
   \   00000050   0914               ASRS     R1,R1,#+16
   \   00000052   0091               STR      R1,[SP, #+0]
    649            //RxDataLenth = ascii2byte(ModemRxBuf[11], ModemRxBuf[12]);
    650            RxDataLenth = ascii2short(ModemRxBuf[11],ModemRxBuf[12],ModemRxBuf[13],ModemRxBuf[14]);
   \   00000054   AB7B               LDRB     R3,[R5, #+14]
   \   00000056   6A7B               LDRB     R2,[R5, #+13]
   \   00000058   297B               LDRB     R1,[R5, #+12]
   \   0000005A   E87A               LDRB     R0,[R5, #+11]
   \   0000005C   ........           _BLF     ascii2short,??ascii2short??rT
   \   00000060   F083               STRH     R0,[R6, #+30]
    651            ifMODEMctrl printf("\nusRxPacketNo:%04X", usRxPacketNo);
   \   00000062   2078               LDRB     R0,[R4, #+0]
   \   00000064   304F               LDR      R7,??sever_parser_4  ;; `?<Constant "\\n>TStime-%02X:%02X:%02X">`
   \   00000066   0328               CMP      R0,#+3
   \   00000068   01D0               BEQ      ??sever_parser_5
   \   0000006A   0B28               CMP      R0,#+11
   \   0000006C   07D1               BNE      ??sever_parser_6
   \                     ??sever_parser_5:
   \   0000006E   F18A               LDRH     R1,[R6, #+22]
   \   00000070   3800               MOVS     R0,R7
   \   00000072   6430               ADDS     R0,R0,#+100
   \   00000074   ........           _BLF     printf,??printf??rT
    652            ifMODEMctrl printf("\nusRxDeviceNo:%04X", usRxDeviceNo);
   \   00000078   2078               LDRB     R0,[R4, #+0]
   \   0000007A   0328               CMP      R0,#+3
   \   0000007C   02D0               BEQ      ??sever_parser_7
   \                     ??sever_parser_6:
   \   0000007E   2078               LDRB     R0,[R4, #+0]
   \   00000080   0B28               CMP      R0,#+11
   \   00000082   07D1               BNE      ??sever_parser_8
   \                     ??sever_parser_7:
   \   00000084   318B               LDRH     R1,[R6, #+24]
   \   00000086   3800               MOVS     R0,R7
   \   00000088   5030               ADDS     R0,R0,#+80
   \   0000008A   ........           _BLF     printf,??printf??rT
    653            ifMODEMctrl printf("\nmsg:%04X", msg);
   \   0000008E   2078               LDRB     R0,[R4, #+0]
   \   00000090   0328               CMP      R0,#+3
   \   00000092   02D0               BEQ      ??sever_parser_9
   \                     ??sever_parser_8:
   \   00000094   2078               LDRB     R0,[R4, #+0]
   \   00000096   0B28               CMP      R0,#+11
   \   00000098   07D1               BNE      ??sever_parser_10
   \                     ??sever_parser_9:
   \   0000009A   0099               LDR      R1,[SP, #+0]
   \   0000009C   3800               MOVS     R0,R7
   \   0000009E   4430               ADDS     R0,R0,#+68
   \   000000A0   ........           _BLF     printf,??printf??rT
    654            ifMODEMctrl printf("\nRxDataLenth:%04X", RxDataLenth);
   \   000000A4   2078               LDRB     R0,[R4, #+0]
   \   000000A6   0328               CMP      R0,#+3
   \   000000A8   02D0               BEQ      ??sever_parser_11
   \                     ??sever_parser_10:
   \   000000AA   2078               LDRB     R0,[R4, #+0]
   \   000000AC   0B28               CMP      R0,#+11
   \   000000AE   04D1               BNE      ??sever_parser_12
   \                     ??sever_parser_11:
   \   000000B0   F18B               LDRH     R1,[R6, #+30]
   \   000000B2   3800               MOVS     R0,R7
   \   000000B4   3030               ADDS     R0,R0,#+48
   \   000000B6   ........           _BLF     printf,??printf??rT
    655            
    656            if (msg == SET_RTC)
   \                     ??sever_parser_12:
   \   000000BA   0098               LDR      R0,[SP, #+0]
   \   000000BC   ....               LDR      R1,??DataTable43  ;; 0x5354
   \   000000BE   8842               CMP      R0,R1
   \   000000C0   1DD1               BNE      ??sever_parser_13
    657            {
    658              SvrYear = ascii2byte(ModemRxBuf[15], ModemRxBuf[16]);
   \   000000C2   297C               LDRB     R1,[R5, #+16]
   \   000000C4   E87B               LDRB     R0,[R5, #+15]
   \   000000C6   ........           _BLF     ascii2byte,??ascii2byte??rT
   \   000000CA   F070               STRB     R0,[R6, #+3]
    659              SvrMonth = ascii2byte(ModemRxBuf[17], ModemRxBuf[18]);
   \   000000CC   A97C               LDRB     R1,[R5, #+18]
   \   000000CE   687C               LDRB     R0,[R5, #+17]
   \   000000D0   ........           _BLF     ascii2byte,??ascii2byte??rT
   \   000000D4   3071               STRB     R0,[R6, #+4]
    660              SvrDate = ascii2byte(ModemRxBuf[19], ModemRxBuf[20]);
   \   000000D6   297D               LDRB     R1,[R5, #+20]
   \   000000D8   E87C               LDRB     R0,[R5, #+19]
   \   000000DA   ........           _BLF     ascii2byte,??ascii2byte??rT
   \   000000DE   7071               STRB     R0,[R6, #+5]
    661              SvrHour = ascii2byte(ModemRxBuf[21], ModemRxBuf[22]);
   \   000000E0   A97D               LDRB     R1,[R5, #+22]
   \   000000E2   687D               LDRB     R0,[R5, #+21]
   \   000000E4   ........           _BLF     ascii2byte,??ascii2byte??rT
   \   000000E8   B071               STRB     R0,[R6, #+6]
    662              SvrMinute = ascii2byte(ModemRxBuf[23], ModemRxBuf[24]);
   \   000000EA   297E               LDRB     R1,[R5, #+24]
   \   000000EC   E87D               LDRB     R0,[R5, #+23]
   \   000000EE   ........           _BLF     ascii2byte,??ascii2byte??rT
   \   000000F2   F071               STRB     R0,[R6, #+7]
    663              SvrSec = ascii2byte(ModemRxBuf[25], ModemRxBuf[26]);
   \   000000F4   A97E               LDRB     R1,[R5, #+26]
   \   000000F6   687E               LDRB     R0,[R5, #+25]
   \   000000F8   ........           _BLF     ascii2byte,??ascii2byte??rT
   \   000000FC   3072               STRB     R0,[R6, #+8]
    664            }
    665            ifMODEMctrl 
   \                     ??sever_parser_13:
   \   000000FE   2078               LDRB     R0,[R4, #+0]
   \   00000100   0328               CMP      R0,#+3
   \   00000102   01D0               BEQ      ??sever_parser_14
   \   00000104   0B28               CMP      R0,#+11
   \   00000106   0CD1               BNE      ??sever_parser_15
    666            {
    667              printf("\n>TSdate-%02X/%02X/%02X", SvrYear, SvrMonth, SvrDate);
   \                     ??sever_parser_14:
   \   00000108   7379               LDRB     R3,[R6, #+5]
   \   0000010A   3279               LDRB     R2,[R6, #+4]
   \   0000010C   F178               LDRB     R1,[R6, #+3]
   \   0000010E   3800               MOVS     R0,R7
   \   00000110   1830               ADDS     R0,R0,#+24
   \   00000112   ........           _BLF     printf,??printf??rT
    668              printf("\n>TStime-%02X:%02X:%02X", SvrHour, SvrMinute, SvrSec);
   \   00000116   337A               LDRB     R3,[R6, #+8]
   \   00000118   F279               LDRB     R2,[R6, #+7]
   \   0000011A   B179               LDRB     R1,[R6, #+6]
   \   0000011C   3800               MOVS     R0,R7
   \   0000011E   ........           _BLF     printf,??printf??rT
    669            }
    670            return msg;
   \                     ??sever_parser_15:
   \   00000122   0098               LDR      R0,[SP, #+0]
   \   00000124   0004               LSLS     R0,R0,#+16
   \   00000126   ....               B.N      ?Subroutine48
   \                     ??sever_parser_4:
   \   00000128   ........           DC32     `?<Constant "\\n>TStime-%02X:%02X:%02X">`
    671          }
    672          

   \                                 In segment CODE, align 4, keep-with-next
    673          void modem_rxbuf_clear(void)
    674          {
   \                     modem_rxbuf_clear:
   \   00000000   00B5               PUSH     {LR}
    675            unsigned char lp;
    676            for (lp = 0; lp <= ModemRxNo; lp++) ModemRxBuf[lp] = 0;
   \   00000002   0020               MOVS     R0,#+0
   \   00000004   0021               MOVS     R1,#+0
   \   00000006   04E0               B        ??modem_rxbuf_clear_0
   \                     ??modem_rxbuf_clear_1:
   \   00000008   ....               LDR      R3,??DataTable35  ;; ModemRxBuf
   \   0000000A   5854               STRB     R0,[R3, R1]
   \   0000000C   491C               ADDS     R1,R1,#+1
   \   0000000E   0906               LSLS     R1,R1,#+24
   \   00000010   090E               LSRS     R1,R1,#+24
   \                     ??modem_rxbuf_clear_0:
   \   00000012   ....               LDR      R2,??DataTable56  ;; ErrGenerate
   \   00000014   937B               LDRB     R3,[R2, #+14]
   \   00000016   8B42               CMP      R3,R1
   \   00000018   F6D2               BCS      ??modem_rxbuf_clear_1
    677            ModemRxNo = 0;
   \   0000001A   9073               STRB     R0,[R2, #+14]
    678            ModemRxNo0 = 0;
   \   0000001C   1074               STRB     R0,[R2, #+16]
    679            SeverRxNo = 0;
   \   0000001E   D073               STRB     R0,[R2, #+15]
    680            SeverRxNo0 = 0;
   \   00000020   5074               STRB     R0,[R2, #+17]
    681          }
   \   00000022   01BC               POP      {R0}
   \   00000024   0047               BX       R0               ;; return
    682          
    683          unsigned char SeverSendData[1024];

   \                                 In segment CODE, align 4, keep-with-next
    684          unsigned short sever_tx_checksum(short length)
    685          {
   \                     sever_tx_checksum:
   \   00000000   10B5               PUSH     {R4,LR}
    686            unsigned short lp, sum;
    687            
    688            sum = 0;
   \   00000002   0021               MOVS     R1,#+0
    689            for (lp = 1; lp < length; lp++)
   \   00000004   0122               MOVS     R2,#+1
   \   00000006   ....               LDR      R4,??DataTable55  ;; SeverSendData
   \   00000008   06E0               B        ??sever_tx_checksum_0
    690              sum += SeverSendData[lp];
   \                     ??sever_tx_checksum_1:
   \   0000000A   A35C               LDRB     R3,[R4, R2]
   \   0000000C   C918               ADDS     R1,R1,R3
   \   0000000E   0904               LSLS     R1,R1,#+16
   \   00000010   090C               LSRS     R1,R1,#+16
   \   00000012   521C               ADDS     R2,R2,#+1
   \   00000014   1204               LSLS     R2,R2,#+16
   \   00000016   120C               LSRS     R2,R2,#+16
   \                     ??sever_tx_checksum_0:
   \   00000018   8242               CMP      R2,R0
   \   0000001A   F6DB               BLT      ??sever_tx_checksum_1
    691            
    692            return sum;
   \   0000001C   0800               MOVS     R0,R1
   \   0000001E   ........           BL       ?Subroutine43
    693          }
    694          

   \                                 In segment CODE, align 4, keep-with-next
    695          short make_short2ascii(short x, unsigned short y)
    696          {
   \                     make_short2ascii:
   \   00000000   F1B5               PUSH     {R0,R4-R7,LR}
   \   00000002   0700               MOVS     R7,R0
   \   00000004   0E00               MOVS     R6,R1
    697            SeverSendData[x++] = low2ascii((y >> 12) & 0x0F);
   \   00000006   ....               LDR      R4,??DataTable55  ;; SeverSendData
   \   00000008   300B               LSRS     R0,R6,#+12
   \   0000000A   ........           _BLF     low2ascii,??low2ascii??rT
   \   0000000E   E055               STRB     R0,[R4, R7]
   \   00000010   7F1C               ADDS     R7,R7,#+1
    698            SeverSendData[x++] = low2ascii((y >> 8) & 0x0F);
   \   00000012   0F25               MOVS     R5,#+15
   \   00000014   300A               LSRS     R0,R6,#+8
   \   00000016   2840               ANDS     R0,R0,R5
   \   00000018   ........           _BLF     low2ascii,??low2ascii??rT
   \   0000001C   3F04               LSLS     R7,R7,#+16
   \   0000001E   3F14               ASRS     R7,R7,#+16
   \   00000020   E055               STRB     R0,[R4, R7]
   \   00000022   7F1C               ADDS     R7,R7,#+1
    699            SeverSendData[x++] = low2ascii((y >> 4) & 0x0F);
   \   00000024   3006               LSLS     R0,R6,#+24
   \   00000026   000F               LSRS     R0,R0,#+28
   \   00000028   ........           _BLF     low2ascii,??low2ascii??rT
   \   0000002C   3F04               LSLS     R7,R7,#+16
   \   0000002E   3F14               ASRS     R7,R7,#+16
   \   00000030   E055               STRB     R0,[R4, R7]
   \   00000032   7F1C               ADDS     R7,R7,#+1
    700            SeverSendData[x++] = low2ascii(y & 0x0F);
   \   00000034   3540               ANDS     R5,R5,R6
   \   00000036   2800               MOVS     R0,R5
   \   00000038   ........           _BLF     low2ascii,??low2ascii??rT
   \   0000003C   3F04               LSLS     R7,R7,#+16
   \   0000003E   3F14               ASRS     R7,R7,#+16
   \   00000040   E055               STRB     R0,[R4, R7]
    701            return x;
   \   00000042   7F1C               ADDS     R7,R7,#+1
   \   00000044   3804               LSLS     R0,R7,#+16
   \   00000046   C046               Nop      
   \   00000048                      REQUIRE ?Subroutine48
   \   00000048                      ;; // Fall through to label ?Subroutine48
    702          }
    703          

   \                                 In segment CODE, align 4, keep-with-next
    704          short make_hex2ascii(short x, unsigned short y)
    705          {
   \                     make_hex2ascii:
   \   00000000   70B5               PUSH     {R4-R6,LR}
   \   00000002   0400               MOVS     R4,R0
   \   00000004   0D00               MOVS     R5,R1
    706            SeverSendData[x++] = low2ascii((y >> 4) & 0x0F);
   \   00000006   ....               LDR      R6,??DataTable55  ;; SeverSendData
   \   00000008   2806               LSLS     R0,R5,#+24
   \   0000000A   000F               LSRS     R0,R0,#+28
   \   0000000C   ........           _BLF     low2ascii,??low2ascii??rT
   \   00000010   3055               STRB     R0,[R6, R4]
   \   00000012   641C               ADDS     R4,R4,#+1
    707            SeverSendData[x++] = low2ascii(y & 0x0F);
   \   00000014   2807               LSLS     R0,R5,#+28
   \   00000016   000F               LSRS     R0,R0,#+28
   \   00000018   ........           _BLF     low2ascii,??low2ascii??rT
   \   0000001C   2404               LSLS     R4,R4,#+16
   \   0000001E   2414               ASRS     R4,R4,#+16
   \   00000020   3055               STRB     R0,[R6, R4]
    708            return x;
   \   00000022   641C               ADDS     R4,R4,#+1
   \   00000024   2004               LSLS     R0,R4,#+16
   \   00000026   0014               ASRS     R0,R0,#+16
   \   00000028   ....               B.N      ?Subroutine47
    709          }
    710          /*
    711          #define	PACKET_OK	'A0'
    712          #define	PK_SUM_ERR	'A1'
    713          #define	PK_NO_CMD	'A2'
    714          #define	DATA_REQUEST	'DR'
    715          #define	DATA_REQ_ACK	'dr'
    716          #define	DELAY_CLEAR	'TO'
    717          #define	DELAY_CLR_ACK	'to'
    718          */
    719          
    720          // message packet checksum check

   \                                 In segment CODE, align 4, keep-with-next
    721          char sv_msgpkt_varify(unsigned char size)
    722          {
   \                     sv_msgpkt_varify:
   \   00000000   F1B5               PUSH     {R0,R4-R7,LR}
   \   00000002   0400               MOVS     R4,R0
    723            unsigned short sum, rxsum, msg;
    724            char error;
    725            
    726            usRxPacketNo = ascii2short(ModemRxBuf[1],ModemRxBuf[2],ModemRxBuf[3],ModemRxBuf[4]);
   \   00000004   ....               LDR      R5,??DataTable56  ;; ErrGenerate
   \   00000006   ....               LDR      R6,??DataTable46  ;; ModemRxBuf
   \   00000008   3379               LDRB     R3,[R6, #+4]
   \   0000000A   F278               LDRB     R2,[R6, #+3]
   \   0000000C   B178               LDRB     R1,[R6, #+2]
   \   0000000E   7078               LDRB     R0,[R6, #+1]
   \   00000010   ........           _BLF     ascii2short,??ascii2short??rT
   \   00000014   E882               STRH     R0,[R5, #+22]
    727            usRxDeviceNo = ascii2short(ModemRxBuf[5],ModemRxBuf[6],ModemRxBuf[7],ModemRxBuf[8]);
   \   00000016   337A               LDRB     R3,[R6, #+8]
   \   00000018   F279               LDRB     R2,[R6, #+7]
   \   0000001A   B179               LDRB     R1,[R6, #+6]
   \   0000001C   7079               LDRB     R0,[R6, #+5]
   \   0000001E   ........           _BLF     ascii2short,??ascii2short??rT
   \   00000022   2883               STRH     R0,[R5, #+24]
    728            msg = (ModemRxBuf[9]<<8)|ModemRxBuf[10];
   \   00000024   707A               LDRB     R0,[R6, #+9]
   \   00000026   0002               LSLS     R0,R0,#+8
   \   00000028   B77A               LDRB     R7,[R6, #+10]
   \   0000002A   0743               ORRS     R7,R7,R0
    729            RxDataLenth = ascii2short(ModemRxBuf[11],ModemRxBuf[12],ModemRxBuf[13],ModemRxBuf[14]);
   \   0000002C   B37B               LDRB     R3,[R6, #+14]
   \   0000002E   727B               LDRB     R2,[R6, #+13]
   \   00000030   317B               LDRB     R1,[R6, #+12]
   \   00000032   F07A               LDRB     R0,[R6, #+11]
   \   00000034   ........           _BLF     ascii2short,??ascii2short??rT
   \   00000038   E883               STRH     R0,[R5, #+30]
    730            sum = calc_checksum(&ModemRxBuf[1], size);
   \   0000003A   2100               MOVS     R1,R4
   \   0000003C   701C               ADDS     R0,R6,#+1
   \   0000003E   ........           BL       calc_checksum
   \   00000042   0504               LSLS     R5,R0,#+16
   \   00000044   2D0C               LSRS     R5,R5,#+16
    731            rxsum = ascii2short(ModemRxBuf[size+1],ModemRxBuf[size+2],ModemRxBuf[size+3],ModemRxBuf[size+4]);
   \   00000046   3019               ADDS     R0,R6,R4
   \   00000048   0379               LDRB     R3,[R0, #+4]
   \   0000004A   C278               LDRB     R2,[R0, #+3]
   \   0000004C   8178               LDRB     R1,[R0, #+2]
   \   0000004E   4078               LDRB     R0,[R0, #+1]
   \   00000050   ........           _BLF     ascii2short,??ascii2short??rT
    732            
    733            if (sum != rxsum) error = SUM_ERR; 
   \   00000054   8542               CMP      R5,R0
   \   00000056   01D0               BEQ      ??sv_msgpkt_varify_0
   \   00000058   0124               MOVS     R4,#+1
   \   0000005A   0AE0               B        ??sv_msgpkt_varify_1
    734            else if (msg == DELAY_CLEAR)  error = 0;
   \                     ??sv_msgpkt_varify_0:
   \   0000005C   0024               MOVS     R4,#+0
   \   0000005E   0C4A               LDR      R2,??sv_msgpkt_varify_2  ;; 0x544f
   \   00000060   9742               CMP      R7,R2
   \   00000062   06D0               BEQ      ??sv_msgpkt_varify_1
    735            else if (msg == DATA_REQUEST) error = 0;
   \   00000064   ....               LDR      R2,??DataTable42  ;; 0x4452
   \   00000066   9742               CMP      R7,R2
   \   00000068   03D0               BEQ      ??sv_msgpkt_varify_1
    736            else if (msg == SET_RTC) error = 0;
   \   0000006A   ....               LDR      R1,??DataTable43  ;; 0x5354
   \   0000006C   8F42               CMP      R7,R1
   \   0000006E   00D0               BEQ      ??sv_msgpkt_varify_1
    737            else error = CANT_MSG;
   \   00000070   0224               MOVS     R4,#+2
    738            
    739            ifMODEMctrl printf("\nSum:%04X,Rx:%04X,E:%1d",sum, rxsum, error); 
   \                     ??sv_msgpkt_varify_1:
   \   00000072   ....               LDR      R1,??DataTable44  ;; ExecMode
   \   00000074   0978               LDRB     R1,[R1, #+0]
   \   00000076   0329               CMP      R1,#+3
   \   00000078   01D0               BEQ      ??sv_msgpkt_varify_3
   \   0000007A   0B29               CMP      R1,#+11
   \   0000007C   05D1               BNE      ??sv_msgpkt_varify_4
   \                     ??sv_msgpkt_varify_3:
   \   0000007E   2300               MOVS     R3,R4
   \   00000080   0200               MOVS     R2,R0
   \   00000082   2900               MOVS     R1,R5
   \   00000084   0348               LDR      R0,??sv_msgpkt_varify_2+0x4  ;; `?<Constant "\\nSum:%04X,Rx:%04X,E:%1d">`
   \   00000086   ........           _BLF     printf,??printf??rT
    740            
    741            return error;
   \                     ??sv_msgpkt_varify_4:
   \   0000008A   2000               MOVS     R0,R4
   \   0000008C   ....               B.N      ??Subroutine48_0
   \   0000008E   C046               Nop      
   \                     ??sv_msgpkt_varify_2:
   \   00000090   4F540000           DC32     0x544f
   \   00000094   ........           DC32     `?<Constant "\\nSum:%04X,Rx:%04X,E:%1d">`
    742          }
    743          
    744          // ack packet checksum check

   \                                 In segment CODE, align 4, keep-with-next
    745          char sv_ackpkt_varify(unsigned char size)
    746          {
   \                     sv_ackpkt_varify:
   \   00000000   F1B5               PUSH     {R0,R4-R7,LR}
   \   00000002   0400               MOVS     R4,R0
    747            unsigned short sum, rxsum, msg;
    748            char error;
    749            usRxPacketNo = ascii2short(ModemRxBuf[1],ModemRxBuf[2],ModemRxBuf[3],ModemRxBuf[4]);
   \   00000004   ....               LDR      R5,??DataTable56  ;; ErrGenerate
   \   00000006   ....               LDR      R6,??DataTable46  ;; ModemRxBuf
   \   00000008   3379               LDRB     R3,[R6, #+4]
   \   0000000A   F278               LDRB     R2,[R6, #+3]
   \   0000000C   B178               LDRB     R1,[R6, #+2]
   \   0000000E   7078               LDRB     R0,[R6, #+1]
   \   00000010   ........           _BLF     ascii2short,??ascii2short??rT
   \   00000014   E882               STRH     R0,[R5, #+22]
    750            usRxDeviceNo = ascii2short(ModemRxBuf[5],ModemRxBuf[6],ModemRxBuf[7],ModemRxBuf[8]);
   \   00000016   337A               LDRB     R3,[R6, #+8]
   \   00000018   F279               LDRB     R2,[R6, #+7]
   \   0000001A   B179               LDRB     R1,[R6, #+6]
   \   0000001C   7079               LDRB     R0,[R6, #+5]
   \   0000001E   ........           _BLF     ascii2short,??ascii2short??rT
   \   00000022   2883               STRH     R0,[R5, #+24]
    751            msg = (ModemRxBuf[9]<<8)|ModemRxBuf[10];
   \   00000024   707A               LDRB     R0,[R6, #+9]
   \   00000026   0002               LSLS     R0,R0,#+8
   \   00000028   B77A               LDRB     R7,[R6, #+10]
   \   0000002A   0743               ORRS     R7,R7,R0
    752            RxDataLenth = ascii2short(ModemRxBuf[11],ModemRxBuf[12],ModemRxBuf[13],ModemRxBuf[14]);
   \   0000002C   B37B               LDRB     R3,[R6, #+14]
   \   0000002E   727B               LDRB     R2,[R6, #+13]
   \   00000030   317B               LDRB     R1,[R6, #+12]
   \   00000032   F07A               LDRB     R0,[R6, #+11]
   \   00000034   ........           _BLF     ascii2short,??ascii2short??rT
   \   00000038   E883               STRH     R0,[R5, #+30]
    753            sum = calc_checksum(&ModemRxBuf[1], size);
   \   0000003A   2100               MOVS     R1,R4
   \   0000003C   701C               ADDS     R0,R6,#+1
   \   0000003E   ........           BL       calc_checksum
   \   00000042   0504               LSLS     R5,R0,#+16
   \   00000044   2D0C               LSRS     R5,R5,#+16
    754            rxsum = ascii2short(ModemRxBuf[size+1],ModemRxBuf[size+2],ModemRxBuf[size+3],ModemRxBuf[size+4]);
   \   00000046   3019               ADDS     R0,R6,R4
   \   00000048   0379               LDRB     R3,[R0, #+4]
   \   0000004A   C278               LDRB     R2,[R0, #+3]
   \   0000004C   8178               LDRB     R1,[R0, #+2]
   \   0000004E   4078               LDRB     R0,[R0, #+1]
   \   00000050   ........           _BLF     ascii2short,??ascii2short??rT
   \   00000054   0400               MOVS     R4,R0
    755            ifMODEMctrl printf("\nCalc:%04X,Rx:%04X",sum, rxsum); 
   \   00000056   ....               LDR      R0,??DataTable47  ;; ExecMode
   \   00000058   0078               LDRB     R0,[R0, #+0]
   \   0000005A   0328               CMP      R0,#+3
   \   0000005C   01D0               BEQ      ??sv_ackpkt_varify_0
   \   0000005E   0B28               CMP      R0,#+11
   \   00000060   04D1               BNE      ??sv_ackpkt_varify_1
   \                     ??sv_ackpkt_varify_0:
   \   00000062   2200               MOVS     R2,R4
   \   00000064   2900               MOVS     R1,R5
   \   00000066   0748               LDR      R0,??sv_ackpkt_varify_2  ;; `?<Constant "\\nCalc:%04X,Rx:%04X">`
   \   00000068   ........           _BLF     printf,??printf??rT
    756            
    757            if (sum != rxsum) error = 1;
   \                     ??sv_ackpkt_varify_1:
   \   0000006C   A542               CMP      R5,R4
   \   0000006E   01D0               BEQ      ??sv_ackpkt_varify_3
   \   00000070   0120               MOVS     R0,#+1
   \   00000072   05E0               B        ??sv_ackpkt_varify_4
    758            else if (msg != PACKET_OK) error = 2;
   \                     ??sv_ackpkt_varify_3:
   \   00000074   ....               LDR      R0,??DataTable48  ;; 0x4130
   \   00000076   8742               CMP      R7,R0
   \   00000078   01D0               BEQ      ??sv_ackpkt_varify_5
   \   0000007A   0220               MOVS     R0,#+2
   \   0000007C   00E0               B        ??sv_ackpkt_varify_4
    759            else error = 0;
   \                     ??sv_ackpkt_varify_5:
   \   0000007E   0020               MOVS     R0,#+0
    760            
    761            return error;
   \                     ??sv_ackpkt_varify_4:
   \   00000080   ....               B.N      ??Subroutine48_0
   \   00000082   C046               Nop      
   \                     ??sv_ackpkt_varify_2:
   \   00000084   ........           DC32     `?<Constant "\\nCalc:%04X,Rx:%04X">`
    762          }
    763          

   \                                 In segment CODE, align 4, keep-with-next
    764          void make_ack_packet(unsigned short ack)
    765          {
   \                     make_ack_packet:
   \   00000000   70B5               PUSH     {R4-R6,LR}
   \   00000002   0500               MOVS     R5,R0
    766            //unsigned char x;
    767            unsigned short x, sum;
    768            x = 0;
    769            SeverSendData[x++] = SV_STX;
   \   00000004   ....               LDR      R4,??DataTable55  ;; SeverSendData
   \   00000006   0220               MOVS     R0,#+2
   \   00000008   2070               STRB     R0,[R4, #+0]
    770            x = make_short2ascii(x, usRxPacketNo);
   \   0000000A   ....               LDR      R6,??DataTable56  ;; ErrGenerate
   \   0000000C   F18A               LDRH     R1,[R6, #+22]
   \   0000000E   0120               MOVS     R0,#+1
   \   00000010   ........           BL       make_short2ascii
    771            x = make_short2ascii(x, usRxDeviceNo);
   \   00000014   318B               LDRH     R1,[R6, #+24]
   \   00000016   ........           BL       make_short2ascii
   \   0000001A   0004               LSLS     R0,R0,#+16
   \   0000001C   000C               LSRS     R0,R0,#+16
    772            SeverSendData[x++] = ack >> 8;
   \   0000001E   2A0A               LSRS     R2,R5,#+8
   \   00000020   2254               STRB     R2,[R4, R0]
   \   00000022   401C               ADDS     R0,R0,#+1
   \   00000024   0004               LSLS     R0,R0,#+16
   \   00000026   000C               LSRS     R0,R0,#+16
    773            SeverSendData[x++] = ack & 0x0FF;
   \   00000028   2554               STRB     R5,[R4, R0]
    774            x = make_short2ascii(x, 0);	// length = 0
   \   0000002A   0021               MOVS     R1,#+0
   \   0000002C   401C               ADDS     R0,R0,#+1
   \   0000002E   0004               LSLS     R0,R0,#+16
   \   00000030   0014               ASRS     R0,R0,#+16
   \   00000032   ........           BL       make_short2ascii
   \   00000036   0504               LSLS     R5,R0,#+16
   \   00000038   2D0C               LSRS     R5,R5,#+16
    775            sum = sever_tx_checksum(x);
   \   0000003A   ........           BL       sever_tx_checksum
   \   0000003E   0100               MOVS     R1,R0
    776            x = make_short2ascii(x, sum);
   \   00000040   2804               LSLS     R0,R5,#+16
   \   00000042   0014               ASRS     R0,R0,#+16
   \   00000044   ........           BL       make_short2ascii
   \   00000048   0004               LSLS     R0,R0,#+16
   \   0000004A   000C               LSRS     R0,R0,#+16
    777            SeverSendData[x++] = SV_ETX;
   \   0000004C   ....               B.N      ?Subroutine49
    778          }

   \                                 In segment CODE, align 4, keep-with-next
   \                     ?Subroutine49:
   \   00000000   0321               MOVS     R1,#+3
   \   00000002   2154               STRB     R1,[R4, R0]
   \   00000004   70BC               POP      {R4-R6}
   \   00000006   01BC               POP      {R0}
   \   00000008   0047               BX       R0               ;; return
    779          

   \                                 In segment CODE, align 4, keep-with-next
    780          void packet_ack_transmit(unsigned short ack)
    781          {
   \                     packet_ack_transmit:
   \   00000000   01B5               PUSH     {R0,LR}
    782            make_ack_packet(ack);
   \   00000002   ........           BL       make_ack_packet
    783            putstring_modem(&SeverSendData[0]);
   \   00000006   ....               LDR      R0,??DataTable55  ;; SeverSendData
   \   00000008   ........           BL       putstring_modem
    784          }
   \   0000000C   ....               B.N      ??Subroutine44_1
    785          

   \                                 In segment CODE, align 4, keep-with-next
    786          unsigned char make_packet_head(unsigned short msg, unsigned short length)
    787          {
   \                     make_packet_head:
   \   00000000   F1B5               PUSH     {R0,R4-R7,LR}
   \   00000002   0400               MOVS     R4,R0
   \   00000004   0D00               MOVS     R5,R1
    788            unsigned short x;
    789            x = 0;
    790            SeverSendData[x++] = SV_STX;
   \   00000006   ....               LDR      R6,??DataTable55  ;; SeverSendData
   \   00000008   0220               MOVS     R0,#+2
   \   0000000A   3070               STRB     R0,[R6, #+0]
    791            x = make_short2ascii(x, usTxPacketNo);
   \   0000000C   ....               LDR      R7,??DataTable56  ;; ErrGenerate
   \   0000000E   798B               LDRH     R1,[R7, #+26]
   \   00000010   0120               MOVS     R0,#+1
   \   00000012   ........           BL       make_short2ascii
    792            x = make_short2ascii(x, usRxDeviceNo);
   \   00000016   398B               LDRH     R1,[R7, #+24]
   \   00000018   ........           BL       make_short2ascii
   \   0000001C   0004               LSLS     R0,R0,#+16
   \   0000001E   000C               LSRS     R0,R0,#+16
    793            SeverSendData[x++] = msg >> 8;
   \   00000020   220A               LSRS     R2,R4,#+8
   \   00000022   3254               STRB     R2,[R6, R0]
   \   00000024   401C               ADDS     R0,R0,#+1
   \   00000026   0004               LSLS     R0,R0,#+16
   \   00000028   000C               LSRS     R0,R0,#+16
    794            SeverSendData[x++] = msg & 0x0FF;
   \   0000002A   3454               STRB     R4,[R6, R0]
    795            x = make_short2ascii(x, length);
   \   0000002C   2900               MOVS     R1,R5
   \   0000002E   401C               ADDS     R0,R0,#+1
   \   00000030   0004               LSLS     R0,R0,#+16
   \   00000032   0014               ASRS     R0,R0,#+16
   \   00000034   ........           BL       make_short2ascii
    796            TxDataLenth = length;
   \   00000038   3D84               STRH     R5,[R7, #+32]
    797            return x;
   \   0000003A   0006               LSLS     R0,R0,#+24
   \   0000003C   000E               LSRS     R0,R0,#+24
   \   0000003E   ....               B.N      ??Subroutine48_0
    798          }
    799          

   \                                 In segment CODE, align 4, keep-with-next
    800          void make_packet_tail(unsigned short x)
    801          {
   \                     make_packet_tail:
   \   00000000   10B5               PUSH     {R4,LR}
   \   00000002   0400               MOVS     R4,R0
    802            unsigned short sum;
    803            sum = sever_tx_checksum(x);
   \   00000004   0004               LSLS     R0,R0,#+16
   \   00000006   0014               ASRS     R0,R0,#+16
   \   00000008   ........           BL       sever_tx_checksum
    804            if (ErrGenerate) sum = sum + 1;
   \   0000000C   ....               LDR      R1,??DataTable54  ;; ErrGenerate
   \   0000000E   0978               LDRB     R1,[R1, #+0]
   \   00000010   0029               CMP      R1,#+0
   \   00000012   02D0               BEQ      ??make_packet_tail_0
   \   00000014   401C               ADDS     R0,R0,#+1
   \   00000016   0004               LSLS     R0,R0,#+16
   \   00000018   000C               LSRS     R0,R0,#+16
    805            x = make_short2ascii(x, sum);
   \                     ??make_packet_tail_0:
   \   0000001A   0100               MOVS     R1,R0
   \   0000001C   2004               LSLS     R0,R4,#+16
   \   0000001E   0014               ASRS     R0,R0,#+16
   \   00000020   ........           BL       make_short2ascii
    806            SeverSendData[x++] = SV_ETX;
   \   00000024   0004               LSLS     R0,R0,#+16
   \   00000026   000C               LSRS     R0,R0,#+16
   \   00000028   ....               LDR      R1,??DataTable55  ;; SeverSendData
   \   0000002A   0322               MOVS     R2,#+3
   \   0000002C   0A54               STRB     R2,[R1, R0]
    807          }
   \   0000002E   10BC               POP      {R4}
   \   00000030   01BC               POP      {R0}
   \   00000032   0047               BX       R0               ;; return
    808          

   \                                 In segment CODE, align 4, keep-with-next
    809          void inc_txpacketno(void)
    810          {
   \                     inc_txpacketno:
   \   00000000   00B5               PUSH     {LR}
    811            usTxPacketNo++;
   \   00000002   ....               LDR      R0,??DataTable56  ;; ErrGenerate
   \   00000004   418B               LDRH     R1,[R0, #+26]
   \   00000006   491C               ADDS     R1,R1,#+1
    812            if (usTxPacketNo == 0) usTxPacketNo = 1;
   \   00000008   0904               LSLS     R1,R1,#+16
   \   0000000A   090C               LSRS     R1,R1,#+16
   \   0000000C   00D1               BNE      ??inc_txpacketno_0
   \   0000000E   0121               MOVS     R1,#+1
   \                     ??inc_txpacketno_0:
   \   00000010   4183               STRH     R1,[R0, #+26]
    813            usTxPacketNo0 = usTxPacketNo;
   \   00000012   8183               STRH     R1,[R0, #+28]
    814          }
   \   00000014   01BC               POP      {R0}
   \   00000016   0047               BX       R0               ;; return
    815          
    816          #define	MAX_RECORD	512

   \                                 In segment CODE, align 4, keep-with-next
    817          void make_dr_packet(short no)
    818          {
   \                     make_dr_packet:
   \   00000000   31B5               PUSH     {R0,R4,R5,LR}
    819            unsigned short x, l, lp;
    820            
    821            if (usStoreID == STORE_ID)
   \   00000002   ....               LDR      R0,??DataTable61  ;; 0x6472
   \   00000004   ....               LDR      R1,??DataTable58  ;; ErrGenerate + 42
   \   00000006   0988               LDRH     R1,[R1, #+0]
   \   00000008   ....               LDR      R2,??DataTable59  ;; 0xaa55
   \   0000000A   9142               CMP      R1,R2
   \   0000000C   19D1               BNE      ??make_dr_packet_0
    822            {
    823              l = (120 * 4) + 20;
    824              x = make_packet_head(DATA_REQ_ACK, l);
   \   0000000E   FA21               MOVS     R1,#+250
   \   00000010   4900               LSLS     R1,R1,#+1        ;; #+500
   \   00000012   ........           BL       make_packet_head
    825              for (lp = 1; lp < 6; lp++ ) 
   \   00000016   0125               MOVS     R5,#+1
   \   00000018   ....               LDR      R4,??DataTable60  ;; usTransmitBuf
    826                x = make_short2ascii(x, usTransmitBuf[lp]);
   \                     ??make_dr_packet_1:
   \   0000001A   6900               LSLS     R1,R5,#+1
   \   0000001C   615A               LDRH     R1,[R4, R1]
   \   0000001E   ........           BL       make_short2ascii
   \   00000022   6D1C               ADDS     R5,R5,#+1
   \   00000024   2D04               LSLS     R5,R5,#+16
   \   00000026   2D0C               LSRS     R5,R5,#+16
   \   00000028   062D               CMP      R5,#+6
   \   0000002A   F6D3               BCC      ??make_dr_packet_1
    827              for (lp = 8; lp < 128; lp++ ) 
   \   0000002C   0825               MOVS     R5,#+8
    828                x = make_short2ascii(x, usTransmitBuf[lp]);
   \                     ??make_dr_packet_2:
   \   0000002E   6900               LSLS     R1,R5,#+1
   \   00000030   615A               LDRH     R1,[R4, R1]
   \   00000032   ........           BL       make_short2ascii
   \   00000036   6D1C               ADDS     R5,R5,#+1
   \   00000038   2D04               LSLS     R5,R5,#+16
   \   0000003A   2D0C               LSRS     R5,R5,#+16
   \   0000003C   802D               CMP      R5,#+128
   \   0000003E   03D2               BCS      ??make_dr_packet_3
   \   00000040   F5E7               B        ??make_dr_packet_2
    829            }
    830            else
    831            {
    832              x = make_packet_head(DATA_REQ_ACK, 0);
   \                     ??make_dr_packet_0:
   \   00000042   0021               MOVS     R1,#+0
   \   00000044   ........           BL       make_packet_head
    833            }  
    834            make_packet_tail(x);
   \                     ??make_dr_packet_3:
   \   00000048   0004               LSLS     R0,R0,#+16
   \   0000004A   000C               LSRS     R0,R0,#+16
   \   0000004C   ........           BL       make_packet_tail
    835            inc_txpacketno();
   \   00000050   ........           BL       inc_txpacketno
    836          }
   \   00000054   38BC               POP      {R3-R5}
   \   00000056   01BC               POP      {R0}
   \   00000058   0047               BX       R0               ;; return
    837          

   \                                 In segment CODE, align 4, keep-with-next
    838          void make_dr_sample_packet(short no)
    839          {
   \                     make_dr_sample_packet:
   \   00000000   01B5               PUSH     {R0,LR}
    840            
    841            unsigned short x;
    842            /*
    843            unsigned short l, lp;
    844            //unsigned char add;
    845            
    846            if (no < MAX_RECORD)
    847            {
    848              l = (12 * 41) + 18;
    849            x = make_packet_head(DATA_REQ_ACK, l);
    850            
    851            x = make_hex2ascii(x, Year);
    852            x = make_hex2ascii(x, Month);
    853            x = make_hex2ascii(x, Date);
    854            x = make_hex2ascii(x, Hour);
    855            x = make_hex2ascii(x, Minute);
    856            x = make_hex2ascii(x, Sec);
    857            
    858            x = make_short2ascii(x, no);
    859            x = make_short2ascii(x, 60);
    860            for (lp = 0; lp < 41; lp++ )
    861            {
    862            x = make_short2ascii(x, iVOLTrms);
    863            x = make_short2ascii(x, iAMPrms);
    864            x = make_short2ascii(x, iActivePower);
    865            }
    866            */
    867            
    868          /*
    869            x = make_hex2ascii(x, TxYear);
    870            x = make_hex2ascii(x, TxMonth);
    871            x = make_hex2ascii(x, TxDate);
    872            x = make_hex2ascii(x, TxHour);
    873            x = make_hex2ascii(x, TxMinute);
    874          
    875            add = no * 3 + 8;
    876            x = make_short2ascii(x, usTransmitBuf[add++]);
    877            x = make_short2ascii(x, usTransmitBuf[add++]);
    878            x = make_short2ascii(x, usTransmitBuf[add++]);
    879           
    880            }
    881            else
    882            */
    883            {
    884              x = make_packet_head(DATA_REQ_ACK, 0);
   \   00000002   0021               MOVS     R1,#+0
   \   00000004   ....               LDR      R0,??DataTable61  ;; 0x6472
   \   00000006   ........           BL       make_packet_head
    885            }  
    886            make_packet_tail(x);
   \   0000000A   ........           BL       make_packet_tail
    887            inc_txpacketno();
   \   0000000E   ........           BL       inc_txpacketno
    888          }
   \   00000012   ....               B.N      ??Subroutine44_1
    889          

   \                                 In segment CODE, align 4, keep-with-next
    890          void send_dr_packet(void)
    891          {
   \                     send_dr_packet:
   \   00000000   01B5               PUSH     {R0,LR}
    892            putstring_modem(&SeverSendData[0]);
   \   00000002   ....               LDR      R0,??DataTable80  ;; SeverSendData
   \   00000004   ........           BL       putstring_modem
    893          }
   \   00000008   ....               B.N      ??Subroutine44_1
    894          

   \                                 In segment CODE, align 4, keep-with-next
    895          void make_sample_data(unsigned short msg)
    896          {
    897            /*
    898            unsigned char x;
    899          
    900            x = make_packet_head(msg, 22);
    901            
    902            x = make_hex2ascii(x, Year);
    903            x = make_hex2ascii(x, Month);
    904            x = make_hex2ascii(x, Date);
    905            x = make_hex2ascii(x, Hour);
    906            x = make_hex2ascii(x, Minute);
    907          
    908            x = make_short2ascii(x, iVOLTrms);
    909            x = make_short2ascii(x, iAMPrms);
    910            x = make_short2ascii(x, iActivePower);
    911            
    912            make_packet_tail(x);
    913            */
    914          }
   \                     make_sample_data:
   \   00000000   7047               BX       LR               ;; return
    915          

   \                                 In segment CODE, align 4, keep-with-next
    916          void make_date_time(unsigned short msg)
    917          {
   \                     make_date_time:
   \   00000000   01B5               PUSH     {R0,LR}
    918            unsigned char x;
    919            
    920            x = make_packet_head(msg, 12);
   \   00000002   0C21               MOVS     R1,#+12
   \   00000004   ........           BL       make_packet_head
    921            x = make_hex2ascii(x, Year);
   \   00000008   ....               LDR      R1,??DataTable72  ;; Year
   \   0000000A   0978               LDRB     R1,[R1, #+0]
   \   0000000C   ........           BL       make_hex2ascii
   \   00000010   0006               LSLS     R0,R0,#+24
   \   00000012   000E               LSRS     R0,R0,#+24
    922            x = make_hex2ascii(x, Month);
   \   00000014   ....               LDR      R1,??DataTable73  ;; Month
   \   00000016   0978               LDRB     R1,[R1, #+0]
   \   00000018   ........           BL       make_hex2ascii
   \   0000001C   0006               LSLS     R0,R0,#+24
   \   0000001E   000E               LSRS     R0,R0,#+24
    923            x = make_hex2ascii(x, Date);
   \   00000020   ....               LDR      R1,??DataTable74  ;; `Date`
   \   00000022   0978               LDRB     R1,[R1, #+0]
   \   00000024   ........           BL       make_hex2ascii
   \   00000028   0006               LSLS     R0,R0,#+24
   \   0000002A   000E               LSRS     R0,R0,#+24
    924            x = make_hex2ascii(x, Hour);
   \   0000002C   ....               LDR      R1,??DataTable75  ;; Hour
   \   0000002E   0978               LDRB     R1,[R1, #+0]
   \   00000030   ........           BL       make_hex2ascii
   \   00000034   0006               LSLS     R0,R0,#+24
   \   00000036   000E               LSRS     R0,R0,#+24
    925            x = make_hex2ascii(x, Minute);
   \   00000038   ....               LDR      R1,??DataTable76  ;; Minute
   \   0000003A   0978               LDRB     R1,[R1, #+0]
   \   0000003C   ........           BL       make_hex2ascii
   \   00000040   0006               LSLS     R0,R0,#+24
   \   00000042   000E               LSRS     R0,R0,#+24
    926            x = make_hex2ascii(x, Sec); 
   \   00000044   ....               LDR      R1,??DataTable77  ;; Sec
   \   00000046   0978               LDRB     R1,[R1, #+0]
   \   00000048   ........           BL       make_hex2ascii
   \   0000004C   0006               LSLS     R0,R0,#+24
   \   0000004E   000E               LSRS     R0,R0,#+24
    927            make_packet_tail(x);
   \   00000050   ........           BL       make_packet_tail
    928          }
   \   00000054   ....               B.N      ??Subroutine44_1
    929              

   \                                 In segment CODE, align 4, keep-with-next
    930          void sample_data_send(unsigned short msg)
    931          {
   \                     sample_data_send:
   \   00000000   01B5               PUSH     {R0,LR}
    932            make_sample_data(msg);
    933            putstring_modem(&SeverSendData[0]);
   \   00000002   ....               B.N      ?Subroutine44
    934            usTxPacketNo0 = usTxPacketNo;
    935            usTxPacketNo++;
    936          }
    937          

   \                                 In segment CODE, align 4, keep-with-next
    938          void date_time_send(unsigned short msg)
    939          {
   \                     date_time_send:
   \   00000000   01B5               PUSH     {R0,LR}
    940            make_date_time(msg);
   \   00000002   ........           BL       make_date_time
   \   00000006   C046               Nop      
    941            putstring_modem(&SeverSendData[0]);
   \   00000008                      REQUIRE ?Subroutine44
   \   00000008                      ;; // Fall through to label ?Subroutine44
    942            usTxPacketNo0 = usTxPacketNo;
    943            usTxPacketNo++;
    944          }
    945          

   \                                 In segment CODE, align 4, keep-with-next
    946          void sever_time_set(void)
    947          {
   \                     sever_time_set:
   \   00000000   01B5               PUSH     {R0,LR}
    948            Year = SvrYear;
   \   00000002   ....               LDR      R0,??DataTable86  ;; ErrGenerate
   \   00000004   ....               LDR      R1,??DataTable72  ;; Year
   \   00000006   C278               LDRB     R2,[R0, #+3]
   \   00000008   0A70               STRB     R2,[R1, #+0]
    949            Month = SvrMonth;
   \   0000000A   ....               LDR      R1,??DataTable73  ;; Month
   \   0000000C   0279               LDRB     R2,[R0, #+4]
   \   0000000E   0A70               STRB     R2,[R1, #+0]
    950            Date = SvrDate;
   \   00000010   ....               LDR      R1,??DataTable74  ;; `Date`
   \   00000012   4279               LDRB     R2,[R0, #+5]
   \   00000014   0A70               STRB     R2,[R1, #+0]
    951            Hour = SvrHour;
   \   00000016   ....               LDR      R1,??DataTable75  ;; Hour
   \   00000018   8279               LDRB     R2,[R0, #+6]
   \   0000001A   0A70               STRB     R2,[R1, #+0]
    952            Minute = SvrMinute;
   \   0000001C   ....               LDR      R1,??DataTable76  ;; Minute
   \   0000001E   C279               LDRB     R2,[R0, #+7]
   \   00000020   0A70               STRB     R2,[R1, #+0]
    953            Sec = SvrSec;
   \   00000022   ....               LDR      R1,??DataTable77  ;; Sec
   \   00000024   007A               LDRB     R0,[R0, #+8]
   \   00000026   0870               STRB     R0,[R1, #+0]
    954            ds1307_init_set();
   \   00000028   ........           _BLF     ds1307_init_set,??ds1307_init_set??rT
    955          }
   \   0000002C   ....               B.N      ??Subroutine44_1
    956            
    957          

   \                                 In segment CODE, align 4, keep-with-next
    958          void make_delay_clear(unsigned short msg)
    959          {
   \                     make_delay_clear:
   \   00000000   70B5               PUSH     {R4-R6,LR}
   \   00000002   0500               MOVS     R5,R0
    960            unsigned char x;
    961            unsigned short sum;
    962            x = 0;
    963            SeverSendData[x++] = SV_STX;
   \   00000004   ....               LDR      R4,??DataTable80  ;; SeverSendData
   \   00000006   0220               MOVS     R0,#+2
   \   00000008   2070               STRB     R0,[R4, #+0]
    964            x = make_short2ascii(x, usTxPacketNo);
   \   0000000A   ....               LDR      R6,??DataTable86  ;; ErrGenerate
   \   0000000C   718B               LDRH     R1,[R6, #+26]
   \   0000000E   0120               MOVS     R0,#+1
   \   00000010   ........           BL       make_short2ascii
   \   00000014   0006               LSLS     R0,R0,#+24
   \   00000016   000E               LSRS     R0,R0,#+24
    965            x = make_short2ascii(x, usRxDeviceNo);
   \   00000018   318B               LDRH     R1,[R6, #+24]
   \   0000001A   ........           BL       make_short2ascii
   \   0000001E   0006               LSLS     R0,R0,#+24
   \   00000020   000E               LSRS     R0,R0,#+24
    966            SeverSendData[x++] = msg >> 8;
   \   00000022   2A0A               LSRS     R2,R5,#+8
   \   00000024   2254               STRB     R2,[R4, R0]
   \   00000026   401C               ADDS     R0,R0,#+1
   \   00000028   0006               LSLS     R0,R0,#+24
   \   0000002A   000E               LSRS     R0,R0,#+24
    967            SeverSendData[x++] = msg & 0x0FF;
   \   0000002C   2554               STRB     R5,[R4, R0]
    968            x = make_short2ascii(x, 0);	// length = 0
   \   0000002E   0021               MOVS     R1,#+0
   \   00000030   401C               ADDS     R0,R0,#+1
   \   00000032   0006               LSLS     R0,R0,#+24
   \   00000034   000E               LSRS     R0,R0,#+24
   \   00000036   ........           BL       make_short2ascii
   \   0000003A   0506               LSLS     R5,R0,#+24
   \   0000003C   2D0E               LSRS     R5,R5,#+24
    969            
    970            sum = sever_tx_checksum(x);
   \   0000003E   2800               MOVS     R0,R5
   \   00000040   ........           BL       sever_tx_checksum
   \   00000044   0100               MOVS     R1,R0
    971            x = make_short2ascii(x, sum);
   \   00000046   2800               MOVS     R0,R5
   \   00000048   ........           BL       make_short2ascii
   \   0000004C   0006               LSLS     R0,R0,#+24
   \   0000004E   000E               LSRS     R0,R0,#+24
    972            SeverSendData[x++] = SV_ETX;
   \   00000050                      REQUIRE ?Subroutine49
   \   00000050                      ;; // Fall through to label ?Subroutine49
    973          }
    974          

   \                                 In segment CODE, align 4, keep-with-next
    975          void delay_clear_send(unsigned short msg)
    976          {
   \                     delay_clear_send:
   \   00000000   01B5               PUSH     {R0,LR}
    977            make_sample_data(msg);
    978            putstring_modem(&SeverSendData[0]);
   \   00000002   ....               LDR      R0,??DataTable80  ;; SeverSendData
   \   00000004   ........           BL       putstring_modem
    979            usTxPacketNo++;
   \   00000008   ....               LDR      R0,??DataTable86  ;; ErrGenerate
   \   0000000A   418B               LDRH     R1,[R0, #+26]
   \   0000000C   ....               B.N      ??Subroutine44_0
    980          }
    981          
    982          /***********************************/
    983          /*          Sever Reply            */
    984          /* 서버의 메시지를 실행            */
    985          /***********************************/

   \                                 In segment CODE, align 4, keep-with-next
    986          void sever_msg_execute(unsigned short msg)
    987          {
   \                     sever_msg_execute:
   \   00000000   01B5               PUSH     {R0,LR}
    988            if (msg == SET_RTC) sever_time_set();
   \   00000002   ....               LDR      R1,??DataTable84  ;; 0x5354
   \   00000004   8842               CMP      R0,R1
   \   00000006   02D1               BNE      ??sever_msg_execute_0
   \   00000008   ........           BL       sever_time_set
   \   0000000C   0BE0               B        ??sever_msg_execute_1
    989            else if (msg == DELAY_CLEAR) {ifMODEMctrl printf("\n>Wait Time Extend");}
   \                     ??sever_msg_execute_0:
   \   0000000E   FB31               ADDS     R1,R1,#+251
   \   00000010   8842               CMP      R0,R1
   \   00000012   08D1               BNE      ??sever_msg_execute_1
   \   00000014   ....               LDR      R0,??DataTable92  ;; ExecMode
   \   00000016   0078               LDRB     R0,[R0, #+0]
   \   00000018   0328               CMP      R0,#+3
   \   0000001A   01D0               BEQ      ??sever_msg_execute_2
   \   0000001C   0B28               CMP      R0,#+11
   \   0000001E   02D1               BNE      ??sever_msg_execute_1
   \                     ??sever_msg_execute_2:
   \   00000020   0148               LDR      R0,??sever_msg_execute_3  ;; `?<Constant "\\nMODEM CTS CLEAR">` + 160
   \   00000022   ........           _BLF     printf,??printf??rT
    990          }
   \                     ??sever_msg_execute_1:
   \   00000026   ....               B.N      ??Subroutine44_1
   \                     ??sever_msg_execute_3:
   \   00000028   ........           DC32     `?<Constant "\\nMODEM CTS CLEAR">` + 160
    991          
    992          /***********************************/
    993          /*          Sever Reply            */
    994          /* 서버의 메시지에 대한 응답 처리  */
    995          /***********************************/

   \                                 In segment CODE, align 4, keep-with-next
    996          char sever_reply(unsigned short msg)
    997          {
   \                     sever_reply:
   \   00000000   10B5               PUSH     {R4,LR}
    998            char error;
    999            
   1000            error = 0;
   \   00000002   0024               MOVS     R4,#+0
   1001            
   1002            if (msg == SET_RTC) date_time_send(SET_RTC_ACK);
   \   00000004   ....               LDR      R1,??DataTable84  ;; 0x5354
   \   00000006   8842               CMP      R0,R1
   \   00000008   03D1               BNE      ??sever_reply_0
   \   0000000A   0648               LDR      R0,??sever_reply_1  ;; 0x7374
   \   0000000C   ........           BL       date_time_send
   \   00000010   05E0               B        ??sever_reply_2
   1003            //else if (msg == DATA_REQUEST) sample_data_send(DATA_REQ_ACK);
   1004            else if (msg == DELAY_CLEAR) error = SEVER_WAKE;
   \                     ??sever_reply_0:
   \   00000012   FB31               ADDS     R1,R1,#+251
   \   00000014   8842               CMP      R0,R1
   \   00000016   01D1               BNE      ??sever_reply_3
   \   00000018   1E24               MOVS     R4,#+30
   \   0000001A   00E0               B        ??sever_reply_2
   1005            //delay_clear_send(DELAY_CLR_ACK);
   1006            else error = CANT_MSG;
   \                     ??sever_reply_3:
   \   0000001C   0224               MOVS     R4,#+2
   1007             
   1008            return error;
   \                     ??sever_reply_2:
   \   0000001E   2000               MOVS     R0,R4
   \   00000020   ........           BL       ?Subroutine43
   \                     ??sever_reply_1:
   \   00000024   74730000           DC32     0x7374
   1009          }
   1010          

   \                                 In segment CODE, align 4, keep-with-next
   1011          void modem_data_wait(void)
   1012          {
   \                     modem_data_wait:
   \   00000000   F1B5               PUSH     {R0,R4-R7,LR}
   1013            char data;
   1014              if (rx_usart()) 
   \   00000002   ....               LDR      R4,??DataTable92  ;; ExecMode
   \   00000004   ....               LDR      R5,??DataTable86  ;; ErrGenerate
   \   00000006   ........           BL       rx_usart
   \   0000000A   0028               CMP      R0,#+0
   \   0000000C   51D0               BEQ      ??modem_data_wait_0
   1015              {
   1016                data = get_modem();
   \   0000000E   ........           BL       get_modem
   1017                sRxDelay = 0;
   \   00000012   0021               MOVS     R1,#+0
   \   00000014   A984               STRH     R1,[R5, #+36]
   1018                ModemErr = 0;
   \   00000016   6970               STRB     R1,[R5, #+1]
   1019              
   1020                if (data == SV_STX) 
   \   00000018   ....               LDR      R2,??DataTable94  ;; ModemRxBuf
   \   0000001A   0228               CMP      R0,#+2
   \   0000001C   23D1               BNE      ??modem_data_wait_1
   1021                {
   1022          	SeverRxNo = 0;
   1023          	SeverRxNo0 = 0;
   \   0000001E   6974               STRB     R1,[R5, #+17]
   1024          	ModemRxBuf[SeverRxNo++] = data;
   \   00000020   1070               STRB     R0,[R2, #+0]
   \   00000022   0120               MOVS     R0,#+1
   \   00000024   E873               STRB     R0,[R5, #+15]
   1025          
   1026          	ifMODEMctrl 
   \   00000026   2278               LDRB     R2,[R4, #+0]
   \   00000028   032A               CMP      R2,#+3
   \   0000002A   01D0               BEQ      ??modem_data_wait_2
   \   0000002C   0B2A               CMP      R2,#+11
   \   0000002E   05D1               BNE      ??modem_data_wait_3
   1027          	  if (Com2Mode) printf("\n["); else putchar2('[');
   \                     ??modem_data_wait_2:
   \   00000030   687A               LDRB     R0,[R5, #+9]
   \   00000032   0028               CMP      R0,#+0
   \   00000034   13D0               BEQ      ??modem_data_wait_4
   \   00000036   ....               ADR      R0,??DataTable95  ;; "\n["
   \   00000038   ........           _BLF     printf,??printf??rT
   1028                }
   1029                else if (data == SV_ETX) 
   1030                {
   1031          	ModemRxBuf[SeverRxNo++] = data;
   1032          	ifMODEMctrl 
   1033          	  if (Com2Mode) printf("]"); else putchar2(']');
   1034          	sSVrxStep++;
   1035                }
   1036                else 
   1037                {
   1038          	ModemRxBuf[SeverRxNo++] = data;
   1039          	ifMODEMctrl
   1040          	  if (Com2Mode) printf("%1c", data);
   1041          	  else putchar2(data);
   1042                }     
   1043              }
   1044              else if (++sRxDelay >= MODEM_WAIT) 
   1045              {
   1046                ModemErr = TIME_OUT;
   1047                ifMODEMctrl
   1048                  if (!Com2Mode) putchar2('_');
   1049                sSVrxStep++;
   1050              }
   1051          
   1052              if (ModemCtsClr) 
   \                     ??modem_data_wait_3:
   \   0000003C   E87A               LDRB     R0,[R5, #+11]
   \   0000003E   0028               CMP      R0,#+0
   \   00000040   54D0               BEQ      ??modem_data_wait_5
   1053              {
   1054                ModemErr = CTS_CLEAR;
   \   00000042   0A20               MOVS     R0,#+10
   \   00000044   6870               STRB     R0,[R5, #+1]
   1055                ifMODEMctrl 
   \   00000046   2078               LDRB     R0,[R4, #+0]
   \   00000048   0328               CMP      R0,#+3
   \   0000004A   01D0               BEQ      ??modem_data_wait_6
   \   0000004C   0B28               CMP      R0,#+11
   \   0000004E   49D1               BNE      ??modem_data_wait_7
   1056          	if (Com2Mode) printf("\nMODEM CTS CLEAR");
   \                     ??modem_data_wait_6:
   \   00000050   687A               LDRB     R0,[R5, #+9]
   \   00000052   0028               CMP      R0,#+0
   \   00000054   43D0               BEQ      ??modem_data_wait_8
   \   00000056   ....               LDR      R0,??DataTable99  ;; `?<Constant "\\nMODEM CTS CLEAR">`
   \   00000058   ........           _BLF     printf,??printf??rT
   \   0000005C   42E0               B        ??modem_data_wait_7
   \                     ??modem_data_wait_4:
   \   0000005E   5B20               MOVS     R0,#+91
   \                     ??modem_data_wait_9:
   \   00000060   ........           _BLF     putchar2,??putchar2??rT
   \   00000064   EAE7               B        ??modem_data_wait_3
   \                     ??modem_data_wait_1:
   \   00000066   E97B               LDRB     R1,[R5, #+15]
   \   00000068   5618               ADDS     R6,R2,R1
   \   0000006A   491C               ADDS     R1,R1,#+1
   \   0000006C   6B7A               LDRB     R3,[R5, #+9]
   \   0000006E   2278               LDRB     R2,[R4, #+0]
   \   00000070   0328               CMP      R0,#+3
   \   00000072   3070               STRB     R0,[R6, #+0]
   \   00000074   E973               STRB     R1,[R5, #+15]
   \   00000076   11D1               BNE      ??modem_data_wait_10
   \   00000078   032A               CMP      R2,#+3
   \   0000007A   01D0               BEQ      ??modem_data_wait_11
   \   0000007C   0B2A               CMP      R2,#+11
   \   0000007E   08D1               BNE      ??modem_data_wait_12
   \                     ??modem_data_wait_11:
   \   00000080   002B               CMP      R3,#+0
   \   00000082   03D0               BEQ      ??modem_data_wait_13
   \   00000084   ....               ADR      R0,??DataTable96  ;; "]"
   \   00000086   ........           _BLF     printf,??printf??rT
   \   0000008A   02E0               B        ??modem_data_wait_12
   \                     ??modem_data_wait_13:
   \   0000008C   5D20               MOVS     R0,#+93
   \                     ??modem_data_wait_14:
   \   0000008E   ........           _BLF     putchar2,??putchar2??rT
   \                     ??modem_data_wait_12:
   \   00000092   2220               MOVS     R0,#+34
   \   00000094   285E               LDRSH    R0,[R5, R0]
   \   00000096   401C               ADDS     R0,R0,#+1
   \   00000098   6884               STRH     R0,[R5, #+34]
   \   0000009A   CFE7               B        ??modem_data_wait_3
   \                     ??modem_data_wait_10:
   \   0000009C   032A               CMP      R2,#+3
   \   0000009E   01D0               BEQ      ??modem_data_wait_15
   \   000000A0   0B2A               CMP      R2,#+11
   \   000000A2   CBD1               BNE      ??modem_data_wait_3
   \                     ??modem_data_wait_15:
   \   000000A4   002B               CMP      R3,#+0
   \   000000A6   DBD0               BEQ      ??modem_data_wait_9
   \   000000A8   0100               MOVS     R1,R0
   \   000000AA   ....               ADR      R0,??DataTable97  ;; "%1c"
   \   000000AC   ........           _BLF     printf,??printf??rT
   \   000000B0   C4E7               B        ??modem_data_wait_3
   \                     ??modem_data_wait_0:
   \   000000B2   2420               MOVS     R0,#+36
   \   000000B4   285E               LDRSH    R0,[R5, R0]
   \   000000B6   401C               ADDS     R0,R0,#+1
   \   000000B8   A884               STRH     R0,[R5, #+36]
   \   000000BA   FA21               MOVS     R1,#+250
   \   000000BC   4900               LSLS     R1,R1,#+1        ;; #+500
   \   000000BE   0004               LSLS     R0,R0,#+16
   \   000000C0   0014               ASRS     R0,R0,#+16
   \   000000C2   8842               CMP      R0,R1
   \   000000C4   BADB               BLT      ??modem_data_wait_3
   \   000000C6   0420               MOVS     R0,#+4
   \   000000C8   6870               STRB     R0,[R5, #+1]
   \   000000CA   2078               LDRB     R0,[R4, #+0]
   \   000000CC   0328               CMP      R0,#+3
   \   000000CE   01D0               BEQ      ??modem_data_wait_16
   \   000000D0   0B28               CMP      R0,#+11
   \   000000D2   DED1               BNE      ??modem_data_wait_12
   \                     ??modem_data_wait_16:
   \   000000D4   687A               LDRB     R0,[R5, #+9]
   \   000000D6   0028               CMP      R0,#+0
   \   000000D8   DBD1               BNE      ??modem_data_wait_12
   \   000000DA   5F20               MOVS     R0,#+95
   \   000000DC   D7E7               B.N      ??modem_data_wait_14
   1057                  else putchar2('!');
   \                     ??modem_data_wait_8:
   \   000000DE   2120               MOVS     R0,#+33
   \   000000E0   ........           _BLF     putchar2,??putchar2??rT
   1058                sSVrxStep++;
   \                     ??modem_data_wait_7:
   \   000000E4   2220               MOVS     R0,#+34
   \   000000E6   285E               LDRSH    R0,[R5, R0]
   \   000000E8   401C               ADDS     R0,R0,#+1
   \   000000EA   6884               STRH     R0,[R5, #+34]
   1059              }
   1060          }
   \                     ??modem_data_wait_5:
   \   000000EC   ........           BL       ?Subroutine45
   1061          

   \                                 In segment CODE, align 4, keep-with-next
   1062          void sever_data_wait(void)
   1063          {
   \                     sever_data_wait:
   \   00000000   F1B5               PUSH     {R0,R4-R7,LR}
   \   00000002   ....               LDR      R4,??DataTable92  ;; ExecMode
   \   00000004   ....               LDR      R5,??DataTable93  ;; ErrGenerate
   1064            char data;
   1065             if (rx_usart()) 
   \   00000006   ........           BL       rx_usart
   \   0000000A   0028               CMP      R0,#+0
   \   0000000C   3FD0               BEQ      ??sever_data_wait_0
   1066              {
   1067                sRxDelay = 0;
   \   0000000E   0026               MOVS     R6,#+0
   \   00000010   AE84               STRH     R6,[R5, #+36]
   1068                data = get_modem();
   \   00000012   ........           BL       get_modem
   1069                ModemErr = 0;
   \   00000016   6E70               STRB     R6,[R5, #+1]
   1070                
   1071                if (data == SV_STX) 
   \   00000018   ....               LDR      R2,??DataTable94  ;; ModemRxBuf
   \   0000001A   0228               CMP      R0,#+2
   \   0000001C   11D1               BNE      ??sever_data_wait_1
   1072                {
   1073          	SeverRxNo = 0;
   1074          	SeverRxNo0 = 0;
   \   0000001E   6E74               STRB     R6,[R5, #+17]
   1075          	ModemRxBuf[SeverRxNo++] = data;
   \   00000020   1070               STRB     R0,[R2, #+0]
   \   00000022   0120               MOVS     R0,#+1
   \   00000024   E873               STRB     R0,[R5, #+15]
   1076          
   1077          	ifMODEMctrl
   \   00000026   2278               LDRB     R2,[R4, #+0]
   \   00000028   032A               CMP      R2,#+3
   \   0000002A   01D0               BEQ      ??sever_data_wait_2
   \   0000002C   0B2A               CMP      R2,#+11
   \   0000002E   46D1               BNE      ??sever_data_wait_3
   1078          	  if (Com2Mode) printf("\n[");
   \                     ??sever_data_wait_2:
   \   00000030   687A               LDRB     R0,[R5, #+9]
   \   00000032   0028               CMP      R0,#+0
   \   00000034   03D0               BEQ      ??sever_data_wait_4
   \   00000036   ....               ADR      R0,??DataTable95  ;; "\n["
   \                     ??sever_data_wait_5:
   \   00000038   ........           _BLF     printf,??printf??rT
   \   0000003C   3FE0               B        ??sever_data_wait_3
   1079          	  else putchar2('[');
   \                     ??sever_data_wait_4:
   \   0000003E   5B20               MOVS     R0,#+91
   \   00000040   3BE0               B.N      ??sever_data_wait_6
   1080                }
   1081                else if (data == SV_ETX) 
   \                     ??sever_data_wait_1:
   \   00000042   E97B               LDRB     R1,[R5, #+15]
   \   00000044   5618               ADDS     R6,R2,R1
   \   00000046   491C               ADDS     R1,R1,#+1
   \   00000048   6B7A               LDRB     R3,[R5, #+9]
   \   0000004A   2278               LDRB     R2,[R4, #+0]
   \   0000004C   0328               CMP      R0,#+3
   \   0000004E   3070               STRB     R0,[R6, #+0]
   \   00000050   E973               STRB     R1,[R5, #+15]
   \   00000052   11D1               BNE      ??sever_data_wait_7
   1082                {
   1083          	ModemRxBuf[SeverRxNo++] = data;
   1084          	ifMODEMctrl 
   \   00000054   032A               CMP      R2,#+3
   \   00000056   01D0               BEQ      ??sever_data_wait_8
   \   00000058   0B2A               CMP      R2,#+11
   \   0000005A   08D1               BNE      ??sever_data_wait_9
   1085          	  if (Com2Mode) printf("]");
   \                     ??sever_data_wait_8:
   \   0000005C   002B               CMP      R3,#+0
   \   0000005E   03D0               BEQ      ??sever_data_wait_10
   \   00000060   ....               ADR      R0,??DataTable96  ;; "]"
   \   00000062   ........           _BLF     printf,??printf??rT
   \   00000066   02E0               B        ??sever_data_wait_9
   1086          	  else putchar2(']');
   \                     ??sever_data_wait_10:
   \   00000068   5D20               MOVS     R0,#+93
   \   0000006A   ........           _BLF     putchar2,??putchar2??rT
   1087          	sSVrxStep++;
   \                     ??sever_data_wait_9:
   \   0000006E   2220               MOVS     R0,#+34
   \   00000070   285E               LDRSH    R0,[R5, R0]
   \   00000072   401C               ADDS     R0,R0,#+1
   \   00000074   6884               STRH     R0,[R5, #+34]
   \   00000076   22E0               B        ??sever_data_wait_3
   1088                }
   1089                else 
   1090                {
   1091          	ModemRxBuf[SeverRxNo++] = data;
   1092          	ifMODEMctrl 
   \                     ??sever_data_wait_7:
   \   00000078   032A               CMP      R2,#+3
   \   0000007A   01D0               BEQ      ??sever_data_wait_11
   \   0000007C   0B2A               CMP      R2,#+11
   \   0000007E   1ED1               BNE      ??sever_data_wait_3
   1093          	  if (Com2Mode) printf("%1c", data);
   \                     ??sever_data_wait_11:
   \   00000080   002B               CMP      R3,#+0
   \   00000082   1AD0               BEQ      ??sever_data_wait_6
   \   00000084   0100               MOVS     R1,R0
   \   00000086   ....               ADR      R0,??DataTable97  ;; "%1c"
   \   00000088   ........           _BLF     printf,??printf??rT
   \   0000008C   17E0               B        ??sever_data_wait_3
   1094          	  else putchar2(data);
   1095                }
   1096              }
   1097              else if (++sRxDelay >= SEVER_WAIT) 
   \                     ??sever_data_wait_0:
   \   0000008E   2420               MOVS     R0,#+36
   \   00000090   285E               LDRSH    R0,[R5, R0]
   \   00000092   401C               ADDS     R0,R0,#+1
   \   00000094   A884               STRH     R0,[R5, #+36]
   \   00000096   ....               LDR      R1,??DataTable98  ;; 0x1d4c
   \   00000098   0004               LSLS     R0,R0,#+16
   \   0000009A   0014               ASRS     R0,R0,#+16
   \   0000009C   8842               CMP      R0,R1
   \   0000009E   0EDB               BLT      ??sever_data_wait_3
   1098              {
   1099                ModemErr = TIME_OUT;
   \   000000A0   0420               MOVS     R0,#+4
   \   000000A2   6870               STRB     R0,[R5, #+1]
   1100                ifMODEMctrl
   \   000000A4   2078               LDRB     R0,[R4, #+0]
   \   000000A6   0328               CMP      R0,#+3
   \   000000A8   01D0               BEQ      ??sever_data_wait_12
   \   000000AA   0B28               CMP      R0,#+11
   \   000000AC   07D1               BNE      ??sever_data_wait_3
   1101                  if (Com2Mode) printf("\nTIME OUT");
   \                     ??sever_data_wait_12:
   \   000000AE   687A               LDRB     R0,[R5, #+9]
   \   000000B0   0028               CMP      R0,#+0
   \   000000B2   01D0               BEQ      ??sever_data_wait_13
   \   000000B4   0F48               LDR      R0,??sever_data_wait_14  ;; `?<Constant "\\nMODEM CTS CLEAR">` + 20
   \   000000B6   BFE7               B.N      ??sever_data_wait_5
   1102                  else putchar2('_');
   \                     ??sever_data_wait_13:
   \   000000B8   5F20               MOVS     R0,#+95
   \                     ??sever_data_wait_6:
   \   000000BA   ........           _BLF     putchar2,??putchar2??rT
   1103              }
   1104             
   1105              if (ModemCtsClr) 
   \                     ??sever_data_wait_3:
   \   000000BE   E87A               LDRB     R0,[R5, #+11]
   \   000000C0   0028               CMP      R0,#+0
   \   000000C2   14D0               BEQ      ??sever_data_wait_15
   1106              {
   1107                ModemErr = CTS_CLEAR;
   \   000000C4   0A20               MOVS     R0,#+10
   \   000000C6   6870               STRB     R0,[R5, #+1]
   1108                ifMODEMctrl 
   \   000000C8   2078               LDRB     R0,[R4, #+0]
   \   000000CA   0328               CMP      R0,#+3
   \   000000CC   01D0               BEQ      ??sever_data_wait_16
   \   000000CE   0B28               CMP      R0,#+11
   \   000000D0   09D1               BNE      ??sever_data_wait_17
   1109          	if (Com2Mode) printf("\nMODEM CTS CLEAR");
   \                     ??sever_data_wait_16:
   \   000000D2   687A               LDRB     R0,[R5, #+9]
   \   000000D4   0028               CMP      R0,#+0
   \   000000D6   03D0               BEQ      ??sever_data_wait_18
   \   000000D8   ....               LDR      R0,??DataTable99  ;; `?<Constant "\\nMODEM CTS CLEAR">`
   \   000000DA   ........           _BLF     printf,??printf??rT
   \   000000DE   02E0               B        ??sever_data_wait_17
   1110                  else putchar2('!');
   \                     ??sever_data_wait_18:
   \   000000E0   2120               MOVS     R0,#+33
   \   000000E2   ........           _BLF     putchar2,??putchar2??rT
   1111                sSVrxStep++;
   \                     ??sever_data_wait_17:
   \   000000E6   2220               MOVS     R0,#+34
   \   000000E8   285E               LDRSH    R0,[R5, R0]
   \   000000EA   401C               ADDS     R0,R0,#+1
   \   000000EC   6884               STRH     R0,[R5, #+34]
   1112              }
   1113          }
   \                     ??sever_data_wait_15:
   \   000000EE   ........           BL       ?Subroutine45
   \   000000F2   C046               Nop      
   \                     ??sever_data_wait_14:
   \   000000F4   ........           DC32     `?<Constant "\\nMODEM CTS CLEAR">` + 20

   \                                 In segment DATA_Z, align 2, align-sorted
   \                     ErrGenerate:
   \   00000000                      DS8 1
   \                     ModemErr:
   \   00000001                      DS8 1
   \                     ModemRetry:
   \   00000002                      DS8 1
   \                     SvrYear:
   \   00000003                      DS8 1
   \                     SvrMonth:
   \   00000004                      DS8 1
   \                     SvrDate:
   \   00000005                      DS8 1
   \                     SvrHour:
   \   00000006                      DS8 1
   \                     SvrMinute:
   \   00000007                      DS8 1
   \                     SvrSec:
   \   00000008                      DS8 1
   \                     Com2Mode:
   \   00000009                      DS8 1
   \                     ModemCmd:
   \   0000000A                      DS8 1
   \                     ModemCtsClr:
   \   0000000B                      DS8 1
   \                     ModemCtsClr0:
   \   0000000C                      DS8 1
   \                     RCVerror:
   \   0000000D                      DS8 1
   \                     ModemRxNo:
   \   0000000E                      DS8 1
   \                     SeverRxNo:
   \   0000000F                      DS8 1
   \                     ModemRxNo0:
   \   00000010                      DS8 1
   \                     SeverRxNo0:
   \   00000011                      DS8 1
   1114          
   1115          #define	RCV_START		10
   1116          #define	RCV_START_ERR		90
   1117          #define	RCV_RING              	100
   1118          #define	RCV_CONNECT             200
   1119          #define	RCV_DISCONNECT          300
   1120          #define	RCV_WAIT                400
   1121          #define	SVPKT_VERIFY		600
   1122          #define	SVCMD_PARSER		700
   1123          #define	SEVER_TRANSMIT		800
   1124          #define	SEVER_TRANSMIT_FAIL	880
   1125          #define	SEVER_TRANSMIT_END	890
   1126          #define	RCV_ERROR		1000
   1127          
   1128          #define	TIME_OUT_RETRY		3
   1129          #define	SEVER_RETRY		3
   1130          /*****************************/
   1131          /*  Sever Receive sequency   */
   1132          /*  with CDMA modem RS-890   */
   1133          /*****************************/
   1134          char TimeOutRetry;
   \                     TimeOutRetry:
   \   00000012                      DS8 1
   1135          char SeverRetry;
   \                     SeverRetry:
   \   00000013                      DS8 1
   1136          char TxRetry;
   \                     TxRetry:
   \   00000014                      DS8 1
   \   00000015                      DS8 1
   \                     usRxPacketNo:
   \   00000016                      DS8 2
   \                     usRxDeviceNo:
   \   00000018                      DS8 2
   \                     usTxPacketNo:
   \   0000001A                      DS8 2
   \                     usTxPacketNo0:
   \   0000001C                      DS8 2
   \                     RxDataLenth:
   \   0000001E                      DS8 2
   \                     TxDataLenth:
   \   00000020                      DS8 2
   \                     sSVrxStep:
   \   00000022                      DS8 2
   \                     sRxDelay:
   \   00000024                      DS8 2
   \                     sModemMsg:
   \   00000026                      DS8 2
   \                     sSeverMsg:
   \   00000028                      DS8 2
   \                     usStoreID:
   \   0000002A                      DS8 2
   \                     SeverTxPage:
   \   0000002C                      DS8 2

   \                                 In segment DATA_Z, align 2, align-sorted
   \                     usSeverMsg:
   \   00000000                      DS8 2

   \                                 In segment DATA_Z, align 2, align-sorted
   \                     usReplyMsg:
   \   00000000                      DS8 2

   \                                 In segment DATA_Z, align 4, align-sorted
   \                     ModemRxBuf:
   \   00000000                      DS8 256

   \                                 In segment DATA_Z, align 1, align-sorted
   \                     TxYear:
   \   00000000                      DS8 1

   \                                 In segment DATA_Z, align 1, align-sorted
   \                     TxMonth:
   \   00000000                      DS8 1

   \                                 In segment DATA_Z, align 1, align-sorted
   \                     TxDate:
   \   00000000                      DS8 1

   \                                 In segment DATA_Z, align 1, align-sorted
   \                     TxHour:
   \   00000000                      DS8 1

   \                                 In segment DATA_Z, align 1, align-sorted
   \                     TxMinute:
   \   00000000                      DS8 1

   \                                 In segment DATA_Z, align 1, align-sorted
   \                     TxSec:
   \   00000000                      DS8 1

   \                                 In segment DATA_Z, align 4, align-sorted
   \                     usTransmitBuf:
   \   00000000                      DS8 512

   \                                 In segment DATA_Z, align 2, align-sorted
   \                     usTxInterval:
   \   00000000                      DS8 2

   \                                 In segment DATA_Z, align 4, align-sorted
   \                     SeverSendData:
   \   00000000                      DS8 1024

   \                                 In segment CODE, align 4, keep-with-next
   1137          void sever_receive(void)
   1138          {
   \                     sever_receive:
   \   00000000   F7B5               PUSH     {R0-R2,R4-R7,LR}
   1139            unsigned char data, result;
   1140            switch(sSVrxStep)
   \   00000002   B74C               LDR      R4,??sever_receive_0  ;; ErrGenerate
   \   00000004   6846               MOV      R0,SP
   \   00000006   E17B               LDRB     R1,[R4, #+15]
   \   00000008   FA31               ADDS     R1,R1,#+250
   \   0000000A   8170               STRB     R1,[R0, #+2]
   \   0000000C   2420               MOVS     R0,#+36
   \   0000000E   205E               LDRSH    R0,[R4, R0]
   \   00000010   401C               ADDS     R0,R0,#+1
   \   00000012   6946               MOV      R1,SP
   \   00000014   2222               MOVS     R2,#+34
   \   00000016   A25E               LDRSH    R2,[R4, R2]
   \   00000018   521C               ADDS     R2,R2,#+1
   \   0000001A   0A80               STRH     R2,[R1, #+0]
   \   0000001C   6178               LDRB     R1,[R4, #+1]
   \   0000001E   B14D               LDR      R5,??sever_receive_0+0x4  ;; `?<Constant "\\nMODEM CTS CLEAR">`
   \   00000020   B122               MOVS     R2,#+177
   \   00000022   9200               LSLS     R2,R2,#+2        ;; #+708
   \   00000024   AA18               ADDS     R2,R5,R2
   \   00000026   0192               STR      R2,[SP, #+4]
   \   00000028   AF4A               LDR      R2,??sever_receive_0+0x8  ;; ExecMode
   \   0000002A   1278               LDRB     R2,[R2, #+0]
   \   0000002C   0026               MOVS     R6,#+0
   \   0000002E   2223               MOVS     R3,#+34
   \   00000030   E35E               LDRSH    R3,[R4, R3]
   \   00000032   002B               CMP      R3,#+0
   \   00000034   ....               BNE      .+5
   \   00000036   2CE1               B        ??sever_receive_1
   \   00000038   5B1E               SUBS     R3,R3,#+1
   \   0000003A   ....               BNE      .+5
   \   0000003C   B4E0               B        ??sever_receive_2
   \   0000003E   5B1E               SUBS     R3,R3,#+1
   \   00000040   ....               BNE      .+5
   \   00000042   C5E0               B        ??sever_receive_3
   \   00000044   5B1E               SUBS     R3,R3,#+1
   \   00000046   ....               BNE      .+5
   \   00000048   CBE0               B        ??sever_receive_4
   \   0000004A   5B1E               SUBS     R3,R3,#+1
   \   0000004C   ....               BNE      .+5
   \   0000004E   D0E0               B        ??sever_receive_5
   \   00000050   5B1E               SUBS     R3,R3,#+1
   \   00000052   ....               BNE      .+5
   \   00000054   ECE0               B        ??sever_receive_6
   \   00000056   5B1F               SUBS     R3,R3,#+5
   \   00000058   ....               BNE      .+5
   \   0000005A   F4E0               B        ??sever_receive_7
   \   0000005C   5B1E               SUBS     R3,R3,#+1
   \   0000005E   ....               BNE      .+5
   \   00000060   FCE0               B        ??sever_receive_8
   \   00000062   5B1E               SUBS     R3,R3,#+1
   \   00000064   12D0               BEQ      ??sever_receive_9
   \   00000066   5B1E               SUBS     R3,R3,#+1
   \   00000068   ....               BNE      .+5
   \   0000006A   06E1               B        ??sever_receive_10
   \   0000006C   5B1E               SUBS     R3,R3,#+1
   \   0000006E   3FD0               BEQ      ??sever_receive_11
   \   00000070   5B1E               SUBS     R3,R3,#+1
   \   00000072   ....               BNE      .+5
   \   00000074   0EE1               B        ??sever_receive_12
   \   00000076   5B1E               SUBS     R3,R3,#+1
   \   00000078   08D0               BEQ      ??sever_receive_9
   \   0000007A   5B1E               SUBS     R3,R3,#+1
   \   0000007C   ....               BNE      .+5
   \   0000007E   24E1               B        ??sever_receive_13
   \   00000080   5B1E               SUBS     R3,R3,#+1
   \   00000082   35D0               BEQ      ??sever_receive_11
   \   00000084   5B1E               SUBS     R3,R3,#+1
   \   00000086   ....               BNE      .+5
   \   00000088   38E1               B        ??sever_receive_14
   \   0000008A   5B1E               SUBS     R3,R3,#+1
   \                     ??sever_receive_9:
   \   0000008C   ....               BNE      .+5
   \   0000008E   E0E0               B        ??sever_receive_15
   \   00000090   5B1E               SUBS     R3,R3,#+1
   \   00000092   ....               BNE      .+5
   \   00000094   4AE1               B        ??sever_receive_16
   \   00000096   5B1E               SUBS     R3,R3,#+1
   \   00000098   2AD0               BEQ      ??sever_receive_11
   \   0000009A   5B1E               SUBS     R3,R3,#+1
   \   0000009C   ....               BNE      .+5
   \   0000009E   4FE1               B        ??sever_receive_17
   \   000000A0   5B1E               SUBS     R3,R3,#+1
   \   000000A2   ....               BNE      .+5
   \   000000A4   64E1               B        ??sever_receive_18
   \   000000A6   423B               SUBS     R3,R3,#+66
   \   000000A8   ....               BNE      .+5
   \   000000AA   64E1               B        ??sever_receive_19
   \   000000AC   5B1E               SUBS     R3,R3,#+1
   \   000000AE   16D0               BEQ      ??sever_receive_20
   \   000000B0   5B1E               SUBS     R3,R3,#+1
   \   000000B2   ....               BNE      .+5
   \   000000B4   80E1               B        ??sever_receive_21
   \   000000B6   083B               SUBS     R3,R3,#+8
   \   000000B8   1AD0               BEQ      ??sever_receive_11
   \   000000BA   5B1E               SUBS     R3,R3,#+1
   \   000000BC   ....               BNE      .+5
   \   000000BE   AEE1               B        ??sever_receive_22
   \   000000C0   5B1E               SUBS     R3,R3,#+1
   \   000000C2   ....               BNE      .+5
   \   000000C4   C2E1               B        ??sever_receive_23
   \   000000C6   623B               SUBS     R3,R3,#+98
   \   000000C8   53D0               BEQ      ??sever_receive_24
   \   000000CA   5B1E               SUBS     R3,R3,#+1
   \   000000CC   ....               BNE      .+5
   \   000000CE   C2E1               B        ??sever_receive_25
   \   000000D0   5B1E               SUBS     R3,R3,#+1
   \   000000D2   ....               BNE      .+5
   \   000000D4   0EE2               B        ??sever_receive_26
   \   000000D6   623B               SUBS     R3,R3,#+98
   \   000000D8   ....               BNE      .+5
   \   000000DA   1CE2               B        ??sever_receive_27
   \   000000DC   5B1E               SUBS     R3,R3,#+1
   \                     ??sever_receive_20:
   \   000000DE   ....               BNE      .+5
   \   000000E0   62E1               B        ??sever_receive_28
   \   000000E2   5B1E               SUBS     R3,R3,#+1
   \   000000E4   ....               BNE      .+5
   \   000000E6   2CE2               B        ??sever_receive_29
   \   000000E8   623B               SUBS     R3,R3,#+98
   \   000000EA   ....               BNE      .+5
   \   000000EC   6EE1               B        ??sever_receive_30
   \   000000EE   5B1E               SUBS     R3,R3,#+1
   \                     ??sever_receive_11:
   \   000000F0   ....               BNE      .+5
   \   000000F2   CCE0               B        ??sever_receive_31
   \   000000F4   5B1E               SUBS     R3,R3,#+1
   \   000000F6   ....               BNE      .+5
   \   000000F8   71E1               B        ??sever_receive_32
   \   000000FA   5B1E               SUBS     R3,R3,#+1
   \   000000FC   ....               BNE      .+5
   \   000000FE   8BE1               B        ??sever_receive_33
   \   00000100   C53B               SUBS     R3,R3,#+197
   \   00000102   ....               BNE      .+5
   \   00000104   3CE2               B        ??sever_receive_34
   \   00000106   5B1E               SUBS     R3,R3,#+1
   \   00000108   ....               BNE      .+5
   \   0000010A   4FE2               B        ??sever_receive_35
   \   0000010C   5B1E               SUBS     R3,R3,#+1
   \   0000010E   30D0               BEQ      ??sever_receive_24
   \   00000110   5B1E               SUBS     R3,R3,#+1
   \   00000112   ....               BNE      .+5
   \   00000114   53E2               B        ??sever_receive_36
   \   00000116   613B               SUBS     R3,R3,#+97
   \   00000118   ....               BNE      .+5
   \   0000011A   58E2               B        ??sever_receive_37
   \   0000011C   5B1E               SUBS     R3,R3,#+1
   \   0000011E   ....               BNE      .+5
   \   00000120   6DE2               B        ??sever_receive_38
   \   00000122   5B1E               SUBS     R3,R3,#+1
   \   00000124   ....               BNE      .+5
   \   00000126   7CE2               B        ??sever_receive_39
   \   00000128   5B1E               SUBS     R3,R3,#+1
   \   0000012A   11D0               BEQ      ??sever_receive_40
   \   0000012C   5B1E               SUBS     R3,R3,#+1
   \   0000012E   ....               BNE      .+5
   \   00000130   A9E2               B        ??sever_receive_41
   \   00000132   5B1E               SUBS     R3,R3,#+1
   \   00000134   ....               BNE      .+5
   \   00000136   BEE2               B        ??sever_receive_42
   \   00000138   5F3B               SUBS     R3,R3,#+95
   \   0000013A   ....               BNE      .+5
   \   0000013C   D8E2               B        ??sever_receive_43
   \   0000013E   5B1E               SUBS     R3,R3,#+1
   \   00000140   ....               BNE      .+5
   \   00000142   DDE2               B        ??sever_receive_44
   \   00000144   5B1E               SUBS     R3,R3,#+1
   \   00000146   ....               BNE      .+5
   \   00000148   E5E2               B        ??sever_receive_45
   \   0000014A   5B1E               SUBS     R3,R3,#+1
   \   0000014C   11D0               BEQ      ??sever_receive_24
   \   0000014E   5B1E               SUBS     R3,R3,#+1
   \                     ??sever_receive_40:
   \   00000150   ....               BNE      .+5
   \   00000152   95E2               B        ??sever_receive_46
   \   00000154   5B1E               SUBS     R3,R3,#+1
   \   00000156   ....               BNE      .+5
   \   00000158   E4E2               B        ??sever_receive_47
   \   0000015A   5B1E               SUBS     R3,R3,#+1
   \   0000015C   ....               BNE      .+5
   \   0000015E   F0E2               B        ??sever_receive_48
   \   00000160   5B1E               SUBS     R3,R3,#+1
   \   00000162   ....               BNE      .+5
   \   00000164   06E3               B        ??sever_receive_49
   \   00000166   5B1E               SUBS     R3,R3,#+1
   \   00000168   03D0               BEQ      ??sever_receive_24
   \   0000016A   5B1E               SUBS     R3,R3,#+1
   \   0000016C   ....               BNE      .+5
   \   0000016E   17E3               B        ??sever_receive_50
   \   00000170   5B1E               SUBS     R3,R3,#+1
   \                     ??sever_receive_24:
   \   00000172   ....               BNE      .+5
   \   00000174   1BE1               B        ??sever_receive_51
   \   00000176   5B1E               SUBS     R3,R3,#+1
   \   00000178   ....               BNE      .+5
   \   0000017A   1AE3               B        ??sever_receive_52
   \   0000017C   5B1E               SUBS     R3,R3,#+1
   \   0000017E   ....               BNE      .+5
   \   00000180   21E3               B        ??sever_receive_53
   \   00000182   5B1E               SUBS     R3,R3,#+1
   \   00000184   ....               BNE      .+5
   \   00000186   33E3               B        ??sever_receive_54
   \   00000188   5B1E               SUBS     R3,R3,#+1
   \   0000018A   ....               BNE      .+5
   \   0000018C   33E3               B        ??sever_receive_55
   \   0000018E   423B               SUBS     R3,R3,#+66
   \   00000190   ....               BNE      .+5
   \   00000192   33E3               B        ??sever_receive_56
   \   00000194   0A3B               SUBS     R3,R3,#+10
   \   00000196   ....               BNE      .+5
   \   00000198   3AE3               B        ??sever_receive_57
   \   0000019A   6E3B               SUBS     R3,R3,#+110
   \   0000019C   ....               BNE      .+5
   \   0000019E   DAE1               B        ??sever_receive_58
   \   000001A0   5B1E               SUBS     R3,R3,#+1
   \   000001A2   ....               BNE      .+5
   \   000001A4   E1E1               B        ??sever_receive_59
   \   000001A6   3DE3               B        ??sever_receive_60
   1141            {
   1142            case 0:
   1143              //MODEMrts(OFF);
   1144              //sSVrxStep = RCV_WAIT;
   1145              return;
   1146              
   1147            case MODEM_ON:
   1148              MODEMrts(OFF);
   \                     ??sever_receive_2:
   \   000001A8   0020               MOVS     R0,#+0
   \   000001AA   ........           _BLF     MODEMrts,??MODEMrts??rT
   1149              sRxDelay = 0;
   \   000001AE   A684               STRH     R6,[R4, #+36]
   1150              if (!Com2Mode) sSVrxStep++;
   \   000001B0   607A               LDRB     R0,[R4, #+9]
   \   000001B2   0028               CMP      R0,#+0
   \   000001B4   03D1               BNE      ??sever_receive_61
   \   000001B6   2220               MOVS     R0,#+34
   \   000001B8   205E               LDRSH    R0,[R4, R0]
   \   000001BA   401C               ADDS     R0,R0,#+1
   \   000001BC   36E3               B.N      ??sever_receive_62
   1151              else 
   1152              {
   1153                rx_rd_index2 = 0;
   \                     ??sever_receive_61:
   \   000001BE   4B48               LDR      R0,??sever_receive_0+0xC  ;; rx_rd_index2
   \   000001C0   0680               STRH     R6,[R0, #+0]
   1154                rx_wr_index2 = 0;
   \   000001C2   4B48               LDR      R0,??sever_receive_0+0x10  ;; rx_wr_index2
   \   000001C4   0680               STRH     R6,[R0, #+0]
   1155                debug_monit(MONOUT);
   \   000001C6   0120               MOVS     R0,#+1
   \   000001C8   ........           _BLF     debug_monit,??debug_monit??rT
   1156                sSVrxStep = RCV_CONNECT;
   \   000001CC   C820               MOVS     R0,#+200
   \   000001CE   2DE3               B.N      ??sever_receive_62
   1157              }
   1158              return;
   1159              
   1160            case MODEM_ON+1:
   1161              if (++sRxDelay >= SEC_1*5) sSVrxStep++;
   \                     ??sever_receive_3:
   \   000001D0   A084               STRH     R0,[R4, #+36]
   \   000001D2   4849               LDR      R1,??sever_receive_0+0x14  ;; 0x9c4
   \   000001D4   0004               LSLS     R0,R0,#+16
   \   000001D6   0014               ASRS     R0,R0,#+16
   \   000001D8   8842               CMP      R0,R1
   \   000001DA   5ADB               BLT      ??sever_receive_1
   \   000001DC   6846               MOV      R0,SP
   \   000001DE   0088               LDRH     R0,[R0, #+0]
   \   000001E0   24E3               B.N      ??sever_receive_62
   1162              return;
   1163              
   1164            case MODEM_ON+2: sRxDelay = 0; MODEMrts(ON); sSVrxStep++;
   \                     ??sever_receive_4:
   \   000001E2   A684               STRH     R6,[R4, #+36]
   \   000001E4   0120               MOVS     R0,#+1
   \   000001E6   ........           _BLF     MODEMrts,??MODEMrts??rT
   \   000001EA   2220               MOVS     R0,#+34
   \   000001EC   205E               LDRSH    R0,[R4, R0]
   \   000001EE   401C               ADDS     R0,R0,#+1
   \   000001F0   6084               STRH     R0,[R4, #+34]
   1165            
   1166            // 모뎀에 남아있는 데이터를 수신해 폐기
   1167            case MODEM_ON+3:
   1168              if (rx_usart()) 
   \                     ??sever_receive_5:
   \   000001F2   ........           BL       rx_usart
   \   000001F6   0028               CMP      R0,#+0
   \   000001F8   0CD0               BEQ      ??sever_receive_63
   1169              {
   1170                sRxDelay = 0;
   \   000001FA   A684               STRH     R6,[R4, #+36]
   1171                data = get_modem();
   \   000001FC   ........           BL       get_modem
   1172                ifMODEMctrl printf("%1c", data);
   \   00000200   3949               LDR      R1,??sever_receive_0+0x8  ;; ExecMode
   \   00000202   0978               LDRB     R1,[R1, #+0]
   \   00000204   0329               CMP      R1,#+3
   \   00000206   01D0               BEQ      ??sever_receive_64
   \   00000208   0B29               CMP      R1,#+11
   \   0000020A   03D1               BNE      ??sever_receive_63
   \                     ??sever_receive_64:
   \   0000020C   0100               MOVS     R1,R0
   \   0000020E   3AA0               ADR      R0,??sever_receive_0+0x18  ;; "%1c"
   \   00000210   ........           _BLF     printf,??printf??rT
   1173              }
   1174              if (++sRxDelay >= SEC_1*2) sSVrxStep++;
   \                     ??sever_receive_63:
   \   00000214   2420               MOVS     R0,#+36
   \   00000216   205E               LDRSH    R0,[R4, R0]
   \   00000218   401C               ADDS     R0,R0,#+1
   \   0000021A   A084               STRH     R0,[R4, #+36]
   \   0000021C   FA21               MOVS     R1,#+250
   \   0000021E   8900               LSLS     R1,R1,#+2        ;; #+1000
   \   00000220   0004               LSLS     R0,R0,#+16
   \   00000222   0014               ASRS     R0,R0,#+16
   \   00000224   8842               CMP      R0,R1
   \   00000226   34DB               BLT      ??sever_receive_1
   \   00000228   2220               MOVS     R0,#+34
   \   0000022A   205E               LDRSH    R0,[R4, R0]
   \   0000022C   401C               ADDS     R0,R0,#+1
   \   0000022E   FDE2               B.N      ??sever_receive_62
   1175              return;
   1176            
   1177            case MODEM_ON+4:
   1178              ifMODEMctrl printf("\n>Modem Start..");
   \                     ??sever_receive_6:
   \   00000230   032A               CMP      R2,#+3
   \   00000232   01D0               BEQ      ??sever_receive_65
   \   00000234   0B2A               CMP      R2,#+11
   \   00000236   04D1               BNE      ??sever_receive_66
   \                     ??sever_receive_65:
   \   00000238   9620               MOVS     R0,#+150
   \   0000023A   4000               LSLS     R0,R0,#+1        ;; #+300
   \   0000023C   2818               ADDS     R0,R5,R0
   \   0000023E   ........           _BLF     printf,??printf??rT
   1179              sSVrxStep = RCV_START;
   \                     ??sever_receive_66:
   \   00000242   0A20               MOVS     R0,#+10
   \   00000244   F2E2               B.N      ??sever_receive_62
   1180              return;
   1181           
   1182            // 모뎀에 준비상태를 알림
   1183            case RCV_START:
   1184              modem_rxbuf_clear();
   \                     ??sever_receive_7:
   \   00000246   ........           BL       modem_rxbuf_clear
   1185              MODEMrts(ON);
   \   0000024A   0120               MOVS     R0,#+1
   \   0000024C   ........           _BLF     MODEMrts,??MODEMrts??rT
   1186              sRxDelay = 0;
   \   00000250   A684               STRH     R6,[R4, #+36]
   1187              ModemRetry = 0;
   1188              sSVrxStep++;
   1189              return;
   1190             
   1191            case RCV_START+1:
   1192              if (!ModemCtsClr) sSVrxStep++;
   1193              else if (++sRxDelay >= SEC_1) sSVrxStep = RCV_START_ERR;
   1194              return;
   1195            
   1196            // Modem Echo cancel command send
   1197            case RCV_START+2: 
   1198              ModemRetry = 0; 
   \                     ??sever_receive_15:
   \   00000252   A670               STRB     R6,[R4, #+2]
   1199              sSVrxStep++; 
   \   00000254   2220               MOVS     R0,#+34
   \   00000256   205E               LDRSH    R0,[R4, R0]
   \   00000258   401C               ADDS     R0,R0,#+1
   \   0000025A   E7E2               B.N      ??sever_receive_62
   \                     ??sever_receive_8:
   \   0000025C   E17A               LDRB     R1,[R4, #+11]
   \   0000025E   0029               CMP      R1,#+0
   \   00000260   02D1               BNE      ??sever_receive_67
   \   00000262   6846               MOV      R0,SP
   \   00000264   0088               LDRH     R0,[R0, #+0]
   \   00000266   E1E2               B.N      ??sever_receive_62
   \                     ??sever_receive_67:
   \   00000268   A084               STRH     R0,[R4, #+36]
   \   0000026A   FA21               MOVS     R1,#+250
   \   0000026C   4900               LSLS     R1,R1,#+1        ;; #+500
   \   0000026E   0004               LSLS     R0,R0,#+16
   \   00000270   0014               ASRS     R0,R0,#+16
   \   00000272   8842               CMP      R0,R1
   \   00000274   0DDB               BLT      ??sever_receive_1
   \   00000276   5A20               MOVS     R0,#+90
   \   00000278   D8E2               B.N      ??sever_receive_62
   1200              return;
   1201            case RCV_START+3:
   1202              sRxDelay = 0; 
   \                     ??sever_receive_10:
   \   0000027A   A684               STRH     R6,[R4, #+36]
   1203              putstring1(ATE0);
   \   0000027C   B320               MOVS     R0,#+179
   \   0000027E   8000               LSLS     R0,R0,#+2        ;; #+716
   \   00000280   2818               ADDS     R0,R5,R0
   \   00000282   ........           _BLF     putstring1,??putstring1??rT
   1204              sSVrxStep++;
   \   00000286   2220               MOVS     R0,#+34
   \   00000288   205E               LDRSH    R0,[R4, R0]
   \   0000028A   401C               ADDS     R0,R0,#+1
   \   0000028C   CEE2               B.N      ??sever_receive_62
   1205              return;
   1206          
   1207            case RCV_START+4:
   1208              modem_data_wait();
   \                     ??sever_receive_31:
   \   0000028E   ........           BL       modem_data_wait
   1209              return;  
   \                     ??sever_receive_1:
   \   00000292   CCE2               B        ??sever_receive_68
   1210                
   1211            case RCV_START+5:
   1212                sModemMsg = modem_parser();
   \                     ??sever_receive_12:
   \   00000294   ........           BL       modem_parser
   \   00000298   E084               STRH     R0,[R4, #+38]
   1213                if (sModemMsg == SEVER_MSG) sSVrxStep = SVPKT_VERIFY;
   \   0000029A   2620               MOVS     R0,#+38
   \   0000029C   205E               LDRSH    R0,[R4, R0]
   \   0000029E   1F28               CMP      R0,#+31
   \   000002A0   02D1               BNE      ??sever_receive_69
   \                     ??sever_receive_70:
   \   000002A2   9620               MOVS     R0,#+150
   \   000002A4   8000               LSLS     R0,R0,#+2        ;; #+600
   \   000002A6   C1E2               B.N      ??sever_receive_62
   1214                else if (sModemMsg == OK) sSVrxStep++;
   \                     ??sever_receive_69:
   \   000002A8   1828               CMP      R0,#+24
   \   000002AA   03D1               BNE      ??sever_receive_71
   \   000002AC   2220               MOVS     R0,#+34
   \   000002AE   205E               LDRSH    R0,[R4, R0]
   \   000002B0   401C               ADDS     R0,R0,#+1
   \   000002B2   BBE2               B.N      ??sever_receive_62
   1215                else 
   1216                {
   1217                  if (++ModemRetry < 3) sSVrxStep = RCV_START+3;
   \                     ??sever_receive_71:
   \   000002B4   A078               LDRB     R0,[R4, #+2]
   \   000002B6   401C               ADDS     R0,R0,#+1
   \   000002B8   A070               STRB     R0,[R4, #+2]
   \   000002BA   0006               LSLS     R0,R0,#+24
   \   000002BC   000E               LSRS     R0,R0,#+24
   \   000002BE   0328               CMP      R0,#+3
   \   000002C0   01D2               BCS      ??sever_receive_72
   \   000002C2   0D20               MOVS     R0,#+13
   \   000002C4   B2E2               B.N      ??sever_receive_62
   1218                  else sSVrxStep = RCV_START_ERR;
   \                     ??sever_receive_72:
   \   000002C6   5A20               MOVS     R0,#+90
   \   000002C8   B0E2               B.N      ??sever_receive_62
   1219                }
   1220              return;
   1221            
   1222            // Modem AT+CRM=129 Message send(Enter DATA mode)
   1223            case RCV_START+6: 
   1224              ModemRetry = 0; 
   1225              sSVrxStep++; 
   1226              return;
   1227            case RCV_START+7:
   1228              sRxDelay = 0; 
   \                     ??sever_receive_13:
   \   000002CA   A684               STRH     R6,[R4, #+36]
   1229              putstring1(ATCRM129);
   \   000002CC   AC20               MOVS     R0,#+172
   \   000002CE   8000               LSLS     R0,R0,#+2        ;; #+688
   \   000002D0   2818               ADDS     R0,R5,R0
   \   000002D2   ........           _BLF     putstring1,??putstring1??rT
   1230              sSVrxStep++;
   \   000002D6   2220               MOVS     R0,#+34
   \   000002D8   205E               LDRSH    R0,[R4, R0]
   \   000002DA   401C               ADDS     R0,R0,#+1
   \   000002DC   A6E2               B.N      ??sever_receive_62
   \   000002DE   C046               Nop      
   \                     ??sever_receive_0:
   \   000002E0   ........           DC32     ErrGenerate
   \   000002E4   ........           DC32     `?<Constant "\\nMODEM CTS CLEAR">`
   \   000002E8   ........           DC32     ExecMode
   \   000002EC   ........           DC32     rx_rd_index2
   \   000002F0   ........           DC32     rx_wr_index2
   \   000002F4   C4090000           DC32     0x9c4
   \   000002F8   25316300           DC8      "%1c"
   1231              return;
   1232          
   1233            case RCV_START+8:
   1234              modem_data_wait();
   1235              return;  
   1236                
   1237            case RCV_START+9:
   1238              sModemMsg = modem_parser();
   \                     ??sever_receive_14:
   \   000002FC   ........           BL       modem_parser
   \   00000300   E084               STRH     R0,[R4, #+38]
   1239              if (sModemMsg == SEVER_MSG) sSVrxStep = SVPKT_VERIFY;
   \   00000302   2620               MOVS     R0,#+38
   \   00000304   205E               LDRSH    R0,[R4, R0]
   \   00000306   1F28               CMP      R0,#+31
   \   00000308   CBD0               BEQ      ??sever_receive_70
   1240              else if (sModemMsg == OK) sSVrxStep++;
   \   0000030A   1828               CMP      R0,#+24
   \   0000030C   03D1               BNE      ??sever_receive_73
   \   0000030E   2220               MOVS     R0,#+34
   \   00000310   205E               LDRSH    R0,[R4, R0]
   \   00000312   401C               ADDS     R0,R0,#+1
   \   00000314   8AE2               B.N      ??sever_receive_62
   1241              else 
   1242               {
   1243                 if (++ModemRetry < 3) sSVrxStep = RCV_START+7;
   \                     ??sever_receive_73:
   \   00000316   A078               LDRB     R0,[R4, #+2]
   \   00000318   401C               ADDS     R0,R0,#+1
   \   0000031A   A070               STRB     R0,[R4, #+2]
   \   0000031C   0006               LSLS     R0,R0,#+24
   \   0000031E   000E               LSRS     R0,R0,#+24
   \   00000320   0328               CMP      R0,#+3
   \   00000322   01D2               BCS      ??sever_receive_74
   \   00000324   1120               MOVS     R0,#+17
   \   00000326   81E2               B.N      ??sever_receive_62
   1244                  else sSVrxStep = RCV_START_ERR;
   \                     ??sever_receive_74:
   \   00000328   5A20               MOVS     R0,#+90
   \   0000032A   7FE2               B.N      ??sever_receive_62
   1245               }
   1246              return;
   1247          
   1248            // Modem ATS=0 Message send(Auto Answer mode)
   1249            case RCV_START+10: 
   1250              ModemRetry = 0;
   1251              sSVrxStep++; 
   1252              return;
   1253            case RCV_START+11:
   1254              sRxDelay = 0; 
   \                     ??sever_receive_16:
   \   0000032C   A684               STRH     R6,[R4, #+36]
   1255              putstring1(ATS01);
   \   0000032E   AF20               MOVS     R0,#+175
   \   00000330   8000               LSLS     R0,R0,#+2        ;; #+700
   \   00000332   2818               ADDS     R0,R5,R0
   \   00000334   ........           _BLF     putstring1,??putstring1??rT
   1256              sSVrxStep++;
   \   00000338   2220               MOVS     R0,#+34
   \   0000033A   205E               LDRSH    R0,[R4, R0]
   \   0000033C   401C               ADDS     R0,R0,#+1
   \   0000033E   75E2               B.N      ??sever_receive_62
   1257              return;
   1258          
   1259            case RCV_START+12:
   1260              modem_data_wait();
   1261              return;  
   1262                
   1263            case RCV_START+13:
   1264              sModemMsg = modem_parser();
   \                     ??sever_receive_17:
   \   00000340   ........           BL       modem_parser
   \   00000344   E084               STRH     R0,[R4, #+38]
   1265              if (sModemMsg == SEVER_MSG) sSVrxStep = SVPKT_VERIFY;
   \   00000346   2620               MOVS     R0,#+38
   \   00000348   205E               LDRSH    R0,[R4, R0]
   \   0000034A   1F28               CMP      R0,#+31
   \                     ??sever_receive_75:
   \   0000034C   A9D0               BEQ      ??sever_receive_70
   1266              else if (sModemMsg == OK) sSVrxStep++;
   \   0000034E   1828               CMP      R0,#+24
   \   00000350   03D1               BNE      ??sever_receive_76
   \   00000352   2220               MOVS     R0,#+34
   \   00000354   205E               LDRSH    R0,[R4, R0]
   \   00000356   401C               ADDS     R0,R0,#+1
   \   00000358   68E2               B.N      ??sever_receive_62
   1267               else 
   1268               {
   1269                 if (++ModemRetry < 3) sSVrxStep = RCV_START+11;
   \                     ??sever_receive_76:
   \   0000035A   A078               LDRB     R0,[R4, #+2]
   \   0000035C   401C               ADDS     R0,R0,#+1
   \   0000035E   A070               STRB     R0,[R4, #+2]
   \   00000360   0006               LSLS     R0,R0,#+24
   \   00000362   000E               LSRS     R0,R0,#+24
   \   00000364   0328               CMP      R0,#+3
   \   00000366   01D2               BCS      ??sever_receive_77
   \   00000368   1520               MOVS     R0,#+21
   \   0000036A   5FE2               B.N      ??sever_receive_62
   1270                  else sSVrxStep = RCV_START_ERR;
   \                     ??sever_receive_77:
   \   0000036C   5A20               MOVS     R0,#+90
   \   0000036E   5DE2               B.N      ??sever_receive_62
   1271               }
   1272              return;
   1273          
   1274            case RCV_START+14:
   1275              sSVrxStep = RCV_WAIT;
   \                     ??sever_receive_18:
   \   00000370   C820               MOVS     R0,#+200
   \   00000372   4000               LSLS     R0,R0,#+1        ;; #+400
   \   00000374   5AE2               B.N      ??sever_receive_62
   1276              return;
   1277              
   1278            case RCV_START_ERR:
   1279              ifMODEMctrl printf("\n>Modem Start Error");
   \                     ??sever_receive_19:
   \   00000376   032A               CMP      R2,#+3
   \   00000378   01D0               BEQ      ??sever_receive_78
   \   0000037A   0B2A               CMP      R2,#+11
   \   0000037C   03D1               BNE      ??sever_receive_79
   \                     ??sever_receive_78:
   \   0000037E   2800               MOVS     R0,R5
   \   00000380   2030               ADDS     R0,R0,#+32
   \   00000382   ........           _BLF     printf,??printf??rT
   1280              putstring1(END_CODE);
   \                     ??sever_receive_79:
   \   00000386   0198               LDR      R0,[SP, #+4]
   \   00000388   ........           _BLF     putstring1,??putstring1??rT
   1281              ifMODEMctrl printf("\n^[+++^[");
   \   0000038C   B048               LDR      R0,??sever_receive_80  ;; ExecMode
   \   0000038E   0078               LDRB     R0,[R0, #+0]
   \   00000390   0328               CMP      R0,#+3
   \   00000392   01D0               BEQ      ??sever_receive_81
   \   00000394   0B28               CMP      R0,#+11
   \   00000396   03D1               BNE      ??sever_receive_82
   \                     ??sever_receive_81:
   \   00000398   4835               ADDS     R5,R5,#+72
   \   0000039A   2800               MOVS     R0,R5
   \   0000039C   ........           _BLF     printf,??printf??rT
   1282              sSVrxStep++;
   \                     ??sever_receive_82:
   \   000003A0   2220               MOVS     R0,#+34
   \   000003A2   205E               LDRSH    R0,[R4, R0]
   \   000003A4   401C               ADDS     R0,R0,#+1
   \   000003A6   41E2               B.N      ??sever_receive_62
   1283              return;
   1284              
   1285            case RCV_START_ERR+1:
   1286              MODEMrts(OFF);
   \                     ??sever_receive_28:
   \   000003A8   0020               MOVS     R0,#+0
   \   000003AA   ........           _BLF     MODEMrts,??MODEMrts??rT
   1287              sRxDelay = 0;
   1288              sSVrxStep++;
   1289              return;
   1290            
   1291            case RCV_START_ERR+2:
   1292              if (++sRxDelay >= SEC_1*2) sSVrxStep = RCV_START;
   1293              return;    
   1294          
   1295            case RCV_WAIT:
   1296              MODEMrts(ON);
   1297              modem_rxbuf_clear();
   1298              sSVrxStep++;
   1299              return;
   1300            
   1301            case RCV_WAIT+1:
   1302              modem_data_wait();
   1303              return;
   1304              
   1305            case RCV_WAIT+2:
   1306              sRxDelay = 0;
   1307              sModemMsg = modem_parser();
   1308              
   1309              if (sModemMsg == CTS_CLEAR) sSVrxStep = RCV_START_ERR;
   1310              else if (sModemMsg == SEVER_MSG) sSVrxStep = SVPKT_VERIFY;
   1311              else if (sModemMsg == RING) sSVrxStep = RCV_RING;
   1312              else if (sModemMsg == CONNECT) sSVrxStep = RCV_CONNECT;
   1313              else if (sModemMsg == NO_CARRIER) sSVrxStep = RCV_DISCONNECT;
   1314              else sSVrxStep++;
   1315              return;
   1316              
   1317            case RCV_WAIT+3:
   1318              sSVrxStep = RCV_WAIT;
   1319              return;
   1320              
   1321            case RCV_RING:
   1322              modem_data_wait();
   1323              /*
   1324              if (rx_usart()) 
   1325              {
   1326                data = get_modem();
   1327                ModemRxBuf[ModemRxNo++] = data;
   1328                sRxDelay = 0;
   1329              }
   1330              if (++sRxDelay >= SEC_1/4) sSVrxStep++;
   1331              */
   1332              return;
   1333              
   1334            case RCV_RING+1:
   1335              sRxDelay = 0;
   1336              sModemMsg = modem_parser();
   1337              if (sModemMsg == SEVER_MSG) sSVrxStep = SVPKT_VERIFY;
   1338              else if (sModemMsg == RING) sSVrxStep = RCV_RING;
   1339              else if (sModemMsg == CONNECT) sSVrxStep = RCV_CONNECT;
   1340              else if (sModemMsg == NO_CARRIER) sSVrxStep = RCV_DISCONNECT;
   1341              else sSVrxStep++;
   1342              return;
   1343              
   1344            case RCV_RING+2:
   1345              modem_rxbuf_clear();
   1346              sSVrxStep = RCV_WAIT;
   1347              return;
   1348              
   1349            case RCV_CONNECT:
   1350              sRxDelay = 0;
   \                     ??sever_receive_51:
   \   000003AE   A684               STRH     R6,[R4, #+36]
   1351              sSVrxStep++;
   \   000003B0   2220               MOVS     R0,#+34
   \   000003B2   205E               LDRSH    R0,[R4, R0]
   \   000003B4   401C               ADDS     R0,R0,#+1
   \   000003B6   39E2               B.N      ??sever_receive_62
   \                     ??sever_receive_21:
   \   000003B8   A084               STRH     R0,[R4, #+36]
   \   000003BA   FA21               MOVS     R1,#+250
   \   000003BC   8900               LSLS     R1,R1,#+2        ;; #+1000
   \   000003BE   0004               LSLS     R0,R0,#+16
   \   000003C0   0014               ASRS     R0,R0,#+16
   \   000003C2   8842               CMP      R0,R1
   \   000003C4   ....               BGE      .+5
   \   000003C6   32E2               B        ??sever_receive_68
   \   000003C8   0A20               MOVS     R0,#+10
   \   000003CA   2FE2               B.N      ??sever_receive_62
   \                     ??sever_receive_30:
   \   000003CC   0120               MOVS     R0,#+1
   \   000003CE   ........           _BLF     MODEMrts,??MODEMrts??rT
   \   000003D2   ........           BL       modem_rxbuf_clear
   \   000003D6   2220               MOVS     R0,#+34
   \   000003D8   205E               LDRSH    R0,[R4, R0]
   \   000003DA   401C               ADDS     R0,R0,#+1
   \   000003DC   26E2               B.N      ??sever_receive_62
   \                     ??sever_receive_32:
   \   000003DE   A684               STRH     R6,[R4, #+36]
   \   000003E0   ........           BL       modem_parser
   \   000003E4   E084               STRH     R0,[R4, #+38]
   \   000003E6   2620               MOVS     R0,#+38
   \   000003E8   205E               LDRSH    R0,[R4, R0]
   \   000003EA   0A28               CMP      R0,#+10
   \   000003EC   01D1               BNE      ??sever_receive_83
   \   000003EE   5A20               MOVS     R0,#+90
   \   000003F0   1CE2               B.N      ??sever_receive_62
   \                     ??sever_receive_83:
   \   000003F2   1F28               CMP      R0,#+31
   \   000003F4   AAD0               BEQ      ??sever_receive_75
   \   000003F6   1528               CMP      R0,#+21
   \   000003F8   01D1               BNE      ??sever_receive_84
   \                     ??sever_receive_85:
   \   000003FA   6420               MOVS     R0,#+100
   \   000003FC   16E2               B.N      ??sever_receive_62
   \                     ??sever_receive_84:
   \   000003FE   1628               CMP      R0,#+22
   \   00000400   01D1               BNE      ??sever_receive_86
   \   00000402   C820               MOVS     R0,#+200
   \   00000404   12E2               B.N      ??sever_receive_62
   \                     ??sever_receive_86:
   \   00000406   1728               CMP      R0,#+23
   \   00000408   02D1               BNE      ??sever_receive_87
   \   0000040A   9620               MOVS     R0,#+150
   \   0000040C   4000               LSLS     R0,R0,#+1        ;; #+300
   \   0000040E   0DE2               B.N      ??sever_receive_62
   \                     ??sever_receive_87:
   \   00000410   2220               MOVS     R0,#+34
   \   00000412   205E               LDRSH    R0,[R4, R0]
   \   00000414   401C               ADDS     R0,R0,#+1
   \   00000416   09E2               B.N      ??sever_receive_62
   \                     ??sever_receive_33:
   \   00000418   C820               MOVS     R0,#+200
   \   0000041A   4000               LSLS     R0,R0,#+1        ;; #+400
   \   0000041C   06E2               B.N      ??sever_receive_62
   \                     ??sever_receive_22:
   \   0000041E   A684               STRH     R6,[R4, #+36]
   \   00000420   ........           BL       modem_parser
   \   00000424   E084               STRH     R0,[R4, #+38]
   \   00000426   2620               MOVS     R0,#+38
   \   00000428   205E               LDRSH    R0,[R4, R0]
   \   0000042A   1F28               CMP      R0,#+31
   \   0000042C   8ED0               BEQ      ??sever_receive_75
   \   0000042E   1528               CMP      R0,#+21
   \   00000430   E3D0               BEQ      ??sever_receive_85
   \   00000432   1628               CMP      R0,#+22
   \   00000434   01D1               BNE      ??sever_receive_88
   \   00000436   C820               MOVS     R0,#+200
   \   00000438   F8E1               B.N      ??sever_receive_62
   \                     ??sever_receive_88:
   \   0000043A   1728               CMP      R0,#+23
   \   0000043C   02D1               BNE      ??sever_receive_89
   \   0000043E   9620               MOVS     R0,#+150
   \   00000440   4000               LSLS     R0,R0,#+1        ;; #+300
   \   00000442   F3E1               B.N      ??sever_receive_62
   \                     ??sever_receive_89:
   \   00000444   2220               MOVS     R0,#+34
   \   00000446   205E               LDRSH    R0,[R4, R0]
   \   00000448   401C               ADDS     R0,R0,#+1
   \   0000044A   EFE1               B.N      ??sever_receive_62
   \                     ??sever_receive_23:
   \   0000044C   ........           BL       modem_rxbuf_clear
   \   00000450   C820               MOVS     R0,#+200
   \   00000452   4000               LSLS     R0,R0,#+1        ;; #+400
   \   00000454   EAE1               B.N      ??sever_receive_62
   1352              return;
   1353              
   1354            case RCV_CONNECT+1:
   1355              if (rx_usart()) 
   \                     ??sever_receive_25:
   \   00000456   ........           BL       rx_usart
   \   0000045A   0028               CMP      R0,#+0
   \   0000045C   2DD0               BEQ      ??sever_receive_90
   1356              {
   1357                sRxDelay = 0;
   \   0000045E   A684               STRH     R6,[R4, #+36]
   1358                data = get_modem();
   \   00000460   ........           BL       get_modem
   1359                
   1360                if (data == SV_STX) 
   \   00000464   7B4A               LDR      R2,??sever_receive_80+0x4  ;; ModemRxBuf
   \   00000466   0228               CMP      R0,#+2
   \   00000468   0DD1               BNE      ??sever_receive_91
   1361                {
   1362          	SeverRxNo = 0;
   1363          	SeverRxNo0 = 0;
   \   0000046A   6674               STRB     R6,[R4, #+17]
   1364          	ModemRxBuf[SeverRxNo++] = data;
   \   0000046C   1070               STRB     R0,[R2, #+0]
   \   0000046E   0120               MOVS     R0,#+1
   \   00000470   E073               STRB     R0,[R4, #+15]
   1365          	ifMODEMctrl printf("\n[");
   \   00000472   7748               LDR      R0,??sever_receive_80  ;; ExecMode
   \   00000474   0278               LDRB     R2,[R0, #+0]
   \   00000476   032A               CMP      R2,#+3
   \   00000478   01D0               BEQ      ??sever_receive_92
   \   0000047A   0B2A               CMP      R2,#+11
   \   0000047C   1DD1               BNE      ??sever_receive_90
   \                     ??sever_receive_92:
   \   0000047E   76A0               ADR      R0,??sever_receive_80+0x8  ;; "\n["
   \                     ??sever_receive_93:
   \   00000480   ........           _BLF     printf,??printf??rT
   \   00000484   19E0               B        ??sever_receive_90
   1366                }
   1367                else if (data == SV_ETX) 
   \                     ??sever_receive_91:
   \   00000486   E17B               LDRB     R1,[R4, #+15]
   \   00000488   5318               ADDS     R3,R2,R1
   \   0000048A   491C               ADDS     R1,R1,#+1
   \   0000048C   704A               LDR      R2,??sever_receive_80  ;; ExecMode
   \   0000048E   1278               LDRB     R2,[R2, #+0]
   \   00000490   0328               CMP      R0,#+3
   \   00000492   1870               STRB     R0,[R3, #+0]
   \   00000494   E173               STRB     R1,[R4, #+15]
   \   00000496   08D1               BNE      ??sever_receive_94
   1368                {
   1369          	ModemRxBuf[SeverRxNo++] = data;
   1370          	sSVrxStep = SVPKT_VERIFY;
   \   00000498   9620               MOVS     R0,#+150
   \   0000049A   8000               LSLS     R0,R0,#+2        ;; #+600
   \   0000049C   6084               STRH     R0,[R4, #+34]
   1371          	ifMODEMctrl printf("]}");
   \   0000049E   032A               CMP      R2,#+3
   \   000004A0   01D0               BEQ      ??sever_receive_95
   \   000004A2   0B2A               CMP      R2,#+11
   \   000004A4   09D1               BNE      ??sever_receive_90
   \                     ??sever_receive_95:
   \   000004A6   6DA0               ADR      R0,??sever_receive_80+0xC  ;; "]}"
   \   000004A8   EAE7               B.N      ??sever_receive_93
   1372                }
   1373                else 
   1374                {
   1375          	ModemRxBuf[SeverRxNo++] = data;
   1376          	ifMODEMctrl printf("%1c", data);
   \                     ??sever_receive_94:
   \   000004AA   032A               CMP      R2,#+3
   \   000004AC   01D0               BEQ      ??sever_receive_96
   \   000004AE   0B2A               CMP      R2,#+11
   \   000004B0   03D1               BNE      ??sever_receive_90
   \                     ??sever_receive_96:
   \   000004B2   0100               MOVS     R1,R0
   \   000004B4   6AA0               ADR      R0,??sever_receive_80+0x10  ;; "%1c"
   \   000004B6   ........           _BLF     printf,??printf??rT
   1377                }
   1378              }
   1379              if (++sRxDelay >= SEVER_WAIT) sSVrxStep++;
   \                     ??sever_receive_90:
   \   000004BA   2420               MOVS     R0,#+36
   \   000004BC   205E               LDRSH    R0,[R4, R0]
   \   000004BE   401C               ADDS     R0,R0,#+1
   \   000004C0   A084               STRH     R0,[R4, #+36]
   \   000004C2   6849               LDR      R1,??sever_receive_80+0x14  ;; 0x1d4c
   \   000004C4   0004               LSLS     R0,R0,#+16
   \   000004C6   0014               ASRS     R0,R0,#+16
   \   000004C8   8842               CMP      R0,R1
   \   000004CA   03DB               BLT      ??sever_receive_97
   \   000004CC   2220               MOVS     R0,#+34
   \   000004CE   205E               LDRSH    R0,[R4, R0]
   \   000004D0   401C               ADDS     R0,R0,#+1
   \   000004D2   6084               STRH     R0,[R4, #+34]
   1380              if (ModemCtsClr) 
   \                     ??sever_receive_97:
   \   000004D4   E07A               LDRB     R0,[R4, #+11]
   \   000004D6   0028               CMP      R0,#+0
   \   000004D8   ....               BNE      .+5
   \   000004DA   A8E1               B        ??sever_receive_68
   1381              {
   1382                ifMODEMctrl printf("\nMODEM CTS CLEAR");
   \   000004DC   5C48               LDR      R0,??sever_receive_80  ;; ExecMode
   \   000004DE   0078               LDRB     R0,[R0, #+0]
   \   000004E0   0328               CMP      R0,#+3
   \   000004E2   01D0               BEQ      ??sever_receive_98
   \   000004E4   0B28               CMP      R0,#+11
   \   000004E6   02D1               BNE      ??sever_receive_99
   \                     ??sever_receive_98:
   \   000004E8   2800               MOVS     R0,R5
   \   000004EA   ........           _BLF     printf,??printf??rT
   1383                sSVrxStep = RCV_DISCONNECT;
   \                     ??sever_receive_99:
   \   000004EE   9620               MOVS     R0,#+150
   \   000004F0   4000               LSLS     R0,R0,#+1        ;; #+300
   \   000004F2   9BE1               B.N      ??sever_receive_62
   1384              }
   1385              return;
   1386              
   1387            case RCV_CONNECT+2:
   1388              sRxDelay = 0;
   \                     ??sever_receive_26:
   \   000004F4   A684               STRH     R6,[R4, #+36]
   1389              ifMODEMctrl if (!Com2Mode) printf("\n>Sever Time Out");
   \   000004F6   032A               CMP      R2,#+3
   \   000004F8   01D0               BEQ      ??sever_receive_100
   \   000004FA   0B2A               CMP      R2,#+11
   \   000004FC   06D1               BNE      ??sever_receive_101
   \                     ??sever_receive_100:
   \   000004FE   607A               LDRB     R0,[R4, #+9]
   \   00000500   0028               CMP      R0,#+0
   \   00000502   03D1               BNE      ??sever_receive_101
   \   00000504   3435               ADDS     R5,R5,#+52
   \   00000506   2800               MOVS     R0,R5
   \   00000508   ........           _BLF     printf,??printf??rT
   1390              modem_rxbuf_clear();
   \                     ??sever_receive_101:
   \   0000050C   ........           BL       modem_rxbuf_clear
   1391              sSVrxStep = RCV_DISCONNECT;
   \   00000510   9620               MOVS     R0,#+150
   \   00000512   4000               LSLS     R0,R0,#+1        ;; #+300
   \   00000514   8AE1               B.N      ??sever_receive_62
   1392              return;
   1393              
   1394            // 접속을 끊고 모뎀 대기상태로 복귀  
   1395            case RCV_DISCONNECT:
   1396              if (!Com2Mode)
   \                     ??sever_receive_27:
   \   00000516   607A               LDRB     R0,[R4, #+9]
   \   00000518   0028               CMP      R0,#+0
   \   0000051A   10D1               BNE      ??sever_receive_102
   1397              {
   1398                putstring1(END_CODE);
   \   0000051C   0198               LDR      R0,[SP, #+4]
   \   0000051E   ........           _BLF     putstring1,??putstring1??rT
   1399                ifMODEMctrl printf("\n^[+++^[");
   \   00000522   4B48               LDR      R0,??sever_receive_80  ;; ExecMode
   \   00000524   0078               LDRB     R0,[R0, #+0]
   \   00000526   0328               CMP      R0,#+3
   \   00000528   01D0               BEQ      ??sever_receive_103
   \   0000052A   0B28               CMP      R0,#+11
   \   0000052C   03D1               BNE      ??sever_receive_104
   \                     ??sever_receive_103:
   \   0000052E   4835               ADDS     R5,R5,#+72
   \   00000530   2800               MOVS     R0,R5
   \   00000532   ........           _BLF     printf,??printf??rT
   1400                sSVrxStep++;
   \                     ??sever_receive_104:
   \   00000536   2220               MOVS     R0,#+34
   \   00000538   205E               LDRSH    R0,[R4, R0]
   \   0000053A   401C               ADDS     R0,R0,#+1
   \   0000053C   76E1               B.N      ??sever_receive_62
   1401              } else  sSVrxStep = MODEM_ON;
   \                     ??sever_receive_102:
   \   0000053E   0120               MOVS     R0,#+1
   \   00000540   74E1               B.N      ??sever_receive_62
   1402              return;
   1403          
   1404            case RCV_DISCONNECT+1:
   1405              MODEMrts(OFF);
   1406              sRxDelay = 0;
   1407              sSVrxStep++;
   1408              return;
   1409              
   1410            case RCV_DISCONNECT+2:
   1411              if (++sRxDelay >= SEC_1) sSVrxStep = RCV_WAIT;
   \                     ??sever_receive_29:
   \   00000542   A084               STRH     R0,[R4, #+36]
   \   00000544   FA21               MOVS     R1,#+250
   \   00000546   4900               LSLS     R1,R1,#+1        ;; #+500
   \   00000548   0004               LSLS     R0,R0,#+16
   \   0000054A   0014               ASRS     R0,R0,#+16
   \   0000054C   8842               CMP      R0,R1
   \   0000054E   12DB               BLT      ??sever_receive_105
   \   00000550   C820               MOVS     R0,#+200
   \   00000552   4000               LSLS     R0,R0,#+1        ;; #+400
   \   00000554   6AE1               B.N      ??sever_receive_62
   1412              return;
   1413                
   1414            // 일정시간후 접속 종료
   1415            case RCV_ERROR:
   1416              ifMODEMctrl printf("\n>RCV Error:%2d", RCVerror);
   \                     ??sever_receive_58:
   \   00000556   032A               CMP      R2,#+3
   \   00000558   01D0               BEQ      ??sever_receive_106
   \   0000055A   0B2A               CMP      R2,#+11
   \   0000055C   04D1               BNE      ??sever_receive_107
   \                     ??sever_receive_106:
   \   0000055E   617B               LDRB     R1,[R4, #+13]
   \   00000560   5435               ADDS     R5,R5,#+84
   \   00000562   2800               MOVS     R0,R5
   \   00000564   ........           _BLF     printf,??printf??rT
   \                     ??sever_receive_107:
   \   00000568   21E7               B        ??sever_receive_51
   1417              sRxDelay = 0;
   1418              sSVrxStep++;
   1419              return;
   1420              
   1421            case RCV_ERROR+1:
   1422              if (++sRxDelay >= SEC_1) sSVrxStep = RCV_DISCONNECT;
   \                     ??sever_receive_59:
   \   0000056A   A084               STRH     R0,[R4, #+36]
   \   0000056C   FA21               MOVS     R1,#+250
   \   0000056E   4900               LSLS     R1,R1,#+1        ;; #+500
   \   00000570   0004               LSLS     R0,R0,#+16
   \   00000572   0014               ASRS     R0,R0,#+16
   \   00000574   8842               CMP      R0,R1
   \                     ??sever_receive_105:
   \   00000576   ....               BGE      .+5
   \   00000578   59E1               B        ??sever_receive_68
   \   0000057A   9620               MOVS     R0,#+150
   \   0000057C   4000               LSLS     R0,R0,#+1        ;; #+300
   \   0000057E   55E1               B.N      ??sever_receive_62
   1423              return;  
   1424            
   1425            // 패킷 검사
   1426            case SVPKT_VERIFY:
   1427              ModemErr = sv_msgpkt_varify(SeverRxNo-6);
   \                     ??sever_receive_34:
   \   00000580   6846               MOV      R0,SP
   \   00000582   8078               LDRB     R0,[R0, #+2]
   \   00000584   ........           BL       sv_msgpkt_varify
   \   00000588   6070               STRB     R0,[R4, #+1]
   1428              if (ModemErr == 0) packet_ack_transmit(PACKET_OK);
   \   0000058A   0028               CMP      R0,#+0
   \   0000058C   01D1               BNE      ??sever_receive_108
   \   0000058E   ....               LDR      R0,??Subroutine46_0  ;; 0x4130
   \   00000590   06E0               B.N      ??sever_receive_109
   1429               else if (ModemErr == SUM_ERR) packet_ack_transmit(PK_SUM_ERR);
   \                     ??sever_receive_108:
   \   00000592   0128               CMP      R0,#+1
   \   00000594   01D1               BNE      ??sever_receive_110
   \   00000596   ....               LDR      R0,??Subroutine46_0+0x4  ;; 0x4131
   \   00000598   02E0               B.N      ??sever_receive_109
   1430               else if (ModemErr == CANT_MSG) packet_ack_transmit(PK_NO_CMD);
   \                     ??sever_receive_110:
   \   0000059A   0228               CMP      R0,#+2
   \   0000059C   02D1               BNE      ??sever_receive_111
   \   0000059E   ....               LDR      R0,??Subroutine46_0+0x8  ;; 0x4132
   \                     ??sever_receive_109:
   \   000005A0   ........           BL       packet_ack_transmit
   1431              sSVrxStep++;
   \                     ??sever_receive_111:
   \   000005A4   2220               MOVS     R0,#+34
   \   000005A6   205E               LDRSH    R0,[R4, R0]
   \   000005A8   401C               ADDS     R0,R0,#+1
   \   000005AA   3FE1               B.N      ??sever_receive_62
   1432              return;
   1433           
   1434            // 정상패킷이면 메시지 처리로, 아니면 다시 새로운  패킷을 대기
   1435            case SVPKT_VERIFY+1:
   1436              if (!ModemErr) sSVrxStep++;
   \                     ??sever_receive_35:
   \   000005AC   0029               CMP      R1,#+0
   \   000005AE   02D1               BNE      ??sever_receive_112
   \   000005B0   6846               MOV      R0,SP
   \   000005B2   0088               LDRH     R0,[R0, #+0]
   \   000005B4   3AE1               B.N      ??sever_receive_62
   1437              else 
   1438              {
   1439                //if (ModemErr == TIME_OUT) ifMODEMctrl printf("\n>Wait Time Extend");
   1440                modem_rxbuf_clear();
   \                     ??sever_receive_112:
   \   000005B6   ........           BL       modem_rxbuf_clear
   1441                sSVrxStep = RCV_CONNECT;
   \   000005BA   C820               MOVS     R0,#+200
   \   000005BC   36E1               B.N      ??sever_receive_62
   1442              }
   1443              return;
   1444            
   1445            case SVPKT_VERIFY+2:
   1446              sRxDelay = 0;
   1447              sSVrxStep++;
   1448              return;
   1449            
   1450            // 불필요한 지연?
   1451            case SVPKT_VERIFY+3:
   1452              if (++sRxDelay >= SEC_1/4) sSVrxStep = SVCMD_PARSER;
   \                     ??sever_receive_36:
   \   000005BE   A084               STRH     R0,[R4, #+36]
   \   000005C0   0004               LSLS     R0,R0,#+16
   \   000005C2   0014               ASRS     R0,R0,#+16
   \   000005C4   7D28               CMP      R0,#+125
   \   000005C6   5DDB               BLT      ??sever_receive_113
   \   000005C8   AF20               MOVS     R0,#+175
   \   000005CA   8000               LSLS     R0,R0,#+2        ;; #+700
   \   000005CC   2EE1               B.N      ??sever_receive_62
   1453              return;  
   1454                 
   1455            // Sever Message Parseing
   1456            case SVCMD_PARSER:
   1457              sSeverMsg = sever_parser();
   \                     ??sever_receive_37:
   \   000005CE   ........           BL       sever_parser
   \   000005D2   2085               STRH     R0,[R4, #+40]
   1458              ifMODEMctrl printf("\nusSeverMsg:%04X", sSeverMsg);
   \   000005D4   1E48               LDR      R0,??sever_receive_80  ;; ExecMode
   \   000005D6   0078               LDRB     R0,[R0, #+0]
   \   000005D8   0328               CMP      R0,#+3
   \   000005DA   01D0               BEQ      ??sever_receive_114
   \   000005DC   0B28               CMP      R0,#+11
   \   000005DE   05D1               BNE      ??sever_receive_115
   \                     ??sever_receive_114:
   \   000005E0   2820               MOVS     R0,#+40
   \   000005E2   215E               LDRSH    R1,[R4, R0]
   \   000005E4   6435               ADDS     R5,R5,#+100
   \   000005E6   2800               MOVS     R0,R5
   \   000005E8   ........           _BLF     printf,??printf??rT
   1459              modem_rxbuf_clear();
   \                     ??sever_receive_115:
   \   000005EC   ........           BL       modem_rxbuf_clear
   1460              ErrGenerate = 0;
   \   000005F0   2670               STRB     R6,[R4, #+0]
   1461              TimeOutRetry = 0;
   \   000005F2   A674               STRB     R6,[R4, #+18]
   1462              SeverRetry = 0;
   \   000005F4   E674               STRB     R6,[R4, #+19]
   1463              sSVrxStep++;
   \   000005F6   2220               MOVS     R0,#+34
   \   000005F8   205E               LDRSH    R0,[R4, R0]
   \   000005FA   401C               ADDS     R0,R0,#+1
   \   000005FC   16E1               B.N      ??sever_receive_62
   1464              return;
   1465              
   1466            case SVCMD_PARSER+1:
   1467              if (sSeverMsg == DATA_REQUEST) sSVrxStep = SEVER_TRANSMIT;
   \                     ??sever_receive_38:
   \   000005FE   2820               MOVS     R0,#+40
   \   00000600   205E               LDRSH    R0,[R4, R0]
   \   00000602   ....               LDR      R1,??DataTable100  ;; 0x4452
   \   00000604   8842               CMP      R0,R1
   \   00000606   02D1               BNE      ??sever_receive_116
   \   00000608   C820               MOVS     R0,#+200
   \   0000060A   8000               LSLS     R0,R0,#+2        ;; #+800
   \   0000060C   0EE1               B.N      ??sever_receive_62
   1468              else 
   1469              {
   1470                sever_msg_execute(sSeverMsg);
   \                     ??sever_receive_116:
   \   0000060E   2820               MOVS     R0,#+40
   \   00000610   205E               LDRSH    R0,[R4, R0]
   \   00000612   0004               LSLS     R0,R0,#+16
   \   00000614   000C               LSRS     R0,R0,#+16
   \   00000616   ........           BL       sever_msg_execute
   1471                sSVrxStep++;
   \   0000061A   2220               MOVS     R0,#+34
   \   0000061C   205E               LDRSH    R0,[R4, R0]
   \   0000061E   401C               ADDS     R0,R0,#+1
   \   00000620   04E1               B.N      ??sever_receive_62
   1472              }
   1473              return;
   1474            
   1475            // Sever Message Reply
   1476            // 서버메시지에 대한 실행결과를 보낸다.
   1477            // 실행결과가 없는 명령이나 실행불가 명령이면 패킷수신대리고 복귀한다.
   1478            case SVCMD_PARSER+2:
   1479              sRxDelay = 0;
   \                     ??sever_receive_39:
   \   00000622   A684               STRH     R6,[R4, #+36]
   1480              result = sever_reply(sSeverMsg);
   \   00000624   2820               MOVS     R0,#+40
   \   00000626   205E               LDRSH    R0,[R4, R0]
   \   00000628   0004               LSLS     R0,R0,#+16
   \   0000062A   000C               LSRS     R0,R0,#+16
   \   0000062C   ........           BL       sever_reply
   1481              if (!result) sSVrxStep++;
   \   00000630   0100               MOVS     R1,R0
   \   00000632   03D1               BNE      ??sever_receive_117
   \   00000634   2220               MOVS     R0,#+34
   \   00000636   205E               LDRSH    R0,[R4, R0]
   \   00000638   401C               ADDS     R0,R0,#+1
   \   0000063A   F7E0               B.N      ??sever_receive_62
   1482              else 
   1483              {
   1484                if (result == SEVER_WAKE) {ifMODEMctrl printf("\n>Wait Time Extend");}
   \                     ??sever_receive_117:
   \   0000063C   0449               LDR      R1,??sever_receive_80  ;; ExecMode
   \   0000063E   0978               LDRB     R1,[R1, #+0]
   \   00000640   1E28               CMP      R0,#+30
   \   00000642   11D1               BNE      ??sever_receive_118
   \   00000644   0329               CMP      R1,#+3
   \   00000646   01D0               BEQ      ??sever_receive_119
   \   00000648   0B29               CMP      R1,#+11
   \   0000064A   17D1               BNE      ??sever_receive_120
   \                     ??sever_receive_119:
   \   0000064C   A035               ADDS     R5,R5,#+160
   \   0000064E   12E0               B.N      ??sever_receive_121
   \                     ??sever_receive_80:
   \   00000650   ........           DC32     ExecMode
   \   00000654   ........           DC32     ModemRxBuf
   \   00000658   0A5B0000           DC8      "\n[",+0
   \   0000065C   5D7D0000           DC8      "]}",+0
   \   00000660   25316300           DC8      "%1c"
   \   00000664   4C1D0000           DC32     0x1d4c
   1485                else if (result == CANT_MSG) {ifMODEMctrl printf("\n>?Invalid Command");}
   \                     ??sever_receive_118:
   \   00000668   0228               CMP      R0,#+2
   \   0000066A   07D1               BNE      ??sever_receive_120
   \   0000066C   0329               CMP      R1,#+3
   \   0000066E   01D0               BEQ      ??sever_receive_122
   \   00000670   0B29               CMP      R1,#+11
   \   00000672   03D1               BNE      ??sever_receive_120
   \                     ??sever_receive_122:
   \   00000674   7835               ADDS     R5,R5,#+120
   \                     ??sever_receive_121:
   \   00000676   2800               MOVS     R0,R5
   \   00000678   ........           _BLF     printf,??printf??rT
   1486                sSVrxStep = RCV_CONNECT;
   \                     ??sever_receive_120:
   \   0000067C   C820               MOVS     R0,#+200
   \   0000067E   D5E0               B.N      ??sever_receive_62
   1487              }
   1488              return;
   1489           
   1490            // 서버의 패킷ACK를 대기
   1491            case SVCMD_PARSER+3:
   1492              sever_data_wait();
   \                     ??sever_receive_46:
   \   00000680   ........           BL       sever_data_wait
   1493              return;
   \                     ??sever_receive_113:
   \   00000684   D3E0               B        ??sever_receive_68
   1494              
   1495            case SVCMD_PARSER+4:
   1496              // 서버응답이 없으면 일정횟수 반복
   1497              if (ModemErr == TIME_OUT) 
   \                     ??sever_receive_41:
   \   00000686   0429               CMP      R1,#+4
   \   00000688   0DD1               BNE      ??sever_receive_123
   1498              {
   1499                usTxPacketNo = usTxPacketNo0;
   \   0000068A   A08B               LDRH     R0,[R4, #+28]
   \   0000068C   6083               STRH     R0,[R4, #+26]
   1500                if (++TimeOutRetry > TIME_OUT_RETRY) sSVrxStep = RCV_DISCONNECT;//sSVrxStep++;
   \   0000068E   A07C               LDRB     R0,[R4, #+18]
   \   00000690   401C               ADDS     R0,R0,#+1
   \   00000692   A074               STRB     R0,[R4, #+18]
   \   00000694   0006               LSLS     R0,R0,#+24
   \   00000696   000E               LSRS     R0,R0,#+24
   \   00000698   0428               CMP      R0,#+4
   \   0000069A   02D3               BCC      ??sever_receive_124
   \   0000069C   9620               MOVS     R0,#+150
   \   0000069E   4000               LSLS     R0,R0,#+1        ;; #+300
   \   000006A0   C4E0               B.N      ??sever_receive_62
   1501                else  sSVrxStep = SVCMD_PARSER+2;
   \                     ??sever_receive_124:
   \   000006A2   ....               LDR      R0,??Subroutine46_0+0xC  ;; 0x2be
   \   000006A4   C2E0               B.N      ??sever_receive_62
   1502              }
   1503              // 통신이 끊어졌으면 모뎀접속 종료
   1504              else if (ModemErr == CTS_CLEAR) sSVrxStep = RCV_DISCONNECT;
   \                     ??sever_receive_123:
   \   000006A6   0A29               CMP      R1,#+10
   \   000006A8   02D1               BNE      ??sever_receive_125
   \   000006AA   9620               MOVS     R0,#+150
   \   000006AC   4000               LSLS     R0,R0,#+1        ;; #+300
   \   000006AE   BDE0               B.N      ??sever_receive_62
   1505              else sSVrxStep++;
   \                     ??sever_receive_125:
   \   000006B0   6846               MOV      R0,SP
   \   000006B2   0088               LDRH     R0,[R0, #+0]
   \   000006B4   BAE0               B.N      ??sever_receive_62
   1506              return;
   1507              
   1508            // 서버의 ACK패킷을 검사해서 에러이면 일정횟수의 실행결과 전송을 반복
   1509            case SVCMD_PARSER+5:
   1510              ModemErr = sv_ackpkt_varify(SeverRxNo-6);
   \                     ??sever_receive_42:
   \   000006B6   6846               MOV      R0,SP
   \   000006B8   8078               LDRB     R0,[R0, #+2]
   \   000006BA   ........           BL       sv_ackpkt_varify
   \   000006BE   6070               STRB     R0,[R4, #+1]
   1511              if (ModemErr != 0) 
   \   000006C0   0028               CMP      R0,#+0
   \   000006C2   13D0               BEQ      ??sever_receive_126
   1512              {
   1513                 if (ErrGenerate) ErrGenerate--;
   \   000006C4   2078               LDRB     R0,[R4, #+0]
   \   000006C6   0028               CMP      R0,#+0
   \   000006C8   01D0               BEQ      ??sever_receive_127
   \   000006CA   401E               SUBS     R0,R0,#+1
   \   000006CC   2070               STRB     R0,[R4, #+0]
   1514                 usTxPacketNo = usTxPacketNo0;
   \                     ??sever_receive_127:
   \   000006CE   A08B               LDRH     R0,[R4, #+28]
   \   000006D0   6083               STRH     R0,[R4, #+26]
   1515                 if (++SeverRetry > SEVER_RETRY) sSVrxStep++;
   \   000006D2   E07C               LDRB     R0,[R4, #+19]
   \   000006D4   401C               ADDS     R0,R0,#+1
   \   000006D6   E074               STRB     R0,[R4, #+19]
   \   000006D8   0006               LSLS     R0,R0,#+24
   \   000006DA   000E               LSRS     R0,R0,#+24
   \   000006DC   0428               CMP      R0,#+4
   \   000006DE   03D3               BCC      ??sever_receive_128
   \   000006E0   2220               MOVS     R0,#+34
   \   000006E2   205E               LDRSH    R0,[R4, R0]
   \   000006E4   401C               ADDS     R0,R0,#+1
   \   000006E6   A1E0               B.N      ??sever_receive_62
   1516                 else sSVrxStep = SVCMD_PARSER+1;
   \                     ??sever_receive_128:
   \   000006E8   ....               LDR      R0,??Subroutine46_0+0x10  ;; 0x2bd
   \   000006EA   9FE0               B.N      ??sever_receive_62
   1517              }
   1518               else sSVrxStep = RCV_CONNECT;
   \                     ??sever_receive_126:
   \   000006EC   C820               MOVS     R0,#+200
   \   000006EE   9DE0               B.N      ??sever_receive_62
   1519              return;
   1520          
   1521            case SEVER_TRANSMIT:
   1522              flash_move_to_memory(SeverTxPage);
   \                     ??sever_receive_43:
   \   000006F0   A08D               LDRH     R0,[R4, #+44]
   \   000006F2   0004               LSLS     R0,R0,#+16
   \   000006F4   0014               ASRS     R0,R0,#+16
   \   000006F6   ........           BL       flash_move_to_memory
   1523              sSVrxStep++;
   \   000006FA   6846               MOV      R0,SP
   \   000006FC   0088               LDRH     R0,[R0, #+0]
   \   000006FE   95E0               B.N      ??sever_receive_62
   1524              return;
   1525          
   1526            case SEVER_TRANSMIT+1:
   1527              //SeverTxNo = SeverTxPage;
   1528              make_dr_packet(SeverTxPage);
   \                     ??sever_receive_44:
   \   00000700   A08D               LDRH     R0,[R4, #+44]
   \   00000702   0004               LSLS     R0,R0,#+16
   \   00000704   0014               ASRS     R0,R0,#+16
   \   00000706   ........           BL       make_dr_packet
   1529              //transmit_time_update(usTxInterval);  
   1530              TimeOutRetry = 0;
   \   0000070A   A674               STRB     R6,[R4, #+18]
   1531              SeverRetry = 0;
   \   0000070C   E674               STRB     R6,[R4, #+19]
   1532              sSVrxStep++;
   \   0000070E   2220               MOVS     R0,#+34
   \   00000710   205E               LDRSH    R0,[R4, R0]
   \   00000712   401C               ADDS     R0,R0,#+1
   \   00000714   8AE0               B.N      ??sever_receive_62
   1533              return;
   1534              
   1535            case SEVER_TRANSMIT+2:
   1536              send_dr_packet();
   \                     ??sever_receive_45:
   \   00000716   ....               LDR      R0,??DataTable101  ;; SeverSendData
   \   00000718   ........           BL       putstring_modem
   1537              sSVrxStep++;
   \   0000071C   2220               MOVS     R0,#+34
   \   0000071E   205E               LDRSH    R0,[R4, R0]
   \   00000720   401C               ADDS     R0,R0,#+1
   \   00000722   83E0               B.N      ??sever_receive_62
   1538              return;
   1539           
   1540            case SEVER_TRANSMIT+3:
   1541              sRxDelay = 0;
   1542              sSVrxStep++;
   1543              return;
   1544            
   1545            // 서버의 패킷ACK를 대기
   1546            case SEVER_TRANSMIT+4:
   1547              sever_data_wait();
   1548              return;
   1549              
   1550            case SEVER_TRANSMIT+5:
   1551              // 서버응답이 없으면 일정횟수 반복
   1552              if (ModemErr == TIME_OUT) 
   \                     ??sever_receive_47:
   \   00000724   0429               CMP      R1,#+4
   \   00000726   04D1               BNE      ??sever_receive_129
   1553              {
   1554                usTxPacketNo = usTxPacketNo0;
   \   00000728   A08B               LDRH     R0,[R4, #+28]
   \   0000072A   6083               STRH     R0,[R4, #+26]
   1555                sSVrxStep = SEVER_TRANSMIT_FAIL;
   \   0000072C   DC20               MOVS     R0,#+220
   \   0000072E   8000               LSLS     R0,R0,#+2        ;; #+880
   \   00000730   7CE0               B.N      ??sever_receive_62
   1556                //if (++TimeOutRetry > TIME_OUT_RETRY) sSVrxStep = SEVER_TRANSMIT_FAIL;
   1557                //else  sSVrxStep = SEVER_TRANSMIT+2;
   1558              }
   1559              // 통신이 끊어졌으면 모뎀접속 종료
   1560              else if (ModemErr == CTS_CLEAR) sSVrxStep = SEVER_TRANSMIT_FAIL;//RCV_DISCONNECT;
   \                     ??sever_receive_129:
   \   00000732   0A29               CMP      R1,#+10
   \   00000734   02D1               BNE      ??sever_receive_130
   \   00000736   DC20               MOVS     R0,#+220
   \   00000738   8000               LSLS     R0,R0,#+2        ;; #+880
   \   0000073A   77E0               B.N      ??sever_receive_62
   1561              else sSVrxStep++;
   \                     ??sever_receive_130:
   \   0000073C   6846               MOV      R0,SP
   \   0000073E   0088               LDRH     R0,[R0, #+0]
   \   00000740   74E0               B.N      ??sever_receive_62
   1562              return;
   1563              
   1564            // 서버의 ACK패킷을 검사해서 에러이면 일정횟수의 실행결과 전송을 반복
   1565            case SEVER_TRANSMIT+6:
   1566              ModemErr = sv_ackpkt_varify(SeverRxNo-6);
   \                     ??sever_receive_48:
   \   00000742   6846               MOV      R0,SP
   \   00000744   8078               LDRB     R0,[R0, #+2]
   \   00000746   ........           BL       sv_ackpkt_varify
   \   0000074A   6070               STRB     R0,[R4, #+1]
   1567              if (ModemErr != 0) 
   \   0000074C   0028               CMP      R0,#+0
   \   0000074E   0DD0               BEQ      ??sever_receive_131
   1568              {
   1569                 usTxPacketNo = usTxPacketNo0;
   \   00000750   A08B               LDRH     R0,[R4, #+28]
   \   00000752   6083               STRH     R0,[R4, #+26]
   1570                 if (++SeverRetry > SEVER_RETRY) sSVrxStep = SEVER_TRANSMIT+10;
   \   00000754   E07C               LDRB     R0,[R4, #+19]
   \   00000756   401C               ADDS     R0,R0,#+1
   \   00000758   E074               STRB     R0,[R4, #+19]
   \   0000075A   0006               LSLS     R0,R0,#+24
   \   0000075C   000E               LSRS     R0,R0,#+24
   \   0000075E   0428               CMP      R0,#+4
   \   00000760   01D3               BCC      ??sever_receive_132
   \   00000762   ....               LDR      R0,??Subroutine46_0+0x14  ;; 0x32a
   \   00000764   62E0               B.N      ??sever_receive_62
   1571                 else sSVrxStep =SEVER_TRANSMIT+8;
   \                     ??sever_receive_132:
   \   00000766   CA20               MOVS     R0,#+202
   \   00000768   8000               LSLS     R0,R0,#+2        ;; #+808
   \   0000076A   5FE0               B.N      ??sever_receive_62
   1572              }
   1573               else sSVrxStep++;
   \                     ??sever_receive_131:
   \   0000076C   2220               MOVS     R0,#+34
   \   0000076E   205E               LDRSH    R0,[R4, R0]
   \   00000770   401C               ADDS     R0,R0,#+1
   \   00000772   5BE0               B.N      ??sever_receive_62
   1574              return;
   1575            
   1576           // 1 packet 전송 성공, 다음 패킷 전송
   1577            case SEVER_TRANSMIT+7:
   1578              // 모든 레코드를 전송했거나 데이터가 기록되지 않은 레코드이면 종료
   1579              if (SeverTxPage >= MAX_RECORD) sSVrxStep = SEVER_TRANSMIT_END;
   \                     ??sever_receive_49:
   \   00000774   A08D               LDRH     R0,[R4, #+44]
   \   00000776   8021               MOVS     R1,#+128
   \   00000778   8900               LSLS     R1,R1,#+2        ;; #+512
   \   0000077A   8842               CMP      R0,R1
   \   0000077C   01D3               BCC      ??sever_receive_133
   \   0000077E   ....               LDR      R0,??Subroutine46_0+0x18  ;; 0x37a
   \   00000780   54E0               B.N      ??sever_receive_62
   1580              else if (usStoreID != STORE_ID) sSVrxStep = SEVER_TRANSMIT_END;
   \                     ??sever_receive_133:
   \   00000782   608D               LDRH     R0,[R4, #+42]
   \   00000784   ....               LDR      R1,??DataTable102  ;; 0xaa55
   \   00000786   8842               CMP      R0,R1
   \   00000788   01D0               BEQ      ??sever_receive_134
   \   0000078A   ....               LDR      R0,??Subroutine46_0+0x1C  ;; 0x37a
   \   0000078C   4EE0               B.N      ??sever_receive_62
   1581              else 
   1582              {
   1583                 SeverTxPage = find_transmit_next_page(SeverTxPage);
   \                     ??sever_receive_134:
   \   0000078E   A08D               LDRH     R0,[R4, #+44]
   \   00000790   0004               LSLS     R0,R0,#+16
   \   00000792   0014               ASRS     R0,R0,#+16
   \   00000794   ........           BL       find_transmit_next_page
   \   00000798   A085               STRH     R0,[R4, #+44]
   1584                 sSVrxStep = SEVER_TRANSMIT;
   \   0000079A   C820               MOVS     R0,#+200
   \   0000079C   8000               LSLS     R0,R0,#+2        ;; #+800
   \   0000079E   45E0               B.N      ??sever_receive_62
   1585              }
   1586              return;
   1587              
   1588            case SEVER_TRANSMIT+8:
   1589              sRxDelay = 0;
   1590              sSVrxStep++;
   1591              return;
   1592              
   1593            case SEVER_TRANSMIT+9:
   1594              if (++sRxDelay >= SEC_1) sSVrxStep = SEVER_TRANSMIT+2;
   \                     ??sever_receive_50:
   \   000007A0   A084               STRH     R0,[R4, #+36]
   \   000007A2   FA21               MOVS     R1,#+250
   \   000007A4   4900               LSLS     R1,R1,#+1        ;; #+500
   \   000007A6   0004               LSLS     R0,R0,#+16
   \   000007A8   0014               ASRS     R0,R0,#+16
   \   000007AA   8842               CMP      R0,R1
   \   000007AC   3FDB               BLT      ??sever_receive_68
   \   000007AE   ....               LDR      R0,??Subroutine46_0+0x20  ;; 0x322
   \   000007B0   3CE0               B.N      ??sever_receive_62
   1595              return;
   1596              
   1597            // 실패했지만, 다음 패킷 전송
   1598            case SEVER_TRANSMIT+10:
   1599              sRxDelay = 0;
   1600              sSVrxStep++;
   1601              return;
   1602              
   1603            case SEVER_TRANSMIT+11:
   1604              if (++sRxDelay >= SEC_1) sSVrxStep++;
   \                     ??sever_receive_52:
   \   000007B2   A084               STRH     R0,[R4, #+36]
   \   000007B4   FA21               MOVS     R1,#+250
   \   000007B6   4900               LSLS     R1,R1,#+1        ;; #+500
   \   000007B8   0004               LSLS     R0,R0,#+16
   \   000007BA   0014               ASRS     R0,R0,#+16
   \   000007BC   8842               CMP      R0,R1
   \   000007BE   36DB               BLT      ??sever_receive_68
   \   000007C0   6846               MOV      R0,SP
   \   000007C2   0088               LDRH     R0,[R0, #+0]
   \   000007C4   32E0               B.N      ??sever_receive_62
   1605              return;
   1606              
   1607            case SEVER_TRANSMIT+12:
   1608              if (TxRetry > 5)  sSVrxStep = SEVER_TRANSMIT_FAIL;
   \                     ??sever_receive_53:
   \   000007C6   207D               LDRB     R0,[R4, #+20]
   \   000007C8   0628               CMP      R0,#+6
   \   000007CA   02D3               BCC      ??sever_receive_135
   \   000007CC   DC20               MOVS     R0,#+220
   \   000007CE   8000               LSLS     R0,R0,#+2        ;; #+880
   \   000007D0   2CE0               B.N      ??sever_receive_62
   1609              else if (SeverTxPage >= MAX_RECORD) sSVrxStep = SEVER_TRANSMIT_END;
   \                     ??sever_receive_135:
   \   000007D2   A08D               LDRH     R0,[R4, #+44]
   \   000007D4   8021               MOVS     R1,#+128
   \   000007D6   8900               LSLS     R1,R1,#+2        ;; #+512
   \   000007D8   8842               CMP      R0,R1
   \   000007DA   01D3               BCC      ??sever_receive_136
   \   000007DC   ....               LDR      R0,??Subroutine46_0+0x24  ;; 0x37a
   \   000007DE   25E0               B.N      ??sever_receive_62
   1610              else 
   1611              {
   1612                 SeverTxPage = find_transmit_next_page(SeverTxPage);
   \                     ??sever_receive_136:
   \   000007E0   0004               LSLS     R0,R0,#+16
   \   000007E2   0014               ASRS     R0,R0,#+16
   \   000007E4   ........           BL       find_transmit_next_page
   \   000007E8   A085               STRH     R0,[R4, #+44]
   1613                 sSVrxStep = SEVER_TRANSMIT;
   \   000007EA   C820               MOVS     R0,#+200
   \   000007EC   8000               LSLS     R0,R0,#+2        ;; #+800
   \   000007EE   1DE0               B.N      ??sever_receive_62
   1614              }
   1615              return;
   1616              
   1617            case SEVER_TRANSMIT+13:
   1618              sSVrxStep++;
   \                     ??sever_receive_54:
   \   000007F0   6846               MOV      R0,SP
   \   000007F2   0088               LDRH     R0,[R0, #+0]
   \   000007F4   1AE0               B.N      ??sever_receive_62
   1619              return;
   1620              
   1621            case SEVER_TRANSMIT+14:
   1622              sSVrxStep++;
   \                     ??sever_receive_55:
   \   000007F6   6846               MOV      R0,SP
   \   000007F8   0088               LDRH     R0,[R0, #+0]
   \   000007FA   17E0               B.N      ??sever_receive_62
   1623              return;
   1624              
   1625            case SEVER_TRANSMIT_FAIL:
   1626              ifMODEMctrl printf("\n>Data Tx Fail!!");
   \                     ??sever_receive_56:
   \   000007FC   032A               CMP      R2,#+3
   \   000007FE   01D0               BEQ      ??sever_receive_137
   \   00000800   0B2A               CMP      R2,#+11
   \   00000802   03D1               BNE      ??sever_receive_138
   \                     ??sever_receive_137:
   \   00000804   8C35               ADDS     R5,R5,#+140
   \   00000806   2800               MOVS     R0,R5
   \   00000808   ........           _BLF     printf,??printf??rT
   1627              sSVrxStep = RCV_CONNECT;
   \                     ??sever_receive_138:
   \   0000080C   C820               MOVS     R0,#+200
   \   0000080E   0DE0               B.N      ??sever_receive_62
   1628              return;
   1629              
   1630            case SEVER_TRANSMIT_END:
   1631              ifMODEMctrl printf("\n>Data Tx Success");
   \                     ??sever_receive_57:
   \   00000810   032A               CMP      R2,#+3
   \   00000812   01D0               BEQ      ??sever_receive_139
   \   00000814   0B2A               CMP      R2,#+11
   \   00000816   03D1               BNE      ??sever_receive_140
   \                     ??sever_receive_139:
   \   00000818   B435               ADDS     R5,R5,#+180
   \   0000081A   2800               MOVS     R0,R5
   \   0000081C   ........           _BLF     printf,??printf??rT
   1632              sSVrxStep = RCV_CONNECT;
   \                     ??sever_receive_140:
   \   00000820   C820               MOVS     R0,#+200
   \   00000822   03E0               B.N      ??sever_receive_62
   1633              return;
   1634           
   1635            default:
   1636              RCVerror = 10;
   \                     ??sever_receive_60:
   \   00000824   0A20               MOVS     R0,#+10
   \   00000826   6073               STRB     R0,[R4, #+13]
   1637              sSVrxStep = RCV_ERROR;
   \   00000828   FA20               MOVS     R0,#+250
   \   0000082A   8000               LSLS     R0,R0,#+2        ;; #+1000
   \                     ??sever_receive_62:
   \   0000082C   6084               STRH     R0,[R4, #+34]
   1638              return;
   \                     ??sever_receive_68:
   \   0000082E   C046               Nop      
   \   00000830                      REQUIRE ?Subroutine46
   \   00000830                      ;; // Fall through to label ?Subroutine46
   1639            }
   1640          }

   \                                 In segment CODE, align 4, keep-with-next
   \                     ??DataTable3:
   \   00000000   ........           DC32     rx_rd_index2

   \                                 In segment CODE, align 4, keep-with-next
   \                     ??DataTable4:
   \   00000000   ........           DC32     rx_wr_index2

   \                                 In segment CODE, align 4, keep-with-next
   \                     ??DataTable6:
   \   00000000   ........           DC32     ExecMode

   \                                 In segment CODE, align 4, keep-with-next
   \                     ??DataTable7:
   \   00000000   25316300           DC8      "%1c"

   \                                 In segment CODE, align 4, keep-with-next
   \                     ??DataTable9:
   \   00000000   ........           DC32     sExecStep

   \                                 In segment CODE, align 4, keep-with-next
   \                     ??DataTable10:
   \   00000000   ........           DC32     `?<Constant "\\nMODEM CTS CLEAR">`

   \                                 In segment CODE, align 4, keep-with-next
   \                     ??DataTable11:
   \   00000000   ........           DC32     bPushKey

   \                                 In segment CODE, align 4, keep-with-next
   \                     ??DataTable12:
   \   00000000   ........           DC32     ErrGenerate

   \                                 In segment CODE, align 4, keep-with-next
   \                     ??DataTable13:
   \   00000000   ........           DC32     ErrGenerate + 9

   \                                 In segment CODE, align 4, keep-with-next
   \                     ??DataTable14:
   \   00000000   ........           DC32     ErrGenerate

   \                                 In segment CODE, align 4, keep-with-next
   \                     ??DataTable15:
   \   00000000   ........           DC32     `?<Constant "\\nMODEM CTS CLEAR">`

   \                                 In segment CODE, align 4, keep-with-next
   \                     ??DataTable17:
   \   00000000   ........           DC32     ExecMode

   \                                 In segment CODE, align 4, keep-with-next
   \                     ??DataTable18:
   \   00000000   ........           DC32     sExecStep

   \                                 In segment CODE, align 4, keep-with-next
   \                     ??DataTable19:
   \   00000000   72640000           DC32     0x6472

   \                                 In segment CODE, align 4, keep-with-next
   \                     ??DataTable21:
   \   00000000   25316300           DC8      "%1c"

   \                                 In segment CODE, align 4, keep-with-next
   \                     ??DataTable22:
   \   00000000   ........           DC32     bPushKey

   \                                 In segment CODE, align 4, keep-with-next
   \                     ??DataTable23:
   \   00000000   ........           DC32     usTransmitBuf

   \                                 In segment CODE, align 4, keep-with-next
   \                     ??DataTable24:
   \   00000000   ........           DC32     ErrGenerate + 42

   \                                 In segment CODE, align 4, keep-with-next
   \                     ??DataTable32:
   \   00000000   ........           DC32     ErrGenerate

   \                                 In segment CODE, align 4, keep-with-next
   \                     ??DataTable33:
   \   00000000   25316300           DC8      "%1c"

   \                                 In segment CODE, align 4, keep-with-next
   \                     ??DataTable35:
   \   00000000   ........           DC32     ModemRxBuf

   \                                 In segment CODE, align 4, keep-with-next
   \                     ??DataTable42:
   \   00000000   52440000           DC32     0x4452

   \                                 In segment CODE, align 4, keep-with-next
   \                     ??DataTable43:
   \   00000000   54530000           DC32     0x5354

   \                                 In segment CODE, align 4, keep-with-next
   \                     ??DataTable44:
   \   00000000   ........           DC32     ExecMode

   \                                 In segment CODE, align 4, keep-with-next
   \                     ??DataTable46:
   \   00000000   ........           DC32     ModemRxBuf

   \                                 In segment CODE, align 4, keep-with-next
   \                     ??DataTable47:
   \   00000000   ........           DC32     ExecMode

   \                                 In segment CODE, align 4, keep-with-next
   \                     ??DataTable48:
   \   00000000   30410000           DC32     0x4130

   \                                 In segment CODE, align 4, keep-with-next
   \                     ??DataTable54:
   \   00000000   ........           DC32     ErrGenerate

   \                                 In segment CODE, align 4, keep-with-next
   \                     ??DataTable55:
   \   00000000   ........           DC32     SeverSendData

   \                                 In segment CODE, align 4, keep-with-next
   \                     ??DataTable56:
   \   00000000   ........           DC32     ErrGenerate

   \                                 In segment CODE, align 4, keep-with-next
   \                     ??DataTable58:
   \   00000000   ........           DC32     ErrGenerate + 42

   \                                 In segment CODE, align 4, keep-with-next
   \                     ??DataTable59:
   \   00000000   55AA0000           DC32     0xaa55

   \                                 In segment CODE, align 4, keep-with-next
   \                     ??DataTable60:
   \   00000000   ........           DC32     usTransmitBuf

   \                                 In segment CODE, align 4, keep-with-next
   \                     ??DataTable61:
   \   00000000   72640000           DC32     0x6472

   \                                 In segment CODE, align 4, keep-with-next
   \                     ??DataTable72:
   \   00000000   ........           DC32     Year

   \                                 In segment CODE, align 4, keep-with-next
   \                     ??DataTable73:
   \   00000000   ........           DC32     Month

   \                                 In segment CODE, align 4, keep-with-next
   \                     ??DataTable74:
   \   00000000   ........           DC32     `Date`

   \                                 In segment CODE, align 4, keep-with-next
   \                     ??DataTable75:
   \   00000000   ........           DC32     Hour

   \                                 In segment CODE, align 4, keep-with-next
   \                     ??DataTable76:
   \   00000000   ........           DC32     Minute

   \                                 In segment CODE, align 4, keep-with-next
   \                     ??DataTable77:
   \   00000000   ........           DC32     Sec

   \                                 In segment CODE, align 4, keep-with-next
   \                     ??DataTable80:
   \   00000000   ........           DC32     SeverSendData

   \                                 In segment CODE, align 4, keep-with-next
   \                     ??DataTable84:
   \   00000000   54530000           DC32     0x5354

   \                                 In segment CODE, align 4, keep-with-next
   \                     ??DataTable86:
   \   00000000   ........           DC32     ErrGenerate

   \                                 In segment CODE, align 4, keep-with-next
   \                     ??DataTable92:
   \   00000000   ........           DC32     ExecMode

   \                                 In segment CODE, align 4, keep-with-next
   \                     ??DataTable93:
   \   00000000   ........           DC32     ErrGenerate

   \                                 In segment CODE, align 4, keep-with-next
   \                     ??DataTable94:
   \   00000000   ........           DC32     ModemRxBuf

   \                                 In segment CODE, align 4, keep-with-next
   \                     ??DataTable95:
   \   00000000   0A5B0000           DC8      "\n[",+0

   \                                 In segment CODE, align 4, keep-with-next
   \                     ??DataTable96:
   \   00000000   5D000000           DC8      "]",+0,+0

   \                                 In segment CODE, align 4, keep-with-next
   \                     ??DataTable97:
   \   00000000   25316300           DC8      "%1c"

   \                                 In segment CODE, align 4, keep-with-next
   \                     ??DataTable98:
   \   00000000   4C1D0000           DC32     0x1d4c

   \                                 In segment CODE, align 4, keep-with-next
   \                     ??DataTable99:
   \   00000000   ........           DC32     `?<Constant "\\nMODEM CTS CLEAR">`

   \                                 In segment CODE, align 4, keep-with-next
   \                     ??DataTable100:
   \   00000000   52440000           DC32     0x4452

   \                                 In segment CODE, align 4, keep-with-next
   \                     ??DataTable101:
   \   00000000   ........           DC32     SeverSendData

   \                                 In segment CODE, align 4, keep-with-next
   \                     ??DataTable102:
   \   00000000   55AA0000           DC32     0xaa55

   \                                 In segment DATA_C, align 4, align-sorted
   \                     `?<Constant "\\nSum:%04X,Rx:%04X,E:%1d">`:
   \   00000000   0A53756D3A25       DC8 "\012Sum:%04X,Rx:%04X,E:%1d"
   \              3034582C5278
   \              3A253034582C
   \              453A25316400

   \                                 In segment DATA_C, align 1, align-sorted
   \   00000000   0A2800             DC8 "\012("

   \                                 In segment DATA_C, align 1, align-sorted
   \   00000000   5D00               DC8 "]"

   \                                 In segment DATA_C, align 1, align-sorted
   \   00000000   5D7D00             DC8 "]}"

   \                                 In segment DATA_C, align 1, align-sorted
   \   00000000   0A5B00             DC8 "\012["

   \                                 In segment DATA_C, align 4, align-sorted
   \                     `?<Constant "\\nCalc:%04X,Rx:%04X">`:
   \   00000000   0A43616C633A       DC8 "\012Calc:%04X,Rx:%04X"
   \              253034582C52
   \              783A25303458
   \              00          
   \   00000013   00                 DC8 0

   \                                 In segment DATA_C, align 4, align-sorted
   \                     `?<Constant "\\n>TStime-%02X:%02X:%02X">`:
   \   00000000   0A3E54537469       DC8 "\012>TStime-%02X:%02X:%02X"
   \              6D652D253032
   \              583A25303258
   \              3A2530325800
   \   00000018   0A3E54536461       DC8 "\012>TSdate-%02X/%02X/%02X"
   \              74652D253032
   \              582F25303258
   \              2F2530325800
   \   00000030   0A5278446174       DC8 "\012RxDataLenth:%04X"
   \              614C656E7468
   \              3A2530345800
   \   00000042   0000               DC8 0, 0
   \   00000044   0A6D73673A25       DC8 "\012msg:%04X"
   \              30345800    
   \   0000004E   0000               DC8 0, 0
   \   00000050   0A7573527844       DC8 "\012usRxDeviceNo:%04X"
   \              65766963654E
   \              6F3A25303458
   \              00          
   \   00000063   00                 DC8 0
   \   00000064   0A7573527850       DC8 "\012usRxPacketNo:%04X"
   \              61636B65744E
   \              6F3A25303458
   \              00          
   \   00000077   00                 DC8 0

   \                                 In segment DATA_C, align 4, align-sorted
   \                     `?<Constant "\\nmsg:ERROR">`:
   \   00000000   0A6D73673A45       DC8 "\012msg:ERROR"
   \              52524F5200  
   \   0000000B   00                 DC8 0
   \   0000000C   0A6D73673A4F       DC8 "\012msg:OK"
   \              4B00        
   \   00000014   0A6D73673A4E       DC8 "\012msg:NO_CARRIER"
   \              4F5F43415252
   \              49455200    
   \   00000024   0A6D73673A43       DC8 "\012msg:CONNECT"
   \              4F4E4E454354
   \              00          
   \   00000031   000000             DC8 0, 0, 0
   \   00000034   0A6D73673A52       DC8 "\012msg:RING"
   \              494E4700    
   \   0000003E   0000               DC8 0, 0

   \                                 In segment DATA_C, align 4, align-sorted
   \   00000000   25316300           DC8 "%1c"

   \                                 In segment DATA_C, align 1, align-sorted
   \   00000000   2900               DC8 ")"
   1641          

   Maximum stack usage in bytes:

     Function                 CSTACK
     --------                 ------
     calc_checksum                8
     connect_select_function     24
     date_time_send               8
     delay_clear_send             8
     find_transmit_next_page      4
     find_transmit_start_page     0
     flash_move_to_memory        16
     get_modem                    8
     inc_txpacketno               4
     is_data_hex                  4
     make_ack_packet             16
     make_date_time               8
     make_delay_clear            16
     make_dr_packet              16
     make_dr_sample_packet        8
     make_hex2ascii              16
     make_packet_head            24
     make_packet_tail             8
     make_sample_data             0
     make_short2ascii            24
     modem_control_function      32
     modem_cts_check              4
     modem_cts_monit              8
     modem_data_wait             24
     modem_parser                24
     modem_rcv_parser            16
     modem_rxbuf_clear            8
     packet_ack_transmit          8
     print_sever_msg              8
     put_modem                    8
     putstring_modem             24
     rx_usart                     8
     sample_data_send             8
     send_dr_packet               8
     sever_data_wait             24
     sever_msg_execute            8
     sever_parser                24
     sever_receive               32
     sever_reply                  8
     sever_time_set               8
     sever_tx_checksum            8
     sv_ackpkt_varify            24
     sv_msgpkt_varify            24


   Segment part sizes:

     Function/Label                 Bytes
     --------------                 -----
     ?<Constant "\nMODEM CTS CLEAR">
                                     780
     StepMDM                           1
     RxMDM                             1
     ErrMDM                            1
     WaitMDM                           1
     RxBufMDM                        256
     is_data_hex                      28
     calc_checksum                    38
     ?Subroutine43                    16
     put_modem                        24
     ?Subroutine44                    22
     get_modem                        26
     rx_usart                         40
     putstring_modem                 116
     ?Subroutine45                    16
     connect_select_function         236
     modem_cts_check                  48
     modem_cts_monit                  18
     modem_control_function          724
     ?Subroutine46                    48
     find_transmit_start_page          4
     find_transmit_next_page          22
     flash_move_to_memory             56
     ?Subroutine47                     6
     print_sever_msg                  52
     modem_rcv_parser                248
     modem_parser                     98
     ?Subroutine48                     8
     sever_parser                    300
     modem_rxbuf_clear                38
     sever_tx_checksum                34
     make_short2ascii                 72
     make_hex2ascii                   42
     sv_msgpkt_varify                152
     sv_ackpkt_varify                136
     make_ack_packet                  78
     ?Subroutine49                    10
     packet_ack_transmit              14
     make_packet_head                 64
     make_packet_tail                 52
     inc_txpacketno                   24
     make_dr_packet                   90
     make_dr_sample_packet            20
     send_dr_packet                   10
     make_sample_data                  2
     make_date_time                   86
     sample_data_send                  4
     date_time_send                    8
     sever_time_set                   46
     make_delay_clear                 80
     delay_clear_send                 14
     sever_msg_execute                44
     sever_reply                      40
     modem_data_wait                 240
     sever_data_wait                 248
     ErrGenerate                      46
     usSeverMsg                        2
     usReplyMsg                        2
     ModemRxBuf                      256
     TxYear                            1
     TxMonth                           1
     TxDate                            1
     TxHour                            1
     TxMinute                          1
     TxSec                             1
     usTransmitBuf                   512
     usTxInterval                      2
     SeverSendData                  1024
     sever_receive                  2096
     ??DataTable3                      4
     ??DataTable4                      4
     ??DataTable6                      4
     ??DataTable7                      4
     ??DataTable9                      4
     ??DataTable10                     4
     ??DataTable11                     4
     ??DataTable12                     4
     ??DataTable13                     4
     ??DataTable14                     4
     ??DataTable15                     4
     ??DataTable17                     4
     ??DataTable18                     4
     ??DataTable19                     4
     ??DataTable21                     4
     ??DataTable22                     4
     ??DataTable23                     4
     ??DataTable24                     4
     ??DataTable32                     4
     ??DataTable33                     4
     ??DataTable35                     4
     ??DataTable42                     4
     ??DataTable43                     4
     ??DataTable44                     4
     ??DataTable46                     4
     ??DataTable47                     4
     ??DataTable48                     4
     ??DataTable54                     4
     ??DataTable55                     4
     ??DataTable56                     4
     ??DataTable58                     4
     ??DataTable59                     4
     ??DataTable60                     4
     ??DataTable61                     4
     ??DataTable72                     4
     ??DataTable73                     4
     ??DataTable74                     4
     ??DataTable75                     4
     ??DataTable76                     4
     ??DataTable77                     4
     ??DataTable80                     4
     ??DataTable84                     4
     ??DataTable86                     4
     ??DataTable92                     4
     ??DataTable93                     4
     ??DataTable94                     4
     ??DataTable95                     4
     ??DataTable96                     4
     ??DataTable97                     4
     ??DataTable98                     4
     ??DataTable99                     4
     ??DataTable100                    4
     ??DataTable101                    4
     ??DataTable102                    4
     ?<Constant "\nSum:%04X,Rx:%04X,E:%1d">
                                      24
     ?<Constant "\n(">                 3
     ?<Constant "]">                   2
     ?<Constant "]}">                  3
     ?<Constant "\n[">                 3
     ?<Constant "\nCalc:%04X,Rx:%04X">
                                      20
     ?<Constant "\n>TStime-%02X:%02X:%02X">
                                     120
     ?<Constant "\nmsg:ERROR">        64
     ?<Constant "%1c">                 4
     ?<Constant ")">                   2
      Others                         524

 
 6 666 bytes in segment CODE
 1 025 bytes in segment DATA_C
 2 110 bytes in segment DATA_Z
    12 bytes in segment INITTAB
 
 6 154 bytes of CODE  memory (+ 524 bytes shared)
 1 025 bytes of CONST memory
 2 110 bytes of DATA  memory

Errors: none
Warnings: none
