##############################################################################
#                                                                            #
# IAR ARM ANSI C/C++ Compiler V4.42A/W32 EVALUATION    27/Sep/2007  16:07:26 #
# Copyright 1999-2005 IAR Systems. All rights reserved.                      #
# Time limited license: 29 days left                                         #
#                                                                            #
#    Cpu mode        =  thumb                                                #
#    Endian          =  little                                               #
#    Stack alignment =  8                                                    #
#    Source file     =  D:\ILMAC\GooSoo_Rectifier_v10\GooSooRectifier\src\Ep #
#                       iaGuardMain_DS1302.c                                 #
#    Command line    =  D:\ILMAC\GooSoo_Rectifier_v10\GooSooRectifier\src\Ep #
#                       iaGuardMain_DS1302.c -D NDEBUG -lC                   #
#                       D:\ILMAC\GooSoo_Rectifier_v10\GooSooRectifier\compil #
#                       \RAM_Debug\List\ -lB D:\ILMAC\GooSoo_Rectifier_v10\G #
#                       ooSooRectifier\compil\RAM_Debug\List\ -o             #
#                       D:\ILMAC\GooSoo_Rectifier_v10\GooSooRectifier\compil #
#                       \RAM_Debug\Obj\ -z9 --debug --cpu_mode thumb         #
#                       --endian little --cpu ARM7TDMI --stack_align 8 -e    #
#                       --fpu None --dlib_config "C:\Program Files\IAR       #
#                       Systems\Embedded Workbench 4.0                       #
#                       Evaluation\arm\LIB\dl4tptnnl8n.h" -I                 #
#                       D:\ILMAC\GooSoo_Rectifier_v10\GooSooRectifier\compil #
#                       \srcIAR\ -I D:\ILMAC\GooSoo_Rectifier_v10\GooSooRect #
#                       ifier\compil\..\src\ -I D:\ILMAC\GooSoo_Rectifier_v1 #
#                       0\GooSooRectifier\compil\..\..\ -I "C:\Program       #
#                       Files\IAR Systems\Embedded Workbench 4.0             #
#                       Evaluation\arm\INC\" --inline_threshold=2            #
#    List file       =  D:\ILMAC\GooSoo_Rectifier_v10\GooSooRectifier\compil #
#                       \RAM_Debug\List\EpiaGuardMain_DS1302.lst             #
#    Object file     =  D:\ILMAC\GooSoo_Rectifier_v10\GooSooRectifier\compil #
#                       \RAM_Debug\Obj\EpiaGuardMain_DS1302.r79              #
#                                                                            #
#                                                                            #
##############################################################################

D:\ILMAC\GooSoo_Rectifier_v10\GooSooRectifier\src\EpiaGuardMain_DS1302.c
      1          // ----------------------------------------------------------------------------
      2          //         Epiatech co,. LTD  -  Lee Y k  -
      3          // ----------------------------------------------------------------------------
      4          // File Name           : EpiaGuardMain_DS1302.c
      5          // Object              : real Time Clock DS1302 Functions
      6          // Creation            : 2007-08-29
      7          // ----------------------------------------------------------------------------
      8          
      9          // Include Standard LIB  files
     10          #include "project.h"
     11          
     12          /********************************************/
     13          /* DEMO1302.C 				    */
     14          /* 2007-08-30: Modefied by Lee Y K    	    */
     15          /********************************************/
     16          
     17          /***************************** Defines *****************************/
     18          #define	uchar	unsigned char
     19          #define	HT1381	/* compile directive, modify as required */
     20          
     21          /***************************************************************************/
     22          /* Prototypes                                                              */
     23          /***************************************************************************/
     24          uchar	rbyte_3w();
     25          void	reset_3w();
     26          void	wbyte_3w(uchar);
     27          uchar	DS1302_readbyte(uchar ClkAdd);
     28          void	DS1302_writebyte(uchar ClkAdd, uchar ClkData);
     29          void	HT1381_burstramrd();
     30          void	HT1381_burstramwr();
     31          
     32          /* global variables */

   \                                 In segment DATA_Z, align 4, align-sorted
     33          uchar	Year, Month, Date, Hour, Minute, Sec, Day;
   \                     Year:
   \   00000000                      DS8 1
   \                     Month:
   \   00000001                      DS8 1
   \                     `Date`:
   \   00000002                      DS8 1
   \                     Hour:
   \   00000003                      DS8 1
   \                     Minute:
   \   00000004                      DS8 1
   \                     Sec:
   \   00000005                      DS8 1
   \                     Day:
   \   00000006                      DS8 1
     34          uchar	sda;
     35          char Hour0;
     36          short sRtcTime;
     37          char DSerror;
   \                     DSerror:
   \   00000007                      DS8 1
     38          unsigned char DSadd, DSdata;
   \                     DSadd:
   \   00000008                      DS8 1
   \                     DSdata:
   \   00000009                      DS8 1
   \   0000000A                      DS8 2
     39          #ifdef HT1381
     40           #define RTC_MEM_SIZE	8
     41           unsigned char DSregister[RTC_MEM_SIZE];
   \                     DSregister:
   \   0000000C                      DS8 8

   \                                 In segment DATA_Z, align 1, align-sorted
   \                     sda:
   \   00000000                      DS8 1

   \                                 In segment DATA_Z, align 1, align-sorted
   \                     Hour0:
   \   00000000                      DS8 1

   \                                 In segment DATA_Z, align 2, align-sorted
   \                     sRtcTime:
   \   00000000                      DS8 2
     42          #endif
     43          #ifdef DS1302
     44           #define RTC_MEM_SIZE	64
     45           unsigned char DSregister[RTC_MEM_SIZE];
     46          #endif
     47           
     48          
     49          /****************************/
     50          /* Real Time Clock DS1302   */
     51          /*  Test Functions          */
     52          /****************************/
     53          #define	RTC_UPDATE	SEC_1 - 50
     54          

   \                                 In segment CODE, align 4, keep-with-next
     55          void date_time_update(void)
     56          {
   \                     date_time_update:
   \   00000000   01B5               PUSH     {R0,LR}
     57            if (ExecMode != TIME_SET)
   \   00000002   0A48               LDR      R0,??date_time_update_0  ;; ExecMode
   \   00000004   0078               LDRB     R0,[R0, #+0]
   \   00000006   0728               CMP      R0,#+7
   \   00000008   0ED0               BEQ      ??date_time_update_1
     58            if (++sRtcTime >= RTC_UPDATE)
   \   0000000A   0948               LDR      R0,??date_time_update_0+0x4  ;; sRtcTime
   \   0000000C   0021               MOVS     R1,#+0
   \   0000000E   415E               LDRSH    R1,[R0, R1]
   \   00000010   491C               ADDS     R1,R1,#+1
   \   00000012   0180               STRH     R1,[R0, #+0]
   \   00000014   E122               MOVS     R2,#+225
   \   00000016   5200               LSLS     R2,R2,#+1        ;; #+450
   \   00000018   0904               LSLS     R1,R1,#+16
   \   0000001A   0914               ASRS     R1,R1,#+16
   \   0000001C   9142               CMP      R1,R2
   \   0000001E   03DB               BLT      ??date_time_update_1
     59            {
     60              sRtcTime = 0;
   \   00000020   0021               MOVS     R1,#+0
   \   00000022   0180               STRH     R1,[R0, #+0]
     61              rtc_time_read();
   \   00000024   ........           BL       rtc_time_read
     62            }
     63          }
   \                     ??date_time_update_1:
   \   00000028   08BD               POP      {R3,PC}          ;; return
   \   0000002A   C046               Nop      
   \                     ??date_time_update_0:
   \   0000002C   ........           DC32     ExecMode
   \   00000030   ........           DC32     sRtcTime
     64          
     65          // RTC Set Execute step define
     66          #define	RTC_TIME_SET		600
     67          #define	RTC_TIME_READ		400
     68          #define	RTC_INIT		500
     69          #define	RTC_WAIT		700

   \                                 In segment CODE, align 4, keep-with-next
     70          void RTC_set_function(void)
     71          {
   \                     RTC_set_function:
   \   00000000   F1B5               PUSH     {R0,R4-R7,LR}
     72           switch (sExecStep)
   \   00000002   A94C               LDR      R4,??RTC_set_function_0  ;; sCurPos
   \   00000004   0020               MOVS     R0,#+0
   \   00000006   205E               LDRSH    R0,[R4, R0]
   \   00000008   801E               SUBS     R0,R0,#+2
   \   0000000A   A849               LDR      R1,??RTC_set_function_0+0x4  ;; `?<Constant "\\rDSaddress:%02X">` + 356
   \   0000000C   0091               STR      R1,[SP, #+0]
   \   0000000E   A849               LDR      R1,??RTC_set_function_0+0x8  ;; KeyValue
   \   00000010   0968               LDR      R1,[R1, #+0]
   \   00000012   A84A               LDR      R2,??RTC_set_function_0+0xC  ;; bPushKey
   \   00000014   1278               LDRB     R2,[R2, #+0]
   \   00000016   A84D               LDR      R5,??RTC_set_function_0+0x10  ;; sExecStep
   \   00000018   A84E               LDR      R6,??RTC_set_function_0+0x14  ;; Year
   \   0000001A   2B88               LDRH     R3,[R5, #+0]
   \   0000001C   002B               CMP      R3,#+0
   \   0000001E   51D0               BEQ      ??RTC_set_function_1
   \   00000020   5B1E               SUBS     R3,R3,#+1
   \   00000022   56D0               BEQ      ??RTC_set_function_2
   \   00000024   5B1E               SUBS     R3,R3,#+1
   \   00000026   69D0               BEQ      ??RTC_set_function_3
   \   00000028   C727               MOVS     R7,#+199
   \   0000002A   7F00               LSLS     R7,R7,#+1        ;; #+398
   \   0000002C   DB1B               SUBS     R3,R3,R7
   \   0000002E   ....               BNE      .+5
   \   00000030   FFE0               B        ??RTC_set_function_4
   \   00000032   5B1E               SUBS     R3,R3,#+1
   \   00000034   ....               BNE      .+5
   \   00000036   02E1               B        ??RTC_set_function_5
   \   00000038   5B1E               SUBS     R3,R3,#+1
   \   0000003A   ....               BNE      .+5
   \   0000003C   0EE1               B        ??RTC_set_function_6
   \   0000003E   623B               SUBS     R3,R3,#+98
   \   00000040   ....               BNE      .+5
   \   00000042   1AE1               B        ??RTC_set_function_7
   \   00000044   5B1E               SUBS     R3,R3,#+1
   \   00000046   ....               BNE      .+5
   \   00000048   1DE1               B        ??RTC_set_function_8
   \   0000004A   633B               SUBS     R3,R3,#+99
   \   0000004C   70D0               BEQ      ??RTC_set_function_9
   \   0000004E   5B1E               SUBS     R3,R3,#+1
   \   00000050   19D0               BEQ      ??RTC_set_function_10
   \   00000052   5B1E               SUBS     R3,R3,#+1
   \   00000054   ....               BNE      .+5
   \   00000056   80E0               B        ??RTC_set_function_11
   \   00000058   5B1E               SUBS     R3,R3,#+1
   \   0000005A   ....               BNE      .+5
   \   0000005C   92E0               B        ??RTC_set_function_12
   \   0000005E   5B1E               SUBS     R3,R3,#+1
   \   00000060   ....               BNE      .+5
   \   00000062   93E0               B        ??RTC_set_function_13
   \   00000064   5B1E               SUBS     R3,R3,#+1
   \   00000066   ....               BNE      .+5
   \   00000068   93E0               B        ??RTC_set_function_14
   \   0000006A   5B1E               SUBS     R3,R3,#+1
   \   0000006C   ....               BNE      .+5
   \   0000006E   A1E0               B        ??RTC_set_function_15
   \   00000070   5B1E               SUBS     R3,R3,#+1
   \   00000072   ....               BNE      .+5
   \   00000074   A1E0               B        ??RTC_set_function_16
   \   00000076   5B1E               SUBS     R3,R3,#+1
   \   00000078   19D0               BEQ      ??RTC_set_function_17
   \   0000007A   5B1E               SUBS     R3,R3,#+1
   \   0000007C   28D0               BEQ      ??RTC_set_function_18
   \   0000007E   5B1E               SUBS     R3,R3,#+1
   \   00000080   ....               BNE      .+5
   \   00000082   A6E0               B        ??RTC_set_function_19
   \   00000084   5B1E               SUBS     R3,R3,#+1
   \                     ??RTC_set_function_10:
   \   00000086   61D0               BEQ      ??RTC_set_function_20
   \   00000088   5B1E               SUBS     R3,R3,#+1
   \   0000008A   ....               BNE      .+5
   \   0000008C   AAE0               B        ??RTC_set_function_21
   \   0000008E   5B1E               SUBS     R3,R3,#+1
   \   00000090   ....               BNE      .+5
   \   00000092   ADE0               B        ??RTC_set_function_22
   \   00000094   5B1E               SUBS     R3,R3,#+1
   \   00000096   ....               BNE      .+5
   \   00000098   AEE0               B        ??RTC_set_function_23
   \   0000009A   5B1E               SUBS     R3,R3,#+1
   \   0000009C   ....               BNE      .+5
   \   0000009E   AEE0               B        ??RTC_set_function_24
   \   000000A0   5B1E               SUBS     R3,R3,#+1
   \   000000A2   ....               BNE      .+5
   \   000000A4   B3E0               B        ??RTC_set_function_25
   \   000000A6   5B1E               SUBS     R3,R3,#+1
   \   000000A8   ....               BNE      .+5
   \   000000AA   B3E0               B        ??RTC_set_function_26
   \   000000AC   5B1E               SUBS     R3,R3,#+1
   \                     ??RTC_set_function_17:
   \   000000AE   ....               BNE      .+5
   \   000000B0   8AE0               B        ??RTC_set_function_27
   \   000000B2   5B1E               SUBS     R3,R3,#+1
   \   000000B4   ....               BNE      .+5
   \   000000B6   B8E0               B        ??RTC_set_function_28
   \   000000B8   513B               SUBS     R3,R3,#+81
   \   000000BA   06D0               BEQ      ??RTC_set_function_29
   \   000000BC   5B1E               SUBS     R3,R3,#+1
   \   000000BE   ....               BNE      .+5
   \   000000C0   E9E0               B        ??RTC_set_function_30
   \   000000C2   F8BD               POP      {R3-R7,PC}
     73           {   
     74           case 0:
     75             display_mode(0);
   \                     ??RTC_set_function_1:
   \   000000C4   0020               MOVS     R0,#+0
   \   000000C6   ........           _BLF     display_mode,??display_mode??rT
     76             DelayStep = 0;
     77             sExecStep++;                          
     78             return;
     79              
     80           case 1:
     81             screen_clear();
     82             debug_monit(MONOUT);
     83             printf("<< Date Time Set >>");
     84             printf("\n1:Date Time Set  ");
     85             printf("\n2:Date Time Read ");
     86             printf("\n3:RTC Wake UP    ");
     87             printf("\n[MENU]:goto MAIN");
     88             DelayStep = 0;
     89             sExecStep++;
     90             return;
     91            
     92           case 2:
     93             if (bPushKey == '1') sExecStep = RTC_TIME_SET;
     94             else if (bPushKey == '2') sExecStep = RTC_TIME_READ;
     95             else if (bPushKey == '3') sExecStep = RTC_INIT;
     96             else if (MENU_KEY) execmode_change(MAIN_MENU); 
     97             else if (step_delay(SEC_1*5)) execmode_change(MAIN_MENU);
     98             return;
     99           
    100           /**********************/
    101           /*  RTC Time Set      */
    102           /**********************/
    103           case RTC_TIME_SET:
    104             screen_clear();
    105             rtc_time_read();
    106             printf("<Date & Time Set>");
    107             printf("\n>YY/MM/DD:%02X/%02X/%02X", Year, Month, Date);
    108             sExecStep++;
    109             return;
    110          
    111           case RTC_TIME_SET+1:
    112             keyin_start(2);
    113             sCurPos -= 8;
    114             sExecStep++;
    115             return;  
    116             
    117           case RTC_TIME_SET+2:
    118             if (DEC_KEY)
    119             {
    120               if(key_input_bcd() == 0) sExecStep++;
    121               printf("%1c", bPushKey);
    122             }
    123             else if (ENTER_KEY) sExecStep = RTC_TIME_SET+10;
    124             return;
    125             
    126           case RTC_TIME_SET+3:
    127             Year = KeyValue;
    128             sCurPos -= 2; 
    129             printf("%02X", Year);
    130             keyin_start(2);
    131             sCurPos++;
    132             sExecStep++;
    133             return;  
    134             
    135           case RTC_TIME_SET+4:
    136             if (DEC_KEY)
    137             {
    138               if(key_input_bcd() == 0) sExecStep++;
    139               printf("%1c", bPushKey);
    140             }
    141             return;
    142          
    143           case RTC_TIME_SET+5:
    144             Month = KeyValue;
    145             sCurPos -= 2; 
    146             printf("%02X", Month);
    147             keyin_start(2);
    148             sCurPos++;
    149             sExecStep++;
    150             return;  
    151             
    152           case RTC_TIME_SET+6:
    153             if (DEC_KEY)
    154             {
    155               if(key_input_bcd() == 0) sExecStep++;
    156               printf("%1c", bPushKey);
    157             }
    158             return;
    159          
    160           case RTC_TIME_SET+7:
    161             Date = KeyValue;
    162             sCurPos -= 2; 
    163             printf("%02X", Date);
    164             sExecStep++;
    165             return;     
    166           
    167            case RTC_TIME_SET+8:
    168              if (ENTER_KEY)
    169              {
    170                rtc_time_set();
    171                sExecStep++;
    172              }
    173             return; 
    174          
    175           case RTC_TIME_SET+9: sExecStep++; return;
    176           
    177           case RTC_TIME_SET+10:
    178             rtc_time_read();
    179             printf("\n>HH/MM/SS:%02X/%02X/%02X", Hour, Minute, Sec);
    180             sExecStep++;
    181             return;
    182          
    183           case RTC_TIME_SET+11:
    184             keyin_start(2);
    185             sCurPos -= 8;
    186             sExecStep++;
    187             return;  
    188             
    189           case RTC_TIME_SET+12:
    190             if (DEC_KEY)
    191             {
    192               if(key_input_bcd() == 0) sExecStep++;
    193               printf("%1c", bPushKey);
    194             }
    195             else if (ENTER_KEY) sExecStep = RTC_TIME_SET+19;
    196             return;
    197             
    198           case RTC_TIME_SET+13:
    199             Hour = KeyValue;
    200             sCurPos -= 2; 
    201             printf("%02X", Hour);
    202             keyin_start(2);
    203             sCurPos++;
    204             sExecStep++;
    205             return;  
    206             
    207           case RTC_TIME_SET+14:
    208             if (DEC_KEY)
    209             {
    210               if(key_input_bcd() == 0) sExecStep++;
    211               printf("%1c", bPushKey);
    212             }
    213             return;
    214          
    215           case RTC_TIME_SET+15:
    216             Minute = KeyValue;
    217             if (Minute > 0x59) Minute = 0;
    218             sCurPos -= 2; 
    219             printf("%02X", Minute);
    220             keyin_start(2);
    221             sCurPos++;
    222             sExecStep++;
    223             return;  
    224             
    225           case RTC_TIME_SET+16:
    226             if (DEC_KEY)
    227             {
    228               if(key_input_bcd() == 0) sExecStep++;
    229               printf("%1c", bPushKey);
    230             }
    231             return;
    232          
    233           case RTC_TIME_SET+17:
    234             Sec = KeyValue;
    235             if (Sec > 0x59) Sec = 0;
    236             sCurPos -= 2; 
    237             printf("%02X", Sec);
    238             sExecStep++;
    239             return;     
    240           
    241            case RTC_TIME_SET+18:
    242              if (ENTER_KEY)
    243              {
    244                rtc_time_set();
    245                sExecStep++;
    246              }
    247             return; 
    248              
    249            case RTC_TIME_SET+19:
    250              // 데이터저장실행을 초기화
    251              sStoreStep = 1;
    252              sExecStep = RTC_TIME_READ;
    253              return;   
    254             
    255           /**************************/
    256           /*  RTC date & time read  */
    257           /**************************/  
    258           case RTC_TIME_READ:
    259             screen_clear();
    260             printf(">RTC time read\n");
    261             sExecStep++;
    262             return;
    263           
    264           case RTC_TIME_READ+1:
    265             rtc_time_read();
    266             printf("\r%02X/%02X/%02X  ", Year, Month, Date);
    267             printf("%02X:%02X:%02X", Hour, Minute, Sec);
    268             sExecStep++;
    269             return;
    270             
    271           case RTC_TIME_READ+2:    
    272             if (bPushKey == 'a') sExecStep = 1;
    273              else if (bPushKey != 0) sExecStep = RTC_TIME_READ+1; 
    274              else  if (step_delay(SEC_1)) sExecStep = RTC_TIME_READ+1;
    275              return;
    276           
    277           /******************************/
    278           /* RTC initialize & start */
    279           /******************************/    
    280           case RTC_INIT:
    281             screen_clear();
    282             rtc_initialize();
    283             printf(">DS1302 Wake UP..");
    284             DelayStep = 0;
    285             sExecStep++;
    286             return;
    287             
    288           case RTC_INIT+1:
    289             if (step_delay(SEC_1)) sExecStep = 1;
    290             return;
    291             
    292           case RTC_WAIT:
    293             DelayStep = 0;
   \                     ??RTC_set_function_29:
   \   000000CA   ....               LDR      R0,??DataTable0  ;; DelayStep
   \   000000CC   0021               MOVS     R1,#+0
   \   000000CE   0170               STRB     R1,[R0, #+0]
    294             sExecStep++;
   \                     ??RTC_set_function_18:
   \   000000D0   6CE0               B.N      ??RTC_set_function_31
   \                     ??RTC_set_function_2:
   \   000000D2   ........           _BLF     screen_clear,??screen_clear??rT
   \   000000D6   0120               MOVS     R0,#+1
   \   000000D8   ........           _BLF     debug_monit,??debug_monit??rT
   \   000000DC   7848               LDR      R0,??RTC_set_function_0+0x18  ;; `?<Constant "\\rDSaddress:%02X">` + 208
   \   000000DE   ........           _BLF     printf,??printf??rT
   \   000000E2   7848               LDR      R0,??RTC_set_function_0+0x1C  ;; `?<Constant "\\rDSaddress:%02X">` + 228
   \   000000E4   ........           _BLF     printf,??printf??rT
   \   000000E8   7748               LDR      R0,??RTC_set_function_0+0x20  ;; `?<Constant "\\rDSaddress:%02X">` + 248
   \   000000EA   ........           _BLF     printf,??printf??rT
   \   000000EE   7748               LDR      R0,??RTC_set_function_0+0x24  ;; `?<Constant "\\rDSaddress:%02X">` + 268
   \   000000F0   ........           _BLF     printf,??printf??rT
   \   000000F4   7648               LDR      R0,??RTC_set_function_0+0x28  ;; `?<Constant "\\rDSaddress:%02X">` + 288
   \                     ??RTC_set_function_32:
   \   000000F6   ........           _BLF     printf,??printf??rT
   \   000000FA   E6E7               B        ??RTC_set_function_29
   \                     ??RTC_set_function_3:
   \   000000FC   312A               CMP      R2,#+49
   \   000000FE   02D1               BNE      ??RTC_set_function_33
   \   00000100   9620               MOVS     R0,#+150
   \   00000102   8000               LSLS     R0,R0,#+2        ;; #+600
   \   00000104   54E0               B.N      ??RTC_set_function_34
   \                     ??RTC_set_function_33:
   \   00000106   322A               CMP      R2,#+50
   \   00000108   02D1               BNE      ??RTC_set_function_35
   \                     ??RTC_set_function_36:
   \   0000010A   C820               MOVS     R0,#+200
   \   0000010C   4000               LSLS     R0,R0,#+1        ;; #+400
   \   0000010E   4FE0               B.N      ??RTC_set_function_34
   \                     ??RTC_set_function_35:
   \   00000110   332A               CMP      R2,#+51
   \   00000112   02D1               BNE      ??RTC_set_function_37
   \   00000114   FA20               MOVS     R0,#+250
   \   00000116   4000               LSLS     R0,R0,#+1        ;; #+500
   \   00000118   4AE0               B.N      ??RTC_set_function_34
   \                     ??RTC_set_function_37:
   \   0000011A   612A               CMP      R2,#+97
   \   0000011C   04D0               BEQ      ??RTC_set_function_38
   \                     ??RTC_set_function_39:
   \   0000011E   6D48               LDR      R0,??RTC_set_function_0+0x2C  ;; 0x9c4
   \   00000120   ........           _BLF     step_delay,??step_delay??rT
   \   00000124   0028               CMP      R0,#+0
   \   00000126   02D0               BEQ      ??RTC_set_function_40
   \                     ??RTC_set_function_38:
   \   00000128   0020               MOVS     R0,#+0
   \   0000012A   ........           _BLF     execmode_change,??execmode_change??rT
   \                     ??RTC_set_function_40:
   \   0000012E   F8BD               POP      {R3-R7,PC}
   \                     ??RTC_set_function_9:
   \   00000130   ........           _BLF     screen_clear,??screen_clear??rT
   \   00000134   ........           BL       rtc_time_read
   \   00000138   6748               LDR      R0,??RTC_set_function_0+0x30  ;; `?<Constant "\\rDSaddress:%02X">` + 308
   \   0000013A   ........           _BLF     printf,??printf??rT
   \   0000013E   B378               LDRB     R3,[R6, #+2]
   \   00000140   7278               LDRB     R2,[R6, #+1]
   \   00000142   3178               LDRB     R1,[R6, #+0]
   \   00000144   6548               LDR      R0,??RTC_set_function_0+0x34  ;; `?<Constant "\\rDSaddress:%02X">` + 328
   \   00000146   ........           _BLF     printf,??printf??rT
   \   0000014A   2FE0               B.N      ??RTC_set_function_31
   \                     ??RTC_set_function_20:
   \   0000014C   0220               MOVS     R0,#+2
   \   0000014E   ........           _BLF     keyin_start,??keyin_start??rT
   \   00000152   0020               MOVS     R0,#+0
   \   00000154   205E               LDRSH    R0,[R4, R0]
   \   00000156   0838               SUBS     R0,R0,#+8
   \   00000158   27E0               B.N      ??RTC_set_function_41
   \                     ??RTC_set_function_11:
   \   0000015A   302A               CMP      R2,#+48
   \   0000015C   0ED3               BCC      ??RTC_set_function_42
   \                     ??RTC_set_function_43:
   \   0000015E   3A2A               CMP      R2,#+58
   \   00000160   0BD2               BCS      ??RTC_set_function_44
   \   00000162   ........           _BLF     key_input_bcd,??key_input_bcd??rT
   \   00000166   0028               CMP      R0,#+0
   \   00000168   02D1               BNE      ??RTC_set_function_45
   \   0000016A   2888               LDRH     R0,[R5, #+0]
   \   0000016C   401C               ADDS     R0,R0,#+1
   \   0000016E   2880               STRH     R0,[R5, #+0]
   \                     ??RTC_set_function_45:
   \   00000170   5048               LDR      R0,??RTC_set_function_0+0xC  ;; bPushKey
   \   00000172   0178               LDRB     R1,[R0, #+0]
   \   00000174   ....               ADR      R0,??DataTable1  ;; "%1c"
   \   00000176   ........           _BLF     printf,??printf??rT
   \                     ??RTC_set_function_44:
   \   0000017A   F8BD               POP      {R3-R7,PC}
   \                     ??RTC_set_function_42:
   \   0000017C   0D2A               CMP      R2,#+13
   \   0000017E   FCD1               BNE      ??RTC_set_function_44
   \   00000180   ....               LDR      R0,??DataTable2  ;; 0x262
   \   00000182   15E0               B.N      ??RTC_set_function_34
   \                     ??RTC_set_function_12:
   \   00000184   3170               STRB     R1,[R6, #+0]
   \   00000186   2080               STRH     R0,[R4, #+0]
   \   00000188   3178               LDRB     R1,[R6, #+0]
   \   0000018A   05E0               B.N      ??RTC_set_function_46
   \                     ??RTC_set_function_13:
   \   0000018C   302A               CMP      R2,#+48
   \   0000018E   F4D3               BCC      ??RTC_set_function_44
   \   00000190   E5E7               B.N      ??RTC_set_function_43
   \                     ??RTC_set_function_14:
   \   00000192   7170               STRB     R1,[R6, #+1]
   \   00000194   2080               STRH     R0,[R4, #+0]
   \   00000196   7178               LDRB     R1,[R6, #+1]
   \                     ??RTC_set_function_46:
   \   00000198   0098               LDR      R0,[SP, #+0]
   \   0000019A   ........           _BLF     printf,??printf??rT
   \   0000019E   0220               MOVS     R0,#+2
   \   000001A0   ........           _BLF     keyin_start,??keyin_start??rT
   \   000001A4   0020               MOVS     R0,#+0
   \   000001A6   205E               LDRSH    R0,[R4, R0]
   \   000001A8   401C               ADDS     R0,R0,#+1
   \                     ??RTC_set_function_41:
   \   000001AA   2080               STRH     R0,[R4, #+0]
   \                     ??RTC_set_function_31:
   \   000001AC   2888               LDRH     R0,[R5, #+0]
   \   000001AE   401C               ADDS     R0,R0,#+1
   \                     ??RTC_set_function_34:
   \   000001B0   2880               STRH     R0,[R5, #+0]
   \   000001B2   F8BD               POP      {R3-R7,PC}
   \                     ??RTC_set_function_15:
   \   000001B4   302A               CMP      R2,#+48
   \   000001B6   76D3               BCC      ??RTC_set_function_47
   \   000001B8   D1E7               B.N      ??RTC_set_function_43
   \                     ??RTC_set_function_16:
   \   000001BA   B170               STRB     R1,[R6, #+2]
   \   000001BC   2080               STRH     R0,[R4, #+0]
   \   000001BE   B178               LDRB     R1,[R6, #+2]
   \   000001C0   0098               LDR      R0,[SP, #+0]
   \   000001C2   ........           _BLF     printf,??printf??rT
   \   000001C6   F1E7               B.N      ??RTC_set_function_31
   \                     ??RTC_set_function_27:
   \   000001C8   0D2A               CMP      R2,#+13
   \   000001CA   6CD1               BNE      ??RTC_set_function_47
   \   000001CC   ........           BL       rtc_time_set
   \   000001D0   ECE7               B.N      ??RTC_set_function_31
   \                     ??RTC_set_function_19:
   \   000001D2   ........           BL       rtc_time_read
   \   000001D6   7379               LDRB     R3,[R6, #+5]
   \   000001D8   3279               LDRB     R2,[R6, #+4]
   \   000001DA   F178               LDRB     R1,[R6, #+3]
   \   000001DC   4048               LDR      R0,??RTC_set_function_0+0x38  ;; `?<Constant "\\rDSaddress:%02X">` + 364
   \   000001DE   ........           _BLF     printf,??printf??rT
   \   000001E2   E3E7               B.N      ??RTC_set_function_31
   \                     ??RTC_set_function_21:
   \   000001E4   302A               CMP      R2,#+48
   \   000001E6   BAD2               BCS      ??RTC_set_function_43
   \                     ??RTC_set_function_48:
   \   000001E8   0D2A               CMP      R2,#+13
   \   000001EA   5CD1               BNE      ??RTC_set_function_47
   \   000001EC   ....               LDR      R0,??DataTable3  ;; 0x26b
   \   000001EE   DFE7               B.N      ??RTC_set_function_34
   \                     ??RTC_set_function_22:
   \   000001F0   F170               STRB     R1,[R6, #+3]
   \   000001F2   2080               STRH     R0,[R4, #+0]
   \   000001F4   F178               LDRB     R1,[R6, #+3]
   \   000001F6   CFE7               B.N      ??RTC_set_function_46
   \                     ??RTC_set_function_23:
   \   000001F8   302A               CMP      R2,#+48
   \   000001FA   54D3               BCC      ??RTC_set_function_47
   \   000001FC   AFE7               B.N      ??RTC_set_function_43
   \                     ??RTC_set_function_24:
   \   000001FE   0906               LSLS     R1,R1,#+24
   \   00000200   090E               LSRS     R1,R1,#+24
   \   00000202   5A29               CMP      R1,#+90
   \   00000204   00D3               BCC      ??RTC_set_function_49
   \   00000206   0021               MOVS     R1,#+0
   \                     ??RTC_set_function_49:
   \   00000208   3171               STRB     R1,[R6, #+4]
   \   0000020A   2080               STRH     R0,[R4, #+0]
   \   0000020C   C4E7               B.N      ??RTC_set_function_46
   \                     ??RTC_set_function_25:
   \   0000020E   302A               CMP      R2,#+48
   \   00000210   49D3               BCC      ??RTC_set_function_47
   \   00000212   A4E7               B.N      ??RTC_set_function_43
   \                     ??RTC_set_function_26:
   \   00000214   0906               LSLS     R1,R1,#+24
   \   00000216   090E               LSRS     R1,R1,#+24
   \   00000218   5A29               CMP      R1,#+90
   \   0000021A   00D3               BCC      ??RTC_set_function_50
   \   0000021C   0021               MOVS     R1,#+0
   \                     ??RTC_set_function_50:
   \   0000021E   7171               STRB     R1,[R6, #+5]
   \   00000220   2080               STRH     R0,[R4, #+0]
   \   00000222   0098               LDR      R0,[SP, #+0]
   \   00000224   ........           _BLF     printf,??printf??rT
   \   00000228   C0E7               B.N      ??RTC_set_function_31
   \                     ??RTC_set_function_28:
   \   0000022A   ....               LDR      R0,??DataTable4  ;; sStoreStep
   \   0000022C   0121               MOVS     R1,#+1
   \   0000022E   0180               STRH     R1,[R0, #+0]
   \   00000230   6BE7               B        ??RTC_set_function_36
   \                     ??RTC_set_function_4:
   \   00000232   ........           _BLF     screen_clear,??screen_clear??rT
   \   00000236   2B48               LDR      R0,??RTC_set_function_0+0x3C  ;; `?<Constant "\\rDSaddress:%02X">` + 92
   \   00000238   ........           _BLF     printf,??printf??rT
   \   0000023C   B6E7               B.N      ??RTC_set_function_31
   \                     ??RTC_set_function_5:
   \   0000023E   ........           BL       rtc_time_read
   \   00000242   B378               LDRB     R3,[R6, #+2]
   \   00000244   7278               LDRB     R2,[R6, #+1]
   \   00000246   3178               LDRB     R1,[R6, #+0]
   \   00000248   2748               LDR      R0,??RTC_set_function_0+0x40  ;; `?<Constant "\\rDSaddress:%02X">` + 412
   \   0000024A   ........           _BLF     printf,??printf??rT
   \   0000024E   7379               LDRB     R3,[R6, #+5]
   \   00000250   3279               LDRB     R2,[R6, #+4]
   \   00000252   F178               LDRB     R1,[R6, #+3]
   \   00000254   2548               LDR      R0,??RTC_set_function_0+0x44  ;; `?<Constant "\\rDSaddress:%02X">` + 432
   \   00000256   ........           _BLF     printf,??printf??rT
   \   0000025A   A7E7               B.N      ??RTC_set_function_31
   \                     ??RTC_set_function_6:
   \   0000025C   612A               CMP      R2,#+97
   \   0000025E   01D1               BNE      ??RTC_set_function_51
   \   00000260   0120               MOVS     R0,#+1
   \   00000262   A5E7               B.N      ??RTC_set_function_34
   \                     ??RTC_set_function_51:
   \   00000264   FC1C               ADDS     R4,R7,#+3
   \   00000266   002A               CMP      R2,#+0
   \   00000268   05D1               BNE      ??RTC_set_function_52
   \                     ??RTC_set_function_53:
   \   0000026A   FA20               MOVS     R0,#+250
   \   0000026C   4000               LSLS     R0,R0,#+1        ;; #+500
   \   0000026E   ........           _BLF     step_delay,??step_delay??rT
   \   00000272   0028               CMP      R0,#+0
   \   00000274   17D0               BEQ      ??RTC_set_function_47
   \                     ??RTC_set_function_52:
   \   00000276   2C80               STRH     R4,[R5, #+0]
   \   00000278   F8BD               POP      {R3-R7,PC}
   \                     ??RTC_set_function_7:
   \   0000027A   ........           _BLF     screen_clear,??screen_clear??rT
   \   0000027E   ........           BL       rtc_initialize
   \   00000282   1B48               LDR      R0,??RTC_set_function_0+0x48  ;; `?<Constant "\\rDSaddress:%02X">` + 448
   \   00000284   37E7               B.N      ??RTC_set_function_32
   \                     ??RTC_set_function_8:
   \   00000286   FA20               MOVS     R0,#+250
   \   00000288   4000               LSLS     R0,R0,#+1        ;; #+500
   \   0000028A   ........           _BLF     step_delay,??step_delay??rT
   \   0000028E   0028               CMP      R0,#+0
   \   00000290   09D0               BEQ      ??RTC_set_function_47
   \   00000292   0120               MOVS     R0,#+1
   \   00000294   8CE7               B.N      ??RTC_set_function_34
    295             return;
    296             
    297           case RTC_WAIT+1:
    298             if (step_delay(SEC_1*2)) sExecStep = 1;
   \                     ??RTC_set_function_30:
   \   00000296   FA20               MOVS     R0,#+250
   \   00000298   8000               LSLS     R0,R0,#+2        ;; #+1000
   \   0000029A   ........           _BLF     step_delay,??step_delay??rT
   \   0000029E   0028               CMP      R0,#+0
   \   000002A0   01D0               BEQ      ??RTC_set_function_47
   \   000002A2   0120               MOVS     R0,#+1
   \   000002A4   2880               STRH     R0,[R5, #+0]
   \                     ??RTC_set_function_47:
   \   000002A6   F8BD               POP      {R3-R7,PC}       ;; return
   \                     ??RTC_set_function_0:
   \   000002A8   ........           DC32     sCurPos
   \   000002AC   ........           DC32     `?<Constant "\\rDSaddress:%02X">` + 356
   \   000002B0   ........           DC32     KeyValue
   \   000002B4   ........           DC32     bPushKey
   \   000002B8   ........           DC32     sExecStep
   \   000002BC   ........           DC32     Year
   \   000002C0   ........           DC32     `?<Constant "\\rDSaddress:%02X">` + 208
   \   000002C4   ........           DC32     `?<Constant "\\rDSaddress:%02X">` + 228
   \   000002C8   ........           DC32     `?<Constant "\\rDSaddress:%02X">` + 248
   \   000002CC   ........           DC32     `?<Constant "\\rDSaddress:%02X">` + 268
   \   000002D0   ........           DC32     `?<Constant "\\rDSaddress:%02X">` + 288
   \   000002D4   C4090000           DC32     0x9c4
   \   000002D8   ........           DC32     `?<Constant "\\rDSaddress:%02X">` + 308
   \   000002DC   ........           DC32     `?<Constant "\\rDSaddress:%02X">` + 328
   \   000002E0   ........           DC32     `?<Constant "\\rDSaddress:%02X">` + 364
   \   000002E4   ........           DC32     `?<Constant "\\rDSaddress:%02X">` + 92
   \   000002E8   ........           DC32     `?<Constant "\\rDSaddress:%02X">` + 412
   \   000002EC   ........           DC32     `?<Constant "\\rDSaddress:%02X">` + 432
   \   000002F0   ........           DC32     `?<Constant "\\rDSaddress:%02X">` + 448
    299             return;
    300             
    301           };
    302          }
    303          
    304          // Execute step define
    305          #define	DS1302_ALL_READ		100
    306          #define	DS1302_READ		200
    307          #define	DS1302_WRITE		300
    308          #define	DS1302_TIME_READ	400
    309          #define	DS1302_INIT		500
    310          #define	DS1302_TIME_SET		600
    311          #define	DS1302_WAIT		700

   \                                 In segment CODE, align 4, keep-with-next
    312          void DS1302_test_function(void)
    313          {
   \                     DS1302_test_function:
   \   00000000   F7B5               PUSH     {R0-R2,R4-R7,LR}
    314           switch (sExecStep)
   \   00000002   BB4F               LDR      R7,??DS1302_test_function_0  ;; sCurPos
   \   00000004   6846               MOV      R0,SP
   \   00000006   0021               MOVS     R1,#+0
   \   00000008   795E               LDRSH    R1,[R7, R1]
   \   0000000A   891E               SUBS     R1,R1,#+2
   \   0000000C   0180               STRH     R1,[R0, #+0]
   \   0000000E   B94C               LDR      R4,??DS1302_test_function_0+0x4  ;; Year
   \   00000010   B94D               LDR      R5,??DS1302_test_function_0+0x8  ;; sExecStep
   \   00000012   2988               LDRH     R1,[R5, #+0]
   \   00000014   491C               ADDS     R1,R1,#+1
   \   00000016   4180               STRH     R1,[R0, #+2]
   \   00000018   B84E               LDR      R6,??DS1302_test_function_0+0xC  ;; `?<Constant "\\rDSaddress:%02X">`
   \   0000001A   B220               MOVS     R0,#+178
   \   0000001C   4000               LSLS     R0,R0,#+1        ;; #+356
   \   0000001E   3018               ADDS     R0,R6,R0
   \   00000020   0190               STR      R0,[SP, #+4]
   \   00000022   C420               MOVS     R0,#+196
   \   00000024   4000               LSLS     R0,R0,#+1        ;; #+392
   \   00000026   3018               ADDS     R0,R6,R0
   \   00000028   0290               STR      R0,[SP, #+8]
   \   0000002A   B548               LDR      R0,??DS1302_test_function_0+0x10  ;; KeyValue
   \   0000002C   0168               LDR      R1,[R0, #+0]
   \   0000002E   B548               LDR      R0,??DS1302_test_function_0+0x14  ;; bPushKey
   \   00000030   0078               LDRB     R0,[R0, #+0]
   \   00000032   2A88               LDRH     R2,[R5, #+0]
   \   00000034   002A               CMP      R2,#+0
   \   00000036   ....               BNE      .+5
   \   00000038   8DE0               B        ??DS1302_test_function_1
   \   0000003A   521E               SUBS     R2,R2,#+1
   \   0000003C   ....               BNE      .+5
   \   0000003E   91E0               B        ??DS1302_test_function_2
   \   00000040   521E               SUBS     R2,R2,#+1
   \   00000042   ....               BNE      .+5
   \   00000044   BAE0               B        ??DS1302_test_function_3
   \   00000046   623A               SUBS     R2,R2,#+98
   \   00000048   ....               BNE      .+5
   \   0000004A   81E1               B        ??DS1302_test_function_4
   \   0000004C   521E               SUBS     R2,R2,#+1
   \   0000004E   ....               BNE      .+5
   \   00000050   86E1               B        ??DS1302_test_function_5
   \   00000052   521E               SUBS     R2,R2,#+1
   \   00000054   ....               BNE      .+5
   \   00000056   86E1               B        ??DS1302_test_function_6
   \   00000058   623A               SUBS     R2,R2,#+98
   \   0000005A   ....               BNE      .+5
   \   0000005C   8BE1               B        ??DS1302_test_function_7
   \   0000005E   521E               SUBS     R2,R2,#+1
   \   00000060   ....               BNE      .+5
   \   00000062   90E1               B        ??DS1302_test_function_8
   \   00000064   521E               SUBS     R2,R2,#+1
   \   00000066   ....               BNE      .+5
   \   00000068   9BE1               B        ??DS1302_test_function_9
   \   0000006A   521E               SUBS     R2,R2,#+1
   \   0000006C   ....               BNE      .+5
   \   0000006E   ABE1               B        ??DS1302_test_function_10
   \   00000070   521E               SUBS     R2,R2,#+1
   \   00000072   ....               BNE      .+5
   \   00000074   B9E1               B        ??DS1302_test_function_11
   \   00000076   521E               SUBS     R2,R2,#+1
   \   00000078   ....               BNE      .+5
   \   0000007A   C5E1               B        ??DS1302_test_function_12
   \   0000007C   521E               SUBS     R2,R2,#+1
   \   0000007E   ....               BNE      .+5
   \   00000080   C5E1               B        ??DS1302_test_function_13
   \   00000082   5E3A               SUBS     R2,R2,#+94
   \   00000084   ....               BNE      .+5
   \   00000086   CBE1               B        ??DS1302_test_function_14
   \   00000088   521E               SUBS     R2,R2,#+1
   \   0000008A   ....               BNE      .+5
   \   0000008C   CFE1               B        ??DS1302_test_function_15
   \   0000008E   521E               SUBS     R2,R2,#+1
   \   00000090   ....               BNE      .+5
   \   00000092   D9E1               B        ??DS1302_test_function_16
   \   00000094   521E               SUBS     R2,R2,#+1
   \   00000096   ....               BNE      .+5
   \   00000098   E9E1               B        ??DS1302_test_function_17
   \   0000009A   521E               SUBS     R2,R2,#+1
   \   0000009C   ....               BNE      .+5
   \   0000009E   01E2               B        ??DS1302_test_function_18
   \   000000A0   521E               SUBS     R2,R2,#+1
   \   000000A2   ....               BNE      .+5
   \   000000A4   12E2               B        ??DS1302_test_function_19
   \   000000A6   521E               SUBS     R2,R2,#+1
   \   000000A8   ....               BNE      .+5
   \   000000AA   15E2               B        ??DS1302_test_function_20
   \   000000AC   521E               SUBS     R2,R2,#+1
   \   000000AE   ....               BNE      .+5
   \   000000B0   2FE2               B        ??DS1302_test_function_21
   \   000000B2   521E               SUBS     R2,R2,#+1
   \   000000B4   ....               BNE      .+5
   \   000000B6   2FE2               B        ??DS1302_test_function_22
   \   000000B8   5C3A               SUBS     R2,R2,#+92
   \   000000BA   ....               BNE      .+5
   \   000000BC   3CE2               B        ??DS1302_test_function_23
   \   000000BE   521E               SUBS     R2,R2,#+1
   \   000000C0   ....               BNE      .+5
   \   000000C2   40E2               B        ??DS1302_test_function_24
   \   000000C4   521E               SUBS     R2,R2,#+1
   \   000000C6   ....               BNE      .+5
   \   000000C8   50E2               B        ??DS1302_test_function_25
   \   000000CA   623A               SUBS     R2,R2,#+98
   \   000000CC   ....               BNE      .+5
   \   000000CE   56E2               B        ??DS1302_test_function_26
   \   000000D0   521E               SUBS     R2,R2,#+1
   \   000000D2   ....               BNE      .+5
   \   000000D4   5DE2               B        ??DS1302_test_function_27
   \   000000D6   633A               SUBS     R2,R2,#+99
   \   000000D8   ....               BNE      .+5
   \   000000DA   91E0               B        ??DS1302_test_function_28
   \   000000DC   521E               SUBS     R2,R2,#+1
   \   000000DE   1AD0               BEQ      ??DS1302_test_function_29
   \   000000E0   521E               SUBS     R2,R2,#+1
   \   000000E2   ....               BNE      .+5
   \   000000E4   A5E0               B        ??DS1302_test_function_30
   \   000000E6   521E               SUBS     R2,R2,#+1
   \   000000E8   ....               BNE      .+5
   \   000000EA   B7E0               B        ??DS1302_test_function_31
   \   000000EC   521E               SUBS     R2,R2,#+1
   \   000000EE   ....               BNE      .+5
   \   000000F0   BAE0               B        ??DS1302_test_function_32
   \   000000F2   521E               SUBS     R2,R2,#+1
   \   000000F4   ....               BNE      .+5
   \   000000F6   BAE0               B        ??DS1302_test_function_33
   \   000000F8   521E               SUBS     R2,R2,#+1
   \   000000FA   ....               BNE      .+5
   \   000000FC   CAE0               B        ??DS1302_test_function_34
   \   000000FE   521E               SUBS     R2,R2,#+1
   \   00000100   ....               BNE      .+5
   \   00000102   CAE0               B        ??DS1302_test_function_35
   \   00000104   521E               SUBS     R2,R2,#+1
   \   00000106   1BD0               BEQ      ??DS1302_test_function_36
   \   00000108   521E               SUBS     R2,R2,#+1
   \   0000010A   ....               BNE      .+5
   \   0000010C   D3E0               B        ??DS1302_test_function_37
   \   0000010E   521E               SUBS     R2,R2,#+1
   \   00000110   ....               BNE      .+5
   \   00000112   D3E0               B        ??DS1302_test_function_38
   \   00000114   521E               SUBS     R2,R2,#+1
   \                     ??DS1302_test_function_29:
   \   00000116   ....               BNE      .+5
   \   00000118   84E0               B        ??DS1302_test_function_39
   \   0000011A   521E               SUBS     R2,R2,#+1
   \   0000011C   ....               BNE      .+5
   \   0000011E   D8E0               B        ??DS1302_test_function_40
   \   00000120   521E               SUBS     R2,R2,#+1
   \   00000122   ....               BNE      .+5
   \   00000124   DBE0               B        ??DS1302_test_function_41
   \   00000126   521E               SUBS     R2,R2,#+1
   \   00000128   ....               BNE      .+5
   \   0000012A   DEE0               B        ??DS1302_test_function_42
   \   0000012C   521E               SUBS     R2,R2,#+1
   \   0000012E   ....               BNE      .+5
   \   00000130   F0E0               B        ??DS1302_test_function_43
   \   00000132   521E               SUBS     R2,R2,#+1
   \   00000134   ....               BNE      .+5
   \   00000136   F7E0               B        ??DS1302_test_function_44
   \   00000138   521E               SUBS     R2,R2,#+1
   \   0000013A   ....               BNE      .+5
   \   0000013C   F7E0               B        ??DS1302_test_function_45
   \   0000013E   521E               SUBS     R2,R2,#+1
   \                     ??DS1302_test_function_36:
   \   00000140   ....               BNE      .+5
   \   00000142   B3E0               B        ??DS1302_test_function_46
   \   00000144   521E               SUBS     R2,R2,#+1
   \   00000146   ....               BNE      .+5
   \   00000148   FEE0               B        ??DS1302_test_function_47
   \   0000014A   513A               SUBS     R2,R2,#+81
   \   0000014C   06D0               BEQ      ??DS1302_test_function_48
   \   0000014E   521E               SUBS     R2,R2,#+1
   \   00000150   ....               BNE      .+5
   \   00000152   26E2               B        ??DS1302_test_function_49
   \   00000154   FEBD               POP      {R1-R7,PC}
    315           {   
    316           case 0:
    317             display_mode(0);
   \                     ??DS1302_test_function_1:
   \   00000156   0020               MOVS     R0,#+0
   \   00000158   ........           _BLF     display_mode,??display_mode??rT
    318             DelayStep = 0;
    319             sExecStep++;
    320             return;
    321              
    322           case 1:
    323             screen_clear();
    324             debug_monit(MONOUT);
    325             printf("<< RTC Test >>");
    326             printf("\n1:Date Time Set  ");
    327             printf("\n2:Date Time Read ");
    328             printf("\n3:RTC Wake UP    ");
    329             printf("\n4:Register READ");
    330             printf("\n5:All Reg. READ");
    331             printf("\n6:Register WRITE");
    332             printf("\n[MENU]:goto MAIN");
    333             sExecStep++;
    334             return;
    335            
    336           case 2:
    337             if (bPushKey == '1') sExecStep = DS1302_TIME_SET;
    338             else if (bPushKey == '2') sExecStep = DS1302_TIME_READ;
    339             else if (bPushKey == '3') sExecStep = DS1302_INIT;
    340             else if (bPushKey == '4') sExecStep = DS1302_READ;
    341             else if (bPushKey == '5') sExecStep = DS1302_ALL_READ;
    342             else if (bPushKey == '6') sExecStep = DS1302_WRITE;
    343             else if (MENU_KEY) execmode_change(MAIN_MENU); 
    344             //else if (step_delay(SEC_1*5)) execmode_change(POWER_METER);
    345             return;
    346           
    347           /**********************/
    348           /*  RTC Time Set      */
    349           /**********************/
    350           case DS1302_TIME_SET:
    351             screen_clear();
    352             rtc_time_read();
    353             printf("<Date & Time Set>");
    354             printf("\n>YY/MM/DD:%02X/%02X/%02X", Year, Month, Date);
    355             sExecStep++;
    356             return;
    357          
    358           case DS1302_TIME_SET+1:
    359             keyin_start(2);
    360             sCurPos -= 8;
    361             sExecStep++;
    362             return;  
    363             
    364           case DS1302_TIME_SET+2:
    365             if (DEC_KEY)
    366             {
    367               if(key_input_bcd() == 0) sExecStep++;
    368               printf("%1c", bPushKey);
    369             }
    370             else if (ENTER_KEY) sExecStep = DS1302_TIME_SET+10;
    371             return;
    372             
    373           case DS1302_TIME_SET+3:
    374             Year = KeyValue;
    375             sCurPos -= 2; 
    376             printf("%02X", Year);
    377             keyin_start(2);
    378             sCurPos++;
    379             sExecStep++;
    380             return;  
    381             
    382           case DS1302_TIME_SET+4:
    383             if (DEC_KEY)
    384             {
    385               if(key_input_bcd() == 0) sExecStep++;
    386               printf("%1c", bPushKey);
    387             }
    388             return;
    389          
    390           case DS1302_TIME_SET+5:
    391             Month = KeyValue;
    392             sCurPos -= 2; 
    393             printf("%02X", Month);
    394             keyin_start(2);
    395             sCurPos++;
    396             sExecStep++;
    397             return;  
    398             
    399           case DS1302_TIME_SET+6:
    400             if (DEC_KEY)
    401             {
    402               if(key_input_bcd() == 0) sExecStep++;
    403               printf("%1c", bPushKey);
    404             }
    405             return;
    406          
    407           case DS1302_TIME_SET+7:
    408             Date = KeyValue;
    409             sCurPos -= 2; 
    410             printf("%02X", Date);
    411             sExecStep++;
    412             return;     
    413           
    414            case DS1302_TIME_SET+8:
    415              if (ENTER_KEY)
    416              {
    417                rtc_time_set();
    418                sExecStep++;
    419              }
    420             return; 
    421          
    422           case DS1302_TIME_SET+9: sExecStep++; return;
    423           
    424           case DS1302_TIME_SET+10:
    425             rtc_time_read();
    426             printf("\n>HH/MM/SS:%02X/%02X/%02X", Hour, Minute, Sec);
    427             sExecStep++;
    428             return;
    429          
    430           case DS1302_TIME_SET+11:
    431             keyin_start(2);
    432             sCurPos -= 8;
    433             sExecStep++;
    434             return;  
    435             
    436           case DS1302_TIME_SET+12:
    437             if (DEC_KEY)
    438             {
    439               if(key_input_bcd() == 0) sExecStep++;
    440               printf("%1c", bPushKey);
    441             }
    442             else if (ENTER_KEY) sExecStep = DS1302_TIME_SET+19;
    443             return;
    444             
    445           case DS1302_TIME_SET+13:
    446             Hour = KeyValue;
    447             sCurPos -= 2; 
    448             printf("%02X", Hour);
    449             keyin_start(2);
    450             sCurPos++;
    451             sExecStep++;
    452             return;  
    453             
    454           case DS1302_TIME_SET+14:
    455             if (DEC_KEY)
    456             {
    457               if(key_input_bcd() == 0) sExecStep++;
    458               printf("%1c", bPushKey);
    459             }
    460             return;
    461          
    462           case DS1302_TIME_SET+15:
    463             Minute = KeyValue;
    464             if (Minute > 0x59) Minute = 0;
    465             sCurPos -= 2; 
    466             printf("%02X", Minute);
    467             keyin_start(2);
    468             sCurPos++;
    469             sExecStep++;
    470             return;  
    471             
    472           case DS1302_TIME_SET+16:
    473             if (DEC_KEY)
    474             {
    475               if(key_input_bcd() == 0) sExecStep++;
    476               printf("%1c", bPushKey);
    477             }
    478             return;
    479          
    480           case DS1302_TIME_SET+17:
    481             Sec = KeyValue;
    482             if (Sec > 0x59) Sec = 0;
    483             sCurPos -= 2; 
    484             printf("%02X", Sec);
    485             sExecStep++;
    486             return;     
    487           
    488            case DS1302_TIME_SET+18:
    489              if (ENTER_KEY)
    490              {
    491                rtc_time_set();
    492                sExecStep++;
    493              }
    494             return; 
    495              
    496            case DS1302_TIME_SET+19:
    497              // 데이터저장실행을 초기화
    498              sStoreStep = 1;
    499              sExecStep = DS1302_TIME_READ;
    500              return;   
    501             
    502           /******************************/
    503           /*  DS1302 all register read  */
    504           /******************************/
    505           case DS1302_ALL_READ:   
    506             screen_clear();
    507             printf(">DS1302 All Reg. READ");
    508             sExecStep++;
    509             return;
    510          
    511           case DS1302_ALL_READ+1:
    512             HT1381_burstramrd();
    513             sExecStep++;
    514             return;
    515           
    516            case DS1302_ALL_READ+2:
    517             if (MENU_KEY) sExecStep = 1;
    518             else if (ENTER_KEY) sExecStep = DS1302_ALL_READ+1;
    519             return;   
    520              
    521           /**************************/
    522           /*  DS1302 register read  */
    523           /**************************/ 
    524           case DS1302_READ:   
    525             screen_clear();
    526             printf(">DS1302 Reg. READ");
    527             sExecStep++;
    528             return;
    529          
    530           case DS1302_READ+1:
    531             keyin_start(2);
    532             printf("\nDSaddress:%02X", KeyValue);
    533             sCurPos--;
    534             sExecStep++;
    535             return;
    536           
    537           case DS1302_READ+2:  
    538             if (bPushKey)
    539             {
    540               if(key_input_hex() == 0) 
    541               {
    542                 DSadd = KeyValue;
    543                 sExecStep++;
    544               }
    545               printf("\rDSaddress:%02X", KeyValue);
    546               sCurPos--;
    547             }
    548             return;
    549           
    550           case DS1302_READ+3:
    551             if (KeyValue > 7)
    552             {
    553               printf("\nRange Over");
    554               sExecStep = DS1302_WAIT;     
    555              }
    556             else
    557             {
    558               DSadd = KeyValue;
    559               DSregister[DSadd] = DS1302_readbyte(DSadd);
    560               sExecStep++;
    561             }
    562             return;
    563            
    564           case DS1302_READ+4:
    565             printf("\rDS1302[%02X]:%02X", DSadd, DSregister[DSadd]);
    566             if (DSerror) printf (" E:%1d", DSerror);
    567             sExecStep++;
    568             return;
    569            
    570           case DS1302_READ+5: sExecStep++; return;
    571              
    572           case DS1302_READ+6:
    573             if (bPushKey == 'a') sExecStep = 1;
    574               else if (bPushKey != 0) sExecStep = DS1302_READ+1;
    575               else if (step_delay(SEC_1)) sExecStep = DS1302_READ+1; 
    576             return;
    577          
    578          
    579           /*********************************/
    580           /*  DS1302 regiter monit & write */
    581           /*********************************/ 
    582           case DS1302_WRITE:
    583             screen_clear();
    584             printf(">DS1302 Reg. Write");
    585             sExecStep++;
    586             return;
    587             
    588           case DS1302_WRITE+1:
    589             keyin_start(2);
    590             printf("\nDS1302[%02X]", KeyValue);
    591             sCurPos -= 2;
    592             sExecStep++;
    593             return;
    594           
    595           case DS1302_WRITE+2:  
    596             if (bPushKey)
    597             {
    598               if(key_input_hex() == 0) sExecStep++;
    599               printf("\rDS1302[%02X]", KeyValue);
    600               sCurPos -= 2;
    601             }
    602             return;
    603          
    604           case DS1302_WRITE+3:
    605             if (KeyValue > 7) 
    606             {
    607               printf("\nRange Over");
    608               sExecStep = DS1302_WAIT;   
    609             }
    610             else
    611             {
    612               DSadd = KeyValue;
    613               DSregister[DSadd] = DS1302_readbyte(DSadd);
    614               printf("\rDS1302[%02X]%02X", DSadd, DSregister[DSadd]);
    615               keyin_start(2);
    616               printf("\nDS1302[%02X]%02X", DSadd, KeyValue);
    617               sCurPos--;
    618               sExecStep++;
    619             }
    620             return;
    621             
    622           case DS1302_WRITE+4:  
    623             if (bPushKey)
    624             {
    625               if(key_input_hex() == 0) sExecStep++;
    626               printf("\rDS1302[%02X]%02X", DSadd, KeyValue);
    627               sCurPos--;
    628             }
    629             return;
    630              
    631           case DS1302_WRITE+5:
    632             DSdata = KeyValue;
    633             DS1302_writebyte(DSadd, DSdata);
    634             sExecStep++;
    635             return;
    636             
    637           case DS1302_WRITE+6:  
    638             DSregister[DSadd] = DS1302_readbyte(DSadd);
    639             if (DSerror) printf("\n>Write Error..");
    640              else if (DSregister[DSadd] != DSdata) 
    641                printf("\rDS1302[%02X]%02X-%02X", DSadd, DSregister[DSadd], DSdata);
    642              else printf("\rDS1302[%02X]%02X-OK", DSadd, DSregister[DSadd]);
    643             sExecStep++;
    644              return;
    645          
    646           case DS1302_WRITE+7: sExecStep++; return;  
    647           
    648           case DS1302_WRITE+8:  
    649             if (bPushKey == 'a') sExecStep = 1;
    650              else if (bPushKey != 0) sExecStep = DS1302_WRITE+1; 
    651              else  if (step_delay(SEC_1)) sExecStep = DS1302_WRITE+1; 
    652             return;
    653             
    654           /**************************/
    655           /*  RTC date & time read  */
    656           /**************************/  
    657           case DS1302_TIME_READ:
    658             screen_clear();
    659             printf(">RTC time read\n");
    660             sExecStep++;
    661             return;
    662           
    663           case DS1302_TIME_READ+1:
    664             rtc_time_read();
    665             printf("\r%02X/%02X/%02X  ", Year, Month, Date);
    666             printf("%02X:%02X:%02X", Hour, Minute, Sec);
    667             sExecStep++;
    668             return;
    669             
    670           case DS1302_TIME_READ+2:    
    671             if (bPushKey == 'a') sExecStep = 1;
    672              else if (bPushKey != 0) sExecStep = DS1302_TIME_READ+1; 
    673              else  if (step_delay(SEC_1)) sExecStep = DS1302_TIME_READ+1;
    674              return;
    675           
    676           /******************************/
    677           /*  DS1302 initialize & start */
    678           /******************************/    
    679           case DS1302_INIT:
    680             screen_clear();
    681             rtc_initialize();
    682             printf(">DS1302 Wake UP..");
    683             sExecStep++;
    684             return;
    685             
    686           case DS1302_INIT+1:
    687             if (step_delay(SEC_1)) sExecStep = 1;
    688             return;
    689             
    690           case DS1302_WAIT:
    691             DelayStep = 0;
   \                     ??DS1302_test_function_48:
   \   0000015C   6A48               LDR      R0,??DS1302_test_function_0+0x18  ;; DelayStep
   \   0000015E   0021               MOVS     R1,#+0
   \   00000160   0170               STRB     R1,[R0, #+0]
    692             sExecStep++;
   \   00000162   93E0               B.N      ??DS1302_test_function_50
   \                     ??DS1302_test_function_2:
   \   00000164   ........           _BLF     screen_clear,??screen_clear??rT
   \   00000168   0120               MOVS     R0,#+1
   \   0000016A   ........           _BLF     debug_monit,??debug_monit??rT
   \   0000016E   EA20               MOVS     R0,#+234
   \   00000170   4000               LSLS     R0,R0,#+1        ;; #+468
   \   00000172   3018               ADDS     R0,R6,R0
   \   00000174   ........           _BLF     printf,??printf??rT
   \   00000178   3000               MOVS     R0,R6
   \   0000017A   E430               ADDS     R0,R0,#+228
   \   0000017C   ........           _BLF     printf,??printf??rT
   \   00000180   3000               MOVS     R0,R6
   \   00000182   F830               ADDS     R0,R0,#+248
   \   00000184   ........           _BLF     printf,??printf??rT
   \   00000188   8620               MOVS     R0,#+134
   \   0000018A   4000               LSLS     R0,R0,#+1        ;; #+268
   \   0000018C   3018               ADDS     R0,R6,R0
   \   0000018E   ........           _BLF     printf,??printf??rT
   \   00000192   F220               MOVS     R0,#+242
   \   00000194   4000               LSLS     R0,R0,#+1        ;; #+484
   \   00000196   3018               ADDS     R0,R6,R0
   \   00000198   ........           _BLF     printf,??printf??rT
   \   0000019C   FC20               MOVS     R0,#+252
   \   0000019E   4000               LSLS     R0,R0,#+1        ;; #+504
   \   000001A0   3018               ADDS     R0,R6,R0
   \   000001A2   ........           _BLF     printf,??printf??rT
   \   000001A6   8320               MOVS     R0,#+131
   \   000001A8   8000               LSLS     R0,R0,#+2        ;; #+524
   \   000001AA   3018               ADDS     R0,R6,R0
   \   000001AC   ........           _BLF     printf,??printf??rT
   \   000001B0   9020               MOVS     R0,#+144
   \   000001B2   4000               LSLS     R0,R0,#+1        ;; #+288
   \   000001B4   3018               ADDS     R0,R6,R0
   \   000001B6   ........           _BLF     printf,??printf??rT
   \   000001BA   67E0               B.N      ??DS1302_test_function_50
   \                     ??DS1302_test_function_3:
   \   000001BC   3128               CMP      R0,#+49
   \   000001BE   02D1               BNE      ??DS1302_test_function_51
   \   000001C0   9620               MOVS     R0,#+150
   \   000001C2   8000               LSLS     R0,R0,#+2        ;; #+600
   \   000001C4   64E0               B.N      ??DS1302_test_function_52
   \                     ??DS1302_test_function_51:
   \   000001C6   3228               CMP      R0,#+50
   \   000001C8   02D1               BNE      ??DS1302_test_function_53
   \                     ??DS1302_test_function_54:
   \   000001CA   C820               MOVS     R0,#+200
   \   000001CC   4000               LSLS     R0,R0,#+1        ;; #+400
   \   000001CE   5FE0               B.N      ??DS1302_test_function_52
   \                     ??DS1302_test_function_53:
   \   000001D0   3328               CMP      R0,#+51
   \   000001D2   02D1               BNE      ??DS1302_test_function_55
   \   000001D4   FA20               MOVS     R0,#+250
   \   000001D6   4000               LSLS     R0,R0,#+1        ;; #+500
   \   000001D8   5AE0               B.N      ??DS1302_test_function_52
   \                     ??DS1302_test_function_55:
   \   000001DA   3428               CMP      R0,#+52
   \   000001DC   01D1               BNE      ??DS1302_test_function_56
   \   000001DE   C820               MOVS     R0,#+200
   \   000001E0   56E0               B.N      ??DS1302_test_function_52
   \                     ??DS1302_test_function_56:
   \   000001E2   3528               CMP      R0,#+53
   \   000001E4   01D1               BNE      ??DS1302_test_function_57
   \   000001E6   6420               MOVS     R0,#+100
   \   000001E8   52E0               B.N      ??DS1302_test_function_52
   \                     ??DS1302_test_function_57:
   \   000001EA   3628               CMP      R0,#+54
   \   000001EC   02D1               BNE      ??DS1302_test_function_58
   \   000001EE   9620               MOVS     R0,#+150
   \   000001F0   4000               LSLS     R0,R0,#+1        ;; #+300
   \   000001F2   4DE0               B.N      ??DS1302_test_function_52
   \                     ??DS1302_test_function_58:
   \   000001F4   6128               CMP      R0,#+97
   \   000001F6   02D1               BNE      ??DS1302_test_function_59
   \   000001F8   0020               MOVS     R0,#+0
   \   000001FA   ........           _BLF     execmode_change,??execmode_change??rT
   \                     ??DS1302_test_function_59:
   \   000001FE   FEBD               POP      {R1-R7,PC}
   \                     ??DS1302_test_function_28:
   \   00000200   ........           _BLF     screen_clear,??screen_clear??rT
   \   00000204   ........           BL       rtc_time_read
   \   00000208   9A20               MOVS     R0,#+154
   \   0000020A   4000               LSLS     R0,R0,#+1        ;; #+308
   \   0000020C   3018               ADDS     R0,R6,R0
   \   0000020E   ........           _BLF     printf,??printf??rT
   \   00000212   A378               LDRB     R3,[R4, #+2]
   \   00000214   6278               LDRB     R2,[R4, #+1]
   \   00000216   2178               LDRB     R1,[R4, #+0]
   \   00000218   A420               MOVS     R0,#+164
   \   0000021A   4000               LSLS     R0,R0,#+1        ;; #+328
   \   0000021C   3018               ADDS     R0,R6,R0
   \   0000021E   ........           _BLF     printf,??printf??rT
   \   00000222   33E0               B.N      ??DS1302_test_function_50
   \                     ??DS1302_test_function_39:
   \   00000224   0220               MOVS     R0,#+2
   \   00000226   ........           _BLF     keyin_start,??keyin_start??rT
   \   0000022A   0020               MOVS     R0,#+0
   \   0000022C   385E               LDRSH    R0,[R7, R0]
   \   0000022E   0838               SUBS     R0,R0,#+8
   \   00000230   2BE0               B.N      ??DS1302_test_function_60
   \                     ??DS1302_test_function_30:
   \   00000232   3028               CMP      R0,#+48
   \   00000234   0ED3               BCC      ??DS1302_test_function_61
   \                     ??DS1302_test_function_62:
   \   00000236   3A28               CMP      R0,#+58
   \   00000238   0BD2               BCS      ??DS1302_test_function_63
   \   0000023A   ........           _BLF     key_input_bcd,??key_input_bcd??rT
   \   0000023E   0028               CMP      R0,#+0
   \   00000240   02D1               BNE      ??DS1302_test_function_64
   \   00000242   2888               LDRH     R0,[R5, #+0]
   \   00000244   401C               ADDS     R0,R0,#+1
   \   00000246   2880               STRH     R0,[R5, #+0]
   \                     ??DS1302_test_function_64:
   \   00000248   2E48               LDR      R0,??DS1302_test_function_0+0x14  ;; bPushKey
   \   0000024A   0178               LDRB     R1,[R0, #+0]
   \   0000024C   2FA0               ADR      R0,??DS1302_test_function_0+0x1C  ;; "%1c"
   \   0000024E   ........           _BLF     printf,??printf??rT
   \                     ??DS1302_test_function_63:
   \   00000252   FEBD               POP      {R1-R7,PC}
   \                     ??DS1302_test_function_61:
   \   00000254   0D28               CMP      R0,#+13
   \   00000256   FCD1               BNE      ??DS1302_test_function_63
   \   00000258   2D48               LDR      R0,??DS1302_test_function_0+0x20  ;; 0x262
   \   0000025A   19E0               B.N      ??DS1302_test_function_52
   \                     ??DS1302_test_function_31:
   \   0000025C   2170               STRB     R1,[R4, #+0]
   \   0000025E   6846               MOV      R0,SP
   \   00000260   0088               LDRH     R0,[R0, #+0]
   \   00000262   3880               STRH     R0,[R7, #+0]
   \   00000264   2178               LDRB     R1,[R4, #+0]
   \   00000266   07E0               B.N      ??DS1302_test_function_65
   \                     ??DS1302_test_function_32:
   \   00000268   3028               CMP      R0,#+48
   \   0000026A   F2D3               BCC      ??DS1302_test_function_63
   \   0000026C   E3E7               B.N      ??DS1302_test_function_62
   \                     ??DS1302_test_function_33:
   \   0000026E   6170               STRB     R1,[R4, #+1]
   \   00000270   6846               MOV      R0,SP
   \   00000272   0088               LDRH     R0,[R0, #+0]
   \   00000274   3880               STRH     R0,[R7, #+0]
   \   00000276   6178               LDRB     R1,[R4, #+1]
   \                     ??DS1302_test_function_65:
   \   00000278   0198               LDR      R0,[SP, #+4]
   \   0000027A   ........           _BLF     printf,??printf??rT
   \   0000027E   0220               MOVS     R0,#+2
   \   00000280   ........           _BLF     keyin_start,??keyin_start??rT
   \   00000284   0020               MOVS     R0,#+0
   \   00000286   385E               LDRSH    R0,[R7, R0]
   \   00000288   401C               ADDS     R0,R0,#+1
   \                     ??DS1302_test_function_60:
   \   0000028A   3880               STRH     R0,[R7, #+0]
   \                     ??DS1302_test_function_50:
   \   0000028C   2888               LDRH     R0,[R5, #+0]
   \   0000028E   401C               ADDS     R0,R0,#+1
   \                     ??DS1302_test_function_52:
   \   00000290   2880               STRH     R0,[R5, #+0]
   \                     ??DS1302_test_function_66:
   \   00000292   FEBD               POP      {R1-R7,PC}
   \                     ??DS1302_test_function_34:
   \   00000294   3028               CMP      R0,#+48
   \   00000296   FCD3               BCC      ??DS1302_test_function_66
   \   00000298   CDE7               B.N      ??DS1302_test_function_62
   \                     ??DS1302_test_function_35:
   \   0000029A   A170               STRB     R1,[R4, #+2]
   \   0000029C   6846               MOV      R0,SP
   \   0000029E   0088               LDRH     R0,[R0, #+0]
   \   000002A0   3880               STRH     R0,[R7, #+0]
   \   000002A2   A178               LDRB     R1,[R4, #+2]
   \   000002A4   0198               LDR      R0,[SP, #+4]
   \   000002A6   ........           _BLF     printf,??printf??rT
   \   000002AA   EFE7               B.N      ??DS1302_test_function_50
   \                     ??DS1302_test_function_46:
   \   000002AC   0D28               CMP      R0,#+13
   \   000002AE   F0D1               BNE      ??DS1302_test_function_66
   \   000002B0   ........           BL       rtc_time_set
   \   000002B4   EAE7               B.N      ??DS1302_test_function_50
   \                     ??DS1302_test_function_37:
   \   000002B6   6846               MOV      R0,SP
   \   000002B8   4088               LDRH     R0,[R0, #+2]
   \   000002BA   E9E7               B.N      ??DS1302_test_function_52
   \                     ??DS1302_test_function_38:
   \   000002BC   ........           BL       rtc_time_read
   \   000002C0   6379               LDRB     R3,[R4, #+5]
   \   000002C2   2279               LDRB     R2,[R4, #+4]
   \   000002C4   E178               LDRB     R1,[R4, #+3]
   \   000002C6   B620               MOVS     R0,#+182
   \   000002C8   4000               LSLS     R0,R0,#+1        ;; #+364
   \   000002CA   3018               ADDS     R0,R6,R0
   \   000002CC   ........           _BLF     printf,??printf??rT
   \   000002D0   DCE7               B.N      ??DS1302_test_function_50
   \                     ??DS1302_test_function_40:
   \   000002D2   3028               CMP      R0,#+48
   \   000002D4   AFD2               BCS      ??DS1302_test_function_62
   \                     ??DS1302_test_function_67:
   \   000002D6   0D28               CMP      R0,#+13
   \   000002D8   DBD1               BNE      ??DS1302_test_function_66
   \   000002DA   ....               LDR      R0,??DataTable5  ;; 0x26b
   \   000002DC   D8E7               B.N      ??DS1302_test_function_52
   \                     ??DS1302_test_function_41:
   \   000002DE   E170               STRB     R1,[R4, #+3]
   \   000002E0   6846               MOV      R0,SP
   \   000002E2   0088               LDRH     R0,[R0, #+0]
   \   000002E4   3880               STRH     R0,[R7, #+0]
   \   000002E6   E178               LDRB     R1,[R4, #+3]
   \   000002E8   C6E7               B.N      ??DS1302_test_function_65
   \                     ??DS1302_test_function_42:
   \   000002EA   3028               CMP      R0,#+48
   \   000002EC   D1D3               BCC      ??DS1302_test_function_66
   \   000002EE   A2E7               B.N      ??DS1302_test_function_62
   \                     ??DS1302_test_function_0:
   \   000002F0   ........           DC32     sCurPos
   \   000002F4   ........           DC32     Year
   \   000002F8   ........           DC32     sExecStep
   \   000002FC   ........           DC32     `?<Constant "\\rDSaddress:%02X">`
   \   00000300   ........           DC32     KeyValue
   \   00000304   ........           DC32     bPushKey
   \   00000308   ........           DC32     DelayStep
   \   0000030C   25316300           DC8      "%1c"
   \   00000310   62020000           DC32     0x262
   \                     ??DS1302_test_function_43:
   \   00000314   0906               LSLS     R1,R1,#+24
   \   00000316   090E               LSRS     R1,R1,#+24
   \   00000318   5A29               CMP      R1,#+90
   \   0000031A   00D3               BCC      ??DS1302_test_function_68
   \   0000031C   0021               MOVS     R1,#+0
   \                     ??DS1302_test_function_68:
   \   0000031E   2171               STRB     R1,[R4, #+4]
   \   00000320   6846               MOV      R0,SP
   \   00000322   0088               LDRH     R0,[R0, #+0]
   \   00000324   3880               STRH     R0,[R7, #+0]
   \   00000326   A7E7               B.N      ??DS1302_test_function_65
   \                     ??DS1302_test_function_44:
   \   00000328   3028               CMP      R0,#+48
   \   0000032A   B2D3               BCC      ??DS1302_test_function_66
   \   0000032C   83E7               B.N      ??DS1302_test_function_62
   \                     ??DS1302_test_function_45:
   \   0000032E   0906               LSLS     R1,R1,#+24
   \   00000330   090E               LSRS     R1,R1,#+24
   \   00000332   5A29               CMP      R1,#+90
   \   00000334   00D3               BCC      ??DS1302_test_function_69
   \   00000336   0021               MOVS     R1,#+0
   \                     ??DS1302_test_function_69:
   \   00000338   6171               STRB     R1,[R4, #+5]
   \   0000033A   6846               MOV      R0,SP
   \   0000033C   0088               LDRH     R0,[R0, #+0]
   \   0000033E   3880               STRH     R0,[R7, #+0]
   \   00000340   0198               LDR      R0,[SP, #+4]
   \   00000342   ........           _BLF     printf,??printf??rT
   \   00000346   A1E7               B.N      ??DS1302_test_function_50
   \                     ??DS1302_test_function_47:
   \   00000348   ....               LDR      R0,??DataTable6  ;; sStoreStep
   \   0000034A   0121               MOVS     R1,#+1
   \   0000034C   0180               STRH     R1,[R0, #+0]
   \   0000034E   3CE7               B        ??DS1302_test_function_54
   \                     ??DS1302_test_function_4:
   \   00000350   ........           _BLF     screen_clear,??screen_clear??rT
   \   00000354   8820               MOVS     R0,#+136
   \   00000356   8000               LSLS     R0,R0,#+2        ;; #+544
   \   00000358   3018               ADDS     R0,R6,R0
   \   0000035A   ........           _BLF     printf,??printf??rT
   \   0000035E   95E7               B.N      ??DS1302_test_function_50
   \                     ??DS1302_test_function_5:
   \   00000360   ........           BL       HT1381_burstramrd
   \   00000364   92E7               B.N      ??DS1302_test_function_50
   \                     ??DS1302_test_function_6:
   \   00000366   6128               CMP      R0,#+97
   \   00000368   01D1               BNE      ??DS1302_test_function_70
   \   0000036A   0120               MOVS     R0,#+1
   \   0000036C   90E7               B.N      ??DS1302_test_function_52
   \                     ??DS1302_test_function_70:
   \   0000036E   0D28               CMP      R0,#+13
   \   00000370   8FD1               BNE      ??DS1302_test_function_66
   \   00000372   6520               MOVS     R0,#+101
   \   00000374   8CE7               B.N      ??DS1302_test_function_52
   \                     ??DS1302_test_function_7:
   \   00000376   ........           _BLF     screen_clear,??screen_clear??rT
   \   0000037A   8E20               MOVS     R0,#+142
   \   0000037C   8000               LSLS     R0,R0,#+2        ;; #+568
   \   0000037E   3018               ADDS     R0,R6,R0
   \   00000380   ........           _BLF     printf,??printf??rT
   \   00000384   82E7               B.N      ??DS1302_test_function_50
   \                     ??DS1302_test_function_8:
   \   00000386   0220               MOVS     R0,#+2
   \   00000388   ........           _BLF     keyin_start,??keyin_start??rT
   \   0000038C   ....               LDR      R0,??DataTable13  ;; KeyValue
   \   0000038E   0168               LDR      R1,[R0, #+0]
   \   00000390   9320               MOVS     R0,#+147
   \   00000392   8000               LSLS     R0,R0,#+2        ;; #+588
   \   00000394   3018               ADDS     R0,R6,R0
   \   00000396   ........           _BLF     printf,??printf??rT
   \   0000039A   0020               MOVS     R0,#+0
   \   0000039C   385E               LDRSH    R0,[R7, R0]
   \   0000039E   401E               SUBS     R0,R0,#+1
   \   000003A0   73E7               B.N      ??DS1302_test_function_60
   \                     ??DS1302_test_function_9:
   \   000003A2   0028               CMP      R0,#+0
   \   000003A4   ....               BNE      .+5
   \   000003A6   04E1               B        ??DS1302_test_function_71
   \   000003A8   ........           _BLF     key_input_hex,??key_input_hex??rT
   \   000003AC   0028               CMP      R0,#+0
   \   000003AE   05D1               BNE      ??DS1302_test_function_72
   \   000003B0   ....               LDR      R0,??DataTable13  ;; KeyValue
   \   000003B2   0068               LDR      R0,[R0, #+0]
   \   000003B4   2072               STRB     R0,[R4, #+8]
   \   000003B6   2888               LDRH     R0,[R5, #+0]
   \   000003B8   401C               ADDS     R0,R0,#+1
   \   000003BA   2880               STRH     R0,[R5, #+0]
   \                     ??DS1302_test_function_72:
   \   000003BC   ....               LDR      R0,??DataTable13  ;; KeyValue
   \   000003BE   0168               LDR      R1,[R0, #+0]
   \   000003C0   3000               MOVS     R0,R6
   \   000003C2   ........           _BLF     printf,??printf??rT
   \   000003C6   7CE0               B.N      ??DS1302_test_function_73
   \                     ??DS1302_test_function_10:
   \   000003C8   0829               CMP      R1,#+8
   \   000003CA   06D3               BCC      ??DS1302_test_function_74
   \                     ??DS1302_test_function_75:
   \   000003CC   1036               ADDS     R6,R6,#+16
   \   000003CE   3000               MOVS     R0,R6
   \   000003D0   ........           _BLF     printf,??printf??rT
   \   000003D4   AF20               MOVS     R0,#+175
   \   000003D6   8000               LSLS     R0,R0,#+2        ;; #+700
   \   000003D8   5AE7               B.N      ??DS1302_test_function_52
   \                     ??DS1302_test_function_74:
   \   000003DA   2172               STRB     R1,[R4, #+8]
   \   000003DC   207A               LDRB     R0,[R4, #+8]
   \   000003DE   ........           BL       DS1302_readbyte
   \   000003E2   217A               LDRB     R1,[R4, #+8]
   \   000003E4   6118               ADDS     R1,R4,R1
   \   000003E6   0873               STRB     R0,[R1, #+12]
   \   000003E8   50E7               B.N      ??DS1302_test_function_50
   \                     ??DS1302_test_function_11:
   \   000003EA   217A               LDRB     R1,[R4, #+8]
   \   000003EC   6018               ADDS     R0,R4,R1
   \   000003EE   027B               LDRB     R2,[R0, #+12]
   \   000003F0   3000               MOVS     R0,R6
   \   000003F2   1C30               ADDS     R0,R0,#+28
   \   000003F4   ........           _BLF     printf,??printf??rT
   \   000003F8   E179               LDRB     R1,[R4, #+7]
   \   000003FA   0029               CMP      R1,#+0
   \   000003FC   03D0               BEQ      ??DS1302_test_function_76
   \   000003FE   3036               ADDS     R6,R6,#+48
   \   00000400   3000               MOVS     R0,R6
   \   00000402   ........           _BLF     printf,??printf??rT
   \                     ??DS1302_test_function_76:
   \   00000406   41E7               B.N      ??DS1302_test_function_50
   \                     ??DS1302_test_function_12:
   \   00000408   6846               MOV      R0,SP
   \   0000040A   4088               LDRH     R0,[R0, #+2]
   \   0000040C   40E7               B.N      ??DS1302_test_function_52
   \                     ??DS1302_test_function_13:
   \   0000040E   6128               CMP      R0,#+97
   \   00000410   01D1               BNE      ??DS1302_test_function_77
   \   00000412   0120               MOVS     R0,#+1
   \   00000414   3CE7               B.N      ??DS1302_test_function_52
   \                     ??DS1302_test_function_77:
   \   00000416   C924               MOVS     R4,#+201
   \   00000418   0028               CMP      R0,#+0
   \   0000041A   ....               BNE      .+5
   \   0000041C   84E0               B        ??DS1302_test_function_78
   \   0000041E   89E0               B.N      ??DS1302_test_function_79
   \                     ??DS1302_test_function_14:
   \   00000420   ........           _BLF     screen_clear,??screen_clear??rT
   \   00000424   3836               ADDS     R6,R6,#+56
   \   00000426   3000               MOVS     R0,R6
   \   00000428   ........           _BLF     printf,??printf??rT
   \   0000042C   2EE7               B.N      ??DS1302_test_function_50
   \                     ??DS1302_test_function_15:
   \   0000042E   0220               MOVS     R0,#+2
   \   00000430   ........           _BLF     keyin_start,??keyin_start??rT
   \   00000434   ....               LDR      R0,??DataTable13  ;; KeyValue
   \   00000436   0168               LDR      R1,[R0, #+0]
   \   00000438   4C36               ADDS     R6,R6,#+76
   \   0000043A   3000               MOVS     R0,R6
   \   0000043C   ........           _BLF     printf,??printf??rT
   \   00000440   0020               MOVS     R0,#+0
   \   00000442   385E               LDRSH    R0,[R7, R0]
   \   00000444   801E               SUBS     R0,R0,#+2
   \   00000446   20E7               B.N      ??DS1302_test_function_60
   \                     ??DS1302_test_function_16:
   \   00000448   0028               CMP      R0,#+0
   \   0000044A   3ED0               BEQ      ??DS1302_test_function_80
   \   0000044C   ........           _BLF     key_input_hex,??key_input_hex??rT
   \   00000450   0028               CMP      R0,#+0
   \   00000452   02D1               BNE      ??DS1302_test_function_81
   \   00000454   2888               LDRH     R0,[R5, #+0]
   \   00000456   401C               ADDS     R0,R0,#+1
   \   00000458   2880               STRH     R0,[R5, #+0]
   \                     ??DS1302_test_function_81:
   \   0000045A   ....               LDR      R0,??DataTable13  ;; KeyValue
   \   0000045C   0168               LDR      R1,[R0, #+0]
   \   0000045E   6C36               ADDS     R6,R6,#+108
   \   00000460   3000               MOVS     R0,R6
   \   00000462   ........           _BLF     printf,??printf??rT
   \   00000466   0020               MOVS     R0,#+0
   \   00000468   385E               LDRSH    R0,[R7, R0]
   \   0000046A   801E               SUBS     R0,R0,#+2
   \   0000046C   2CE0               B.N      ??DS1302_test_function_82
   \                     ??DS1302_test_function_17:
   \   0000046E   0829               CMP      R1,#+8
   \   00000470   ACD2               BCS      ??DS1302_test_function_75
   \   00000472   2172               STRB     R1,[R4, #+8]
   \   00000474   207A               LDRB     R0,[R4, #+8]
   \   00000476   ........           BL       DS1302_readbyte
   \   0000047A   217A               LDRB     R1,[R4, #+8]
   \   0000047C   6218               ADDS     R2,R4,R1
   \   0000047E   1073               STRB     R0,[R2, #+12]
   \   00000480   0200               MOVS     R2,R0
   \   00000482   0298               LDR      R0,[SP, #+8]
   \   00000484   ........           _BLF     printf,??printf??rT
   \   00000488   0220               MOVS     R0,#+2
   \   0000048A   ........           _BLF     keyin_start,??keyin_start??rT
   \   0000048E   ....               LDR      R0,??DataTable13  ;; KeyValue
   \   00000490   0268               LDR      R2,[R0, #+0]
   \   00000492   217A               LDRB     R1,[R4, #+8]
   \   00000494   7C36               ADDS     R6,R6,#+124
   \   00000496   3000               MOVS     R0,R6
   \   00000498   ........           _BLF     printf,??printf??rT
   \   0000049C   0020               MOVS     R0,#+0
   \   0000049E   385E               LDRSH    R0,[R7, R0]
   \   000004A0   401E               SUBS     R0,R0,#+1
   \   000004A2   F2E6               B.N      ??DS1302_test_function_60
   \                     ??DS1302_test_function_18:
   \   000004A4   0028               CMP      R0,#+0
   \   000004A6   10D0               BEQ      ??DS1302_test_function_80
   \   000004A8   ........           _BLF     key_input_hex,??key_input_hex??rT
   \   000004AC   0028               CMP      R0,#+0
   \   000004AE   02D1               BNE      ??DS1302_test_function_83
   \   000004B0   2888               LDRH     R0,[R5, #+0]
   \   000004B2   401C               ADDS     R0,R0,#+1
   \   000004B4   2880               STRH     R0,[R5, #+0]
   \                     ??DS1302_test_function_83:
   \   000004B6   ....               LDR      R0,??DataTable13  ;; KeyValue
   \   000004B8   0268               LDR      R2,[R0, #+0]
   \   000004BA   217A               LDRB     R1,[R4, #+8]
   \   000004BC   0298               LDR      R0,[SP, #+8]
   \   000004BE   ........           _BLF     printf,??printf??rT
   \                     ??DS1302_test_function_73:
   \   000004C2   0020               MOVS     R0,#+0
   \   000004C4   385E               LDRSH    R0,[R7, R0]
   \   000004C6   401E               SUBS     R0,R0,#+1
   \                     ??DS1302_test_function_82:
   \   000004C8   3880               STRH     R0,[R7, #+0]
   \                     ??DS1302_test_function_80:
   \   000004CA   FEBD               POP      {R1-R7,PC}
   \                     ??DS1302_test_function_19:
   \   000004CC   6172               STRB     R1,[R4, #+9]
   \   000004CE   617A               LDRB     R1,[R4, #+9]
   \   000004D0   207A               LDRB     R0,[R4, #+8]
   \   000004D2   ........           BL       DS1302_writebyte
   \   000004D6   D9E6               B.N      ??DS1302_test_function_50
   \                     ??DS1302_test_function_20:
   \   000004D8   207A               LDRB     R0,[R4, #+8]
   \   000004DA   ........           BL       DS1302_readbyte
   \   000004DE   217A               LDRB     R1,[R4, #+8]
   \   000004E0   6218               ADDS     R2,R4,R1
   \   000004E2   1073               STRB     R0,[R2, #+12]
   \   000004E4   E079               LDRB     R0,[R4, #+7]
   \   000004E6   0028               CMP      R0,#+0
   \   000004E8   04D0               BEQ      ??DS1302_test_function_84
   \   000004EA   9036               ADDS     R6,R6,#+144
   \   000004EC   3000               MOVS     R0,R6
   \   000004EE   ........           _BLF     printf,??printf??rT
   \   000004F2   CBE6               B        ??DS1302_test_function_50
   \                     ??DS1302_test_function_84:
   \   000004F4   107B               LDRB     R0,[R2, #+12]
   \   000004F6   0200               MOVS     R2,R0
   \   000004F8   637A               LDRB     R3,[R4, #+9]
   \   000004FA   9842               CMP      R0,R3
   \   000004FC   04D0               BEQ      ??DS1302_test_function_85
   \   000004FE   A036               ADDS     R6,R6,#+160
   \   00000500   3000               MOVS     R0,R6
   \   00000502   ........           _BLF     printf,??printf??rT
   \   00000506   C1E6               B        ??DS1302_test_function_50
   \                     ??DS1302_test_function_85:
   \   00000508   B836               ADDS     R6,R6,#+184
   \   0000050A   3000               MOVS     R0,R6
   \   0000050C   ........           _BLF     printf,??printf??rT
   \                     ??DS1302_test_function_86:
   \   00000510   BCE6               B.N      ??DS1302_test_function_50
   \                     ??DS1302_test_function_21:
   \   00000512   6846               MOV      R0,SP
   \   00000514   4088               LDRH     R0,[R0, #+2]
   \   00000516   BBE6               B.N      ??DS1302_test_function_52
   \                     ??DS1302_test_function_22:
   \   00000518   6128               CMP      R0,#+97
   \   0000051A   01D1               BNE      ??DS1302_test_function_87
   \   0000051C   0120               MOVS     R0,#+1
   \   0000051E   B7E6               B.N      ??DS1302_test_function_52
   \                     ??DS1302_test_function_87:
   \   00000520   FF24               MOVS     R4,#+255
   \   00000522   2E34               ADDS     R4,R4,#+46       ;; #+301
   \   00000524   0028               CMP      R0,#+0
   \   00000526   05D1               BNE      ??DS1302_test_function_79
   \                     ??DS1302_test_function_78:
   \   00000528   FA20               MOVS     R0,#+250
   \   0000052A   4000               LSLS     R0,R0,#+1        ;; #+500
   \   0000052C   ........           _BLF     step_delay,??step_delay??rT
   \   00000530   0028               CMP      R0,#+0
   \   00000532   3ED0               BEQ      ??DS1302_test_function_71
   \                     ??DS1302_test_function_79:
   \   00000534   2C80               STRH     R4,[R5, #+0]
   \   00000536   FEBD               POP      {R1-R7,PC}
   \                     ??DS1302_test_function_23:
   \   00000538   ........           _BLF     screen_clear,??screen_clear??rT
   \   0000053C   5C36               ADDS     R6,R6,#+92
   \   0000053E   3000               MOVS     R0,R6
   \   00000540   ........           _BLF     printf,??printf??rT
   \   00000544   A2E6               B.N      ??DS1302_test_function_50
   \                     ??DS1302_test_function_24:
   \   00000546   ........           BL       rtc_time_read
   \   0000054A   A378               LDRB     R3,[R4, #+2]
   \   0000054C   6278               LDRB     R2,[R4, #+1]
   \   0000054E   2178               LDRB     R1,[R4, #+0]
   \   00000550   CE20               MOVS     R0,#+206
   \   00000552   4000               LSLS     R0,R0,#+1        ;; #+412
   \   00000554   3018               ADDS     R0,R6,R0
   \   00000556   ........           _BLF     printf,??printf??rT
   \   0000055A   6379               LDRB     R3,[R4, #+5]
   \   0000055C   2279               LDRB     R2,[R4, #+4]
   \   0000055E   E178               LDRB     R1,[R4, #+3]
   \   00000560   D820               MOVS     R0,#+216
   \   00000562   4000               LSLS     R0,R0,#+1        ;; #+432
   \   00000564   3018               ADDS     R0,R6,R0
   \   00000566   ........           _BLF     printf,??printf??rT
   \   0000056A   8FE6               B.N      ??DS1302_test_function_50
   \                     ??DS1302_test_function_25:
   \   0000056C   6128               CMP      R0,#+97
   \   0000056E   01D1               BNE      ??DS1302_test_function_88
   \   00000570   0120               MOVS     R0,#+1
   \   00000572   8DE6               B.N      ??DS1302_test_function_52
   \                     ??DS1302_test_function_88:
   \   00000574   FF24               MOVS     R4,#+255
   \   00000576   9234               ADDS     R4,R4,#+146      ;; #+401
   \   00000578   0028               CMP      R0,#+0
   \   0000057A   D5D0               BEQ      ??DS1302_test_function_78
   \   0000057C   DAE7               B.N      ??DS1302_test_function_79
   \                     ??DS1302_test_function_26:
   \   0000057E   ........           _BLF     screen_clear,??screen_clear??rT
   \   00000582   ........           BL       rtc_initialize
   \   00000586   E020               MOVS     R0,#+224
   \   00000588   4000               LSLS     R0,R0,#+1        ;; #+448
   \   0000058A   3018               ADDS     R0,R6,R0
   \   0000058C   ........           _BLF     printf,??printf??rT
   \   00000590   7CE6               B.N      ??DS1302_test_function_50
   \                     ??DS1302_test_function_27:
   \   00000592   FA20               MOVS     R0,#+250
   \   00000594   4000               LSLS     R0,R0,#+1        ;; #+500
   \   00000596   ........           _BLF     step_delay,??step_delay??rT
   \   0000059A   0028               CMP      R0,#+0
   \   0000059C   09D0               BEQ      ??DS1302_test_function_71
   \   0000059E   0120               MOVS     R0,#+1
   \   000005A0   76E6               B.N      ??DS1302_test_function_52
    693             return;
    694             
    695           case DS1302_WAIT+1:
    696             if (step_delay(SEC_1*2)) sExecStep = 1;
   \                     ??DS1302_test_function_49:
   \   000005A2   FA20               MOVS     R0,#+250
   \   000005A4   8000               LSLS     R0,R0,#+2        ;; #+1000
   \   000005A6   ........           _BLF     step_delay,??step_delay??rT
   \   000005AA   0028               CMP      R0,#+0
   \   000005AC   01D0               BEQ      ??DS1302_test_function_71
   \   000005AE   0120               MOVS     R0,#+1
   \   000005B0   2880               STRH     R0,[R5, #+0]
   \                     ??DS1302_test_function_71:
   \   000005B2   FEBD               POP      {R1-R7,PC}       ;; return
    697             return;
    698             
    699           };
    700          }
    701          

   \                                 In segment CODE, align 4, keep-with-next
    702          void reset_3w()	/* ----- reset and enable the 3-wire interface ------ */
    703          {
   \                     reset_3w:
   \   00000000   01B5               PUSH     {R0,LR}
    704             pio_clear(PIOB, RTC_CK|RTC_RST);
   \   00000002   ....               LDR      R0,??DataTable21  ;; 0xfffffffffffff634
   \   00000004   A021               MOVS     R1,#+160
   \   00000006   8905               LSLS     R1,R1,#+22       ;; #+671088640
   \   00000008   0160               STR      R1,[R0, #+0]
    705             delay_us(10);
   \   0000000A   0A20               MOVS     R0,#+10
   \   0000000C   ........           _BLF     delay_us,??delay_us??rT
    706             pio_set(PIOB, RTC_RST);   
   \   00000010   ....               LDR      R0,??DataTable20  ;; 0xfffffffffffff630
   \   00000012   8021               MOVS     R1,#+128
   \   00000014   8905               LSLS     R1,R1,#+22       ;; #+536870912
   \   00000016   0160               STR      R1,[R0, #+0]
    707          }
   \   00000018   08BD               POP      {R3,PC}          ;; return
    708          

   \                                 In segment CODE, align 4, keep-with-next
    709          void wbyte_3w(uchar W_Byte)	/* ------ write one byte to the device ------- */
    710          {
   \                     wbyte_3w:
   \   00000000   30B5               PUSH     {R4,R5,LR}
    711          uchar i;
    712          	
    713          	pio_is_out( PIOB, RTC_DT ) ;  
   \   00000002   8021               MOVS     R1,#+128
   \   00000004   4905               LSLS     R1,R1,#+21       ;; #+268435456
   \   00000006   ....               LDR      R2,??DataTable19  ;; 0xfffffffffffff600
   \   00000008   1160               STR      R1,[R2, #+0]
   \   0000000A   0A4A               LDR      R2,??wbyte_3w_0  ;; 0xfffffffffffff610
   \   0000000C   1160               STR      R1,[R2, #+0]
    714          
    715          	for(i = 0; i < 8; ++i)
   \   0000000E   0022               MOVS     R2,#+0
   \   00000010   ....               LDR      R4,??DataTable20  ;; 0xfffffffffffff630
   \   00000012   0BE0               B        ??wbyte_3w_1
    716          	{
    717          		pio_clear(PIOB, RTC_DT);	//IO = 0;
   \                     ??wbyte_3w_2:
   \   00000014   ....               LDR      R3,??DataTable21  ;; 0xfffffffffffff634
   \   00000016   1960               STR      R1,[R3, #+0]
    718          		
    719          		if(W_Byte & 0x01)
   \   00000018   C507               LSLS     R5,R0,#+31
   \   0000001A   00D5               BPL      ??wbyte_3w_3
    720          		{
    721          		  pio_set(PIOB, RTC_DT);	//IO = 1; set port pin high to read data
   \   0000001C   2160               STR      R1,[R4, #+0]
    722          		}
    723          		pio_clear(PIOB, RTC_CK);	//SCLK = 0;
   \                     ??wbyte_3w_3:
   \   0000001E   4D08               LSRS     R5,R1,#+1
   \   00000020   1D60               STR      R5,[R3, #+0]
    724          		pio_set(PIOB, RTC_CK); 		//SCLK = 1;
   \   00000022   2560               STR      R5,[R4, #+0]
    725          		W_Byte >>= 1;
   \   00000024   4008               LSRS     R0,R0,#+1
    726                }
   \   00000026   521C               ADDS     R2,R2,#+1
   \   00000028   1206               LSLS     R2,R2,#+24
   \   0000002A   120E               LSRS     R2,R2,#+24
   \                     ??wbyte_3w_1:
   \   0000002C   082A               CMP      R2,#+8
   \   0000002E   F1D3               BCC      ??wbyte_3w_2
    727          }
   \   00000030   30BD               POP      {R4,R5,PC}       ;; return
   \   00000032   C046               Nop      
   \                     ??wbyte_3w_0:
   \   00000034   10F6FFFF           DC32     0xfffffffffffff610
    728          

   \                                 In segment CODE, align 4, keep-with-next
    729          uchar	rbyte_3w()	/* ------- read one byte from the device -------- */
    730          {
   \                     rbyte_3w:
   \   00000000   10B5               PUSH     {R4,LR}
    731          uchar i;
    732          uchar R_Byte;
    733          uchar TmpByte;
    734          
    735          	pio_is_in( PIOB, RTC_DT );
   \   00000002   8022               MOVS     R2,#+128
   \   00000004   5205               LSLS     R2,R2,#+21       ;; #+268435456
   \   00000006   1048               LDR      R0,??rbyte_3w_0  ;; 0xfffffffffffff614
   \   00000008   0260               STR      R2,[R0, #+0]
   \   0000000A   ....               LDR      R0,??DataTable19  ;; 0xfffffffffffff600
   \   0000000C   0260               STR      R2,[R0, #+0]
    736          	
    737          	R_Byte = 0x00;
   \   0000000E   0020               MOVS     R0,#+0
    738          	pio_set(PIOB, RTC_DT);		//IO = 1;
   \   00000010   ....               LDR      R1,??DataTable20  ;; 0xfffffffffffff630
   \   00000012   0A60               STR      R2,[R1, #+0]
    739          	for(i = 0; i < 8; i++)
   \   00000014   0022               MOVS     R2,#+0
   \   00000016   08E0               B        ??rbyte_3w_1
    740          	{
    741          		pio_set(PIOB, RTC_CK); 		//SCLK = 1;
    742          		pio_clear(PIOB, RTC_CK);	//SCLK = 0;
    743          		//TmpByte = (uchar)IO;
    744          		if ((pio_read(PIOB) & RTC_DT ) == RTC_DT) TmpByte = 1; else TmpByte = 0;
   \                     ??rbyte_3w_2:
   \   00000018   0023               MOVS     R3,#+0
    745          		TmpByte <<= 7;
    746          		R_Byte >>= 1;
    747          		R_Byte |= TmpByte; 
   \                     ??rbyte_3w_3:
   \   0000001A   4408               LSRS     R4,R0,#+1
   \   0000001C   D801               LSLS     R0,R3,#+7
   \   0000001E   2043               ORRS     R0,R0,R4
   \   00000020   0006               LSLS     R0,R0,#+24
   \   00000022   000E               LSRS     R0,R0,#+24
   \   00000024   521C               ADDS     R2,R2,#+1
   \   00000026   1206               LSLS     R2,R2,#+24
   \   00000028   120E               LSRS     R2,R2,#+24
   \                     ??rbyte_3w_1:
   \   0000002A   082A               CMP      R2,#+8
   \   0000002C   0AD2               BCS      ??rbyte_3w_4
   \   0000002E   8023               MOVS     R3,#+128
   \   00000030   1B05               LSLS     R3,R3,#+20       ;; #+134217728
   \   00000032   0B60               STR      R3,[R1, #+0]
   \   00000034   ....               LDR      R4,??DataTable21  ;; 0xfffffffffffff634
   \   00000036   2360               STR      R3,[R4, #+0]
   \   00000038   044B               LDR      R3,??rbyte_3w_0+0x4  ;; 0xfffffffffffff63c
   \   0000003A   1B68               LDR      R3,[R3, #+0]
   \   0000003C   DB00               LSLS     R3,R3,#+3
   \   0000003E   EBD5               BPL      ??rbyte_3w_2
   \   00000040   0123               MOVS     R3,#+1
   \   00000042   EAE7               B        ??rbyte_3w_3
    748          	}
    749          	return R_Byte;
   \                     ??rbyte_3w_4:
   \   00000044   10BD               POP      {R4,PC}          ;; return
   \   00000046   C046               Nop      
   \                     ??rbyte_3w_0:
   \   00000048   14F6FFFF           DC32     0xfffffffffffff614
   \   0000004C   3CF6FFFF           DC32     0xfffffffffffff63c
    750          }
    751          

   \                                 In segment CODE, align 4, keep-with-next
    752          uchar	DS1302_readbyte(uchar add)	/* --- write one byte using values entered by user --- */
    753          {
   \                     DS1302_readbyte:
   \   00000000   10B5               PUSH     {R4,LR}
   \   00000002   0400               MOVS     R4,R0
    754          	uchar data;
    755          	if (add >= RTC_MEM_SIZE) add = 0;
   \   00000004   082C               CMP      R4,#+8
   \   00000006   00D3               BCC      ??DS1302_readbyte_0
   \   00000008   0024               MOVS     R4,#+0
    756          	add = add << 1;
    757          	add &= 0x0F;
    758          	add |= 0x81;
    759          
    760          	reset_3w();
   \                     ??DS1302_readbyte_0:
   \   0000000A   ........           BL       reset_3w
    761          	wbyte_3w(add);
   \   0000000E   6000               LSLS     R0,R4,#+1
   \   00000010   0107               LSLS     R1,R0,#+28
   \   00000012   090F               LSRS     R1,R1,#+28
   \   00000014   8120               MOVS     R0,#+129
   \   00000016   0843               ORRS     R0,R0,R1
   \   00000018   ........           BL       wbyte_3w
    762          	data = rbyte_3w();
   \   0000001C   ........           BL       rbyte_3w
   \   00000020   0400               MOVS     R4,R0
    763          	reset_3w();
   \   00000022   ........           BL       reset_3w
    764          	return data;
   \   00000026   2000               MOVS     R0,R4
   \   00000028   10BD               POP      {R4,PC}          ;; return
    765          }
    766          

   \                                 In segment CODE, align 4, keep-with-next
    767          void	DS1302_writebyte(uchar add, uchar data)	/* --- write one byte using values entered by user --- */
    768          {
   \                     DS1302_writebyte:
   \   00000000   31B5               PUSH     {R0,R4,R5,LR}
   \   00000002   0400               MOVS     R4,R0
   \   00000004   0D00               MOVS     R5,R1
    769          	if (add >= RTC_MEM_SIZE) add = 0;
   \   00000006   082C               CMP      R4,#+8
   \   00000008   00D3               BCC      ??DS1302_writebyte_0
   \   0000000A   0024               MOVS     R4,#+0
    770          	add = add << 1;
    771          	add &= 0x0E;
    772          	add |= 0x80;
    773          	
    774          	reset_3w();
   \                     ??DS1302_writebyte_0:
   \   0000000C   ........           BL       reset_3w
    775          	wbyte_3w(add);
   \   00000010   6000               LSLS     R0,R4,#+1
   \   00000012   0E21               MOVS     R1,#+14
   \   00000014   0140               ANDS     R1,R1,R0
   \   00000016   8020               MOVS     R0,#+128
   \   00000018   0843               ORRS     R0,R0,R1
   \   0000001A   ........           BL       wbyte_3w
    776          	wbyte_3w(data);
   \   0000001E   2800               MOVS     R0,R5
   \   00000020   ........           BL       wbyte_3w
    777          	reset_3w();
   \   00000024   ........           BL       reset_3w
    778          }
   \   00000028   38BD               POP      {R3-R5,PC}       ;; return
    779          

   \                                 In segment CODE, align 4, keep-with-next
    780          void rtc_time_read()	/* ---- loop read & display clock registers ---- */
    781          {
   \                     rtc_time_read:
   \   00000000   10B5               PUSH     {R4,LR}
    782          		reset_3w();
   \   00000002   ........           BL       reset_3w
    783          		wbyte_3w(0xBF);	/* clock burst */
   \   00000006   BF20               MOVS     R0,#+191
   \   00000008   ........           BL       wbyte_3w
    784          		Sec = rbyte_3w();
   \   0000000C   ....               LDR      R4,??DataTable25  ;; Year
   \   0000000E   ........           BL       rbyte_3w
   \   00000012   6071               STRB     R0,[R4, #+5]
    785          		Minute = rbyte_3w();
   \   00000014   ........           BL       rbyte_3w
   \   00000018   2071               STRB     R0,[R4, #+4]
    786          		Hour = rbyte_3w();
   \   0000001A   ........           BL       rbyte_3w
   \   0000001E   E070               STRB     R0,[R4, #+3]
    787          		Date = rbyte_3w();
   \   00000020   ........           BL       rbyte_3w
   \   00000024   A070               STRB     R0,[R4, #+2]
    788          		Month = rbyte_3w();
   \   00000026   ........           BL       rbyte_3w
   \   0000002A   6070               STRB     R0,[R4, #+1]
    789          		Day = rbyte_3w();
   \   0000002C   ........           BL       rbyte_3w
   \   00000030   A071               STRB     R0,[R4, #+6]
    790          		Year  = rbyte_3w();
   \   00000032   ........           BL       rbyte_3w
   \   00000036   2070               STRB     R0,[R4, #+0]
    791          		reset_3w();
   \   00000038   ....               B.N      ??Subroutine0_0
    792          }

   \                                 In segment CODE, align 4, keep-with-next
   \                     ?Subroutine0:
   \   00000000   ........           BL       reset_3w
   \   00000004   BE20               MOVS     R0,#+190
   \   00000006   ........           BL       wbyte_3w
   \   0000000A   ....               LDR      R4,??DataTable25  ;; Year
   \   0000000C   6079               LDRB     R0,[R4, #+5]
   \   0000000E   ........           BL       wbyte_3w
   \   00000012   2079               LDRB     R0,[R4, #+4]
   \   00000014   ........           BL       wbyte_3w
   \   00000018   E078               LDRB     R0,[R4, #+3]
   \   0000001A   ........           BL       wbyte_3w
   \   0000001E   A078               LDRB     R0,[R4, #+2]
   \   00000020   ........           BL       wbyte_3w
   \   00000024   6078               LDRB     R0,[R4, #+1]
   \   00000026   ........           BL       wbyte_3w
   \   0000002A   A079               LDRB     R0,[R4, #+6]
   \   0000002C   ........           BL       wbyte_3w
   \   00000030   2078               LDRB     R0,[R4, #+0]
   \   00000032   ........           BL       wbyte_3w
   \   00000036   0020               MOVS     R0,#+0
   \   00000038   ........           BL       wbyte_3w
   \                     ??Subroutine0_0:
   \   0000003C   ........           BL       reset_3w
   \   00000040   10BD               POP      {R4,PC}          ;; return
    793          

   \                                 In segment CODE, align 4, keep-with-next
    794          void HT1381_burstramrd()	/* ----------- read RAM in burst mode --------------- */
    795          {
   \                     HT1381_burstramrd:
   \   00000000   70B5               PUSH     {R4-R6,LR}
    796          uchar i;
    797          
    798          	printf("\nHT1381:");
   \   00000002   0E4C               LDR      R4,??HT1381_burstramrd_0  ;; `?<Constant "\\nHT1381:">`
   \   00000004   2000               MOVS     R0,R4
   \   00000006   ........           _BLF     printf,??printf??rT
    799          
    800          	reset_3w();
   \   0000000A   ........           BL       reset_3w
    801          	wbyte_3w(0xBF);	/* RAM burst read */
   \   0000000E   BF20               MOVS     R0,#+191
   \   00000010   ........           BL       wbyte_3w
    802          	for (i = 0; i < RTC_MEM_SIZE; i++)
   \   00000014   0025               MOVS     R5,#+0
   \   00000016   0CE0               B        ??HT1381_burstramrd_1
    803          	{
    804          		//if(!(i % 8)) printf("\n");
    805          		DSregister[i] = rbyte_3w();
   \                     ??HT1381_burstramrd_2:
   \   00000018   ....               LDR      R1,??DataTable24  ;; Year
   \   0000001A   4E19               ADDS     R6,R1,R5
   \   0000001C   ........           BL       rbyte_3w
   \   00000020   3073               STRB     R0,[R6, #+12]
    806          		printf("%02X ", DSregister[i] );
   \   00000022   0100               MOVS     R1,R0
   \   00000024   2000               MOVS     R0,R4
   \   00000026   0C30               ADDS     R0,R0,#+12
   \   00000028   ........           _BLF     printf,??printf??rT
    807          	}
   \   0000002C   6D1C               ADDS     R5,R5,#+1
   \   0000002E   2D06               LSLS     R5,R5,#+24
   \   00000030   2D0E               LSRS     R5,R5,#+24
   \                     ??HT1381_burstramrd_1:
   \   00000032   082D               CMP      R5,#+8
   \   00000034   F0D3               BCC      ??HT1381_burstramrd_2
    808          	reset_3w();
   \   00000036   ........           BL       reset_3w
    809          }
   \   0000003A   70BD               POP      {R4-R6,PC}       ;; return
   \                     ??HT1381_burstramrd_0:
   \   0000003C   ........           DC32     `?<Constant "\\nHT1381:">`
    810          

   \                                 In segment CODE, align 4, keep-with-next
    811          void HT1381_burstramwr()	/* ---- write one value entire RAM in burst mode ---- */
    812          {
   \                     HT1381_burstramwr:
   \   00000000   10B5               PUSH     {R4,LR}
    813          uchar	i;
    814          
    815          	reset_3w();
   \   00000002   ........           BL       reset_3w
    816          	wbyte_3w(0xBE);	/* RAM burst write */
   \   00000006   BE20               MOVS     R0,#+190
   \   00000008   ........           BL       wbyte_3w
    817          	for (i=0; i<RTC_MEM_SIZE; ++i)
   \   0000000C   0024               MOVS     R4,#+0
   \   0000000E   07E0               B        ??HT1381_burstramwr_0
    818          	{
    819          		wbyte_3w(DSregister[i]);
   \                     ??HT1381_burstramwr_1:
   \   00000010   ....               LDR      R1,??DataTable24  ;; Year
   \   00000012   0819               ADDS     R0,R1,R4
   \   00000014   007B               LDRB     R0,[R0, #+12]
   \   00000016   ........           BL       wbyte_3w
    820          	}
   \   0000001A   641C               ADDS     R4,R4,#+1
   \   0000001C   2406               LSLS     R4,R4,#+24
   \   0000001E   240E               LSRS     R4,R4,#+24
   \                     ??HT1381_burstramwr_0:
   \   00000020   082C               CMP      R4,#+8
   \   00000022   F5D3               BCC      ??HT1381_burstramwr_1
    821          	reset_3w();
   \   00000024   ....               B.N      ??Subroutine0_0
    822          }
    823          

   \                                 In segment CODE, align 4, keep-with-next
    824          void	rtc_time_set()	/* --- initialize time & date from user entries --- */
    825          /* Note: NO error checking is done on the user entries! */
    826          {
   \                     rtc_time_set:
   \   00000000   10B5               PUSH     {R4,LR}
    827          	reset_3w();
   \   00000002   ....               B.N      ?Subroutine0
    828          	wbyte_3w(0xbe);		/* clock burst write (eight registers) */
    829          	wbyte_3w(Sec);
    830          	wbyte_3w(Minute);
    831          	wbyte_3w(Hour);
    832          	wbyte_3w(Date);
    833          	wbyte_3w(Month);
    834          	wbyte_3w(Day);
    835          	wbyte_3w(Year);
    836          	wbyte_3w(0);		/* must write control register in burst mode */
    837          	reset_3w();
    838          }
    839          

   \                                 In segment CODE, align 4, keep-with-next
    840          void rtc_initialize()
    841          {
   \                     rtc_initialize:
   \   00000000   01B5               PUSH     {R0,LR}
    842            	reset_3w();
   \   00000002   ........           BL       reset_3w
    843          	wbyte_3w(0x8e);		/* control register */
   \   00000006   8E20               MOVS     R0,#+142
   \   00000008   ........           BL       wbyte_3w
    844          	wbyte_3w(0);		/* disable write protect */
   \   0000000C   0020               MOVS     R0,#+0
   \   0000000E   ........           BL       wbyte_3w
    845          	reset_3w();
   \   00000012   ........           BL       reset_3w
    846          	wbyte_3w(0x90);		/* trickle charger register */
   \   00000016   9020               MOVS     R0,#+144
   \   00000018   ........           BL       wbyte_3w
    847          	wbyte_3w(0xab);		/* enable, 2 diodes, 8K resistor */
   \   0000001C   AB20               MOVS     R0,#+171
   \   0000001E   ........           BL       wbyte_3w
    848          	reset_3w();
   \   00000022   ........           BL       reset_3w
    849          }
   \   00000026   08BD               POP      {R3,PC}          ;; return
    850            

   \                                 In segment CODE, align 4, keep-with-next
    851          void rtc_init_set()
    852          {
   \                     rtc_init_set:
   \   00000000   10B5               PUSH     {R4,LR}
    853            	reset_3w();
   \   00000002   ........           BL       reset_3w
    854          	wbyte_3w(0x8e);		/* control register */
   \   00000006   8E20               MOVS     R0,#+142
   \   00000008   ........           BL       wbyte_3w
    855          	wbyte_3w(0);		/* disable write protect */
   \   0000000C   0020               MOVS     R0,#+0
   \   0000000E   ........           BL       wbyte_3w
    856          	reset_3w();
   \   00000012   ........           BL       reset_3w
    857          	wbyte_3w(0x90);		/* trickle charger register */
   \   00000016   9020               MOVS     R0,#+144
   \   00000018   ........           BL       wbyte_3w
    858          	wbyte_3w(0xab);		/* enable, 2 diodes, 8K resistor */
   \   0000001C   AB20               MOVS     R0,#+171
   \   0000001E   ........           BL       wbyte_3w
   \   00000022   C046               Nop      
    859          	reset_3w();
   \   00000024                      REQUIRE ?Subroutine0
   \   00000024                      ;; // Fall through to label ?Subroutine0
    860          	wbyte_3w(0xbe);		/* clock burst write (eight registers) */
    861          	wbyte_3w(Sec);
    862          	wbyte_3w(Minute);
    863          	wbyte_3w(Hour);
    864          	wbyte_3w(Date);
    865          	wbyte_3w(Month);
    866          	wbyte_3w(Day);
    867          	wbyte_3w(Year);
    868          	wbyte_3w(0);		/* must write control register in burst mode */
    869          	reset_3w();
    870          }

   \                                 In segment CODE, align 4, keep-with-next
   \                     ??DataTable0:
   \   00000000   ........           DC32     DelayStep

   \                                 In segment CODE, align 4, keep-with-next
   \                     ??DataTable1:
   \   00000000   25316300           DC8      "%1c"

   \                                 In segment CODE, align 4, keep-with-next
   \                     ??DataTable2:
   \   00000000   62020000           DC32     0x262

   \                                 In segment CODE, align 4, keep-with-next
   \                     ??DataTable3:
   \   00000000   6B020000           DC32     0x26b

   \                                 In segment CODE, align 4, keep-with-next
   \                     ??DataTable4:
   \   00000000   ........           DC32     sStoreStep

   \                                 In segment CODE, align 4, keep-with-next
   \                     ??DataTable5:
   \   00000000   6B020000           DC32     0x26b

   \                                 In segment CODE, align 4, keep-with-next
   \                     ??DataTable6:
   \   00000000   ........           DC32     sStoreStep

   \                                 In segment CODE, align 4, keep-with-next
   \                     ??DataTable13:
   \   00000000   ........           DC32     KeyValue

   \                                 In segment CODE, align 4, keep-with-next
   \                     ??DataTable19:
   \   00000000   00F6FFFF           DC32     0xfffffffffffff600

   \                                 In segment CODE, align 4, keep-with-next
   \                     ??DataTable20:
   \   00000000   30F6FFFF           DC32     0xfffffffffffff630

   \                                 In segment CODE, align 4, keep-with-next
   \                     ??DataTable21:
   \   00000000   34F6FFFF           DC32     0xfffffffffffff634

   \                                 In segment CODE, align 4, keep-with-next
   \                     ??DataTable24:
   \   00000000   ........           DC32     Year

   \                                 In segment CODE, align 4, keep-with-next
   \                     ??DataTable25:
   \   00000000   ........           DC32     Year

   \                                 In segment DATA_C, align 4, align-sorted
   \                     `?<Constant "\\rDSaddress:%02X">`:
   \   00000000   0D4453616464       DC8 "\015DSaddress:%02X"
   \              726573733A25
   \              30325800    
   \   00000010   0A52616E6765       DC8 "\012Range Over"
   \              204F76657200
   \   0000001C   0D4453313330       DC8 "\015DS1302[%02X]:%02X"
   \              325B25303258
   \              5D3A25303258
   \              00          
   \   0000002F   00                 DC8 0
   \   00000030   20453A253164       DC8 " E:%1d"
   \              00          
   \   00000037   00                 DC8 0
   \   00000038   3E4453313330       DC8 ">DS1302 Reg. Write"
   \              32205265672E
   \              205772697465
   \              00          
   \   0000004B   00                 DC8 0
   \   0000004C   0A4453313330       DC8 "\012DS1302[%02X]"
   \              325B25303258
   \              5D00        
   \   0000005A   0000               DC8 0, 0
   \   0000005C   3E5254432074       DC8 ">RTC time read\012"
   \              696D65207265
   \              61640A00    
   \   0000006C   0D4453313330       DC8 "\015DS1302[%02X]"
   \              325B25303258
   \              5D00        
   \   0000007A   0000               DC8 0, 0
   \   0000007C   0A4453313330       DC8 "\012DS1302[%02X]%02X"
   \              325B25303258
   \              5D2530325800
   \   0000008E   0000               DC8 0, 0
   \   00000090   0A3E57726974       DC8 "\012>Write Error.."
   \              65204572726F
   \              722E2E00    
   \   000000A0   0D4453313330       DC8 "\015DS1302[%02X]%02X-%02X"
   \              325B25303258
   \              5D253032582D
   \              2530325800  
   \   000000B7   00                 DC8 0
   \   000000B8   0D4453313330       DC8 "\015DS1302[%02X]%02X-OK"
   \              325B25303258
   \              5D253032582D
   \              4F4B00      
   \   000000CD   000000             DC8 0, 0, 0
   \   000000D0   3C3C20446174       DC8 "<< Date Time Set >>"
   \              652054696D65
   \              20536574203E
   \              3E00        
   \   000000E4   0A313A446174       DC8 "\0121:Date Time Set  "
   \              652054696D65
   \              205365742020
   \              00          
   \   000000F7   00                 DC8 0
   \   000000F8   0A323A446174       DC8 "\0122:Date Time Read "
   \              652054696D65
   \              205265616420
   \              00          
   \   0000010B   00                 DC8 0
   \   0000010C   0A333A525443       DC8 "\0123:RTC Wake UP    "
   \              2057616B6520
   \              555020202020
   \              00          
   \   0000011F   00                 DC8 0
   \   00000120   0A5B4D454E55       DC8 "\012[MENU]:goto MAIN"
   \              5D3A676F746F
   \              204D41494E00
   \   00000132   0000               DC8 0, 0
   \   00000134   3C4461746520       DC8 "<Date & Time Set>"
   \              262054696D65
   \              205365743E00
   \   00000146   0000               DC8 0, 0
   \   00000148   0A3E59592F4D       DC8 "\012>YY/MM/DD:%02X/%02X/%02X"
   \              4D2F44443A25
   \              3032582F2530
   \              32582F253032
   \              5800        
   \   00000162   0000               DC8 0, 0
   \   00000164   2530325800         DC8 "%02X"
   \   00000169   000000             DC8 0, 0, 0
   \   0000016C   0A3E48482F4D       DC8 "\012>HH/MM/SS:%02X/%02X/%02X"
   \              4D2F53533A25
   \              3032582F2530
   \              32582F253032
   \              5800        
   \   00000186   0000               DC8 0, 0
   \   00000188   0D4453313330       DC8 "\015DS1302[%02X]%02X"
   \              325B25303258
   \              5D2530325800
   \   0000019A   0000               DC8 0, 0
   \   0000019C   0D253032582F       DC8 "\015%02X/%02X/%02X  "
   \              253032582F25
   \              303258202000
   \   000001AE   0000               DC8 0, 0
   \   000001B0   253032583A25       DC8 "%02X:%02X:%02X"
   \              3032583A2530
   \              325800      
   \   000001BF   00                 DC8 0
   \   000001C0   3E4453313330       DC8 ">DS1302 Wake UP.."
   \              322057616B65
   \              2055502E2E00
   \   000001D2   0000               DC8 0, 0
   \   000001D4   3C3C20525443       DC8 "<< RTC Test >>"
   \              205465737420
   \              3E3E00      
   \   000001E3   00                 DC8 0
   \   000001E4   0A343A526567       DC8 "\0124:Register READ"
   \              697374657220
   \              5245414400  
   \   000001F5   000000             DC8 0, 0, 0
   \   000001F8   0A353A416C6C       DC8 "\0125:All Reg. READ"
   \              205265672E20
   \              5245414400  
   \   00000209   000000             DC8 0, 0, 0
   \   0000020C   0A363A526567       DC8 "\0126:Register WRITE"
   \              697374657220
   \              575249544500
   \   0000021E   0000               DC8 0, 0
   \   00000220   3E4453313330       DC8 ">DS1302 All Reg. READ"
   \              3220416C6C20
   \              5265672E2052
   \              45414400    
   \   00000236   0000               DC8 0, 0
   \   00000238   3E4453313330       DC8 ">DS1302 Reg. READ"
   \              32205265672E
   \              205245414400
   \   0000024A   0000               DC8 0, 0
   \   0000024C   0A4453616464       DC8 "\012DSaddress:%02X"
   \              726573733A25
   \              30325800    

   \                                 In segment DATA_C, align 4, align-sorted
   \                     `?<Constant "\\nHT1381:">`:
   \   00000000   0A4854313338       DC8 "\012HT1381:"
   \              313A00      
   \   00000009   000000             DC8 0, 0, 0
   \   0000000C   253032582000       DC8 "%02X "
   \   00000012   0000               DC8 0, 0

   \                                 In segment DATA_C, align 4, align-sorted
   \   00000000   25316300           DC8 "%1c"

   Maximum stack usage in bytes:

     Function             CSTACK
     --------             ------
     DS1302_readbyte          8
     DS1302_test_function    32
     DS1302_writebyte        16
     HT1381_burstramrd       16
     HT1381_burstramwr        8
     RTC_set_function        24
     date_time_update         8
     rbyte_3w                 8
     reset_3w                 8
     rtc_init_set             8
     rtc_initialize           8
     rtc_time_read            8
     rtc_time_set             8
     wbyte_3w                12


   Segment part sizes:

     Function/Label                 Bytes
     --------------                 -----
     Year                             20
     sda                               1
     Hour0                             1
     sRtcTime                          2
     date_time_update                 52
     RTC_set_function                756
     DS1302_test_function           1460
     reset_3w                         26
     wbyte_3w                         56
     rbyte_3w                         80
     DS1302_readbyte                  42
     DS1302_writebyte                 42
     rtc_time_read                    58
     ?Subroutine0                     66
     HT1381_burstramrd                64
     HT1381_burstramwr                38
     rtc_time_set                      4
     rtc_initialize                   40
     rtc_init_set                     36
     ??DataTable0                      4
     ??DataTable1                      4
     ??DataTable2                      4
     ??DataTable3                      4
     ??DataTable4                      4
     ??DataTable5                      4
     ??DataTable6                      4
     ??DataTable13                     4
     ??DataTable19                     4
     ??DataTable20                     4
     ??DataTable21                     4
     ??DataTable24                     4
     ??DataTable25                     4
     ?<Constant "\rDSaddress:%02X">  604
     ?<Constant "\nHT1381:">          20
     ?<Constant "%1c">                 4
      Others                         100

 
 2 960 bytes in segment CODE
   628 bytes in segment DATA_C
    24 bytes in segment DATA_Z
    12 bytes in segment INITTAB
 
 2 872 bytes of CODE  memory (+ 100 bytes shared)
   628 bytes of CONST memory
    24 bytes of DATA  memory

Errors: none
Warnings: none
